material_mfr,dn_ziel,wandstaerke_soll,dickentoleranz,produktionsgeschwindigkeit_soll,ovalitaet_anforderung,schneckendrehzahl,massetemperatur,duesenspalt,vakuumniveau,innenluftdruck,kuehlwassertemperatur,schmelzfestigkeit_proxy,wandtyp_einwandig
0.7609434159508862,104.16456547195337,1.3854431436591383,0.0554941697352548,9.400096059053611,0.4417542021604956,33.69114269270619,200.90618604089187,1.4343229189109736,90.2198563080258,78.19727143002063,19.783884055676392,0.5390565840491137,True
0.4920031787519008,158.60885895538445,2.350657202307344,0.2952257670317631,10.168836881532656,0.3539452675979566,43.84741003129785,199.85572772749683,2.346621806423256,104.3519089931306,62.1771593304194,19.45904128753213,0.8079968212480992,False
0.8500902391612914,123.34082670049862,1.8362047021783765,0.1147866289275512,10.90765521389292,0.7846317680278376,45.49986580856498,210.93317246665384,1.9290612738258748,88.2221300314915,105.94734614612337,16.953515572053053,0.4499097608387086,True
0.8881129432782428,225.33597752968004,2.589428509020136,0.1982770772244588,6.963402453082439,0.7344731943785998,46.943818075150375,208.29101750809608,2.655661375373696,104.67965972941964,57.77183950388255,21.110659119160605,0.4118870567217572,True
0.3097929622692326,72.77310637828964,1.5539138394702827,0.1250625958844657,12.279022326310802,0.8826301137882946,36.97055670859988,190.0,1.5973503390009045,89.85519187629215,91.28706378984116,19.64764990407781,0.9902070377307672,True
0.4395640986275363,176.3629903248228,2.4725495889530844,0.1426554050526087,10.400662015330187,0.8912784132094387,46.00023429318801,201.7774385031444,2.8740916564491648,107.73211639411412,87.3445089574016,20.710577525160257,0.8604359013724636,True
0.725568080633457,139.1794671557437,1.8673255457029256,0.1494403896455687,10.129107781318258,0.7417246917810556,44.86067233176348,206.50450784283532,1.996289903695301,75.50653516942754,89.62828758904399,24.05452528952586,0.574431919366543,True
0.6367514815312835,94.5923791188878,1.862425495509735,0.1337616828311894,16.62364065569102,0.6768529680652017,54.525543764930255,206.3694581865396,1.8422065492017423,93.34569373324427,90.33178765047234,15.748681722301054,0.6632485184687165,True
0.6966397684991422,161.8416830206951,2.409234291295301,0.2093499398349839,9.77730445492201,0.9398057883082958,38.59749986943418,204.41364873838597,2.6374998610140223,71.05257342142626,62.43846653642312,19.336515390217446,0.6033602315008577,True
0.5293912144852839,89.19005411805253,1.7205668623893449,0.2902340676221515,10.780263686054417,0.8608848950966221,46.50933447109411,207.1128812620404,1.4909164986268797,96.8186073663576,107.5076851343579,17.896478966156238,0.7706087855147161,True
0.8758795949725657,124.7813149107263,1.8681069747517527,0.1571586625015582,9.824671491349914,0.9176974964773046,41.2694051606454,200.3935259855234,1.786649986427255,67.68328565211411,72.5451744053886,21.29134841361582,0.4241204050274343,True
0.8555583870857897,67.11463056955769,1.3900103439280678,0.2933316810135662,9.655870358979882,0.9970886287917948,35.17499472040719,199.2549888604333,1.24132581032929,90.81109107981456,85.14025785269813,17.06542910260817,0.4444416129142103,True
0.7132061395122432,50.0,1.553889819737034,0.2169493093361957,13.608974191655488,0.5824540514365587,37.18736830353766,205.48220190455143,1.6065518250565345,48.38150762502553,102.54389339839231,20.81734790171441,0.5867938604877567,True
0.9254482413936064,102.90179127300836,1.596530927209681,0.2017840487552522,9.63802442744306,0.8018542636035255,37.68611354758803,195.80853694561895,1.639723600792083,105.26708603696072,86.6048184358875,23.637464849342567,0.3745517586063935,True
0.793501868450409,102.16681030169194,1.9770050515364124,0.1092759629497307,9.911511491174489,0.7816474706621048,38.67827695671044,202.1541185228353,2.0563318628172533,64.23541429553597,90.27790428595208,18.33777970641051,0.5064981315495909,True
0.5281415074233523,106.88389058084157,1.830291250777167,0.0657301764748452,9.891958538559935,0.4218998993329599,35.48430426209777,203.2918132121765,1.8874197473976828,80.64251551718229,63.36874172590454,19.550471333941445,0.7718584925766476,True
0.7737501568164997,182.9338971296311,2.4490960020906205,0.2629836925729572,7.540314116799916,0.7455840197851302,41.10758875102299,210.28076881654368,2.475896668308407,105.47347496449356,66.55507609839412,17.683484697834224,0.5262498431835003,True
0.5082234798342001,206.3740282344369,2.394779070063497,0.1934952659860672,5.432884160181745,0.5996624931152326,46.097777499133336,207.12003695102268,2.866589211104285,118.5627177562848,67.9092578782829,21.411865734715885,0.7917765201657998,True
0.8756900602614545,148.44503186413135,2.165552760393763,0.1536034656062204,9.309521718695413,0.6154449130795978,37.91350238126984,207.3366293386646,2.1506252369576906,91.0629519607104,87.64204804421891,18.896053705660535,0.4243099397385454,True
0.6900148178027494,176.46574143041352,2.503763758845014,0.2529918305221209,11.744954342219598,0.4260965928978398,51.63992409758552,203.21014958022505,2.748085206852385,122.29879920984786,71.00403145788935,19.077979257000763,0.6099851821972506,True
0.6630275272909478,90.26224441957822,1.5216364421788289,0.1276450956443297,11.808635172471128,0.821317542295178,38.97546191268986,206.00714531382707,1.503141694390287,71.34507875518828,79.73897566663476,15.581588674159915,0.6369724727090522,False
0.5638140911192117,81.49785627978447,1.7267782303260524,0.2459043139911218,14.966304181377756,0.788558692774779,41.836968831627374,195.1038464304672,1.8294896865332484,82.51084877481914,98.77125465695288,17.931490588482028,0.7361859088807883,True
0.944508267734806,163.48265143236202,2.321213049510749,0.1319909588514492,11.709416145193687,0.6726030973015145,54.610662789140285,206.34557141436343,2.3379009248055587,91.4641380709204,68.43257649441792,20.33022648219268,0.355491732265194,True
0.6690941035862396,77.14672717120206,1.520610475294771,0.2802202966010409,12.76408149352126,0.409703433858075,37.369446265098205,201.2405620970988,1.6829971020215884,81.83401173413776,110.0,17.383477739170026,0.6309058964137604,True
0.6143344355673785,73.96075597187254,1.719887010748676,0.1169917186142006,15.810534242342268,0.6898053497499887,41.94394635363737,198.33109965707456,1.8762023069609803,59.78047933710806,101.27279050211762,11.946269987892109,0.6856655644326215,False
0.6295732899023541,315.0,3.1896614846532167,0.0843885293936427,7.116279690992935,0.3700933955029142,58.04838533322568,213.79618187495495,3.733655207610112,127.97176935507127,44.64662184551544,17.911427838364396,0.670426710097646,True
0.8064618371106698,132.35040289266306,2.110805335452861,0.2245241770873529,10.75645922964296,0.5375604182995795,40.93799905817059,205.8836101717307,2.2006799282781886,94.74916859927929,70.5338826299201,23.70614828526202,0.4935381628893303,False
0.7730888128728156,102.1957579696363,2.0604813374680844,0.0907118132661927,11.135254628894243,0.560650489954899,40.326091259349646,209.73164186659477,2.035328732757938,110.63626433951364,77.54613998711328,19.116993077023743,0.5269111871271843,True
0.7825465223191976,97.1257536788812,1.9929975002961489,0.2873407625722464,14.648067242383949,0.9183977747784512,46.48780936771102,206.15515668005636,2.51368501494976,67.2799935604318,76.2854505146947,15.102056435717609,0.5174534776808024,True
0.7861642006015765,67.74708434085775,1.6004476828076404,0.2138887780972165,11.78608617807456,0.5908934528110696,38.04857943834192,198.5251081122736,1.395602477140241,75.44359343548135,99.4572425727524,19.614355973264235,0.5138357993984235,True
1.1283295201740922,146.9176446428769,2.130089040723389,0.1077151653211315,8.929272173458585,0.7189289080380579,41.33113472763999,211.30929870401064,2.263236274807124,105.84227547768096,73.14536631684355,19.45372985125257,0.1716704798259078,True
0.6187169967230768,111.39720200476025,1.795807232555937,0.1022047335713571,12.28773654743259,0.9123452915327888,41.379104916673214,198.04773774661268,1.8839744855397984,92.1097463257906,93.40455460968631,15.73044337822823,0.6812830032769233,False
0.5975514541856924,203.35227880496805,2.5813793613538984,0.2809687597801054,7.543887397185114,0.5980316071289407,47.91147989956736,209.65231141617312,2.8097632949285467,118.41340164086768,70.69641821490085,17.181648658516732,0.7024485458143075,True
0.5372454543504244,166.0348344050872,2.4098497624283834,0.2019644782124727,11.185010308459065,0.9185924640495124,47.72212038432435,204.29304036975043,2.6238879815082936,107.97141906687337,87.2139321877046,19.4605978790583,0.7627545456495757,True
0.8231958845150991,109.6710235188913,1.756281617332218,0.2734340016681041,11.936371631771994,0.3955229187686478,41.15913982329161,205.30988762004696,1.6795958426116675,99.11251991930853,94.34552839754178,21.462212741486237,0.476804115484901,False
0.9257944585441784,56.64009598074037,1.5667343405534802,0.0775563012114563,11.563792403172382,0.5553902100119719,40.0516189406917,195.80050156138176,1.52413783382017,109.13585687895538,109.29919537399176,19.55146740838537,0.3742055414558216,True
0.677210508469025,132.5216110514785,2.380146966112327,0.281348048894794,11.859396459664406,0.3663090743465251,44.88557107239899,194.7962503140976,2.540561947747101,107.56362140634565,97.40256206818128,24.06867741135805,0.6227894915309751,False
0.5319687046074943,126.89820429366102,2.0059031490801797,0.180012327998522,7.442694476035728,0.6926507404968993,39.9005943765934,194.3766202606352,2.4900465109212537,82.15622087715057,75.3070648873096,21.274985787089417,0.7680312953925057,True
0.535103756861752,53.94501497051127,1.2299008992715943,0.2171054790828376,12.387506397445769,0.9700974422854616,40.45142865319191,205.25229725888644,1.3358147187381666,86.5638974326445,99.94048000486974,10.295044630703975,0.764896243138248,True
0.8301185575649401,156.60963960711783,2.0511654049094807,0.1432188678853201,9.162942640805069,0.7598662847248856,47.14947201258064,202.48537959386724,2.2127641789370074,83.81972366424476,72.8571753309771,21.68356762968048,0.4698814424350599,True
0.8486508342406884,76.16146629430955,1.7257765631112123,0.0647850805014565,17.0,0.738252932144124,49.81284937965045,208.4747283595426,1.7424854140782262,81.78409765170129,93.88410336073837,15.82019558473802,0.4513491657593116,True
0.8086308536610389,208.84281532498557,2.661780595755818,0.2894931103354572,9.583644477358716,0.4947110425701968,50.30979740761666,206.85880891581223,3.1982894509317865,114.84414888943802,86.76681650122627,20.36308095599699,0.4913691463389611,True
0.566898058542261,123.27680275090076,2.1177390564168137,0.2986495822771205,9.468955040960225,0.9517747310361852,39.64521033188341,199.6497686988746,2.035313364570555,81.13970492601786,83.83361027028198,22.136711023362576,0.7331019414577389,True
0.7464322646133439,95.94387056728524,1.6875058271643797,0.1411367121901107,8.240746510472086,0.6300743493429861,33.614247831474124,199.90841766539157,1.6646739866557747,80.18537613809282,90.4119128773776,21.57437244815787,0.5535677353866562,True
0.7233371618281456,141.57536794492125,2.257196475690345,0.2859669824379949,13.323537009938802,0.4869014371320733,42.47072376124102,210.49083290679164,2.0152454465684677,108.84347499371718,79.2367659244515,15.396129865373474,0.5766628381718544,True
0.7437377193458026,137.37148499605522,2.075227003950983,0.091931572740391,9.757241287118696,0.9913899863031052,44.20403293358387,206.8850841590748,2.2201715603943133,81.04753060055948,99.51235845403724,18.16459388654546,0.5562622806541975,False
0.874285755589638,134.95095886781678,1.9697320626439416,0.0886711124146438,8.829908192813376,0.5961867536563172,40.82134651035733,206.5621230058394,2.1150149581991986,106.67723194529886,78.26037620405984,18.181632068457358,0.4257142444103621,True
0.7447191097549364,194.72022539649035,2.497612031351565,0.0682779600022928,10.234894213683106,0.5600492876866809,52.26580943083431,213.9847603317858,2.582842048764308,91.43255839869953,64.82298248859425,15.755503130276704,0.5552808902450637,True
0.835782712614379,145.788546327243,1.9867502173044589,0.1478173518960376,11.805187595202064,0.3244728871091841,46.39295857621698,204.0427004891038,2.2504081746251554,83.69164870950262,80.45096117739196,14.35245461415302,0.4642172873856209,True
0.7135158138977783,92.31254369498458,2.0369042833471185,0.0630755625453998,12.733070666551242,0.4248064812012778,43.99150792905097,206.9635709959923,1.9817602769348168,125.84319648170728,107.6774855644607,14.471094434474374,0.5864841861022216,False
0.7578238797379968,112.95159255099335,1.8891554683741736,0.1486642974032241,11.010322264812714,0.8664339485505963,37.24024999419776,205.4569367786389,1.8781589196497344,64.2792263605973,73.00217894896431,18.02107781705689,0.5421761202620032,False
0.826257645167708,247.9193212085347,3.080031682970607,0.084597607162417,8.88767051939716,0.6378865732215051,50.24032865215434,214.4172424321737,3.3680146244841778,114.18858214867024,54.701611023431255,12.271946774767128,0.4737423548322919,False
0.4085688360288667,88.86364188303986,1.630378765133699,0.2326319488932393,11.910936012602829,0.9684123088476356,32.674687049485726,194.90623333183308,1.9249982993681412,115.0683230047662,110.0,16.150726050097735,0.8914311639711333,False
0.6360657567285397,155.36527589438543,2.08513303385811,0.258340662334102,10.943496818284585,0.3587200622565069,45.93907979274363,202.59748441623,2.0685524227088945,103.4381113289139,92.00962654940916,18.3934597051844,0.6639342432714603,True
0.6059254691414409,198.40280941802587,2.5521403987065168,0.221953856949072,10.363496861458795,0.7311604096789022,48.145054717453135,202.5338293505421,2.8264450472688627,127.12440973040997,63.12318497864706,19.152466215764044,0.6940745308585592,True
0.5722244303513315,162.82358480989518,2.467767558486041,0.1001235381090389,12.476971526294088,0.8039889032803207,47.28723329900552,200.99313638642911,2.734280146230647,113.0285267177882,65.80050872073032,18.07384837017714,0.7277755696486685,True
0.6449715497546632,132.91406538158387,1.9852027543429287,0.2417120482269889,10.731659519588362,0.7348281885252224,44.27063211494504,199.5722897664034,2.16735659125634,94.18937793215385,62.12150071155157,14.755301669628182,0.6550284502453367,False
0.9989882622468792,142.93074835096604,2.0128661908983165,0.1123750492583187,8.630279344855815,0.6709142920880988,39.40967104026351,207.81563558097972,2.1284088746573624,87.3236288565566,82.78357530919247,22.3962209235298,0.3010117377531209,True
0.5268337768613514,167.96281038549398,2.3670221197393237,0.2398721492421318,9.659227666232232,0.7048088242370976,41.24287402506632,201.11367498742644,2.680269667227726,72.89047672972862,80.8436703235299,16.982259950695664,0.7731662231386487,True
0.8936556709182961,88.42763278395428,1.7822744523792955,0.1918493937240977,13.066620411105816,0.782684713963494,49.76553299232128,208.18635517702188,1.6719900078286445,78.40738525689791,110.0,14.870146645146264,0.4063443290817039,False
0.363426045676839,127.2891669399115,2.2647405608472693,0.1416781290728024,6.778433486634933,0.9042844805462704,35.36484844726803,198.963021095514,2.638125140139028,104.27320278380289,42.174109689414095,19.344138416245084,0.936573954323161,False
0.633022994002845,315.0,3.5730625717558744,0.0708730945040144,3.4123451701816854,0.5354412509992801,48.69273214751994,205.9650713551368,4.018303088270739,130.0,23.294878943553183,24.91042747483388,0.6669770059971549,False
0.7325506130210011,157.72983283126914,2.3584375644298388,0.2568773774517564,12.18107047610027,0.6217578563091674,46.84400041393364,201.4920296323529,2.445942700208984,130.0,80.47318269666705,19.71358162235072,0.5674493869789989,True
0.8172444662718557,135.17053856393727,2.189255594049546,0.2849132301995563,13.911200502922052,0.7451367106320196,48.74119662590456,205.80577925871933,2.501899953510778,98.05438171436916,110.0,15.80182006733237,0.4827555337281444,True
0.842245315958571,107.83529934461583,1.689730087467032,0.2164794450001593,8.275524534754073,0.5199511666285133,35.31044219713963,199.02293639252665,1.5961405617795452,97.9858687726593,93.94150107509094,20.16046066343488,0.457754684041429,True
0.858669447039985,88.83763735072881,1.5662012882353988,0.2911353916733597,11.621932923519251,0.4251480061626867,43.48648856355974,200.6485738310213,1.5934091761751987,104.58329565048788,98.44892672011215,19.671995195456173,0.4413305529600149,True
0.6302549855503125,145.25322026268194,1.999441318660608,0.2835278547607477,9.506442786854294,0.976318129744693,42.30369357496294,209.64812927706456,1.980432163455775,99.18297441954935,63.66995623226403,15.342326824613458,0.6697450144496875,True
0.6075296414670865,150.1854516385644,2.0016617497547684,0.0986521002009384,9.722835623574268,0.4363102221573661,49.08898283466616,198.6514235760052,2.4123502009658786,100.23928599902509,52.95470554554301,21.56335297893333,0.6924703585329135,True
0.8715951762514307,123.29560223543768,2.105683799114062,0.2328030871495534,11.452847379026236,0.4629131667815754,42.11332871846343,213.09954454238053,2.51768409421433,94.7678863132948,86.70516866199138,15.041671532608078,0.4284048237485693,False
0.661739135023677,315.0,3.5635075137495638,0.1373262048594236,4.485685496176352,0.7330802703378146,55.15354201389711,213.6424377578896,3.996567482165622,121.51256790614504,41.23577673093827,20.73975401272224,0.6382608649763231,True
0.4448627353324155,92.0755204918963,1.7485285733988878,0.1718793401414065,8.906762130062585,0.3541578169450519,38.1471748761237,201.650490815466,1.8669447824462253,106.2227746509676,75.48154761298392,21.45258575637285,0.8551372646675844,True
0.4733425571993038,83.35021393096847,1.2778942341374075,0.0892413577872114,10.836943568815872,0.3238333576706446,41.09398100971983,202.1276747961196,1.271929969258083,89.48526181185366,85.29205604065781,17.99366395617127,0.8266574428006961,False
0.5161095427996777,108.53000915744636,2.176561602052364,0.2936948570144131,10.726633519798812,0.344809522663744,44.26715808681787,203.38669576481504,2.201228055400037,114.9202080826909,69.70333919686287,14.524043956681394,0.7838904572003222,True
0.7994321488107528,125.15556624040492,1.867103729300206,0.2315343457691021,8.270098575167534,0.3862845520500378,37.08881016150975,209.3403486098152,1.9310509245877736,80.18625968346213,68.27511140684044,18.236848035388142,0.5005678511892473,True
0.728485147214113,86.95478334770016,2.0034101801724447,0.116727077407742,13.172038784277603,0.600437803493931,42.12777603259895,197.8109571350673,2.0043316272295626,95.22403533892832,107.38190208514334,16.022400615438233,0.5715148527858871,True
0.8380970708135536,143.55858537090245,1.9310824608695225,0.1428679225420083,9.49731132247948,0.8804824504251438,34.88392292528033,202.4542436248332,1.8019965566289908,110.81455047877483,71.6966477186562,20.060779741517383,0.4619029291864465,True
0.6145494707326931,151.1481751573649,2.087325227475439,0.1556207317071961,9.351334113820371,0.5393803251668691,42.38215230795878,199.47620645807743,2.250199906593026,97.49809944217012,73.20045265589478,20.14082322143448,0.685450529267307,False
0.7317079382153429,177.917035909176,2.092908879896964,0.23688343103596,10.419342692140614,0.5992719902531938,51.37862368874417,201.0579241112104,2.2321808112091603,126.51345480955057,79.60262089894883,18.48225889039135,0.5682920617846572,True
0.8251180787934673,100.8419021841148,1.8610539638643229,0.2814243166923961,10.901247553337436,0.7201757649851068,42.41378329766881,201.1819176886565,1.9205689734743787,89.94745093150324,96.24734945372582,16.653659784046347,0.4748819212065327,True
0.6381306920559523,237.07986502504204,2.731450397078652,0.1303600332461429,10.575011417942031,0.5115010979366328,55.225142992270456,217.24164723667772,3.011150931866504,114.00849272126344,59.397724115642745,18.26301867573045,0.6618693079440476,False
0.7913550475114822,171.95640529388447,2.2147012192363227,0.1681250220701048,7.851255121548613,0.6027765151375863,47.86444618284351,206.62066113671312,2.2963705467730704,100.89053786509083,85.00017298489465,18.671106106205382,0.5086449524885177,True
0.5676148117866697,91.2902723553988,1.524445046267031,0.1983018932086753,8.282524584063179,0.5704181808050526,32.71136108092716,205.4569528033508,1.665421929248841,85.14001715909428,74.73248857245231,24.92187140745077,0.7323851882133303,False
0.6273892306869856,86.79724473257914,1.810981217271313,0.1483359981000789,10.75611695445664,0.5393184791550139,35.62826041387174,207.31592563292676,1.893549628115844,63.54072219057248,83.52267286613626,18.11980525534432,0.6726107693130143,True
0.6236524212003342,111.89087572594272,2.001846553542674,0.1760453308414213,11.11848381739006,0.5718752186374263,40.03569075273613,213.02714902789623,2.261381126887647,110.05806260330417,102.98929397510764,17.20746743003748,0.6763475787996658,False
0.460832070882192,151.32865575279052,2.4824343296841422,0.0764269072550255,7.546421119435226,0.3077823972884443,36.375601630809925,206.8687217258349,2.72160442356588,130.0,53.3187296758435,19.84587583646046,0.839167929117808,True
0.7973944961571163,162.1810685472887,2.194592555217364,0.0919185969300415,7.027682930408233,0.9203824676851092,41.97874259552007,214.74348954458424,2.287410741747465,99.71960646464063,80.48043859863841,18.80174395432021,0.5026055038428836,True
0.6061195319594552,171.79562254046536,2.407187885980743,0.1502753143050362,10.308733915415193,0.9841427582140836,48.03664118742901,206.438926190964,2.668548482066659,106.9804535500387,86.37883487666153,20.88981362728666,0.6938804680405448,False
0.7024988237455374,315.0,3.3265997203897077,0.2787347529426381,5.662882751907084,0.9037473339912968,57.8231272925519,214.69023700745876,3.396775166854224,116.59267703572156,52.54426621815818,21.17529729982175,0.5975011762544626,False
0.7961493317811817,60.999263275416325,1.437738252793033,0.1373395114361584,8.706487483627283,0.3040195918379691,29.74847560778544,199.59417665699715,1.637168075069373,104.58753414941889,86.71525188778497,17.11167512719382,0.5038506682188182,True
0.7893062352059887,121.73155037037844,1.896025605970851,0.1124482021512534,12.932582936424126,0.8256198826862353,45.71221639199108,205.05008222106235,1.971265358173313,87.29060473871304,110.0,19.40328225567247,0.5106937647940113,True
0.8330770217945572,315.0,3.5896674936243134,0.2357155552123189,5.940051719560397,0.7011701208106995,49.95683692498199,213.58262787969943,4.2,128.32071126683442,48.154129969295305,19.978023891192205,0.4669229782054427,True
0.6803029030981153,182.0170311359631,2.608689520050434,0.2872825415191523,12.253278968056453,0.3659224377054252,53.02662253275032,210.8586703063769,2.641617577468925,88.56028540493136,80.02188579232238,16.48765577773604,0.6196970969018847,False
0.6153403375911692,81.32847826183539,1.799287829719408,0.1647809042658868,11.598723131727704,0.9530013944157184,38.93364339370906,197.7827621007773,1.6507095943137855,77.65478145390985,83.6572833021685,23.772559940588405,0.6846596624088308,False
0.6840563578187201,140.09206285864306,1.9943146620365029,0.0521512388917957,11.126812365066092,0.8433519904558457,41.53772681567574,197.60686446217008,2.1231832081134248,97.56815731161863,85.25632073830538,24.14096470231409,0.6159436421812798,True
0.362533113208394,118.39492544402616,2.09692958924566,0.2220373328689044,10.403591900594453,0.4017074005136655,40.61988387809336,199.749406773934,2.28162537742205,120.5004706562322,87.8013893598208,22.10096414997537,0.937466886791606,True
0.4105775055153824,116.45445117159204,1.9250228388065669,0.1537652004040362,5.062462940910809,0.9748290007854472,30.31341952802,192.94670329115135,2.0719052374519924,106.96368914817498,62.417248243247066,23.28631793375384,0.8894224944846175,True
0.4354600775291194,100.0033397049541,1.7513371832550808,0.2184113841540538,8.699009604992677,0.388339126967448,40.95155385860379,196.32860229502788,1.8395929651105412,75.88320516831122,52.4609132500442,19.194881735637043,0.8645399224708805,False
0.5005506344797036,134.70712310863917,1.971380261846276,0.1194291289573008,10.298710972663304,0.6182759149564985,39.51915361944723,199.5677573849574,2.011141854350562,76.99938429559383,85.22010230724118,21.86838545819597,0.7994493655202963,True
0.7799548453446873,214.51698291432905,2.6321454941603992,0.0506020359542406,9.941098409586028,0.411283012861421,52.63029362357444,208.47003630273437,2.703789439672821,119.96789693555132,59.09079999347495,21.152915548335088,0.5200451546553126,True
0.5189041889279877,103.96013061697435,2.09302812186523,0.1361240546864009,7.1914347996405965,0.405133556540533,30.14749325535492,201.0115898206972,2.204389315036297,91.72081474246534,79.92952575563939,16.93833806960295,0.7810958110720123,False
0.624367489192122,172.4308000076486,2.425558015035292,0.2261980856532354,9.77832184256931,0.9774640168622272,44.61905498533178,203.68515385884808,2.3990816769668597,112.34209722917592,73.0157999829317,21.829399020883027,0.675632510807878,True
0.9598456595572132,187.5679111249039,2.526735066124412,0.1482783207522973,7.15479660788086,0.7004859469746381,44.21724009025071,213.3796553543767,2.4774963289230385,75.02123817519337,81.15412752555848,17.766983675290966,0.3401543404427869,True
0.6287472057877148,236.07087101420697,2.8492299393331137,0.1047935349133065,9.266888684941517,0.4814224423851017,52.37481518201023,209.57578938535468,3.101988932660657,115.82529540601922,53.44541918173939,14.242802075478831,0.6712527942122852,True
0.8475031136934172,86.19800773071456,2.0564808535614207,0.1660017160335253,11.405754132307525,0.8434795596065734,38.85614579719863,202.2092097856019,2.1019292309592386,86.51086658452364,81.04056711549967,20.0274920289517,0.4524968863065828,True
0.5132764639980245,129.69528155839672,2.2333138257941374,0.2380871308245963,12.30118845729392,0.9126710795117552,46.70373933483257,202.92063183923665,2.6826168855680765,104.49786920870848,77.1810614350034,20.36989844918638,0.7867235360019755,False
0.658912488426474,95.07147423204856,1.6524124766365695,0.0798582716980765,13.635723910235669,0.9423227557514452,42.47181123267436,196.5001158139497,1.768739351752052,67.93230154690019,77.00451672398086,18.534142044966377,0.641087511573526,True
0.5099955890178837,134.82790362239194,2.037580970773442,0.2229380084116619,11.58287551319981,0.9530894796768103,47.68096396289301,204.05679592361264,2.383428851474825,64.44812640829971,94.94835636489928,16.118183072970027,0.7900044109821163,True
0.6321933848198875,134.3987246938833,2.0430531160454297,0.2168360059509868,12.473688851245363,0.9339072808287066,45.66404766579483,206.9489182835952,2.241431747694955,94.48062564724636,66.11344877371408,21.042526042645928,0.6678066151801125,True
0.8680616274914791,77.90771626678023,1.6451425268766318,0.1426844699212678,10.826907660165512,0.7472526771485994,36.54469335565384,205.8168100778448,1.6470929836561887,89.65719706616629,104.67701516800108,16.911342280565457,0.4319383725085208,True
0.3545359153615302,138.62476576258143,2.003814227205936,0.2925840478448736,16.715612521061253,0.53972665486494,55.80700825318359,197.9886233334671,2.612483645690351,119.29447804091414,97.4953380778113,19.945877004423004,0.94546408463847,True
0.7868847287091714,315.0,3.5858224785042543,0.2736763248700878,4.648597987711261,0.9478973742072174,54.848476981374766,207.82123902995056,3.762093225391887,115.35921506688824,42.05848816975044,17.641680533244546,0.5131152712908287,True
0.7475471204664556,162.49245750073015,2.5177528798117383,0.1290403702005174,8.91407305358635,0.3857475696002702,45.477110170171606,203.62491511063448,2.606714000533435,119.63174202531032,76.05197494181728,20.801945800386463,0.5524528795335444,True
0.5811700088606411,72.12079438520786,1.3799221387310383,0.0577727733484607,13.684814583109423,0.4181598705355722,42.23805478027602,205.47365500048383,1.3168211386551958,96.44120057669927,101.51969655431836,17.89169470517301,0.718829991139359,True
0.410788429122309,84.0543909718415,1.503213117210922,0.1270762016862691,13.143007833201038,0.6036792783469856,43.151033001051374,199.42706598828957,1.6341372703543289,111.504996879779,87.15402194521467,20.74324480064669,0.889211570877691,False
0.7144259015427739,126.61898964656308,1.940478133877908,0.1011804856352608,11.793114028475031,0.4985654595492271,43.4457664663472,200.52771026439487,1.892094941961974,95.34460644709192,90.19266407071504,22.50607888477873,0.5855740984572262,True
0.5941014581872395,84.8333918061198,1.6131478004327842,0.1868129785118982,12.958699995074682,0.73101296995671,38.29935371361225,193.5003892940097,1.726570348991599,61.450134431921,101.6796964433224,18.60556731336236,0.7058985418127606,False
0.7465352422709407,229.521155161242,3.1359391225018256,0.2796861052955386,4.284793466964355,0.9337113460752362,38.97225015162629,203.20052661305937,3.510498992130584,109.76274041652768,39.55691577876363,23.45317611140022,0.5534647577290592,True
0.7043704291046885,69.14732926488992,1.7034350171213453,0.2675843775093803,15.251805201215218,0.6437219284607133,38.738798431047286,197.26303347451463,1.8123922749366543,88.66124965261875,103.83376878428044,15.301890784185032,0.5956295708953114,True
1.020355778264183,163.04814185723723,2.4460334876756376,0.1264572889162066,9.616573337063176,0.6877094153929726,50.16378918277002,214.21200845611355,2.625522922733312,103.82993800161668,47.08702275382876,13.857298326400254,0.279644221735817,False
0.6521288745053951,64.44306915325919,1.4758896991990635,0.1571493833889092,14.580991956237208,0.5961936102867647,35.3406335869357,202.52372528684472,1.6391975476991574,62.59620097526998,76.93524574438668,16.056236620736456,0.6478711254946048,True
0.495300501475627,125.68136690244307,1.9625039242015223,0.0591355497698916,6.2639769220265205,0.795298411983157,37.93809298487221,195.11531108797504,2.060594837276497,90.8195735408175,76.04328154838632,24.23970376672661,0.804699498524373,False
0.7358551269912632,80.02799750041719,1.4224681679385276,0.1860408769122873,12.123946752651111,0.3704821458923497,36.96385682092964,203.4726541657201,1.464802995283558,100.97419480168044,90.36328506409149,22.00897228656357,0.5641448730087368,True
0.743999336794353,177.7217592480461,2.5390351081915417,0.0658419950126822,8.561303319416503,0.3340129201485931,48.29628000107465,209.66186424760545,2.6284874403843497,108.5181134958967,60.02191620479445,22.64356257602499,0.5560006632056469,True
0.9718375150480874,209.93738774109872,2.753157292650108,0.2846515415572749,10.47979135413909,0.748936932103214,45.44849088263586,205.242553162224,2.7498056414447456,98.29059796600568,74.3047262843514,17.91870510840817,0.3281624849519127,True
0.8670222491829157,151.10960271116056,2.4017764263910277,0.2667334587130681,10.97758214663057,0.6744149816079064,45.18751848362445,206.42237798476947,2.800729218859047,126.69710784557532,75.84326404780231,18.82779023939657,0.4329777508170842,True
0.7713742118299018,214.8834866945327,2.687443436552837,0.1035469066093757,9.937402393996605,0.5851506203135644,56.03541592161362,212.2520932613752,2.814909886928422,93.04556767830373,59.35499974921424,19.292887511296986,0.5286257881700982,True
0.9926605782439124,51.223414623178186,1.388520445055366,0.2248421699655113,9.748306822673513,0.5337948493154203,33.83339072602045,202.34102597837008,1.3800535605453972,96.4247792041983,74.8931398077831,21.47443200871711,0.3073394217560876,True
0.4622473891354297,137.7868170403074,2.127801365606554,0.1920050956083333,10.394505227473523,0.3362652108301878,42.23273107221685,193.74880835200224,2.345401214094785,122.82738579657456,53.13486335842458,21.242740462402487,0.8377526108645703,True
0.5720496934500504,161.91890579436117,2.4291358826809537,0.2503394281290457,9.689092190256948,0.7763893136897985,39.0417027332004,202.24211968305767,2.799663381572685,99.73948509026056,81.1617867345091,20.01235506760858,0.7279503065499495,True
0.5146848117188949,172.2366381256195,2.157360761690334,0.16891302668788,10.9894226054952,0.595027275074502,44.4818916985129,205.533674597673,2.109573283375674,103.47469784968214,72.56840577574101,18.12947202010407,0.7853151882811051,False
0.6220380393688464,157.28751375952174,2.36870853013693,0.0979429926664445,12.345278142282236,0.6116876276637316,53.26344359692877,212.75512063203905,2.622633593684969,103.39698456042348,92.18522993902847,15.430158089262347,0.6779619606311535,True
0.4246627704887382,174.09634465752157,2.389696422934248,0.2099608500307079,10.197312824583564,0.925411395988324,46.20200083939183,199.8082567814596,2.6024161675427324,106.12881938447823,66.27217422861662,19.44817645332595,0.8753372295112618,False
0.8270301893628809,137.04391733244512,1.937555748466507,0.0700700817489862,7.72563045356107,0.8162835177664352,38.13593258606303,201.53392997229423,1.9358064951527776,79.76370462499956,82.11718190281496,20.74045360212018,0.4729698106371192,True
0.6555554605802453,72.37677822653723,1.2663233629141877,0.1961469977921055,11.93389137296922,0.453610204085304,39.01682317263696,199.03392091451872,1.1842603953906694,78.91537307346925,94.296023344546,18.63178310542102,0.6444445394197547,True
0.4058387410994684,99.67933024194492,1.7769635851538064,0.1031762013661144,16.95013975814537,0.7600165475652478,46.56325445443239,201.1683280970749,1.9628998473626216,88.51297964777334,98.18234832906056,13.984929243775651,0.8941612589005317,True
0.4968841837584916,230.1318590451461,3.0582118198522794,0.22123410928089,12.4788382565605,0.3925787229525603,59.29960248674697,209.44633532463797,3.510509204891856,119.52620405274232,69.66430251552855,18.546673663265175,0.8031158162415084,False
0.762702769490039,216.89265636110457,2.9863439509000456,0.2570107904320271,2.552253147433179,0.4358447074965001,37.36232798670525,207.6638447360812,3.2056065232859914,111.87918849853708,43.629786227322114,23.193679256868936,0.537297230509961,True
0.8676253135788762,160.46477005515175,2.337024592041729,0.0773811823205181,10.250989077135928,0.7999044685127041,46.5886611021895,202.9814756090333,2.319501605654083,61.71544884303624,64.52815603581405,23.507642794144687,0.4323746864211237,False
1.0993461783383571,179.59404882916883,2.731053240209688,0.1500671380371481,11.81797007663672,0.3881232927749283,49.089479235835256,213.20781104352625,2.6840452268753108,106.43709452682968,90.56823846616028,16.85200184539254,0.2006538216616427,True
1.282772493201466,203.9587400887389,2.6252287582664,0.2333803969439992,8.927623250753147,0.4961357659596845,43.82542248182085,210.04691577979895,2.836817758875244,91.07845802482028,96.56169972935056,17.357147102520614,0.0172275067985341,True
0.7828818866551992,159.5628143375404,2.41949804744674,0.0909257653797146,9.115669317607727,0.9286421875884774,42.27362489676271,204.5688206701146,2.40064944628186,67.89524801966104,94.12212551404852,18.171802337607986,0.5171181133448008,False
0.5020923759936271,226.76364324370405,2.746424512613668,0.1916309175089283,8.330933148429652,0.816820834797082,52.12964970774187,213.69490375053132,3.0377388270111614,106.53916208150612,55.459476129487655,17.7650128363213,0.7979076240063729,False
0.3,222.9077541219581,2.7060722070830425,0.2179597454689307,10.20247729376099,0.9506216623487138,54.29556989063587,199.3721363709191,3.4761665060908378,106.91091871995584,55.54804503009917,21.522052619816048,1.0,True
0.7535422924687671,315.0,3.4183736324679046,0.1386984018098455,4.80336605637498,0.9172833393728425,54.53885150347914,212.28629308691143,3.888710798420077,130.0,39.68967656433018,19.238380370866253,0.5464577075312329,False
0.5374117809379347,101.50662189290912,1.502973633074626,0.2579955685506502,13.787995839468252,0.5188055953827188,47.69358269722297,196.88086553222436,1.6577032592773968,83.44474987867596,92.84023523333136,15.901219266427702,0.7625882190620652,True
0.6169285479640629,102.32136055982208,2.0116347234706136,0.1776645462616784,11.035030928187451,0.7426642041367255,39.53083690028338,201.1229627044901,1.910048909301056,103.60091494441043,82.5027164719719,17.825921172155887,0.6830714520359371,False
0.5775806401880383,153.81661303735,2.1342880384280978,0.2067487099851275,8.174247562282291,0.5650869746852413,41.34046811863577,206.4091068599581,2.0887513526658186,122.7241529309796,60.39823215718098,19.60025453865549,0.7224193598119617,True
0.6718418227167229,313.0193502542532,3.383938985070746,0.0852181991761946,9.839222050500574,0.7879730321382767,61.83362108233024,215.2279309029705,3.902438748197687,113.36867062062656,40.42100397998086,18.152030300609837,0.6281581772832772,True
0.9131960461575288,236.0009716834817,2.7110120212259523,0.0557900436331672,5.352694518451719,0.5439199151556391,48.82482066549127,210.6310296793532,2.9042669794257967,107.69829135868493,61.56681126136512,16.647083045170117,0.3868039538424712,True
0.7314097134890689,190.74165601067943,2.495279332604993,0.0626871427062465,8.345187978404287,0.3009221603160414,46.78492272557455,212.1812933627551,2.800432738283027,130.0,27.303604766007936,18.615266261476755,0.5685902865109311,False
0.6682730325922623,244.38717174047468,3.219621220507759,0.275980037049554,7.343345765044095,0.3657567506202498,48.87360865541622,209.7616916392166,3.5650110558504875,127.99923705886908,54.70750827139711,19.62436717424072,0.6317269674077377,True
0.4928692494348376,163.343345836651,2.6208135943166155,0.2706605960620628,14.77649203905977,0.8397086283559416,49.73179793112229,207.29773764023537,3.449147735749368,112.113478538512,70.14723403134028,15.043851280764503,0.8071307505651624,True
0.3650634110591285,112.49311924964177,1.6508149226268218,0.2518978597904606,9.468078162499674,0.3588036713405826,41.85659882715141,201.36998026314475,1.6524469589177664,94.51833663704645,88.82342824247908,18.882236970611544,0.9349365889408714,True
0.6027384181853338,315.0,3.466832800603558,0.0999030228087152,2.5890765148997685,0.7195958782681696,48.228142573265664,198.19634217357668,3.971670818486212,130.0,50.5333924780485,22.78646396812445,0.6972615818146661,False
0.6892434898363359,157.51871167878042,2.1049960279161883,0.1813646629873758,8.884669936167843,0.9004449586514345,43.110844344024414,203.89809398030812,2.1151301241201192,92.86335774494552,88.9197626255822,20.14291540424277,0.6107565101636641,True
1.0535859827159766,220.41588206025835,2.9115777176637945,0.2490292751370933,10.03472488720586,0.8187708657894788,59.570209693635256,211.19912641437145,3.271062912893,75.40332056124177,68.68183030949336,19.911857010849324,0.2464140172840234,True
0.7260549042945771,51.157511098563766,1.4522491208825992,0.2186672953139434,13.80415080270978,0.5894071563736785,41.39090140190518,197.436709666862,1.4616811407798092,77.88269745780717,86.31775764408407,21.623873058809743,0.5739450957054228,True
0.8965479022046114,53.09669719428308,1.3292881784472894,0.0788802984189844,17.0,0.446022950705207,49.80505242979494,211.2840444194341,1.1384422727593029,62.8871045263408,102.12875167347376,11.45623213126082,0.4034520977953886,True
0.6001408802921695,139.85630115397117,2.1297363713204223,0.2738852999531059,13.577761235397457,0.9457762414192794,47.60835192456852,202.42485653590276,2.2074123484935746,95.59568514020266,90.14531900058876,17.443553250853995,0.6998591197078305,True
0.463011246716595,84.84817540231114,1.607172610007333,0.0901705981944905,11.886162549371736,0.6964797772495419,42.78980282760708,206.65694146201997,1.792680258064912,76.80055053951871,68.57868479152663,12.816961794709655,0.836988753283405,True
0.5069766475535256,146.0731444447677,2.4107220697143763,0.0929489233533338,8.40956937132967,0.583794041486939,40.7460091806212,195.3140115245315,2.725751837460352,113.9885895555058,85.54030784527994,22.456917917448862,0.7930233524464745,False
0.5549547870928493,102.25854265271012,1.9001122684740868,0.275252157292677,14.732206581215408,0.9594403893162948,47.88704772681869,197.93719158340625,1.7214599560606652,89.91703972420346,88.81817437659289,19.71442423782925,0.7450452129071508,True
1.1256939464870328,315.0,3.620473513137466,0.171154234773629,6.519160189282291,0.4505124207103376,63.597013479826806,223.63683404560032,3.875434819659892,104.71386514085228,59.78971158217684,19.537326002177547,0.1743060535129672,True
0.5357226641551227,211.4568089898733,2.2916168502140515,0.1432229564891167,7.74583151851015,0.609597310717535,46.48137633965396,203.72051336383072,2.7882796584422347,99.8718165924811,45.6801989214953,16.516749647673365,0.7642773358448773,True
0.867697840747269,256.7422494154635,3.043919693499386,0.1884141855745141,7.461077145782704,0.3760519964144544,52.2967721532941,213.48126268185052,3.309816780147245,127.68145564732468,49.82707236210906,15.755413928288636,0.4323021592527309,True
0.5194145643825947,55.41765924740781,1.7558229178381175,0.2953493332080278,9.247448007973675,0.3874161826296767,28.58588156951767,194.1188027077264,1.786873452789744,112.96633969216558,58.80928394631692,22.41367628320794,0.7805854356174053,True
0.8863146025748487,189.44308622910788,2.714464050338366,0.0799076138102607,8.566980247299911,0.5790173791977846,48.81914046035701,208.72527864663675,2.994029407212638,92.5041917203648,82.20958239155271,15.224735808446685,0.4136853974251513,False
0.7769901932211726,118.6166029022336,1.6718693853298232,0.2392372121980163,10.352062821807282,0.7897622491895693,39.18582473266124,201.62829190486488,1.49970548503458,68.79173915110763,85.49162236331067,20.045762344753008,0.5230098067788274,True
0.6686724204683818,259.3225070825872,3.0275661817581585,0.1335814655610319,9.93963940530009,0.5372257609079283,60.07818302690727,212.9979579376281,3.2528905917517847,130.0,71.12437486793527,18.40129641209796,0.6313275795316182,True
0.6918474947729132,175.76280161800838,2.225874493056259,0.0792623177119059,8.982475233653608,0.7827185808221014,40.31025188950295,206.54157013417424,2.3591778951627123,98.10385392906312,75.11148672847327,16.304536856932906,0.6081525052270869,False
0.5690424609141218,126.73060201288652,2.270510050157523,0.1554833388382346,7.930438831723309,0.8636333284766748,39.12837635414916,207.0479047557989,2.5571238557525726,98.83996575197416,76.43539597769156,19.81449220929526,0.7309575390858782,True
0.7892144402964161,75.17194014829347,1.638017263527734,0.1871882194313177,8.118606335765978,0.9143045402573352,29.70304430398481,197.9578472317397,1.7620730618202547,68.9962196032456,79.67406475217726,19.034370967148973,0.510785559703584,True
0.609003303931844,138.56923266900128,1.993384527392295,0.1014904094320367,10.966807256508831,0.3313036528376158,46.56011389998669,202.100543893968,2.192057288994956,105.91400114272632,79.53182931778527,22.26739730991785,0.690996696068156,True
0.4548788472465503,227.43960396715352,2.8246405232683465,0.1513173647741506,9.065864006223531,0.841612158481164,51.570630168698095,204.06019387957764,3.146926376443388,130.0,61.16817930031141,20.156640930406244,0.8451211527534497,True
0.444412485136076,267.22038412400985,2.7466582436318063,0.2089190063680726,6.970545121098853,0.4029994855568126,51.00741056825424,212.9974952098268,3.3189205087233398,126.23413145078744,61.483619491613055,17.1072127732664,0.8555875148639239,True
0.7345175835444239,109.1501808500226,1.7104572512816942,0.1941120049300555,10.006892531617035,0.7887836053095338,37.9507494082854,204.4258205198239,1.726199925407603,102.20035998235662,90.92042369594428,16.41618756757553,0.5654824164555761,False
1.015818251282087,315.0,3.5254665588739464,0.2307901485137126,8.184671252158173,0.5601637259200012,57.98124335370879,209.98805831574495,3.971380285272616,122.66744413895232,91.1805958012275,19.516779120751213,0.284181748717913,True
0.7319983227146876,218.32926648646657,2.8734854371597307,0.2591011332343503,12.129274961360167,0.7954553083864032,58.54557017478687,203.506255938794,3.291827188196698,93.67353501711112,93.95068453216524,21.29625663924674,0.5680016772853125,True
0.6762723347780234,85.55959347832743,1.3932796297370182,0.1522850829423434,9.743609232273332,0.4496769711555978,32.65973578721504,195.309134806249,1.612401573711969,77.30899190421552,67.37185931048398,19.853603082057,0.6237276652219765,True
0.7571652279205086,77.87471388918998,1.5658244149581555,0.1557418188655568,11.793841389668533,0.7514935032306966,37.77264425190776,201.8105709261753,1.5380266068842932,65.94388167269669,91.49868176167834,17.933218308263704,0.5428347720794915,True
0.9612003483413648,122.13902115769126,2.1285650300393533,0.1741730336137882,12.909692507973269,0.3878598609433584,46.92984779238226,207.3569072040376,2.1135626040131226,99.09674079846738,86.1145354166647,15.301217403445944,0.3387996516586351,True
0.7438765002727712,109.02532149637013,1.6544845733149702,0.1915883445953258,9.330092774631389,0.4188218833597648,42.71768915024647,205.26206027306705,1.878843635173584,110.21054267336189,100.2203706857193,22.691522200732276,0.5561234997272289,True
0.6178145538332525,163.9876699283141,2.346278784644139,0.0770806685594729,10.013831289251074,0.7301233476151917,45.67552090937418,203.6206149255802,2.6654169201736315,104.31021806460164,70.93784546583278,15.138921592250732,0.6821854461667476,True
0.9212577420119776,131.6483836280094,2.063083244489976,0.1281588385486935,10.546738767902966,0.5357400441552524,42.05440405797114,211.4404029730194,2.049058495798159,88.84346493426199,90.55072913657708,19.944834962954168,0.3787422579880222,False
0.7857512876923227,113.27090734588032,2.163324306820533,0.092972948844256,8.076274150678413,0.7926446511796659,36.95070694807487,205.1985748723305,2.0926567950165147,80.28618421021099,48.07419622649664,19.08238341199448,0.5142487123076773,False
1.0071511983991983,65.60830995124908,1.490346050643247,0.1464631905860329,12.189747769361889,0.7796116047818811,31.594150531978,201.9571694593624,1.5757829158185166,80.79126134583096,81.0660257564169,18.50828048677273,0.2928488016008017,True
0.7366468874443812,178.46487632527376,2.401978920845929,0.2933385181435091,9.857030519074822,0.7351437931785548,43.562502991295375,210.1554228982314,2.281692411626252,82.41542081094667,100.12210441867292,17.03323278652695,0.5633531125556188,True
0.4551061936558999,63.83213633036176,1.6389010536175974,0.1956827391702449,13.072206895164816,0.8113783788640223,38.06372927430473,190.31118523526203,1.3957202571549745,71.05667175416582,92.02826618792749,21.66322218286281,0.8448938063441,True
0.4263681601508669,218.6979778125394,2.550631522292913,0.1573453799801366,6.452286155120724,0.8557546684645647,43.71896496452408,202.8346015069365,2.828516408102815,122.76587350424992,46.87619990654544,19.709649284838,0.8736318398491331,True
1.03018558644625,56.92061541470452,1.4222324423350077,0.1914842238059272,11.997363770110011,0.9379962977302768,31.623228768232327,202.20624855629555,1.332027808759622,66.5258463825814,103.08623590617802,21.028198876364,0.2698144135537501,True
1.0447331441566594,62.69674112498151,1.4332151773737756,0.2172691388567948,14.911273599793113,0.3563610806372321,44.93723736812815,208.4164876742548,1.1697325462145605,76.8620894870021,94.73298935816774,18.10803477568677,0.2552668558433406,True
0.6640961573434798,85.39844867525294,1.6623508174962585,0.1587383658226002,16.033327554052477,0.7000843103449148,47.88707362699677,196.18567382761276,1.6883228821540155,84.7857537184372,97.63411547232248,16.02341787856174,0.6359038426565202,False
0.6233625357728024,104.6546128435632,1.9644978700929312,0.1619274510632218,13.932501360553402,0.8241437835342806,46.05785173207123,201.5784469830975,2.049726315063504,102.28642587568808,73.5366633406253,19.357564898123808,0.6766374642271975,True
0.9922888584484404,95.29191010084472,1.8454595035690835,0.2253502823454271,8.695188305754261,0.451859019668914,33.00439470899592,204.43576790268577,1.7375404741878542,90.94978863093472,75.65337768173676,19.009177378938567,0.3077111415515596,True
0.4785908635913023,104.45128899545554,1.7233079656843429,0.0652156458014253,12.11219269857778,0.4845348000838621,42.57428043088567,201.7399369343144,1.989241984994196,85.63251863671366,82.15007016873469,18.87251309526766,0.8214091364086977,True
0.5210545962088347,147.49999745516988,2.2005048601404407,0.185020142072086,9.282077580892492,0.4868750410347945,43.95108771855005,206.8650404376393,2.410220738268778,94.59134685783458,87.1383464220639,22.24803307431601,0.7789454037911654,True
0.8286653589378088,86.21622069195796,1.913296007650742,0.1868319530544253,12.072689332430585,0.7006330800321627,39.28209911970016,205.5116582519005,2.060804788102178,84.89888636731841,96.13421709477387,16.35286560132329,0.4713346410621912,True
0.621078975428082,148.17263582649937,2.060676231792399,0.2391880652820952,8.63401580241378,0.5563193979259617,42.65566146124582,202.71015514686383,1.9424991871112816,104.41674273738664,82.89021871245706,22.293862079702247,0.6789210245719179,True
0.6989756266559857,51.27883523796076,1.432005698963238,0.2956611880841645,8.307339393641644,0.7662663180851192,26.718489691634904,198.73104895452116,1.090651464988825,79.73907183522587,85.72125362287846,22.419243458243965,0.6010243733440144,False
0.6673114202950975,84.88846917701949,1.6501336518753615,0.248938696696702,10.714069629674016,0.7271677773775553,37.76439757362471,199.22647381077576,1.7209997193083209,84.69382704568717,97.8207766612316,19.659484825677115,0.6326885797049024,False
0.7675149097597866,61.779411545761874,1.4847845399905786,0.175947153162617,13.47769652471832,0.759978283172134,43.1008779787627,202.68878928198055,1.6843779963512269,81.02508477075475,88.5539368998139,18.64724226570911,0.5324850902402134,False
0.9814963722627432,217.3915169515288,2.49453349227482,0.0923632949017946,9.720552156914868,0.4766223317664584,55.28003502735832,216.4424943744111,2.5526650786064864,103.53508273823488,67.27520722060456,16.825606559236945,0.3185036277372566,True
0.7181169813803491,91.0177967975592,1.9397568025273044,0.1970652429082926,12.248164949455512,0.8371599630760977,44.951598939576016,202.811134152274,1.971624803834147,76.51027937635172,93.77564441757217,15.87475670057342,0.5818830186196509,True
0.8287877586553716,172.86886016044338,2.26679809615032,0.2585747216781714,10.364331227666652,0.7648248855380857,48.25676467535193,209.3583415471512,2.184220889169165,112.9085750225656,76.10523281005396,16.393456543415574,0.4712122413446284,True
0.3,58.66642536345691,1.623242198430685,0.2831035159113331,12.83396478811834,0.3914547288420156,38.23594952680108,198.7784461373229,1.502541914472475,91.00109729759932,88.67986264786994,16.838850824700135,1.0,True
0.6902563196139764,264.8640257003419,3.0257057143956088,0.2563275948735251,9.39737340738459,0.4401209966863464,55.352588468855046,214.14589358724527,3.3926387090297765,122.83979092857837,61.123265633938416,16.406278602221263,0.6097436803860237,True
0.5313539459414257,135.35984403151315,1.989053054467741,0.0972421515906408,9.959223663732605,0.5106756024145256,36.747329608948014,204.6314715632693,2.04576821707396,69.87951956572624,93.48034134863234,22.07159792866645,0.7686460540585742,False
0.4562373879152743,127.96909583183884,2.205721254224531,0.2281439660873328,10.878915510150057,0.9552290554871116,38.90364032888929,208.52224492425023,2.128736549980092,93.9377885270117,92.8997568606012,18.958242177440585,0.8437626120847257,True
0.5243695266142498,65.86636399739666,1.6760136025008618,0.2700387368714608,15.64957387276018,0.5284449045229633,43.56903173476015,202.26585061568383,1.432769223648747,75.94028597248897,90.887334304417,13.70705443919835,0.7756304733857502,True
0.6331753118598376,80.65858488123126,1.6765685638944474,0.2202542416567438,11.860613735940344,0.3139153578657234,38.70326956305508,197.92450440184516,1.3745131813059863,80.18214847820916,68.99215154188934,19.23715811999404,0.6668246881401625,True
0.8831805084712026,114.94890575042292,2.033763828474332,0.2214380102320537,11.024559388691008,0.3991380163611949,45.87474467611404,208.0570533068924,2.13076912564829,130.0,77.91751017393919,18.237431672953868,0.4168194915287975,True
0.4347214564520871,81.89548511904965,1.611880963913937,0.1750405715627697,11.752227183755185,0.322520276555569,42.92586453317217,200.5695471737844,1.7177462913754002,101.51608311708245,76.83843192681502,20.868494271349974,0.8652785435479129,True
0.7061262985188834,206.27755660959195,2.648965308718902,0.2092440555313762,8.807605240731661,0.5819874709002516,46.54753780200827,209.4403135574926,2.962163262246927,127.84038968541395,78.11597726628672,17.05443150684138,0.5938737014811166,True
0.6031661133332843,133.38483478854357,1.967835019438776,0.1235951798057552,9.64128985362045,0.8580073806787927,43.815479056409096,208.597141265508,1.9514490655167025,105.50886566193668,90.08112077842227,15.55771974453148,0.6968338866667156,True
0.6344653811276078,82.30493686447159,1.7940492373108117,0.0722025216964363,11.97760389004346,0.6153050464123023,38.00507283209309,192.89151552577783,1.9033074258323808,106.00983017488312,76.59036129190314,20.914364785230088,0.6655346188723923,True
0.9005515650609208,190.11544183826484,2.416911535031016,0.2569287261863501,8.4653486026011,0.8872958943552025,48.09932953428516,215.32718045834395,2.6821371000154417,92.79101279386995,64.41118620423822,18.43739586038257,0.3994484349390792,False
0.8076230874007851,107.93338941085896,2.086240567027549,0.2857860768478789,10.737066145754664,0.3332705249525162,42.69677897598171,211.3286350205303,2.1145319929519,122.63497695746814,66.4359901416808,17.565970442583126,0.4923769125992148,True
0.9674796214885488,185.70163263877944,2.438237935862262,0.264205583844236,7.9182382581441395,0.6288060049013346,48.26330321775619,212.2563190013109,2.536532742224145,111.8908596305253,74.59042804045117,16.280510663408748,0.3325203785114512,True
0.6690988641500198,100.2098123926095,1.8047547837433264,0.1334783884452007,11.433849346908527,0.8509527604905947,39.12817624720039,203.31744345433256,1.7477587559561187,88.00270968098381,86.91875742381451,22.56387583061928,0.6309011358499801,True
0.5608114776658594,166.85528081461527,2.4486514496150726,0.073382537826982,11.281833822524185,0.7723055523577653,51.37284563984014,204.4720052366382,2.653689047844728,107.90415065606405,85.19674271074615,18.273687591812607,0.7391885223341406,True
0.6552282366239001,106.20333901253426,1.8532063752787116,0.1200345969078516,10.62212720597037,0.8969778759983269,34.24578754388696,199.5333056337462,2.0897550094228348,85.80710983242201,90.42474042527704,20.481772590062697,0.6447717633760999,True
0.7484993582542443,206.31548845529903,2.605837660499596,0.260708843952475,4.8678886466481215,0.4916843067367025,45.40870522321908,209.9461105488093,3.011158801624431,110.366622416909,66.76013106345403,18.87319975568486,0.5515006417457557,True
0.7353146716907422,59.01397173071646,1.467608256674461,0.213953626908304,13.236565905769142,0.650595557401634,38.83244506961488,202.88117857227743,1.3641083589509684,81.89379794330733,79.7353921303401,20.34574000044807,0.5646853283092579,True
0.4831223855533266,72.92415660875143,1.717466005903649,0.2916735610257343,11.951769635113948,0.7738150048395596,38.25290014229819,200.4712301800969,1.8239523219703635,95.54008458936109,80.31303066287134,20.414370801031158,0.8168776144466734,True
0.7180979563255748,119.84832578626887,1.859358772969645,0.1356702546092758,8.657620945817548,0.4179429693111512,31.85320727975249,202.4845207013654,1.7685985533762452,122.09747233090286,91.39453431712212,20.992318895903125,0.5819020436744251,True
0.745645666027781,92.77801829641024,1.7232885952802923,0.1878680300729105,13.031190203775816,0.8710647002739258,41.42350690062356,205.91369387326168,1.827619105136208,65.81794016415759,87.3369433860487,14.72234081851031,0.554354333972219,True
1.2034948075067842,104.72325938285982,1.8393290841635,0.247509555409557,8.038445889533659,0.518029035553681,39.10243192594441,210.6438098647235,1.6510241635148533,100.56700189412564,66.90409955135962,20.976691087612483,0.0965051924932158,True
1.075368922256334,176.6241084145786,2.542680646645777,0.108497985682953,12.120662802251417,0.3653151127409863,49.731980378693535,207.3337410724873,2.715862528193964,97.36484739028216,93.81717478574674,19.02141987130176,0.2246310777436659,False
0.529351329888236,103.72396261319604,1.814814894824853,0.2910224936649164,11.006762109738602,0.8359909034773723,42.39943559403864,203.69394302084467,2.4087190716136453,109.81850591664728,77.14049766620305,21.05598666450577,0.7706486701117641,True
0.6425233276901647,150.8046245401056,2.477681860494903,0.1980994181229537,5.294013592447972,0.7935125858123862,35.72944479436135,208.65090823435384,2.536855316309308,96.5700855907902,74.86820675785293,20.52173073210589,0.6574766723098353,True
0.4073115996325993,84.64261051816399,1.6536600974880478,0.0519743908299133,11.868758102652173,0.9185758272991074,42.70888526575268,198.280964768072,1.9736397100157936,94.5477402522968,86.67739311563417,19.580685196171316,0.8926884003674007,True
0.5818585972073027,55.7755167554252,1.4105515882826096,0.0562883189070031,11.102417488602288,0.9244523218059868,35.25191638574751,203.32644919971085,1.4072914794408322,77.28707219342613,88.05740480274825,18.466574615927456,0.7181414027926973,True
0.7631210007180681,185.11135837166407,2.455236048730653,0.2705540041003988,8.442927107299145,0.4949680492071042,42.615197204443845,202.14938102972152,2.492506075500532,79.95338189877988,87.39625013658153,25.504986666403934,0.5368789992819318,True
0.9411707241776468,297.49181105906894,3.18243827417385,0.2113203819402693,6.022150725733079,0.7489539426524738,54.708240672954645,215.0316548916421,3.3820226140043004,130.0,39.92705662549308,17.287629124794083,0.3588292758223532,True
0.5541832324512782,143.09035350953525,1.9892138010624796,0.2407681297659655,10.144498896936645,0.9993860973203944,48.23459114673383,201.09849443126063,2.4980647234171363,77.77880608779179,96.22137366664803,17.29338828818501,0.7458167675487217,True
0.5691707119864406,122.98319196895687,1.9042655022907915,0.246004000239227,9.718887445991063,0.4706645839227504,41.74491567316735,206.77463657195747,2.068180787688428,100.11600829981612,72.12182556166499,17.875733569009007,0.7308292880135594,False
0.3,135.75857093198204,2.256443044783376,0.1551149440626941,6.471627188209875,0.6310136679910326,35.59061852873463,203.1488876788584,2.360608018348437,91.49000140188504,64.97743262895683,20.05408509613098,1.0,True
0.6674668158910184,245.3680977248761,2.9579758728947074,0.2496528115355754,11.381923591642082,0.937116455248356,64.69886564934079,212.81194042498157,3.231209759138141,90.36558569506182,71.17190015609467,19.127716138173263,0.6325331841089816,False
0.4875171176280873,143.9354284774987,2.078786799377634,0.2843831112031345,9.871575444289054,0.3721557490686174,46.51873432470381,207.05945048142092,2.296306118343135,102.8553299834056,71.10275304553743,15.566166380544171,0.8124828823719126,False
0.5941121145267851,189.7592662743445,2.702054342035745,0.0930427769424054,7.974076172129621,0.9497749282893364,47.57465080895004,212.0283508198688,2.928515148149057,96.1379185134556,55.08408977464327,17.021034343296012,0.7058878854732149,True
0.5246278443664822,185.44074663654283,2.7162025430261822,0.2410340998855051,7.1795344589425,0.6417089161932433,44.12807901821476,203.28929023574707,3.01203187466498,94.43953277881543,56.722734629861336,21.25706117291748,0.7753721556335178,True
0.6811474891494885,215.48136320752772,2.912158274796386,0.1269480019038912,10.816946010660928,0.9251285520004012,55.51908790834632,210.18918088655005,3.389219758288911,107.64968934241742,57.17448496459858,20.084476053228585,0.6188525108505114,True
0.3484543217286737,121.715421919121,1.8457598757676943,0.1303732507634634,7.952572073443467,0.734959987578816,39.208676582041285,200.74249796209045,1.818042740383366,75.34520217501185,96.35119155812916,22.65698054726937,0.9515456782713264,False
0.4065909509218018,99.60847007291105,1.7225804675542398,0.1531887127590965,11.501819602775129,0.7700048829161548,34.10784565708814,192.9034668352152,1.8697251085682784,94.70933058225016,78.92062190967998,24.835061661162847,0.8934090490781982,True
1.1258494224056597,167.7988945480148,2.614451566931326,0.2659298799770214,8.695592094013856,0.8410900259995953,44.97274175347506,210.769355009039,2.6708610562048847,92.04020703030253,89.62670298466249,18.970609582466533,0.1741505775943403,True
0.4425154837451937,207.52770148643805,2.696392565691508,0.0555140168275122,8.108578120006985,0.3469952643889176,47.016347216378165,212.574419394233,2.9378862524763374,82.51995860827097,74.15271122621989,17.604143235266594,0.8574845162548063,True
0.480642884309072,228.3133796975328,2.786362977845851,0.158481551702566,6.462528197297429,0.7394378373277476,45.53082749942958,202.6749525804582,3.2509283957276827,106.44172634873584,60.9353635002858,23.23222211821556,0.8193571156909281,False
1.0673827056642629,261.58868259606766,3.200461654968167,0.2200119123923176,6.926700961723129,0.9467560713403012,51.27239180249704,217.9100175936437,3.2057422939512934,113.72324571031652,58.94614424297636,14.301391069180395,0.2326172943357372,True
1.2810134338480812,197.8542805163235,2.733929104234305,0.0776038645706305,9.458010212021264,0.96928660677197,44.09938598313049,214.97828305602368,2.5617747911276023,75.88103471612585,79.94283153643758,13.014677076646011,0.0189865661519188,True
0.4656866742349316,97.18206839796034,1.6917391115444431,0.2480633992543541,11.7684096668045,0.977825010802347,35.4311553078918,196.6476680768816,1.7748531699765688,94.99748933046092,93.55603009711312,22.35165805545628,0.8343133257650683,True
0.6263502086423939,143.00612748344926,2.176965013660584,0.2854756494743382,8.69758624647536,0.7520830154875559,44.55589779401505,204.30946927651743,2.2704915403258097,104.23047127616098,75.43107628455242,20.287086574775508,0.673649791357606,True
0.7683111101881018,136.8397321244987,2.2337018673785485,0.0727337052692446,10.336829136396714,0.7433007936874054,44.4135337595807,211.898391628432,2.1754094589581223,80.33605672248477,61.15613723381215,19.227795909871546,0.5316888898118981,False
1.0457395288811184,129.67705793239037,1.863373391565145,0.0882370344577195,12.6204127053519,0.6867255467441056,39.03895343988343,208.5916809627093,1.6857984598968825,84.97436880149066,72.66659646484179,14.91665404301488,0.2542604711188816,False
0.5026285843143524,167.9702924439856,2.345614158165806,0.2935243062365507,6.3187519107203,0.7252873514061824,37.80103490836959,203.54351821364517,2.890545744536668,116.84984923330288,81.75768855594805,24.03126886026566,0.7973714156856475,True
0.650944430811578,116.44919156928046,1.7644350845966363,0.0994639101964354,10.89012280985086,0.7284825512682125,44.21777924623479,209.17691586097447,1.8678380322466217,77.01107785144643,54.20620988597713,18.985499159699334,0.6490555691884219,True
0.8554675152123488,116.52911978563858,1.784695883746087,0.0697349189258011,8.810751163973723,0.329685787965182,37.00280334826744,201.90814657508776,1.8061949273062592,90.46604139413364,85.79488828311956,20.299122934906777,0.4445324847876513,False
0.7869532148933237,307.4180095142691,3.374879064492107,0.288048134098975,5.150570650086788,0.3622099001533946,57.8962031732636,210.38394178068947,4.15974487403947,130.0,45.63989961536247,20.534894646726805,0.5130467851066762,True
0.6247687857539801,124.76859845476906,2.069716718320073,0.2731556774523672,11.328390556409978,0.7335916002349745,46.51259021394016,210.48529994704396,2.334171142770003,82.71967520684225,84.5424633540999,17.727721101694755,0.67523121424602,True
0.6732354070967917,214.66387970140977,2.669007643315558,0.2139313681832828,7.936496934305994,0.5199515010269397,43.97522641798781,206.63220628075885,3.186842504935852,118.83184776141488,51.29216443657942,17.738889189031752,0.6267645929032082,True
0.4250208383260035,221.2210062045104,2.672505330890823,0.1878577318218883,6.341055010601593,0.5109978395069306,45.53044746707762,207.3566767864889,2.814702690092927,101.26238577155894,61.22938579977833,19.39327128503039,0.8749791616739964,True
0.6523652512050669,144.95937038777225,2.167408147600922,0.2798081740756926,13.304154355574072,0.4354084475204788,47.998334012139885,201.78045124984035,2.066495846386155,100.46000510600736,88.66038298426781,18.881279174132267,0.647634748794933,False
0.6467225019982089,118.69533987471036,1.7775183097577183,0.2138800187778556,12.887680813785238,0.860748978603862,41.27355136672238,203.4649466827485,1.9281064010478972,94.87051070387604,110.0,17.004628307039336,0.653277498001791,True
0.7464339779252511,86.06274809139029,1.752822467406209,0.2145991648287675,7.199797430364802,0.9750299526044408,26.92434217105766,193.3789299800329,1.80627668520574,46.0483538612271,80.6400117513827,20.072647265861733,0.5535660220747489,True
0.5889345562361967,63.5360506088059,1.6779964191641938,0.2609213910504882,8.612609207436945,0.739430602237645,28.708958007718024,195.9518789157068,1.8673873765174929,79.24346063612215,98.00232409583847,22.604480949340413,0.7110654437638033,True
0.7943077045090278,174.09336414082816,2.380866306978424,0.2133114193231052,11.171925002366192,0.9617939269244952,47.07789247262061,204.5901409199696,2.2703524613333737,101.65919694469196,61.56700336020846,20.355777451464544,0.5056922954909722,True
0.9025431635639656,156.6441567982445,2.2227559053909247,0.1759192217594193,9.553682744949166,0.9187189095572712,44.84361708842793,203.74581612419323,2.4100807685424765,93.97340441544183,91.79110256373852,21.887480780109463,0.3974568364360342,False
0.7310858655336931,187.31342901376567,2.554523485092461,0.147430374474612,12.929622495333124,0.4525488849031218,56.88357239289476,208.5720694907381,2.8681099122511973,101.0802507185883,83.23193916529785,17.813254619433636,0.5689141344663069,True
0.7703512816798407,102.4696265157378,1.5154865993011706,0.1757834731978101,12.511486799506942,0.4074681308238099,44.35796628843814,194.63104671118936,1.647049405294576,72.54559824316149,98.3109224452158,22.136770874333777,0.5296487183201593,True
0.7106310695155734,315.0,3.60052261848968,0.1806196622717986,7.988824152478796,0.4481107498700293,62.43100019530431,210.61726314166805,3.975888331605355,130.0,54.878077523579,20.77379209212344,0.5893689304844265,True
0.7000168786182828,163.62693743054805,2.774298370006114,0.1402079702795629,7.806617204234174,0.3673465687059024,40.88728999487618,206.9905521170997,3.007689435958228,108.34714554971995,85.79246568258553,19.774296166854835,0.5999831213817173,True
0.5556883932914305,122.5198000256073,1.9617569670376505,0.1620296022450865,11.875812248240903,0.708015416890871,45.887838639745176,203.714795330742,1.9431505124611677,103.87450716141592,87.36943250342458,13.721778342063892,0.7443116067085696,True
0.7632988523346615,54.96169691152216,1.4218248202347277,0.2504679832158803,9.204008755141574,0.497855029986294,30.71749444386671,193.8229025482945,1.297048270459592,89.55143659541311,79.83929133248222,24.743788662040693,0.5367011476653385,True
0.680542680317302,107.73408895389773,1.9734137616461345,0.1541283421689719,13.932324372331992,0.9390416863260008,44.68185739490697,205.18269346820023,1.8775919815887092,81.76303262864553,84.23470685596162,15.022864204730066,0.619457319682698,False
1.118633661786119,191.9131061604584,2.782104749513361,0.0563899416588573,10.474268984951882,0.729385441259065,55.57455975885527,210.67559914113195,2.8160093929083017,115.91404151725754,87.12805713657389,14.856036581523384,0.181366338213881,False
1.0146709804950484,257.9587378770119,3.2099150796812155,0.1207548304434622,6.542115449347082,0.5517273890381119,43.73942848442368,214.37490207473124,3.424111292789566,105.90798632593943,64.18707573695004,15.95772035934804,0.2853290195049516,True
0.7771693105113001,131.86367234070923,1.731568346938141,0.1079354660229245,12.396744239758329,0.9892484423750671,40.517867420528006,203.2049839867232,1.7259094664434729,101.07366026040891,73.04898597926213,23.71645333402917,0.5228306894886998,True
0.5473885580610465,280.70088212702854,3.3301168826656404,0.2483955029579921,12.878738877813426,0.9672361471243092,66.01393509770841,211.98348973961956,3.620401990961783,130.0,71.70094839596236,16.783963036145895,0.7526114419389536,True
0.4775177056033163,83.39187019029951,2.0529244833086477,0.1623232646179522,11.020188716993816,0.8450306647164401,37.04841706782746,197.1278440511004,1.9245185924454116,109.9542747995358,68.08827918944127,18.16638853052801,0.8224822943966836,True
0.938228590617773,159.0233897679555,2.365553275157564,0.1200776357587832,11.348488001497646,0.8541785728077442,43.19913212434966,217.5049581313161,2.6939266728362705,90.58626519237193,88.04640410525039,13.69600031503566,0.361771409382227,True
0.7525498450294277,161.2877198000749,2.1171114714098374,0.2526762209604061,9.146796540278448,0.9840890920671428,40.65492729501889,201.31211532378765,2.151338420784324,129.262644668874,67.74462131299413,20.34697795217073,0.5474501549705724,False
0.7960286806783221,174.80682800950234,2.4407290677388107,0.054804201139153,10.041251974589317,0.7203193558479721,44.277855524815706,207.29135860206284,2.618515799885054,102.742622284066,72.6328256774046,19.599822673143574,0.5039713193216779,False
0.3510828026051614,140.75524192452735,1.933938847695059,0.0935627106828044,7.150489613289324,0.9160138945322982,40.4385199462568,201.93844483166487,1.885164647724633,100.15278584066456,62.67484114875068,21.80458712888985,0.9489171973948386,True
0.8854876963116362,154.6893441715494,2.4224353067627247,0.25673870484895,10.214426875199209,0.3453794056099935,48.585920969137824,204.2627500809681,2.748356824759706,103.81349340423412,96.835434425198,17.03416487189711,0.4145123036883638,False
0.7908840676428726,82.58634765531988,1.5173083930383702,0.1876629319151006,11.609315867831588,0.6878437636180256,43.725817976427095,196.85311166947344,1.5082676477364008,65.7435770245145,98.52343254182225,20.92978654480801,0.5091159323571275,True
0.4779138631171044,244.7766450868481,2.9693497058985883,0.24341244364487,12.551815497495182,0.6517614376278272,55.19943163928508,205.66109042295636,3.2540402643030046,130.0,84.20610689479399,16.214206464339874,0.8220861368828956,True
0.6056950385100102,203.6760123013708,2.500741098112189,0.2595440036905194,5.384824930627957,0.3264067035545943,38.03243575376023,206.1818291451081,2.6596055393771456,105.1196442076094,94.67086511938724,23.31534329398016,0.6943049614899899,True
0.7527434408713038,151.67192343847944,2.131408178875637,0.2854908721471349,9.651961768070256,0.3608663897268931,39.267282571642426,202.2600739514949,2.3926002845454417,115.79842041310808,79.35566428674245,19.98285315311764,0.5472565591286962,True
0.7104933596712487,206.1646710543734,2.8722399653140616,0.0658561498258345,12.122893800249557,0.3152872468118112,58.42754038428404,209.67466889809845,2.8006727568160823,130.0,91.83669741590737,15.099350860142188,0.5895066403287512,True
0.641565762839289,248.94827426001493,3.0071047688141745,0.249808685824618,7.987033772562466,0.5058105031405125,53.50212706507282,213.29562569653987,3.191451781084941,128.66790164013767,51.1438974333114,19.4482757673492,0.658434237160711,False
0.6793023463868078,173.51665961570953,2.304252905866818,0.2271915370549587,9.499748754350234,0.3374578606613935,46.162144561124734,202.28336459162537,2.4460434457997744,97.19979901067197,89.64090974195715,20.77242340844559,0.6206976536131923,True
0.6496045243586229,315.0,3.3482158043669914,0.1017564001691398,5.496830145259217,0.5962117793325611,56.38318034300893,212.35518715062167,3.7718579812979023,121.13316071766356,37.66744740697274,18.36808360080945,0.650395475641377,True
0.7305125024204937,180.9039368038652,2.166476271471006,0.2829255665850307,7.691997300952359,0.8689224879610422,43.38373272676184,199.46888780256484,2.769523412157846,55.13534337032988,72.04186584844483,23.14298191817065,0.5694874975795063,True
0.9942983945986316,87.89218555100253,1.5154453893796171,0.151050470076598,7.40106237524902,0.7296808659055378,28.505548399349024,202.5563496106217,1.4186107549426707,76.35905179447316,92.53755350003765,22.2944390524108,0.3057016054013686,False
0.3,147.90195761235168,2.2000095471154704,0.271902631863701,8.953491218160531,0.7716529386076443,43.40403747552587,200.23453978259332,2.5668315207608376,116.5461410079118,77.87732951233247,23.358628281772315,1.0,True
0.6526299470980631,210.37196015673203,2.830010746562256,0.2012784261662313,7.036723595932152,0.3220546809767451,45.35232217452466,209.2978761358136,3.354006652283452,114.5565998204989,45.33935072733924,20.96947393882412,0.6473700529019368,False
0.7353024842744893,249.0765789571481,2.908559907793854,0.1816869866352391,8.776307012816897,0.887668452179107,50.08557755749031,205.17547153462203,3.297475855563232,100.5469413561916,53.69102544762536,19.09729547305113,0.5646975157255107,False
0.7591987979374198,142.22475273867744,2.3733795620172717,0.0898809834739948,8.707084405371598,0.4023332655680935,42.46257859438434,203.59668034598823,2.399136359015836,99.81975246657638,81.24579660137347,16.278122056810112,0.5408012020625801,True
0.625617083735742,85.02112873423172,1.57254396653962,0.2785819060718282,10.414519515677114,0.5118556132227409,35.67130766750885,193.7939993151292,1.3402737988058675,108.343962776867,83.08679482616932,22.004862922041895,0.6743829162642581,True
0.3486556435042834,117.48886125806987,1.904209131632577,0.1891654768405615,9.890348632627887,0.6617557264533704,40.58374135022272,197.10436850179883,2.125763323880952,98.73737875774384,60.3123487104644,21.780702853455637,0.9513443564957166,True
0.7655990967428219,70.8683058984277,1.4050099391368338,0.0515231013742043,11.618407092789482,0.9509954017092108,37.04239199093832,206.4768465487992,1.5134021099888193,104.05740786248086,94.19211492243252,17.934218088485842,0.5344009032571782,False
1.045470042832837,190.50330709534677,2.6726407169479525,0.0545711352675708,8.40819150819311,0.9987044178614236,48.66927788286363,209.9111368897301,2.8486343130552934,86.16769315755342,70.98808352325426,11.94419633850934,0.2545299571671631,True
0.3932277190167724,107.11928689745562,2.1715808872863303,0.2444081512545118,8.735923437984109,0.8478624785349869,37.239465538752896,191.82750527530644,2.486360087241017,102.06207543717149,74.08865490155905,24.418587870560245,0.9067722809832276,True
0.8727656027396377,93.78854486741278,1.4860358147988726,0.0904840883445974,11.500492369071814,0.8105199566092285,37.30441112384838,199.9224076329059,1.746940892025441,72.43426430718945,101.04752469153284,17.5126413395741,0.4272343972603623,True
0.6342949553754211,200.16767252753647,2.549417069925087,0.1996846089070363,11.745444970286488,0.6693776314984221,54.12793132043565,201.76064081355537,2.899293239745877,130.0,81.36781805042064,20.44570749686527,0.6657050446245789,True
0.6877351308342305,277.6553942202074,3.4109601308191646,0.220270490483495,8.28482853477597,0.7659391365994133,57.29540484244082,207.0728084668858,3.6127760788087335,124.2011442674642,46.04883776891406,23.08089001124084,0.6122648691657695,False
0.4894202978592101,93.61274421492428,1.531860125505554,0.1198413982371242,9.973365640006394,0.4010969227998476,38.71958637991904,201.14470042794795,1.563240483540436,126.5715305837658,79.65407311083587,19.42098739490386,0.8105797021407899,False
0.6331087655288247,142.68319612074066,2.226468155011588,0.1923284521028531,10.160780378620691,0.4884372844023945,46.51901098020187,198.29750080463236,2.5478051210835595,96.77522237785648,88.53393300517675,21.55989948099222,0.6668912344711753,True
0.9600089189397916,119.8185906039506,2.1417695548627407,0.1100646864972686,6.331873274344504,0.9892500044479592,31.927654410762656,204.1514824930036,2.1314305387114403,108.02448203210548,67.91580618897015,21.118303869425866,0.3399910810602082,True
0.8165310483975414,255.23591961992668,3.05362167911294,0.2865788568419876,8.099067397855817,0.9857305162018768,55.21043867207327,212.56720249290456,3.612438890258296,110.26240149220824,56.953991778740864,19.21494955352343,0.4834689516024586,True
1.0464623210819888,126.41801323978488,2.0938835665592985,0.2650425390872917,9.843696149684831,0.5260806762639691,35.71436294468447,203.15901400159635,2.0946676551348555,103.88028948417148,66.83580303146263,19.76597765499945,0.2535376789180112,False
0.9354823777955388,81.78411143124762,1.918408249369122,0.1220106978743672,9.474273206623216,0.4687340008000915,34.50783069780658,203.0838586609369,1.918813156859802,71.42280507315104,85.3993307069094,18.60454204688425,0.3645176222044612,True
0.7878173357859152,129.32768371051822,2.326885452799318,0.1822036227375849,9.017485318080343,0.4606626523721929,38.92681596338387,199.486847533772,2.349937797868237,106.5476007572375,80.20176296420887,18.878672578319225,0.5121826642140848,False
1.0487869052335583,227.24999252734375,2.808704858263578,0.1751582142884764,8.00698423112059,0.6394050684529397,54.02610637983915,217.37093785712116,3.010589696777094,88.97123659363628,45.02138745995829,20.402798004506412,0.2512130947664417,True
0.7877986317476597,116.52048788399571,1.8523072256770807,0.2900058144875185,13.086039425302356,0.4566366058537738,45.06832322469427,201.8797824615193,1.9238272958745664,97.49164724961032,79.4657721157086,19.20185123835984,0.5122013682523403,True
0.8655976353594117,97.9138423936825,1.6453137224884056,0.1485071950459635,13.64008375382992,0.753947642785486,46.12577817865058,203.7878134724864,1.4176691526023992,59.91653688411094,80.8422611473741,19.310137575906094,0.4344023646405883,False
0.6406858092930583,123.7104439059667,2.1362281738120403,0.1905568886553917,8.731336654265416,0.3523738679477546,33.27632337777608,197.5770383828156,2.15573558702432,101.66125369998676,85.05280421654085,22.368010463372524,0.6593141907069417,True
0.7133091631718409,82.83646162634071,1.4569253593420806,0.2821766487218592,10.369173469590402,0.3725740556934587,35.54961374635787,202.61221728011927,1.210692905657195,105.45736776242973,67.20615767929783,21.559048796083825,0.5866908368281591,True
0.5605152353399445,119.74528722191528,1.920076192076642,0.0907027627941395,9.760886923970652,0.4938539924550604,37.399951327476266,201.9253815659424,1.9542805897225828,106.90203885616847,78.73245775309641,17.91708312555535,0.7394847646600555,True
0.8979167869189706,101.21279664395716,1.8251058387948271,0.1876214008195845,12.959169794619044,0.8442102633648998,50.89857459747572,196.77087381393883,1.7006592138136436,64.7738561913094,103.04336818482211,19.760695827038973,0.4020832130810294,True
0.4643392753770268,315.0,3.444549623092187,0.0764182300904574,7.650114415789557,0.5263026773294084,57.56981567705712,211.85998775275417,4.054762069334081,104.18221490435646,51.05963948245526,19.572015306092425,0.8356607246229732,False
0.8564700684835322,58.00634441275821,1.5060237950549342,0.2043747329546251,12.160023498380644,0.6295717475986962,37.0686408446005,194.2613329990789,1.5817579194519844,88.48315002692627,91.6551299388952,23.44852811177194,0.4435299315164678,False
0.661869788498968,87.73107128526419,2.086525568026027,0.1414208008467511,12.60061846639186,0.7596354322064269,41.58856920056256,199.8388347475351,2.1825709770992607,116.49158546533477,91.41697467990195,24.870749498821557,0.6381302115010319,False
0.9342494186934638,97.88087914554607,1.7648072446123877,0.2919090182949002,9.92603467687612,0.8519779453810816,32.844133043032585,201.73886634692852,1.512651398539416,66.88637068268187,100.65839426885093,20.74880704332312,0.3657505813065362,True
0.8501737977462519,83.06453752228325,1.5992054560641578,0.1538522952871315,14.505388788177829,0.5149763148572568,42.49933808976474,202.18062352690896,1.5488133407806703,117.32932026736628,99.54233801154967,15.997728095848895,0.449826202253748,True
1.0641292315293602,159.80144476720193,2.4307113317948934,0.0840469093854267,10.119735747865922,0.8116785878149555,46.60599725617065,211.8276885822405,2.349817908036243,92.46054368149208,53.93145172284281,14.602795189764413,0.2358707684706398,False
0.8461549382277289,92.8908373678787,1.779064245564858,0.258499990232101,9.444957545755974,0.5002471830459327,36.40499089223006,204.9045782627161,1.7391570749817638,60.02255448736994,99.44201537573908,17.310784247480388,0.4538450617722711,True
0.3855919488693518,68.21838488343916,1.76164744474922,0.2552166728557285,11.266860535742849,0.751126345856624,29.56532223432601,190.56849989762557,1.8917507624304568,69.19031236190148,89.06788554962729,20.271381980175647,0.9144080511306484,False
0.6866093654203598,136.51754819910155,2.11684352856577,0.2237149048856961,13.252926445673491,0.615616098556284,46.53639905259067,201.29493450985132,2.3675984880415,109.31449049659253,87.03689142661769,11.917421798599005,0.6133906345796403,True
0.4655985614810367,113.3956087343106,1.8699013886788296,0.237202950471057,10.02356634361811,0.9486394735454218,42.71235745097055,199.8568723531936,2.0301294178464326,93.27434012598516,55.93774717625371,18.78755771336092,0.8344014385189633,True
0.596344031526745,94.78979908922906,1.4907596594996493,0.1161788044223517,13.382810774292508,0.9874653703547888,45.22850406637281,195.5589512470548,1.6520740464482215,103.63294203693404,91.5896742839552,21.24568634403396,0.7036559684732551,True
1.0022456866553444,251.8289727681365,2.7716715780733314,0.2105133751056953,7.091317746076196,0.8418861753832045,54.63794873058914,212.504991522358,3.0377966554979463,84.99578591902946,54.941324784416,18.743972672586292,0.2977543133446556,True
0.8275067621795391,162.50141329234074,2.0246565027746604,0.0595049678013484,8.390514427827794,0.9408250349504022,39.64615355290105,210.3750135707279,2.1037797147747552,90.7873543059956,63.12261591462275,17.89201527273557,0.4724932378204609,True
0.5602139142842507,153.5340569146467,2.2851733302598096,0.0992225359725086,11.6875012788438,0.3955529694169337,51.30437773751362,198.9627750767316,2.5396328137262363,107.731486985265,77.45646707241352,16.097259759769997,0.7397860857157492,True
0.4972565267119201,164.31481878677346,2.110181128314069,0.2830698618882716,8.119593628417448,0.7581247702835401,42.19982864069667,200.4829009290468,2.4436245383427924,98.13186361884895,64.57461124237878,23.380379908617243,0.8027434732880798,True
0.7065564185752521,160.11825434731026,2.4692826396663894,0.2348088242706646,11.927459972104144,0.4388575591006857,53.46028597428152,205.2306787490959,2.5279761786715698,101.2754794473391,73.84087127073359,19.104589566698827,0.5934435814247478,True
0.4566879701237744,116.099188665827,1.933330494055009,0.1076681352473144,11.683791801866482,0.4938779534807138,42.97264118551023,208.07880805176327,2.071403572883566,95.34086364591091,91.75237386704114,17.35995246799834,0.8433120298762256,True
0.5657719445206837,93.31347077115616,1.7098797283039988,0.077845772379822,9.398450870290484,0.6659762688509396,29.972401580918667,194.59187138727876,1.7038569764483424,93.63054509759284,85.23161116218598,17.057264450798066,0.7342280554793164,True
0.7624018943102487,137.98167418363866,1.9772751321884583,0.2872298612171254,10.35915582790697,0.8193910883307993,45.75204510619062,203.33556333115055,1.6898221651306724,95.09984863342268,77.02098829525313,18.156831745299293,0.5375981056897512,False
0.9310624072213391,115.10400616391404,2.014170861551843,0.0780469165150331,9.720824449818569,0.8050458519368344,37.97942371541918,200.09761172384995,2.074599695971965,90.6442825037322,76.67625205912948,21.319365291181786,0.3689375927786609,True
0.821752294444888,57.79566922829761,1.341690680895019,0.114267512011812,12.727426378562576,0.9086215393699302,36.7161589547029,200.7479455841232,1.1043318987680972,92.31472271089044,94.35238926997476,18.636452184626137,0.478247705555112,False
0.3,80.18436048408569,1.4936681832622032,0.0956584982498642,15.70983765018838,0.6914923964886109,41.54054173522006,197.68836599412376,1.5596131039575365,73.94819995201152,93.97571435058984,18.395253426349612,1.0,False
0.7608733458060519,108.46167095205152,2.0459458557072145,0.0518659551029419,10.232139796510744,0.9484398573727018,44.29985064498365,200.32038360196083,1.9296411045934403,60.64763401681009,89.69685149382966,21.561815756704476,0.5391266541939481,True
0.7144067146465155,202.39699100481488,2.6723691021547724,0.128533693524511,10.531161964402049,0.9215220169808952,49.68042693509293,211.8572011609141,2.798258101944372,118.58433129979386,59.89294511918315,17.360544473351226,0.5855932853534844,True
0.7827780570745386,138.27549044501365,2.0709645093228684,0.2935447178996906,10.56481058365829,0.8943402426363432,48.334825228724114,207.36773670003123,2.0680488965525385,76.07168103951388,100.15512910010617,19.55494560574559,0.5172219429254614,False
1.0232419363302414,86.36777236892218,1.787157126661435,0.1354758264523391,11.498307044098397,0.4606640754630444,37.76735587886922,207.75854111814223,1.8890387899250607,80.67681615420035,100.5747418577264,15.705403199787511,0.2767580636697586,True
0.3,77.50168644127388,1.6213532724967956,0.1760762198669434,11.24151837844772,0.6720135952310375,34.75169984771093,193.17333884108928,1.5818726000110537,84.9176440971153,51.46737019243196,18.645808236417164,1.0,False
0.5817793149617788,225.0658305963968,2.857978617338927,0.2364839459804453,7.062496667291439,0.8153656179305038,51.67898119478164,208.6027304646014,2.976275985173328,102.30811853654252,59.859403879838766,20.61826255120518,0.7182206850382211,True
0.8181812645586709,118.6252117277394,1.826474508465597,0.187770025519804,11.602054077322093,0.9832717554912128,42.89871849950781,203.60128448244865,1.90968932944902,61.3919007499818,101.79024342877553,20.04995045611076,0.481818735441329,True
0.3836811201092114,50.0,1.7105597913365933,0.2358978768530766,11.464768150177346,0.3081530916159772,34.445866648253755,200.3559612210529,1.664592654382843,90.39510500275637,90.554890578972,20.570367970468844,0.9163188798907884,True
0.9951898096107016,122.22176317424068,1.890831110242492,0.2154089670476288,8.80944807863847,0.528980173761569,34.67874030160877,204.69101232908076,2.023252661259221,98.7880821766201,79.14674960600162,19.96201247159824,0.3048101903892983,True
0.7736713225401316,180.356887146392,2.676257546213632,0.2021407557497537,11.9847572083112,0.5396451768100939,49.84251936843844,207.9974429392379,2.69273904576701,107.91569632299012,76.80806433418522,16.545370597361664,0.5263286774598683,False
0.8693167971686808,76.59093137963714,1.5843971236414256,0.2124122268029363,11.839184405111686,0.5019741988472997,39.787531165650485,200.96655105867177,1.5667714974385971,92.74123882858194,96.96705892327545,19.55293924865711,0.4306832028313192,True
0.5858112676956411,133.2222585622053,2.1868426358458866,0.2497910905195627,10.10018163972518,0.8721970098340617,38.2694579976934,198.6759961393609,2.712594994405769,88.60675097319991,86.53390278321055,21.365370010361296,0.714188732304359,False
0.862752737993242,139.35352552301862,2.224961729038069,0.227547848700276,13.43976109302752,0.3315500056503828,47.29672994769632,207.9168615846983,2.2562311850973145,114.66183721187916,72.17940911083562,17.51735844208084,0.437247262006758,True
0.9136943111978076,78.35821568249044,1.7988934887324304,0.2479437301762979,7.550172739542576,0.5516043250059244,29.73195750085312,203.64983122473924,1.7837793121933936,79.07312091089514,74.88315794272111,26.29816284862698,0.3863056888021923,False
0.7465756040274336,235.88412041917655,2.760979407278791,0.0863994095708828,11.554291600658816,0.7981792257932245,57.303141745629055,208.9000021555895,2.840653153246608,76.28179947742555,93.0390240989475,15.22208533266856,0.5534243959725664,False
0.7468801785397392,140.53615060805078,2.285634515056236,0.2194184331776351,8.533935800955408,0.5847178033748883,44.664101451600615,205.32957478532984,2.248530372590607,104.59815811859777,74.78971016093948,26.74782327631527,0.5531198214602608,True
0.7540686478563451,108.20733956729586,2.142624694175083,0.2342554780813833,11.517639474502818,0.4008445085845745,40.81677240323162,203.46568709637907,2.256952710478849,110.763934814772,102.98223752951932,15.859752086631588,0.5459313521436548,True
0.5273309470521236,119.0009988071614,1.9132040435710127,0.1249916081242086,9.56424176240553,0.7275967309313612,37.42425304195164,200.76651082865507,1.9562918940137728,86.61616530982788,110.0,21.124722609736796,0.7726690529478764,False
0.6704942639519293,72.77638816518127,1.5874170153927687,0.2686443319608206,9.659422724031405,0.6658271654755331,42.35923937915229,194.23407890277937,1.6662190531487564,104.04339439267862,80.56925725799206,19.233115234247787,0.6295057360480707,False
0.6694954935095282,71.68829947440275,1.4949893994231989,0.1261779008256751,14.600160966591307,0.987287185281108,41.58332961622239,197.0858330390705,1.5130197142667967,66.08779394424516,85.58493934548267,19.35219756721084,0.6305045064904717,True
0.776678772870699,103.66037804535804,1.7773175865350994,0.1109580298441243,15.217789643453184,0.8239683533848463,47.25929224015111,199.32536051823968,1.6327198061848165,95.5386790749632,95.5706647925523,19.97043526339174,0.5233212271293011,True
0.8999648493820589,106.59001677063384,2.1094335540049443,0.2667742038701278,10.59468326669622,0.9903231914919788,38.78769278495616,203.95123379088915,2.294594645691264,111.3175288464663,98.16319036807788,19.03653181458425,0.4000351506179411,False
0.488292783604318,115.3561129563236,1.7722137247310583,0.1117549595291066,11.661634311613623,0.4304468487812012,42.00336801233448,196.5187291514012,1.699362394262923,99.38807733420732,100.11797990895188,22.430277500066357,0.811707216395682,True
0.6749981939360844,246.9455994138438,2.8342469720331347,0.15387561560795,8.680359964208312,0.8331165064945316,53.4913844542841,208.001972028346,3.032741107933312,106.96767726522056,91.17027099463128,17.97722614572435,0.6250018060639155,True
0.9962911095317946,175.4355142694114,2.645119254617448,0.1419807075092047,13.649275785326877,0.6861467537899416,56.38334755869757,207.6627568917256,2.7844716517588584,98.58702564176647,85.12139339100712,11.999971774229916,0.3037088904682055,True
0.5512823542374872,60.28035832234283,1.575925130461997,0.2745154556395681,7.266022565800053,0.7987566494408522,29.524446786941454,193.77343830722435,1.8212496176701265,109.67405890263896,85.07145759947804,24.552389231880245,0.7487176457625129,True
0.5355499965419359,222.4162722936683,3.0973857157057254,0.163808934571991,9.826178669508456,0.6272860237555224,55.60836097045468,203.67352788583335,3.2769504799433213,125.62118959869883,53.71634405316685,19.4859330077208,0.7644500034580641,False
0.7404612383662387,103.296941645255,1.758809737488162,0.2235772333240538,9.540977159268756,0.4486735737990418,40.70147790793666,205.40687998964592,1.7984087362596033,124.82468420715772,54.17091698191848,18.072640706818127,0.5595387616337613,True
0.868877038097064,184.0432424058205,2.4912881098321997,0.2485097261609572,4.504100789458637,0.3320156644255871,38.81822682657164,207.8315470003764,2.662754516945367,111.40643186533248,61.90082058316046,20.136827483804403,0.431122961902936,False
0.7022852111121318,107.04834871848368,1.7572852481820989,0.206975895186794,10.279963508722965,0.8868017801286865,40.4786720721107,202.5703015576535,1.885199551359365,75.89660999554053,71.5902624538732,20.361922673618107,0.5977147888878682,True
0.9657921180873978,136.1975558139274,2.111075621808574,0.2859236245812286,14.614151335352524,0.8703658440106614,53.9753891301117,208.89808636796087,2.3660442995616937,78.74098053568699,102.8237124126876,13.926430366542036,0.3342078819126022,True
0.8713587965133054,74.78823593359007,1.332191382876075,0.250626882314002,10.210503534314498,0.4137778136504354,32.01986488978945,192.28574767206305,1.2017700717725883,83.77121494624089,71.28997726449529,22.89884989586286,0.4286412034866946,True
0.8683640133780124,151.07700293830737,2.31135920700471,0.1500516569187158,12.02029806155261,0.7516266296806884,55.26041047010648,207.96176013096357,2.5347004867081484,64.7078394106281,75.43559009373553,19.86441237818811,0.4316359866219876,True
0.8108233002648186,194.82443508776169,2.6071165932259444,0.2877029608144208,12.130239001959696,0.8164135903725129,51.67560702247604,206.37163823636996,3.026579120463946,94.81121246996622,82.06996528121284,22.12412525807639,0.4891766997351814,False
1.165530620069217,63.64776035429214,1.5005488834644494,0.1811437083178335,11.826407347859794,0.6903374967668334,35.87236970395576,205.75773904185056,1.6462315076155227,67.1619664157475,105.10130426744308,20.98731994868444,0.134469379930783,True
0.6589676622267912,196.38072076614264,2.5124911174391915,0.0556443307362239,9.730149386714276,0.5220602321672737,45.44425246400152,208.25402495689,2.773397810177869,112.52681170763124,71.09930239822016,18.67725901994689,0.6410323377732088,False
0.3,93.14664923204694,1.6109600957511605,0.1150033199132242,7.547504919432709,0.9166621315300556,29.216654338961312,194.62056343521775,1.6885104373585436,119.44908883635053,97.15098368777976,23.38796990126969,1.0,True
1.0208508723034282,289.39984668622003,3.4243557102946744,0.2054323967593166,6.215242260668218,0.7497084462790014,56.8375198782184,221.54091638781043,3.646764572722803,116.7458058357782,73.41016844180866,15.876603012993968,0.2791491276965718,True
0.6084601138086349,185.78230218645425,2.3105949196361224,0.0892037255811091,11.651335334169817,0.8041522584096952,58.07685969680693,206.3491732002674,2.342502826721718,72.46420966942185,70.24270202453592,16.812623384293136,0.6915398861913651,True
0.7215760888686066,169.67988403031757,2.4342234590499268,0.1960170112233009,10.079256100935831,0.7564801706516323,44.80252673289757,203.04723054609943,2.545907599938909,87.24056649000886,94.53361956929638,21.367034269620227,0.5784239111313934,False
0.9619101369721054,119.32842633891958,2.2657951199327755,0.1403995055768824,11.66023949707555,0.8049020701095615,44.3497918397889,210.7875761219716,2.3020789465217804,94.1612260425871,107.45627395339172,16.046464092655928,0.3380898630278945,True
0.3795480917882148,315.0,3.742828223296645,0.1835963700145685,7.622946675302712,0.4015470014541108,60.181803802681365,211.27398382041557,4.2,130.0,42.3998208970122,19.42544991764208,0.9204519082117852,True
0.4496705571787721,103.5897158979758,1.6029485357832085,0.0504687119683132,15.957793791288587,0.9458160788179192,52.15552841932683,201.343272659234,1.7124095561988686,111.57244610403768,98.34130640379118,14.817764023254409,0.8503294428212279,True
0.3797444125762292,80.91781019579219,1.5668317725148422,0.2621053386671746,10.596335787860818,0.5000675585709511,43.439685035196725,205.54374241234788,1.3416506706558993,109.35342226728116,83.84883144472441,21.58058433145477,0.9202555874237708,True
0.5411727419949152,94.5591141236386,1.8196905240724093,0.1404813719438821,14.829838040344386,0.8855858561209704,50.60372242140129,204.98798845873577,1.8347635279467724,103.21104542385804,86.27913386031825,15.8786792051133,0.7588272580050848,True
0.7879273212033987,213.06035571255768,2.693940557398309,0.0850396085694882,9.458620686028771,0.9253689428678398,49.87678207741647,208.41980659820103,3.128428496605531,99.38994236862578,63.69835201789283,20.809292182898268,0.5120726787966012,True
0.8048375685625542,134.94307330324853,1.8696337286836249,0.15947896425127,14.29826242461928,0.7558565246620288,51.51634406783344,204.65308187750347,2.0634473763387,105.57630632851236,110.0,15.389187328310744,0.4951624314374458,False
0.7552548358657107,125.57746978354484,2.0624171509893823,0.1715443233722085,8.044653747528262,0.7188105334621215,39.43384664780293,208.1858490533997,2.210568407696561,79.7325975414262,81.67264071923155,17.516447779102748,0.5447451641342893,True
0.4174468232215266,104.28474411463736,1.832775418649654,0.2093506776240472,11.52910946272442,0.3763337478201067,41.20629443315758,199.50986508945437,1.9675683987344263,116.10733919969024,76.81235409315656,22.52964891526152,0.8825531767784733,True
0.3,122.5021261090215,2.26716582016274,0.1811406100880699,9.92885080540598,0.6053548582557398,37.28437818232315,196.772337517264,2.376030090874391,102.99992261192833,60.82912052002601,19.71527368567285,1.0,True
0.7108707170780764,101.087705333182,1.770717337272839,0.0608808955167656,11.487260442872811,0.7281510692536992,38.41126478146384,203.96806725183717,1.6111379266661097,66.5711106482157,79.50264787272194,15.064972414786576,0.5891292829219237,False
0.6056447932723328,177.76029347661645,2.59728285561192,0.2678780805194412,12.489542495286386,0.3573084907379409,55.25686966149711,211.0083337650256,2.8769492309959688,122.20135931850314,75.34206240124044,13.965276130269343,0.6943552067276673,True
0.7918771543433223,114.1410821195732,1.7230653964870892,0.1641272329467403,11.778841653635162,0.3780234080342807,46.65276881835823,207.3213628520853,1.4095162796345255,113.8742249010173,101.68228287549258,19.414997558357285,0.5081228456566778,True
0.840390725244254,95.3201780923044,1.608360030053959,0.0692469431332522,13.969078712397785,0.9954368785750464,43.960060958874976,207.834646692877,1.5572745001934811,72.06670296644924,88.54765792315689,17.980164165735943,0.4596092747557461,False
0.7276482864117363,203.8457181440565,2.7390150391238755,0.2432070591322963,7.856290668204303,0.5325639056738162,47.38597556223479,209.22436218071587,2.956640854858567,130.0,75.89232977051765,17.338261738192983,0.5723517135882636,True
0.8520266170751707,81.93785078491982,1.8180624233704648,0.215038604695767,9.71488287931927,0.5448127411038147,38.911122740954,204.71842017312883,1.718033743454578,63.6815534936077,88.65620283028812,17.82317237442044,0.4479733829248293,True
0.7458422748230137,135.8620028771677,1.943287114106183,0.2123594431923054,10.589915109112969,0.4760704054199244,38.25248092556357,199.81237961258952,2.3515924889036564,78.50439550978679,85.4812197499221,21.48258236013993,0.5541577251769862,True
0.8060129411202933,57.69418922406701,1.4651651247651227,0.1567285004338902,11.876469801506406,0.7522138386459938,34.961891057083,207.23369969970744,1.6361953424679725,77.00118778836436,108.278115224418,20.39836537374396,0.4939870588797066,True
0.5590653474260234,69.62251614120142,1.3497432531002496,0.1526242656552471,11.33790409804515,0.6311531207647577,42.81654345787337,194.82927917816863,1.455076959774673,79.6237531923623,102.06545055034168,20.722369169597364,0.7409346525739766,False
0.6640777172337082,108.52739995476712,1.8410362256923152,0.1840846590968357,8.937517004338684,0.8533016701614529,38.00874175099164,202.05437987437017,1.7479594669779157,78.39392818465441,63.60248685154284,21.48697104319913,0.6359222827662918,True
0.7393552193313914,100.26984575948686,1.9276971839195136,0.0626486032247758,13.832176274003391,0.6587463822990507,41.54265053023423,197.1711592649829,2.143701163416876,93.28957656102966,80.02214364545932,20.96267479315815,0.5606447806686086,False
0.8641056950834838,100.20198543527935,1.7363721086118131,0.1247394410544802,10.398122420771298,0.3107911861986009,39.092705490343,202.88558044340468,1.8046897800343185,84.25046878024133,85.86016862767563,24.06615078882556,0.4358943049165162,False
0.6212517655550855,186.6492662313721,2.4558389239594067,0.2969735433905934,12.777685076703202,0.6378811732287569,56.46205186263524,206.03383572513388,2.48405637627276,100.87853078469936,83.96511797700447,14.810123371723906,0.6787482344449145,False
0.8042334511464225,192.2351902717023,2.3684122124292104,0.2155481222820189,9.567801978558288,0.3386311034163421,40.650667582023445,206.49172962681,2.539811240805135,111.1342898708562,91.66991231897038,17.371975105838004,0.4957665488535774,True
0.6468322416169241,148.75086007147837,2.092753118528088,0.1547335413543305,11.749028166504289,0.8787504663369989,47.527211359858406,206.10943055886983,2.3395309466523275,84.06163331802036,83.78030112638203,16.733886941977907,0.653167758383076,True
0.6764915665343739,80.21294171495224,1.9054201711517689,0.1055907757351132,12.783128263650962,0.3795606594892904,39.517940216588535,196.69438864553612,1.834960406138311,94.63975403174484,110.0,21.50539183396292,0.623508433465626,True
0.8659038084048145,122.0525801918481,1.9873593752923548,0.2363023404750583,8.98964912777486,0.451867810476071,33.90168367370568,202.31837806861864,2.044077849145889,84.7782371869183,72.97268386961468,19.621361930445342,0.4340961915951855,False
0.3013879257891687,311.571508534166,3.342225903275738,0.1150725774265478,8.199559273800489,0.6219756699563801,60.39356948233173,215.2005818450793,3.92075023860293,114.4043371494457,42.61491712465165,18.037015747023595,0.9986120742108312,False
0.4407055343850477,315.0,3.472784207512301,0.0905925259615738,11.572332477827633,0.4366288387802901,66.22075776480838,207.9056333520573,3.8616909765437,130.0,54.249813665873646,17.75547992005635,0.8592944656149523,False
0.4035629205114358,204.86977217325008,2.3993440342110164,0.0886287250585718,9.865891057702283,0.677453972137922,50.27070580806121,201.01155400312163,2.6426058853368324,130.0,59.47321956860129,20.06798764732795,0.8964370794885642,True
0.3,81.450082208683,1.499476703848432,0.2323158197911831,13.516707347274991,0.6224888971126936,41.05930122940266,199.94652585599587,1.3651740934581342,109.32843444624088,105.2673992391223,18.74128732601354,1.0,True
0.5643471119689646,122.5605778187375,2.184535583406868,0.2107025635721793,12.319107657365532,0.966765827642102,41.81765046564404,201.5184917305521,2.418477928808607,99.1830767330225,49.63376054739223,20.97660481152248,0.7356528880310353,False
0.8498867799455481,143.99524477455043,2.1305895945384123,0.0674515248428076,11.083594842461064,0.3618614943272295,40.86549158858123,205.63418616710968,2.1116819812348573,90.02443701896311,78.02752915103493,16.164367609326117,0.450113220054452,True
0.643023186723485,133.72149170841033,2.3533814600824634,0.0787607038405506,11.003266328243058,0.7037124337879852,41.78038857502287,206.5847309288599,2.496157345594053,96.15572808126292,92.17977871160002,17.775580483615506,0.656976813276515,True
0.7395580163883704,216.0145373160787,2.713814122754221,0.2084617168383942,10.315832558377444,0.8042797267507886,55.06799942523704,207.07642557627892,2.733543321604992,122.09506220484558,67.58892427640579,15.649366285982612,0.5604419836116297,True
0.9178434993421584,182.50449503868543,2.454639155880759,0.1927790254680397,11.394140691550012,0.3893389063390994,51.10920353061251,208.06333562419087,2.4188907115007097,70.3575402838475,93.69683714102776,18.03552099006689,0.3821565006578415,True
0.9655372264535382,79.73094610669119,1.733981692634848,0.2214997650929533,8.590082044567197,0.745523489430181,32.82234122468412,199.3937227652245,1.493742922316203,75.81720199013549,110.0,20.676364792781307,0.3344627735464618,True
0.6861724130547721,96.32024343792688,1.369673810170505,0.0945097270908155,11.810301974129516,0.9049673379188784,37.69766831876989,199.20834276891196,1.3301783598474075,90.35999777698268,94.9572638703906,21.89509821235663,0.6138275869452279,False
0.9707171779138796,204.42741563109828,2.6661602235968225,0.2316469765542917,8.915335180996134,0.8512889503997092,47.45714840296221,215.73359822203,2.8546267694792387,82.40202373726734,86.24956169704063,16.84832176878576,0.3292828220861206,False
0.7184253316868218,251.26232823362807,3.002750652659882,0.2840241168326374,7.615919035760935,0.9546194833003404,54.07160632747669,204.01484734507343,3.3732271258689166,116.4035431321201,88.77495017007247,19.46188255236456,0.5815746683131782,True
0.5325203552345075,144.87081598519092,2.3818723619088,0.2002625786338603,13.243446946129426,0.8044099877186615,50.737053708712345,199.4335586551269,2.2694088935104477,107.49667840575084,86.49291835790548,18.227124757393568,0.7674796447654926,True
0.5811199295602529,267.85346862299207,3.2875296581084794,0.0990325049106959,6.565715819045666,0.5757907807706222,50.529108099723096,203.1727240336575,3.652995115027133,102.90399920376316,50.56837028636681,24.96549435199858,0.7188800704397471,False
0.4038926974869967,136.998066008484,1.925930775235852,0.2198859638210266,7.465542879165284,0.9443159692135676,30.04353864911218,201.81569471997176,1.9418268661201985,95.96799518552184,81.83072018623416,17.60912753635924,0.8961073025130033,True
0.5223732292532695,85.31070991153746,1.8688064720864368,0.135770420886516,13.214982917441208,0.4577497373303605,39.99971155029392,196.51906898245653,1.9681207843661763,88.34899369983873,103.5986578104861,18.13220587431097,0.7776267707467306,True
0.6283966623851142,174.22686940071375,2.3544677763685606,0.0623219365964303,6.739049866368598,0.7085915949675099,39.589430534717216,201.6419062517033,2.5025133878415016,108.94725829669964,65.8273716767704,21.549216200690022,0.6716033376148858,True
0.8607170038757203,315.0,3.3843320160555934,0.1255846738381246,3.08852522849116,0.8359605615662684,48.6380275981758,206.46147561427765,3.752364711471487,128.3001803434956,38.26396003396746,20.690230299708865,0.4392829961242797,True
1.044153966233197,72.98410988433236,1.6134383667053391,0.276396275487533,13.68447494005994,0.9105968168968352,40.15062072880867,203.84244553812115,1.403336626571836,80.56104297258699,110.0,18.52665082552045,0.2558460337668033,True
0.4235636969245919,262.4699932105715,3.069344542334999,0.1527848300439938,8.624729073447188,0.941579491765737,57.47056190205916,212.12240055392425,3.7067947328918014,118.8328478689249,53.46167034048427,17.782767360951333,0.8764363030754081,False
0.7785654936519837,169.3229493429096,2.5853533918475557,0.2661663345077731,10.992170092038934,0.3594829546376542,47.99277072794969,208.12777706047228,2.510260003447346,113.53751437467994,90.87972369820623,18.285137474649225,0.5214345063480164,True
0.4918912121684931,93.85139153886789,1.8019044365846248,0.1771648358806979,10.33733428778521,0.8082414186179365,40.838456846392354,198.70218464994724,1.789586524733294,73.69399001347998,85.43771619524296,20.66500859123281,0.808108787831507,True
0.7949394176926403,58.05548919949526,1.495292751728863,0.1792444972399,8.909307704869242,0.4428730054087108,26.478296315767857,191.06625120839368,1.438949631166994,85.00038652674975,109.9357647227335,22.80208348109286,0.5050605823073597,True
0.6737826698624546,52.7985895622595,1.5574857789263918,0.0513040802662235,9.44089351792046,0.8453836090407951,30.414246905863138,195.5740034612657,1.4726617910500344,69.36240910119537,76.74663573688827,18.79624015823167,0.6262173301375453,False
0.3338188348304938,100.11196011768556,1.9648264236553916,0.209276018322243,10.599169139132837,0.7904828123535261,33.27487333202637,195.75410453733087,1.94214173554281,113.04600834404754,68.21216465850299,21.399292640326877,0.966181165169506,True
0.8856593983136969,155.8049538068136,2.363980394599104,0.076953461257605,7.396224544057663,0.4269466510202172,38.73006604661088,201.22582217535447,2.2650718592021426,112.10029826441098,82.48737580741599,17.36593274516558,0.4143406016863031,True
0.5789998574382538,196.8064463938429,2.787371092072986,0.1696871036705136,10.133000360411266,0.8829811206936697,46.7192018501084,207.8311471712457,2.9380992160807287,118.38325163133386,54.600780586983205,16.747398867397287,0.7210001425617463,True
0.593219952325289,220.4720892650365,2.8550790760573603,0.1150792139145247,8.01409492955362,0.623252162812993,52.72578008528605,211.47576158499135,3.0229311961810184,130.0,62.95796656799903,19.450263768225188,0.706780047674711,False
0.4860495177420619,149.07313650342184,2.21773281173638,0.1480957414573287,10.723762847142078,0.6806993063307305,46.42068552279687,200.3766855590456,2.5972746664570647,97.79640916041718,95.09607284356542,22.411259765226102,0.813950482257938,False
0.5691433446624888,138.01376210342764,2.2899859061406254,0.1842693389167002,10.857078164236452,0.9799826274804266,47.14888063481597,206.25910237460613,2.746626324015686,87.99281222622054,56.14161617653493,23.42540079985028,0.7308566553375111,True
0.7855780881389834,110.17381758332957,1.867756119654316,0.0536160286504932,11.867830303234028,0.7596379112635092,41.29490918000201,202.87403293231415,1.8872361509920803,82.83594776459674,94.06063046012102,17.655417862815515,0.5144219118610165,True
0.6621511318127189,157.67955854433728,2.2664234458063977,0.1211458958179057,11.260629506237724,0.7119942015173442,44.13152584519845,208.77952353287623,2.232912752609856,75.78786523317319,94.19731730866944,15.52153017717784,0.6378488681872811,True
0.7657324004564962,94.46814576348407,2.013981703702409,0.2974029835729662,10.542992076542948,0.3117339406546373,35.15887424578008,208.87204247384065,2.160880011911136,75.15352709010682,84.03074940022958,18.909517155160785,0.5342675995435038,False
0.7723843707857687,74.39537893182123,1.8384516506478543,0.0643497814551399,12.065615565821645,0.4394503845657577,39.44187133261008,197.0882699828069,1.7094983241272337,101.25529450293152,79.83140933622198,24.059056114010478,0.5276156292142313,False
0.9641323311056332,133.92685215946614,2.07018844623723,0.129848372039342,11.108534543653994,0.3185957947349564,49.4970689202934,211.7482923638428,2.0387287036730903,75.80469641033247,83.72195830896062,20.13069818128629,0.3358676688943667,False
0.6314427698271241,189.16194676019373,2.445262837485707,0.130355368741162,4.2515262783111085,0.5333186980013046,39.58932778824471,208.6791110060401,2.5686513501689983,91.78475946457846,48.52020735286165,18.67728485780228,0.6685572301728759,True
0.4046284366308535,68.80542192569577,1.769919400436841,0.1448464802331906,13.183859046228354,0.5411558471191267,38.86329372643178,192.8161071048447,1.723389974242436,94.62988996550165,90.05577740221803,20.144923488257582,0.8953715633691464,True
0.9134444833143964,100.11645409347156,1.9209943864350545,0.2211952296105863,11.527776658002065,0.6712310492742908,40.19765991024055,201.89844922992177,1.8557305547905285,81.28627590690921,86.64521591046926,20.882307386438452,0.3865555166856034,True
0.633702365580549,131.55733994483023,2.099795907688246,0.1119359496707411,11.872875384528912,0.782837912894762,45.06415549027628,200.95459013144472,2.038516863542445,108.59446123578952,77.38432658486488,21.09827931023436,0.6662976344194509,False
0.9229184889154752,130.23795900701157,1.9936227655276009,0.1650673360340132,7.824660827889814,0.4255416203274191,43.792872251577535,205.81629696948943,1.9335200148327665,95.20504006408396,84.6685861864554,21.1856915761433,0.3770815110845247,True
0.776675422636494,167.07177175653345,2.3863286608594567,0.2112158917131122,9.298007123025132,0.7211580945668197,48.4858511297339,205.7442641557243,2.678412917043192,87.65713415820291,93.6964395295574,18.17768351473629,0.523324577363506,True
0.6737724939593309,306.7452334565798,3.450705598669483,0.1305805145821471,5.077220993337287,0.9418833921702348,54.72830281524779,211.4485663391225,3.871261538984661,130.0,49.62266625113603,21.131771397946856,0.626227506040669,True
0.7697551788092589,52.89722849060018,1.323527100988852,0.2871931451258137,13.68597291483752,0.4295054993114455,39.31161456899788,204.06177692446283,1.262017665736076,94.30343614815332,110.0,19.436141082194915,0.5302448211907411,True
1.09020251202526,314.2493493766363,3.533351144301176,0.2949181587356703,4.252255318669859,0.7613616211857547,54.26204166991173,209.7539655792125,3.4383699396026044,96.03942364789218,67.60188053750579,18.634936779430763,0.2097974879747401,False
1.1153961058107509,299.34378505518424,3.434563887287416,0.0799183919218777,5.568771348777577,0.3319123988763351,55.42786964227098,213.620517779184,3.819487153353924,125.98730193598188,46.91810613218245,21.98700385885844,0.1846038941892493,True
0.7138762270265557,198.4868149038301,2.5315852591926062,0.1359549711002025,10.602728413929418,0.6718033440037869,49.663735074605775,210.4465162786456,2.646984996465031,94.8019830567041,77.67963893069002,19.519317654096174,0.5861237729734443,True
0.7320381186634151,143.5580445224075,2.284038209470688,0.1019930174516188,9.03133122758672,0.8190774799740457,38.95112471021508,205.2382976703156,2.518159141039041,84.93275146337704,70.24432826981406,17.792444669658025,0.567961881336585,True
0.915248031493277,95.28110087347552,1.9555736658344525,0.0966973988892788,9.242480739341511,0.3238292468331001,39.16685821729638,199.5236619201009,1.9573351608818288,122.00649287801689,66.22363921042208,22.782645772694803,0.3847519685067229,True
0.5308677934465305,197.2407474031733,2.723410633273698,0.1727449595845698,11.444449291731283,0.533565773799774,52.33484660521306,208.57128633280917,2.900082920939186,116.35572789871442,75.74512053427286,19.17380381299786,0.7691322065534696,False
0.7666140745236509,147.19466281969596,2.136120044775468,0.1909567770337197,12.435461933747582,0.9145698897743924,50.89337482655407,212.4476956082497,1.985438285521529,88.34391697849554,73.41279011374564,17.79288096716594,0.5333859254763491,True
0.6948274304092287,111.25974250747583,2.0034511656880625,0.1564130101493998,12.585881258455633,0.457835857060027,48.94423161244657,204.35714790848036,2.344753228568698,98.75142895486398,93.819547645983,21.3349131134216,0.6051725695907713,True
0.7627816422915107,194.61658039142787,2.568626852750429,0.1181387182743401,11.364062835622944,0.8060121880769875,53.371146953391325,205.3111838446704,2.8539959336188843,115.60998352205128,58.0193250809874,18.21715670706729,0.5372183577084892,True
0.5333262388101188,212.12572319959864,2.5116438888118964,0.1196553935634099,8.6722625687435,0.7285667917492462,50.14080484640034,209.6761232877429,2.8798515329466245,97.9761503251679,68.72896763601106,19.22418478850292,0.7666737611898813,True
0.3820865013382061,250.22427226315344,3.1027035848798894,0.2980320390851827,8.045858555062685,0.4145813661716464,62.11018701224245,216.05390353450844,3.8414120843345856,119.98482322688724,35.75797667000138,11.408392677489145,0.9179134986617938,False
0.3,90.78185467325318,1.7481745835295677,0.2809193434975626,9.940147803107518,0.8191952597872818,37.407148991223366,192.15954712402947,1.8554619864027528,103.86626868263002,87.23519606167952,24.6948492499025,1.0,False
0.4765231774020784,233.26394653644763,3.2551437726019774,0.0689747102473393,9.170253131319091,0.6724566951225384,49.22648879720904,206.0484377157385,3.757923361910333,100.10983049824928,52.79327593893804,21.39585412410424,0.8234768225979217,True
0.6082649430121334,112.22154717828845,2.116363006918092,0.2141376629990314,9.818635830673944,0.3784180605083982,38.29645446009175,204.71132699303192,2.1142719683971443,117.24127612693134,72.53004393307491,22.146125806931447,0.6917350569878666,True
0.6413616826702476,143.7546998223899,2.256710122119298,0.1642194018712111,9.459669750157632,0.964559982285689,46.93302366420716,204.80132341536077,2.479304583494796,70.7713774660082,88.8944953702597,17.259137375308036,0.6586383173297523,True
1.087446232485903,157.7431785934897,2.299321003941144,0.2222035242997905,11.480403740079566,0.6443734204004739,43.71140611252184,202.1813112469039,2.256068144694727,89.34282564323392,82.32971341382583,21.08097016698349,0.2125537675140967,True
0.9211986739814596,223.34672183683756,2.8113321129534032,0.1992401763851383,11.58574534706856,0.8215565843621022,53.398569432684965,213.93799791453057,2.939756659887761,80.14283269048579,77.1761876917249,18.213876299996578,0.3788013260185403,True
0.5075817767316745,184.48215125460064,2.3253037994918397,0.2723131000206044,10.555493836811396,0.4523901858680148,52.45702747471815,201.76943124820872,2.556731270662518,93.9652307458347,71.6809566278365,18.097878721515077,0.7924182232683255,True
0.7695416904901914,110.39851355920914,1.6223400243936863,0.0667470785722062,14.960321659467883,0.3960282465830465,47.361538686608185,199.86478621205407,1.5073814238126515,110.80068667464138,105.7526028386398,20.12676435657346,0.5304583095098085,True
0.618584352729935,54.33507724187112,1.3037967515727342,0.1373994780144263,10.469834351174274,0.8189147432909429,33.03517374020874,190.14749547792215,1.280590464156435,94.82842080936972,104.19307689990691,23.49689851920485,0.681415647270065,False
0.6431272323919809,166.07635310728327,2.3214532721327017,0.2963735314438961,5.967081437808533,0.7716769249908674,41.89002742132124,208.31842936577183,2.42219282773044,117.642721936351,75.25250770428573,16.45122603744889,0.656872767608019,True
0.7370651298830764,140.85269041107915,1.810990631557286,0.0955713372476542,12.036832929697594,0.4918753813927247,44.418158595823286,201.30289784257823,1.6611646841157663,72.87761027810659,83.09056814678517,20.191716879540422,0.5629348701169237,False
0.8238342233950786,72.63963234986561,1.4994687899580124,0.0818333598766618,9.99445280187961,0.8223984048610009,30.30096357080098,200.61566454757164,1.396336705255827,63.07831533843893,105.17939452890296,18.41100236262496,0.4761657766049214,False
0.6321483032231969,149.14184894058556,2.155992836556021,0.2322430015001438,9.71332378716366,0.6534945827129518,39.21434677717724,204.40056326527883,2.2255686079804287,104.4892049745395,65.92314815192469,15.606147077953036,0.6678516967768031,True
0.9127703065468716,130.75364036781346,2.013715139919689,0.2443587900043659,6.752882151112885,0.5440180796531844,37.59096604636968,205.02871866976,2.194685652471836,103.42543990518146,67.07678612537855,21.42279646325017,0.3872296934531283,True
0.4716123547715191,248.91986786419196,2.892100403185314,0.218068386918665,6.541179834283726,0.8508242722357622,50.42190412690613,207.8744206426606,3.29697768957535,103.08771016883584,53.22072520338739,19.86707737537857,0.8283876452284809,False
0.7012678124724536,315.0,3.46877292784279,0.2440489571899813,4.02509968352568,0.7317479232795455,50.96747989050824,213.2296500664199,4.137886869056072,115.90095431100214,55.568096688293,23.018427497900177,0.5987321875275464,True
1.2195347453191665,209.38534531160568,2.9336668367114247,0.223430393023293,8.275596604866431,0.6550878561803976,44.54594046373085,213.19774364894687,3.129989132943583,85.32177880774165,56.95463325874503,18.212547851619146,0.0804652546808337,True
0.744615948525055,127.12395908734082,2.116313464922317,0.0839426705722942,9.843755449885377,0.8411749677256741,40.161915524827975,199.97900922335293,2.1244536676396746,116.94111089736172,90.76695723056508,22.04611248804052,0.5553840514749451,True
0.9866429013212346,136.5388620064877,2.008265779517179,0.2020554743696268,10.74021338928928,0.6813798518642065,47.066599400250645,204.89691303514863,2.035151472302108,81.8288974472989,86.29785664082522,19.775045651878525,0.3133570986787655,False
0.7183040356346416,89.41994349726261,1.7051073797238063,0.2442191706398831,14.11783153863066,0.956974103053512,41.63503612771893,201.5289614542201,1.6436236343819532,82.92537785725565,91.2204502364591,20.054950047453783,0.5816959643653583,False
0.8161554190659593,96.796368017925,1.7701239437955598,0.2663791515811169,12.746859158452551,0.8726389849512342,40.571858581507904,202.53366698304544,1.8499665476038345,84.61573648072766,106.63777721221145,16.293057515923827,0.4838445809340406,False
0.6886433611214616,123.60309214516424,1.8736314221002912,0.1115588106709269,7.206371141723986,0.5507313009181378,32.23227441048374,201.57458927345704,1.9416577607231769,111.182902101914,66.0218584973181,21.68994769702165,0.6113566388785383,True
0.6659184837671591,117.53769498976786,1.8249320272565648,0.0818576902346346,12.221955448532464,0.625443475382381,43.00180453882407,207.02951883201436,1.809523626647824,78.38751445662469,110.0,17.07202358097135,0.6340815162328408,True
0.5441035206549161,71.13594892067326,1.720666194414393,0.2452726108956449,11.965413253799094,0.970133148086772,39.0882946994689,199.88963619269745,1.718452179773411,102.54623579698163,86.67331168122118,20.732987769371395,0.755896479345084,False
0.7860602717915106,250.29842266056733,2.939419724657016,0.1141370862589163,8.279410241630373,0.9266430763557416,59.28425662533203,209.92044704439317,3.277628997893264,89.02462545832466,65.00554075601988,19.192971886967687,0.5139397282084894,False
0.5296925621628463,269.1079682805748,2.988659288189968,0.0579823695802218,8.106117605087757,0.433829876344018,55.53731242128675,200.83599131756293,3.2694560227291505,130.0,76.28839213140833,19.637060062896555,0.7703074378371537,True
0.8331170472626858,246.02563524404457,2.9617340303419404,0.256303390912326,9.02155390739696,0.4920126829763441,53.60083894688882,208.81224505449663,3.2808909745626003,89.47922920193223,67.74021919897184,17.792707994856627,0.4668829527373141,False
0.917057400889182,274.03967841248937,3.2100188902692834,0.176497783452715,6.545134848345347,0.5550943635533805,55.254813954475736,208.902843881462,3.280556348162746,115.95108593489768,71.14370763960355,23.378427564247403,0.3829425991108179,False
0.773306281447446,315.0,3.2240943663709247,0.1316582831071054,6.92882811344579,0.9158943253007326,60.36053725969315,212.46634774583413,3.759852585573932,130.0,30.84463049924736,14.94142654675375,0.526693718552554,True
0.6427502532888616,90.1393047010661,1.71500248393595,0.0528572763078872,13.982158587942845,0.9491921183266848,42.251619579325,202.21916209733,1.7761474687678265,94.75038092211982,89.50127683887509,19.26473253679981,0.6572497467111384,True
0.7907931158617392,315.0,3.650196990152239,0.0588318611769869,5.7814072742638265,0.8616381685618195,63.11271331396512,216.7608934158851,4.2,129.4962398305548,51.32385638282989,20.900254861709445,0.5092068841382609,True
0.6382653888907175,110.08673624569543,1.9483782977938384,0.2481558176400736,8.752685199992271,0.4929959122421835,36.89209165258768,207.65433965389064,1.815463316056051,81.36454995665613,91.24958374392544,20.23351422203646,0.6617346111092826,False
0.8871094250930298,178.7710282648627,2.7646374933981472,0.1724264712412161,9.64636532591,0.920945364644662,47.52510693948891,210.51044212985883,3.0672377456261275,89.06689008622547,81.62013262157771,22.135424957435884,0.4128905749069702,True
0.3337187831569752,65.24976147728445,1.7096645141651026,0.087430512324115,9.338258088544915,0.3230167881584889,34.29288169851338,202.0005800399754,1.833295710909339,120.58471525181584,87.49034524961183,22.14546036929918,0.9662812168430248,True
0.6328785263762707,103.65158637766154,2.04655279473392,0.1396264068122545,7.344148578002547,0.5959624366233627,34.69527490856283,202.1542089567156,2.0735052239275267,103.58106922200064,86.41806232076789,21.88444564204276,0.6671214736237292,True
0.3018376009752004,212.50936731533056,3.120087828909793,0.0913262868843807,8.417003598759454,0.5643400426322163,53.22792356223045,208.67958437471327,3.449837770555129,130.0,60.953973886044295,17.8447970784226,0.9981623990247996,False
0.4009878339545589,183.1731860086669,2.579108927335525,0.0782203882950966,12.889850797884629,0.6746677241332015,51.41278753984245,202.61510296097651,2.718217052173672,112.78842468418854,49.57673347426512,19.03716724461161,0.8990121660454411,False
0.9727724459627818,109.09992245277184,1.89725991081208,0.1190769551685359,10.951272384920944,0.6924483900643802,43.15442773374844,201.78505014003605,1.727167299095342,81.76840258420303,106.73609007858022,20.827801496944325,0.3272275540372182,False
0.8790369963943372,136.5089315352219,2.2381324962964757,0.1873771368655993,10.935708840152076,0.4577831407904212,44.55905303265531,204.4539371774592,2.1913338507227844,110.07652201622535,73.01998915615769,18.676362219151777,0.4209630036056628,True
0.5561039533430419,98.7529454144721,1.7061380983065275,0.1025016519530567,6.536120594607025,0.4431889919500293,34.563540105357866,198.1298454891539,1.5955798225882565,99.3205333401997,78.50911533292069,20.81525979006997,0.7438960466569582,True
0.3994993087918205,212.20389948832204,2.713784143830822,0.1359177703211918,10.144205892580286,0.8624966142545085,51.07908219533833,202.34171255787123,3.227653310317173,109.25263188314022,68.09353478671488,16.94317904902787,0.9005006912081794,True
0.3,259.2314398070135,2.976692371994361,0.1694827209891149,8.5392389783553,0.3533377584878905,53.42715686942179,201.8531468806261,3.19716714260937,108.04177206936306,56.41877721658371,20.924988938503965,1.0,True
0.591300898413473,90.31288341240742,1.7822007509336917,0.155007434795788,9.911555476890088,0.6453002307034318,38.87456633016909,201.29240711358136,1.823790537356746,106.11585777348814,69.78011844223035,16.714424826040158,0.7086991015865269,True
1.1840830024494804,129.8164441787491,1.94074519022702,0.0821569497803224,11.05941504186774,0.4341524846183752,44.55890014808176,205.6762343670848,1.9799831158526504,94.70598996481314,68.46202786730731,17.26383997048839,0.1159169975505196,False
0.7869768542927295,70.10804062777045,1.457825050042906,0.059716408883972,12.112322826447643,0.5236970575846843,35.75426305596241,194.26168545924864,1.439628781382282,75.11276292243542,83.9597711820056,15.27858818603492,0.5130231457072705,True
0.5880855427901021,146.92416577138556,2.23741432013691,0.0588646817372347,8.024491573727602,0.4941060934204057,44.11182158451872,198.4664877640841,2.4177636343648183,121.94059356517434,81.04067650831813,23.45377303728192,0.7119144572098979,True
0.7930160419000613,169.29235134560173,2.333682094647729,0.1375447545069668,10.68281587469497,0.7959655581630427,49.74167886124853,206.8756345683001,2.58762625667841,100.9393355880594,61.65986228832744,20.7285861807541,0.5069839580999387,True
0.3878083294011114,152.92555664086694,1.9342762827694235,0.2297005196343307,12.881037910024135,0.6192144223061846,49.31432246345931,198.3390998366936,2.0239183027805945,105.7093784704773,73.15726598352188,19.398391818391907,0.9121916705988886,False
0.6405353274604728,162.62605830455726,2.0826749282396446,0.0828138246823176,9.571259704476232,0.5096092841122726,43.33870112941074,202.93840666474333,2.231803429953028,114.6461868192647,82.18185813068001,23.758978351667608,0.6594646725395272,True
0.7198954946031476,123.24174230365944,1.813843964710056,0.2467450290911064,8.872941393172493,0.8819463985861435,39.85269627477037,204.908768302394,1.8171414077403072,97.12740082379976,68.68830995793562,22.550588082691057,0.5801045053968523,True
0.6827798696357903,124.6507054787712,1.8647598579130733,0.2289185773284592,10.365611147818315,0.3600565989035614,43.597640395605865,205.52758799505895,2.13629410020906,102.47243415661742,77.02250817779174,19.74082600064996,0.6172201303642098,True
0.8581612243380161,121.89238413832132,2.0373025725283664,0.0509858727214028,12.68608611465196,0.8364524518315481,40.6798158810596,201.72817531647144,2.279641879866185,85.6060133719384,90.96508945005122,18.22584151954928,0.4418387756619839,True
0.7689290452472104,102.22491723021832,1.850640164902492,0.0566869682454612,8.462050043402071,0.4738189305302084,36.62572291331842,196.24433453643223,1.745934529212699,122.71848899407826,84.3063441610388,21.18921548264776,0.5310709547527896,True
0.8336652036215993,108.06484572610742,2.024310671563739,0.0987583038845129,12.327660946255264,0.9426134558387478,45.11523529763296,202.6666891952033,1.8115387616459877,75.1205437692718,76.72374561127238,19.65697759166352,0.4663347963784006,True
0.5623255435538481,165.42016331434144,2.436281579955997,0.0640302277626462,8.530805251596796,0.3038913597586842,36.14852325069189,203.4664764929988,2.676002976120061,123.28825410323498,70.75522742237162,19.80727920098447,0.7376744564461519,False
0.8795630816821096,250.4398724217055,3.164304422801042,0.1828357763175764,9.024621075444722,0.6896643361515375,54.88567160264103,216.5277155175275,3.5860164338647498,112.72345278314614,68.5564067019442,17.811867026542156,0.4204369183178904,True
1.0257873895247982,83.65873542260776,1.7605293120997303,0.0599068153646039,10.25261395729282,0.7355854888193156,38.577580777026746,205.950115462098,1.901783590870885,87.65529427533026,75.60382563984439,20.005562106261348,0.2742126104752018,True
0.5059700960697174,124.42702953731748,2.0268681326622637,0.2506614594988494,9.512876167148852,0.7041102328528303,41.79705558813966,205.36656646301628,2.2543932418332524,116.33233712960862,79.39462909352115,18.646845955489184,0.7940299039302825,True
0.522460868857088,76.65119637056122,1.7781123323076382,0.1732405172364526,14.971087281047003,0.8705107045393088,46.55344573469442,207.58574393852203,1.9863763296318764,83.71215833976143,86.52874859972931,18.278749169216567,0.7775391311429121,True
0.9671568672640464,103.07323931005718,1.9624978332414724,0.2319885916681194,8.044691193245288,0.3785148056586678,33.866533088993634,201.10509694865195,2.217539890586412,101.46227074899296,82.96389198210744,20.44856740087506,0.3328431327359535,True
0.6617312026609878,111.04215342558054,1.9447515325377431,0.2376756377339602,12.069046828939747,0.590889203004809,39.92962339913485,207.3910621954145,2.2343204332215407,98.83611015968545,95.6072501551296,17.414655843696224,0.6382687973390122,True
0.9807642784133114,141.85457923832726,2.325497414535639,0.1766909849175582,14.255531277736942,0.9046157411139816,45.28327281322957,206.8152750775816,2.504119832794993,80.45729885745831,89.57357777155651,14.267861471022533,0.3192357215866885,False
0.6114928576215631,139.9252767010305,1.7675339772327343,0.2813407190633665,11.98949325762166,0.9221147019702935,49.64879078954682,208.75401859358627,1.6305863495566175,107.55283668643412,98.19894497230254,16.471391905808165,0.6885071423784368,False
0.9910091152541424,129.25435296741517,1.9904653476182537,0.297560193463827,7.745008204700327,0.6488410822671358,39.56073360593344,208.69793213213717,2.0124508999759234,99.48819301186164,89.45421029100567,23.95104946776146,0.3089908847458578,True
0.7262971633610904,158.70243271946882,2.223750891907991,0.1398036715036364,7.323879091435668,0.6905768257090559,43.73274108340587,196.9653270756291,2.387356204590942,91.81680991193348,82.1520326376395,20.365878233860407,0.5737028366389096,True
0.751645764664539,87.00990648942599,1.8689816835376436,0.0814660350623083,9.78024585456825,0.8347359083429304,33.87020724042154,196.07812206202635,1.8535141656413232,102.8809655926436,89.02454298747021,22.303313750032316,0.5483542353354609,False
1.0129436043339808,142.43120364227798,2.3751588786808395,0.1408095446619667,10.78363573978272,0.8457272760090491,46.91379803655834,203.86593651018708,2.4196920630852468,78.79568555638849,96.08760344630096,17.89181746762382,0.2870563956660192,False
0.6276459045111658,185.8519548669687,2.2692887334042102,0.1058384742535675,10.15173873939048,0.9216569096541024,44.06732145906871,197.5238212246199,2.640580388021571,97.75517233713742,80.10815561164704,15.922592020814712,0.6723540954888343,True
0.5117755808150083,86.55231294028036,1.9040935796446343,0.1827514167654375,8.644325947615629,0.8907001794281302,31.33758358241234,199.80753445238105,1.8324626671170985,84.18254697733528,57.33463184120068,22.20568834432797,0.7882244191849916,True
0.6102871583943291,61.30956863066783,1.3147597711414023,0.1445969003131003,9.976361356064652,0.590096319005006,33.69253032612003,205.6526279311329,1.3658204346477474,95.2290779239776,80.4739585723428,17.62518896951556,0.6897128416056708,True
0.7904667901286277,211.3143575085326,2.5193325732341374,0.1701123535716977,7.411080093490369,0.7548273285301597,48.68728995878583,207.76949075224124,2.768006285345354,95.76422842482629,64.77819568237825,20.30397794114545,0.5095332098713723,False
0.386848185563897,77.60761620420688,1.5857180742845502,0.2407968940190004,11.205419930471512,0.6382646805032137,42.519707163044615,201.27845088489823,1.4649233910057298,103.81767071855847,84.91275063950177,21.5050590311978,0.9131518144361028,True
0.8274941805302243,100.80099190010776,1.7586769643809743,0.118505243635463,15.551912151838424,0.3825730264940922,47.36936870512688,211.279273537556,1.626993826438688,100.90090811205738,104.95690486892488,15.17034198490558,0.4725058194697757,True
0.5922457364764513,183.14704213599592,2.231413745130436,0.1843686811599313,7.650341697180489,0.8751766440035438,41.1510109458772,204.0997707360528,2.174196503316999,93.40172675096592,59.55474158253256,21.12214392838645,0.7077542635235488,True
0.9295625321467128,84.72660794698987,1.7752945595998042,0.1337903123321721,9.325613824055448,0.7212344707903546,32.2018512034443,201.40378707275244,1.7969647065721874,110.73804154603047,110.0,18.3267784874086,0.3704374678532873,True
0.3,203.80861252645207,2.732379263920607,0.2462402160301653,6.838536325207404,0.3406036426641388,42.70286105347471,199.89822128845347,3.04665063785098,111.86673427132524,54.96403155643788,23.41119230917044,1.0,True
0.5426868449791662,94.3866378436398,1.913199342173669,0.209884158101924,12.699238575547394,0.7738077953062807,48.84810636664744,204.31331077994952,1.8307877256179133,71.49983351883922,87.5061543194687,17.404748186900324,0.7573131550208339,True
0.3627063697531795,89.4246160848729,1.6503786292123035,0.0521261826276526,11.299405398491064,0.4981707251279712,41.34050439087204,201.0922806555372,1.5128477491218446,109.84719684509147,76.65283772381902,14.930684200809008,0.9372936302468204,False
0.5347541067272095,76.79754091515866,1.608442920075402,0.2150128352763046,9.645945857553237,0.3484856461016765,37.91600300450224,200.0770869781437,1.6743671178494328,62.75757797070269,71.99041385427242,22.2276930698537,0.7652458932727906,False
0.7495331802217886,94.7575878685868,1.7534966282132982,0.0925405020166455,10.496213134053107,0.7246122402785512,37.54713742398633,202.9765690857784,1.7357300501460262,109.38389728213872,85.58320531701649,21.75031343798038,0.5504668197782114,True
0.664154674910049,170.85253243072077,2.6200195756660354,0.2311184475507598,8.183331754140085,0.8125460578904704,43.227355001942406,204.15714091310704,2.6827170799976563,105.46030586419262,67.68544731836076,23.37751829688184,0.635845325089951,False
0.649324486210397,100.80913465308672,1.381336359829711,0.1918346667113645,11.83639639486078,0.6620990060250445,43.500403186995385,195.67048667931917,1.2446326569461523,63.4514541753627,92.1876987648146,25.18999073803352,0.650675513789603,False
0.6681630257239878,211.76213150263527,2.550555399672717,0.1503706694307937,15.093910167904504,0.3039537914990647,59.06309781520152,214.0503585575647,2.7530135021939826,99.785041271599,104.15956338091884,15.892231281437644,0.6318369742760122,True
0.7406776481239886,131.77569131673744,2.055036656952669,0.2235166073018146,11.839939248821644,0.7038179158598223,44.25104994624743,199.20830156279916,2.2028432404117204,69.42072883944512,84.08059000444582,20.658693643980182,0.5593223518760113,True
0.4982927916113784,137.36654717603005,1.9360968421709148,0.264148321467195,10.32282741759526,0.3046263527225719,41.04096206400356,203.13018745437392,1.997355609616484,110.2038941006845,78.39615060357453,21.70744445991004,0.8017072083886216,False
0.8413699281798102,88.27541388353816,1.6674552574776376,0.2446859284655183,9.948096477622816,0.9484858109079826,35.157145226474306,204.46892339761277,1.4451118635582811,59.621743831517705,98.11661035224688,17.20733158908526,0.4586300718201899,True
0.8325331940770968,228.08148498050735,2.805740549388573,0.1863448191429769,5.9390530902041965,0.4871136104075364,46.20700959753841,204.53145485309705,3.0294940997140425,119.6028090814156,58.27150954743845,17.469276993104973,0.4674668059229032,True
0.7770075875312201,186.61963638336815,2.394304174748075,0.2306735800648824,11.254963954186053,0.9097046224479168,48.1881611050472,205.2737691205275,2.727067905791347,92.75834721389904,85.43435333472588,17.25465636406536,0.5229924124687799,True
0.8113066885502526,183.96138467406988,2.48136141630796,0.1534786385981884,11.183274268272648,0.3084765020318094,51.06319678116731,217.3805814604192,2.6440308883535613,101.50931756756384,62.984070602897454,18.12315469093551,0.4886933114497473,True
0.7592836001617318,119.92690638181058,2.0536376427181566,0.2472565303907821,9.815893492407636,0.3680515573445191,40.91358228880436,202.8747523143049,2.117271064530804,106.6304994273508,65.93379457618101,18.168947084414174,0.5407163998382682,True
1.1070146605462134,73.24016150058252,1.5504813252500098,0.2572629729057045,14.351011855463277,0.6159858132218599,42.08289479133526,201.35327415429904,1.4074826191626912,87.0438600492829,106.64447157230084,18.760518826543663,0.1929853394537866,True
0.682581165789498,140.92969037999742,2.059458312944669,0.0843234592190996,10.509700838707234,0.8310251653368683,41.346644788582445,206.2724428096627,2.0600000325261405,110.51532600199816,78.2921680900124,19.688292944204772,0.617418834210502,True
0.6385833563330846,167.2481409708285,2.3131203902685478,0.1095078398984865,11.694007080394384,0.9597931903504456,49.4338788080649,202.7119278888485,2.3641898181350447,87.50459330614063,69.8305817548782,19.2623977899629,0.6614166436669153,True
0.5492944839285243,168.07944318360578,2.343520093472008,0.1174971843372896,10.626203427167722,0.6647663706179008,45.781985662079215,195.97988875511177,2.3244013471353417,104.15794727165374,76.6025222179747,18.131134916267623,0.7507055160714757,False
0.4935474658844325,157.02832267676425,1.9951786466139507,0.0915204297455229,9.78379125608744,0.5488224995666173,44.5940054834872,204.3648755445679,2.280224597078403,92.49943453518856,79.2188978189145,20.020838127261108,0.8064525341155675,True
0.4511056424797849,153.8420306972493,2.2999693332721867,0.1481337517243551,8.130097302573041,0.3311881779420267,44.389601230511694,197.94755080616727,2.539586269580966,113.652953614595,59.85817244738747,20.77064602692601,0.848894357520215,False
0.5222405373538163,94.18757230352372,1.6858503940111706,0.098258302862403,10.984443195338695,0.7085966302170981,35.315686076720404,199.13642730058095,1.7272641749149662,79.12323915530769,79.51333425856308,23.719966200037774,0.7777594626461837,False
0.6858639236695857,96.19722830715082,1.9588080876788645,0.1988848277316524,13.120961362039948,0.5660306351489736,49.68185685921013,200.93804425310768,2.02787856688996,87.9247018669595,92.79814695209744,20.95614087416057,0.6141360763304142,True
0.7668590256995429,77.08285123061619,1.7053208311913008,0.0754038607244039,10.49461143167017,0.9363934392725286,35.92267194931703,203.25500131251013,1.7117717223348043,74.95668496193801,76.21013703761892,18.33909918902635,0.5331409743004571,True
0.7102284117104323,213.03180801715337,2.8797644247701752,0.1174797882566891,10.132858526018232,0.6360414559880004,53.03848013060899,209.9311928183587,3.0343032029317945,116.5951564908258,61.28905074364518,21.585392785082075,0.5897715882895678,True
0.5468929445140573,315.0,3.368349430942764,0.2163801614865891,4.9479810595471925,0.8358128881908431,52.44811563645944,199.9403156692706,3.788788611354836,124.3370750949438,50.61037533196967,23.547095653350848,0.7531070554859427,False
0.8800369128039927,315.0,3.464292003821886,0.1496362807833373,9.046128339486788,0.893747369750427,65.50966565970116,219.7413928143766,3.776890094519002,125.62071323227156,58.00833813500605,12.113987257489734,0.4199630871960074,True
0.8478825344601895,145.68685022177152,1.9791260286555608,0.1553656854633519,11.066107636286027,0.368794328174428,45.02453636357542,205.14800538099303,2.3886762821566805,95.77033561238972,80.03695512962749,18.25767321443472,0.4521174655398106,True
0.6680703385155966,154.03356772047118,2.1264898604243703,0.2494813132395973,7.582752111591215,0.6085924154293714,38.95062699792321,208.25885726113597,2.4211942600417635,90.58666604220647,61.502218172220736,22.9915210704374,0.6319296614844034,True
0.5694167710670576,122.1890768176392,2.165328428217402,0.2961278883227466,10.307764665534949,0.9256022017086184,39.49012055225289,202.13988712621503,2.293750288599844,97.4094486709088,66.00251356543644,17.75750117948519,0.7305832289329424,True
0.8096855841659598,144.57787623934007,2.3797465966030944,0.1912669458135532,12.446768228192294,0.597118708823784,46.94805188209935,209.4150477985013,2.674659556706386,86.22548516800354,82.28684310890718,16.522726144979913,0.4903144158340402,False
0.7375947174972208,84.59119608295525,1.5045095744429728,0.0697667928659019,8.707486881069713,0.6956079938771698,35.07946188473884,197.21824676758888,1.61002936923578,92.0617324177492,110.0,18.60003296848756,0.5624052825027792,False
0.4103745481169904,121.02629050573654,1.8994686737983,0.0757257435559089,8.465436245921886,0.9111727631091932,38.2793721752395,195.09013968720348,1.8589332497255635,89.65276611448343,81.18423574470263,19.602254428860867,0.8896254518830096,True
0.686403948803119,89.73363760465345,1.7064397500336357,0.292125180507354,11.231901222585952,0.4628155106828548,38.86587951388231,200.64270082364408,1.6672981348372689,95.09231110787648,72.7121552452314,17.638046746207312,0.613596051196881,True
0.7524071624148762,113.8199611372074,1.9984005353691263,0.2198087281871178,15.644568306481094,0.9262071639764244,47.6843540342814,203.50505975168144,2.0375048156502724,91.247493961703,104.98871695266764,13.851174770297858,0.5475928375851238,True
0.5200610427024492,92.96961662760032,1.479785393490329,0.2381172795834548,9.846875115816298,0.5779198948327307,34.573208782006446,202.91614775674788,1.5959770021307662,114.0646650384799,76.2649509145942,18.237322516559484,0.7799389572975508,True
0.7379686785674886,167.29198299537754,2.0978858517337544,0.2189409394213853,11.078347105171297,0.7151233300613455,46.63343990101445,205.54323648124875,2.192116803223481,101.9250489367629,82.0137197114946,22.14924055300444,0.5620313214325114,True
0.4090355029484421,177.8443921200551,2.496199058541301,0.0949044004237883,10.37109883856198,0.5296276374460972,49.39013210030031,198.4720323836335,2.724187945646829,113.71948224717026,63.20723192072912,20.36708283961263,0.8909644970515579,True
0.9672372200024342,151.71748675625335,1.9213841087123384,0.1620905402061905,8.972141457803243,0.6689833376317129,44.34273266210744,204.41577093489897,1.9174916133567856,78.63462919317139,107.10383579179695,21.38813427938026,0.3327627799975658,False
0.9495899970118864,96.37242611679348,1.7039597980135173,0.2495201094048414,11.619789703824445,0.3345000621157517,42.87144519159327,209.17615995902247,1.8517980864367791,101.40099454167871,79.84533891449442,19.547516995529957,0.3504100029881136,True
0.649496533139407,75.07250334690752,1.6248937980590863,0.2665907407355183,10.663458683146764,0.3456819826671343,36.19852535067665,198.3677407003292,1.355187955841501,88.86174298124727,91.91354110146727,17.88777526062634,0.6505034668605929,False
0.7726908675678146,178.84813821214289,2.4931350011871105,0.109333878686593,8.993562973925101,0.5903059333563099,46.800875761275805,206.10742474079885,2.6011161276347607,81.3779055877472,64.06732063670535,17.397035020500656,0.5273091324321855,True
0.3,131.4402911878756,2.03026461517143,0.1989904477084551,6.979276572517347,0.5344663464035049,35.83018065842756,200.7625121311574,1.90787771604174,102.47926621778215,76.00774426611899,23.25453488136588,1.0,True
0.4687304679469334,60.57991740123974,1.4297758313527884,0.0892754756846133,11.855801770071777,0.7310542671925757,31.38313930149286,191.30382663134063,1.286246445906568,88.81439408747198,94.71719978686724,20.100719844999155,0.8312695320530665,True
0.641244215969574,140.36697881884777,2.249621459508254,0.2895692182804379,12.451400095830351,0.3265371169306643,46.60877726213817,195.19295314224476,2.4228678394005927,93.78253294463248,98.0953283542793,21.76515344409784,0.6587557840304259,True
0.4855733957146281,154.5976951280471,2.2795624499792404,0.1130510722481219,10.343578192210462,0.4173680688158239,44.04418428527123,198.53653278612865,2.490754414228628,106.92652377646752,83.2672796985234,24.13418703364544,0.8144266042853718,True
0.8428792965261317,66.45884986681764,1.4346183056418222,0.2316587821509741,14.202857776206628,0.4467143258880545,38.423070367902895,202.7196337805466,1.3164099986800786,82.87153073172408,94.11874229822,14.26682031445643,0.4571207034738682,False
1.0994593061495987,168.73897307065292,2.355570219067559,0.1077782360567135,11.239418865807286,0.6083442379708603,46.777448199673046,209.5854928482385,2.559280011897701,93.99250111894128,110.0,16.448662196781097,0.2005406938504013,False
0.4646770561141395,69.84295140153378,1.6162189646106992,0.2040134857196354,11.611836000845909,0.4727843336652669,37.68773321257962,190.8579627092355,1.820451397955718,112.4514009567114,94.67494333026534,21.293394302304108,0.8353229438858605,False
0.5325073191829615,91.91880291821016,1.9930860095633889,0.2148160767556641,9.964025330857217,0.3963638800654114,33.56576158867298,201.4421116677024,2.0301350780337875,81.03416614675402,73.11513352663836,18.749453225290875,0.7674926808170386,True
0.747089673661986,70.00408534756289,1.67798123302424,0.1321070258636881,10.67014628994878,0.7183015716477065,33.474397149367924,199.8837349288877,1.670939683217457,115.30573788762676,91.61229818723862,18.60645030813948,0.552910326338014,True
1.022223229699924,87.9262375187978,1.885593428543474,0.2547084663565128,8.182204681999972,0.8207103844622552,37.92282297651384,205.9908935557881,1.762742687948466,80.9704319869048,91.59395540364469,18.5785084776066,0.2777767703000759,True
0.4555251374920193,75.31476859059526,1.5109270392798178,0.2713427245618626,11.056760607152968,0.7796876467580551,32.131822346105864,197.17523442749155,1.6215395996514366,95.9879321365286,94.6977447984099,20.39425949243464,0.8444748625079808,False
0.7498072244613884,212.3365906269053,2.6200652890769915,0.2637674825634987,9.499138637556843,0.4933260666592648,50.02929394400964,203.55322204022585,2.6341901053186594,111.95933917647343,76.63641094448322,19.974871734759297,0.5501927755386116,False
1.0642597701626215,116.93592733412862,1.9001804197510803,0.1326995548661793,14.669079723143998,0.8981113854568747,44.937726684462376,209.17620257440905,2.118139036999374,55.0079487450186,110.0,17.718913348640296,0.2357402298373783,True
0.3696481703641465,105.8191082236485,1.8250169687934632,0.2360850647531635,12.257560763187858,0.7282755255991815,40.50699196709764,201.57702753631185,2.095166418677188,80.31562225022803,95.0318997064324,18.67170166294612,0.9303518296358536,False
0.4437861586308335,222.76090844282777,2.630883523872189,0.189872688717306,7.087624891725552,0.7302666907051967,46.895822129390986,209.0271963350708,2.7639720169837627,104.71663648034718,49.45163107419209,21.90937335443167,0.8562138413691665,True
0.6152786787078323,216.8485156034012,2.9246781688107326,0.1981570811230029,5.930116512997406,0.44899391620152,41.73330322791717,207.6724682733464,3.0831594706128715,130.0,81.24952721736703,19.064864506318507,0.6847213212921677,True
0.5958823174289177,109.63530366257297,2.0095851749644025,0.1693562713146154,10.572149942223628,0.4695490211353074,41.90789818161057,203.25596172855617,2.13218611991753,78.49119704233507,105.09118221814538,16.50693635400358,0.7041176825710822,True
0.8625202575507289,150.2822422690776,2.1564062589573947,0.2000652869922179,12.080801422177652,0.6323251522066733,51.83276349152632,201.721251912924,2.1889330361714547,82.39188670146387,95.86604378602246,18.10882743497396,0.4374797424492711,True
0.7483319439641676,99.59589338595832,1.8930237444397444,0.0839135395089375,10.721917978325097,0.4664747217284091,41.775993975608365,202.6148173023477,1.968535770181857,96.4847295696732,86.289972981027,20.25282052530891,0.5516680560358325,False
0.3450075880715743,125.27438987084965,2.035629993417373,0.1522118082793638,11.937426167337016,0.7816544155397636,47.59413323887119,196.5689983885792,2.1238117994365973,106.92108487039988,81.00351821481885,22.032064066105157,0.9549924119284257,False
0.8030820805801622,80.42076016685,1.7513402784745062,0.0944179404969865,11.153950328641884,0.5159881585790307,33.58839477449094,205.3952149323915,1.8956564182705544,95.5825268719068,86.11722814607187,21.536734990950773,0.4969179194198379,True
0.5844922225288698,161.05633202317978,2.086804587656594,0.1200263827428564,11.678386979957082,0.4063413077729444,47.61864334124692,208.93391707153603,2.2358109278715346,89.59082071966176,79.25739507571332,17.815767910901563,0.7155077774711303,True
0.9548894433882478,227.33633255424667,2.796841499454358,0.0819536339805334,5.3939783640711045,0.4061296976414307,46.39178416389789,206.79111975724112,3.261259064846533,86.94144529134685,34.68468661214529,22.511888091488597,0.3451105566117523,True
0.574482492712616,206.87612875694887,2.646303250869722,0.103123901305505,12.80543034669634,0.3890594450978124,58.48848281723088,208.82391817391084,2.970621017502008,123.63152998307582,94.53205181923992,19.65261989141333,0.7255175072873841,True
0.5726769433795528,134.35886117495374,2.168417204341378,0.245482313946929,8.134076912758669,0.6078250552764621,44.02446076178953,203.3388599953407,2.0599297089129016,122.34667038439692,86.50301784479069,18.633903368880592,0.7273230566204472,True
0.8082263221609063,58.98165108486483,1.3775875685015986,0.1874591155444175,13.684541405877944,0.3021280254433357,42.91709143565092,206.04944169435572,1.6042843771712478,80.83054094993378,81.41400648335444,16.433058674812067,0.4917736778390937,True
0.8525852964673872,97.60765142380636,1.405871602778091,0.0559107796280587,10.644257486099784,0.6796606018117715,41.56204751685803,197.095820413952,1.4918964599484312,63.51256258364157,103.78058936464232,26.74992521663461,0.4474147035326128,True
0.7896198727872407,125.20098274565756,1.8393529043128225,0.2471311209505289,10.491560929770984,0.5088120460436852,49.80971434468475,197.5544978943798,1.947752810480445,86.4511235804714,85.6523607875293,22.49965073458522,0.5103801272127593,True
0.3628805365230383,71.80085053756193,1.5652496064438592,0.2773670989823726,11.17716049718956,0.6867351816721503,37.02391820427052,195.8937280234784,1.6929786100783957,97.36088122374748,83.56053482557829,21.81152842466763,0.9371194634769616,True
0.8076068879856502,67.59935736634664,1.550377492756273,0.2701073189456594,12.345541654519046,0.9547977894091082,37.46672254737118,190.9516434755008,1.2861864547777588,73.79998493893497,101.7595449247856,23.305438161381872,0.4923931120143499,False
0.4931383896651201,260.2239567107349,3.334353872079627,0.2557542207183304,9.32252277442474,0.9083333271284384,56.53948951023407,209.7748751591169,3.4315403614056663,130.0,35.470971342715686,15.206530102601825,0.8068616103348798,True
0.7470552223176526,194.62429830286905,2.6444063525216674,0.2980541107002342,11.825157956559108,0.7035008879569189,49.89504185109028,210.48055546994195,2.8318402711615187,119.6677505644552,76.56212786056292,15.2942640113553,0.5529447776823473,True
0.4152531129201879,167.22302891446742,2.3500137732004625,0.1966004888844832,13.08747302125382,0.5926492188471075,51.82711626529638,208.7841594525285,2.7654816087669696,111.4036808391424,80.1843972226782,14.283168291389252,0.8847468870798121,True
0.7892644295086126,183.314642281608,2.4616584467356484,0.2906469071287262,10.430343841839802,0.7888538697577545,43.59181940777216,203.87795842479545,2.693769248610168,70.79110707486285,77.34087299274687,19.98627677624141,0.5107355704913874,True
0.5386802191385254,76.2275808664502,1.7754481542570557,0.2872110581253568,15.397986870574163,0.9461975328371648,43.275128961304105,200.5113511047037,2.092518647370487,76.25398695072207,80.07309240596778,16.611443445734384,0.7613197808614747,True
0.4434730699478956,86.7249578472596,1.605283094954461,0.1283096826258598,11.64349035295878,0.6426829475576847,39.01927593080018,200.3866722422485,1.7971995313264677,83.75740496649867,92.7586676292521,19.54144143904541,0.8565269300521043,True
0.8427640272964798,145.89879174616306,2.146147765808214,0.2658584390139677,12.744190545525498,0.369515406859723,51.29630386404459,203.43088712759507,2.229680620086933,88.78135848030685,100.5889797839225,17.33594720128107,0.4572359727035202,False
0.7483289043353503,151.46643781629945,2.04834278450965,0.2481181663896943,11.216787399700134,0.8362617402967929,49.69946149057526,210.35963483357776,2.347110031160791,95.14149332438431,88.53077308471507,13.473604551287098,0.5516710956646498,True
0.5772046397214206,70.33951502698352,1.7755520275201635,0.2439496943502714,10.525638540378491,0.3073354077260689,32.49603998166606,198.00563744911452,2.02085053373926,100.24575724618244,82.30510123157676,22.432719529270965,0.7227953602785795,True
0.9902357698042128,140.951272747016,2.1864850225263703,0.2740701928229805,10.86159223018937,0.8352469357484715,50.69311904587356,207.1436232078597,2.218973876583826,63.894555713361335,110.0,14.156465921236911,0.3097642301957872,True
0.6118695156860514,126.27964929189116,1.9041086999345376,0.1460475024800769,11.833944443266034,0.359441622720599,44.89977834822431,203.3867677369004,1.955701239040184,112.23724437183807,74.53031253838144,16.885513017744987,0.6881304843139486,False
0.7064215347941869,203.50047138942463,2.610835519567652,0.1500137414718454,9.26615562590462,0.3746316020564008,49.8192715914516,207.32583437930785,2.845623645894075,112.70761242498205,79.10808731582884,15.89142457624688,0.5935784652058131,True
0.7537826895357201,151.83024955594726,2.29108961092852,0.2100130773009091,11.175339847587574,0.8471948090080681,41.48216121740632,207.43034436305305,2.033306370637753,100.99731749149473,83.61639161235236,15.86931341098778,0.5462173104642798,True
0.5760668131742772,276.07364702636346,3.1709813393025663,0.2344511344535855,9.934472864044627,0.7826651934267836,57.15071662808377,209.38041914867043,3.607634827719297,130.0,84.7909542713853,18.381747619013517,0.7239331868257228,True
0.7942272586799859,109.91525930024528,1.7991514811450722,0.2699342756644036,10.97010442020462,0.6933321905356464,44.08549050699519,205.15410954089276,1.944507200916056,76.61396478884451,92.59239216893964,21.19347091800071,0.5057727413200142,True
0.593309530567055,78.15442094553657,1.527094314666643,0.2689613301648205,5.116667551878882,0.8744096348971355,27.097867494985675,193.24644087111685,1.539437143948919,102.09215706752424,81.73541037377797,20.945867030627205,0.706690469432945,True
0.6176723355567582,272.1858606836047,3.2283311703550046,0.2303349060965649,11.79284884098053,0.8959579575206342,62.21287537455613,208.9653802583637,3.660606781128284,115.42666728669114,71.41026104980561,15.886372874656768,0.6823276644432419,True
0.972528527960668,155.7113841118749,2.1919829310133965,0.2892231944553807,9.54249393950153,0.6202585789594006,44.54337169625418,208.66270355527777,2.256273222803302,116.73829658881616,68.26915572635399,14.465179696956008,0.3274714720393319,True
0.4918827894975133,126.62922666700295,1.9449701531216117,0.0946571547365605,8.909457434162892,0.9974090809381762,34.902917666275414,194.80637355552463,1.822878734835252,78.30600785411926,65.58680134991405,20.761771437510376,0.8081172105024867,True
0.3,88.05753721266797,1.504051034443033,0.2875849617950216,8.941921679735778,0.550305957747375,34.37253782884009,197.9095598862781,1.84584174412424,116.6318342417895,76.35645115007485,21.45981173955508,1.0,True
1.0221873990023789,110.4961478279944,1.8956152691030304,0.0660478705084054,10.270888353962082,0.4200554366345587,43.97212784238394,209.33463148621396,1.845491530786934,76.39453022296217,99.93635801561511,19.46846859920112,0.2778126009976212,False
1.2098655905214004,107.87819157614098,1.835842016790341,0.1889054702979795,9.8201473227321,0.8921835101839242,41.88177103625118,205.4471650662373,1.699459323111122,114.9066441360074,93.72906308017832,14.317298701835998,0.0901344094785996,True
0.6189461469101336,76.85499056974797,1.5665926722616892,0.0725492392520305,9.995189349198215,0.5908991956915312,34.83834137057975,199.17381887205644,1.6937812977788076,74.04902470100103,84.18658515213615,21.67016461122073,0.6810538530898664,True
0.3126323918759628,54.59639525816836,1.4665867636886547,0.1920002437995341,10.516587091694907,0.91214975586003,38.17243021911571,191.8577370639949,1.5967916613857729,101.90607858206934,101.7104181987518,19.88746416819539,0.9873676081240372,True
0.6379032047608112,106.74326322692104,1.966146445225753,0.1475274281139298,12.24405547484703,0.3428164411432828,39.07119592165,194.3476210334949,2.051567042952416,94.46468644854949,63.09347438926779,17.865447294376914,0.6620967952391887,True
0.6427554100318661,185.6702350733713,2.5905967013780407,0.0704023578755967,14.124735338886142,0.3777364780546491,52.78985882423083,205.05541507479597,2.8741659053555577,123.2134332237164,66.24606046702326,17.072251491059788,0.6572445899681338,True
0.6620152317955486,237.4381443347989,2.9824144298133555,0.212029201256047,10.531370917606404,0.3281908628567737,61.03991210333932,211.5926079632289,3.1025040463153943,120.85250748972236,36.88734074238839,18.46588442028422,0.6379847682044515,True
0.4773223916156303,207.568893171866,2.62445060357957,0.2327994999057104,11.733475929366469,0.721407672211687,55.76244320840913,209.1317252336872,2.8886634184994,94.84496214972316,86.77277771846057,16.879330309602462,0.8226776083843697,True
0.8159122284952954,213.77204762093768,2.6251266305763155,0.0935463534049953,8.321801073640296,0.8823049267815497,47.76522562075811,209.50484836024083,2.978212973857371,59.91331622803149,67.4677913811097,16.307999955061025,0.4840877715047045,True
0.8049014750572172,80.3059290887417,1.485860086511568,0.2236091798271922,11.78475708061392,0.5818625485260702,38.683318537648326,205.44390629633975,1.3386598523256643,121.3453918203904,106.3914172609055,17.7744866830938,0.4950985249427828,True
0.4011188760361386,147.23141374832647,2.0888778338858995,0.0947618872869332,11.288095841836755,0.3634868147697165,43.56644882572378,196.632709609352,2.1384586379622523,109.22496139335234,76.94244632966486,18.852381903044208,0.8988811239638613,False
0.8398393463389775,167.86833804753826,2.345894218650792,0.0843491123288191,8.527342549130218,0.5614281792016673,44.32319495956132,205.19739068109823,2.4760330926014387,56.52638486073337,86.50736982499808,21.01585250006111,0.4601606536610225,True
1.1105369963891782,173.205735444652,2.2677029653093435,0.0868408166311864,8.945690606788208,0.5436322926378109,45.47909668451143,217.0462345451096,2.353364333424872,99.2188391535822,78.5926460216677,18.881383289194225,0.1894630036108218,True
0.734392066487412,125.30974518431042,2.0168865323421,0.1997696172385837,12.624438895015182,0.7504303473348803,45.82081356273265,196.8127158035737,2.1769557389729424,102.66699751051831,93.03398459238926,21.95981798154549,0.5656079335125881,False
0.6325349675862988,138.6657008888198,1.9645071054237788,0.2446977020316508,12.902661445221485,0.7565061401574336,44.38540606242376,201.50030994856093,1.8344332444479143,83.40686999852792,90.6727837248335,18.380145094692992,0.6674650324137013,True
0.6715993571184957,204.4279716450566,2.3862749898094,0.1992234253684534,9.46859910332255,0.3721166020759471,50.36910331659411,203.37372436697044,2.2178186453948205,99.26011938110275,76.52983656667492,22.14212286263304,0.6284006428815043,False
0.8230513533937123,164.88275975781758,2.44197299619226,0.2523378632545612,7.402764526646086,0.5941237442678691,39.52237302163497,204.18610785584372,2.72151929351536,101.42085076047914,90.31936951297334,18.2559341421485,0.4769486466062878,True
0.3538656788985563,180.1442636330944,2.369991919759878,0.1978693352675923,9.107100891525455,0.7497601687731357,43.052161459249575,199.1431121469748,2.45320496952736,126.02300882359796,48.23841230729258,24.832977448828117,0.9461343211014436,True
0.7328781405954604,104.5571979150284,1.7109025353366438,0.2493303118371216,7.947041941616572,0.4812028464330243,38.65176671932532,204.11796557959005,1.6257829277180675,93.07158567544283,79.87263033101007,17.988507064018332,0.5671218594045395,False
0.6219072101074379,175.43880166613775,2.2394333421344865,0.2941306252833252,10.00754687164592,0.5849562005699342,53.57540464240497,208.12707631882773,2.0116476404772863,125.34446396805392,78.08695774526474,13.748195265698856,0.6780927898925622,True
1.0695650025912091,137.78801905966077,2.165759548686846,0.1477399519920561,11.081702501723226,0.7295864521515132,50.30948717672001,205.0793787237602,2.3273484757894374,105.82022558068796,87.70442030550802,21.443264169086675,0.2304349974087909,True
0.6651654532390083,194.02788483197156,2.758459235375968,0.0874855442317236,8.911935146741405,0.5820094908714313,49.27519773525796,204.5715118582203,3.0169802251285454,107.86703125781952,62.0603496493272,18.08885873542845,0.6348345467609917,True
1.033577522223904,94.17407558350764,1.692931525517139,0.0838492029262394,11.836631328739914,0.3216026800958975,39.8100702245152,205.33513633066588,1.6835223433264708,64.08442158783068,89.03824516857493,18.25472579447505,0.2664224777760962,True
0.4792518604435984,186.12916139852769,2.4566987849888338,0.1993693991641495,10.566857820810949,0.4558311968006541,49.14477669746917,207.36084113733995,2.734626251377545,108.96687851152984,90.40183806179049,15.858583102026127,0.8207481395564016,True
0.8174518333605584,111.18028104591166,2.050187024350654,0.1867757664638354,11.563851435569262,0.8432566401258665,43.3733730999209,214.0827918006389,1.7792371798535678,96.68139923400392,85.88510030313473,21.14730382820465,0.4825481666394415,False
0.7638800527582457,186.55870694066385,2.220902799871564,0.0960588446355076,6.998576632014806,0.4739528551250214,41.72373951312274,208.4173642758944,2.2681867660840265,103.7311270433834,99.46240597150052,23.65436948914564,0.5361199472417544,True
0.5261905504270434,147.6919792529458,2.4765661304604665,0.2705262406669184,9.784362857319048,0.8723980122452297,47.29132083389496,199.14031743509332,2.563263162235559,111.8224881659687,78.04351229308747,23.975157861260737,0.7738094495729566,True
0.7354792229273881,133.00526471678558,2.4306571630832403,0.2891870921135471,11.507559787283649,0.6268354779912767,38.56705690013922,202.24287607966207,2.389789023014779,114.06879726194292,76.66717712430925,19.129888108446227,0.564520777072612,True
0.94250376736632,113.93915127223748,1.5055625807648874,0.1133039107758254,14.422261173972926,0.6310447960380946,46.74559160385746,207.6747433830927,1.4665072022601005,90.03439290031136,108.84043002365696,18.277721872691156,0.3574962326336799,True
0.6352416591426798,126.88584947313582,2.000461311447573,0.1017207327252667,10.11781805895842,0.8393613507319644,43.841588919103415,200.72593530956547,2.111085081371221,88.40794633855654,81.81825325822386,19.892892603080305,0.6647583408573201,True
0.3616074701660473,106.85533439366986,1.7470006203689243,0.1034804630768868,12.288452421899784,0.5683054591111265,40.40637554482053,199.7344663670712,1.9451375788235203,105.88438048277632,101.57956683427564,21.64100015934792,0.9383925298339528,True
0.6964874347045108,112.86125566564336,1.8631742796894368,0.1468553824228398,12.900431604250832,0.4669364145066596,44.0436808939952,194.06834213630927,1.711610365681095,128.78833629634772,76.44179367226643,19.379358063697502,0.6035125652954891,False
0.5195153810414974,162.71633435007124,2.2389729143581816,0.2633067938247366,9.638525045279088,0.3735226637022032,46.65623545224051,205.6092516093574,2.4107403602210207,86.25850145534152,52.025646525044905,22.51477428964232,0.7804846189585026,True
0.6315318122672234,63.39905410165617,1.628956297585153,0.1989901524852794,14.385314070642336,0.7703369133181376,46.056259140468335,199.5023781838049,1.701213278422011,92.41690848716108,101.81858729234264,17.167829329579686,0.6684681877327765,True
0.6836824460629758,185.28135861140703,2.4653653828460578,0.0668883579331674,12.309717974142648,0.6289597778550183,48.50944054032687,206.2001484804973,2.556054086536216,130.0,89.41505705053763,16.781063903288665,0.6163175539370243,True
0.3588695567968964,186.84609175153912,2.358132651882319,0.1682447712930168,12.673616763406915,0.8665848164900887,49.12981772105256,208.8398937143509,2.5841482156407505,88.31952659178563,80.09497608075188,15.676854445386748,0.9411304432031036,True
0.3768683321358643,115.50827880294916,1.8982384562293249,0.0725829207570231,11.929401753315087,0.6203722960020144,40.49582604880153,193.29202858364303,2.0514772494169287,114.56142419052252,90.8021216741144,21.38568717980839,0.9231316678641356,True
0.796413367105105,140.39851615285465,2.200405764767199,0.15155352850211,15.665128658495195,0.5903674725803885,48.43244597210943,207.63466706219367,2.28465167936222,114.49188909910104,100.29743984366556,14.654738050767104,0.503586632894895,True
0.5954562607660638,84.29215865077464,1.4967790700414048,0.1508800355758292,10.129118296204505,0.5091964588523161,31.94833660502666,200.5816039711956,1.5805279203849136,67.43894018486387,69.49972370802608,21.11200211135417,0.7045437392339362,True
0.3,157.5828199449118,2.0137275062137974,0.2120881664274114,14.836479930585256,0.4395995110582504,50.69761867535877,202.4932606403532,2.219582554356786,118.85768810767688,89.57386159922842,16.150273511136103,1.0,False
0.856968807321627,88.56273528787264,2.007413302428279,0.1873634917407752,13.096129639866843,0.8813058612539253,45.90104223104301,198.40868454105592,1.9479436328179829,81.46671613439767,108.15038248457316,20.83949879140747,0.443031192678373,True
0.7544739510548479,50.0,1.3036359980437344,0.2686886955847715,15.04885213265878,0.3666479596627364,40.15170338457953,206.0880865245389,1.0118826462924206,83.45871072798201,107.35681107868062,19.54395974237472,0.5455260489451521,True
0.5572250351927032,232.7053808604338,2.841040098845542,0.054068795666368,8.107220084520426,0.931489406346152,50.61176717385864,206.4122867811124,3.1754711530863253,105.46523962932451,45.333284787774325,19.7639219788108,0.7427749648072968,False
0.4366339577883516,80.61453512218108,1.5852469701036127,0.2434997055236623,13.406782714321018,0.3188364058661453,38.93956033017703,195.3705037833816,1.6189685396190572,117.02803321782508,88.11878104058086,24.58430525348776,0.8633660422116484,True
0.8671615792628674,125.60711424007148,2.087070069532893,0.0556645852389604,13.878415103740313,0.6655766346625459,49.954612120734886,206.13791849479597,2.031060837903978,90.5809804398224,99.07148794325566,19.2568773787486,0.4328384207371325,False
0.7698701245120859,142.9586622896506,2.409587786780861,0.1260724571190914,8.03455506259377,0.340829993505759,45.24453067092517,203.82158536281773,2.5832576549473654,98.80970452309056,93.47818960768252,24.981446453903462,0.530129875487914,True
1.1765204565368146,162.53915389627232,2.3873033074295718,0.2699157845448908,9.714977409873176,0.845724984916743,42.32876815320613,205.21613037296868,2.656025460959992,82.48741574688637,58.435283092564845,18.953841062307195,0.1234795434631854,True
0.7840377197449875,130.85839198138748,1.8191123637201008,0.2226035429192804,5.933793030226411,0.4480475668413793,39.55807960539824,204.08991352894435,1.768450655805183,88.96914511848998,78.67473367688375,17.605414862027516,0.5159622802550126,True
0.7775406282524029,149.04725072653443,1.9847594917609963,0.0929991695915358,9.924816937854237,0.6961458033655749,44.843613724825296,203.1262983780437,1.992343047799108,76.94928508815522,70.5001296659322,17.952515043188367,0.5224593717475972,True
0.6666144139782869,114.26843661136864,1.854302776591912,0.1726961360279857,9.147950115383177,0.941512271813661,38.22911309892009,203.77922940224872,1.7964835750356771,80.16644344369331,86.78213023675326,18.402116873378247,0.633385586021713,False
0.8633551734401581,66.97864445196662,1.495594175685743,0.2304760452444964,11.315295486337783,0.7544812549286983,37.605340706619735,203.8385524408069,1.1587100664277257,80.70012317091606,101.8360519834014,16.536058159352898,0.4366448265598419,True
0.8250170402496307,128.4919662768728,1.7696430397829923,0.2843358303348823,17.0,0.4248239754817408,55.19061545012578,215.0391768056242,2.170953120864351,98.88779284666224,100.4870135384896,8.159215576736162,0.4749829597503692,False
0.950345001713039,173.60056873111915,2.51170568787512,0.2085802998045509,13.654357477793694,0.8576744381284305,58.98122496495267,211.76310410261885,2.556033627525599,113.97115970175231,94.12177383124042,17.73626806501541,0.349654998286961,False
0.595735416272543,82.54185379754043,1.4973867466981017,0.0561688528582318,8.347462050902882,0.6090357247658444,34.491116342795216,194.9035372049628,1.4034184569237784,91.32522601223884,96.5385383948525,18.25834251742615,0.704264583727457,False
0.6129185054112075,143.66549277123693,2.373319176488759,0.1749254649240709,11.636645393636426,0.3092237168399296,47.80914235451692,198.37960472500367,2.3480566781466803,101.84161933059733,77.02073569917431,21.880310546379548,0.6870814945887924,False
0.6041793658176039,305.49529605062503,3.7170572579858585,0.0882404097927069,9.258733062619074,0.6407354790754844,60.0606555789017,221.73998597446752,4.134744109427472,116.24819782538395,35.8940539604829,19.99384690790725,0.695820634182396,True
0.8581603442357978,124.562909391226,1.9592652452349812,0.0619448876187303,10.014494040207834,0.868739274084338,43.49086980871443,207.9479951354204,1.9264320713330696,91.233913541951,101.26744389243284,16.543420996861403,0.4418396557642021,True
0.9996748880593463,127.56813039072814,2.0863909391885525,0.199627658670396,11.096050379915702,0.600970341583529,40.410525409866686,203.39935851211897,2.324018119982636,89.10274498630666,97.3158523971867,19.70479026250728,0.3003251119406536,False
0.6082319013701398,65.21586052438082,1.3369348008824165,0.2442304756276061,12.433275366874142,0.8308996353359945,38.532810892037936,205.70159121967336,1.0844417003747038,78.92922491579198,102.47205069116474,16.73097347079619,0.6917680986298602,True
0.6150452544413817,78.76953256573654,1.7237077094977595,0.059015138874101,8.61960339352065,0.7938681191740836,41.61748068356804,205.79105687536307,1.5657959559487236,91.14150379401352,72.93550902005211,21.31200116730342,0.6849547455586182,True
0.7628154447739598,88.96237101902098,1.6369701046370124,0.2458973177413798,9.129752742668096,0.6198386221367993,27.596469700146216,192.8518184920829,1.714134590256367,94.3801022452356,97.2793316335942,19.844465275333924,0.5371845552260401,True
0.6508476999974196,170.24699725822393,2.1988906798275383,0.2265969699528772,10.314606829922148,0.5262978095178131,47.69537295385309,202.50955136541523,2.3375336769288078,107.05142385110229,102.06424221855072,19.17536836858596,0.6491523000025803,True
0.8904107306279779,84.78208913669695,1.634856464855628,0.2379967220420903,11.692607957099344,0.8085780010935093,40.035413781819145,202.8577484146685,1.5595095676383293,77.84156124875604,92.4702166368145,21.155855497993425,0.409589269372022,False
0.3,58.720568258826745,1.3999023448098096,0.1111820931789251,10.384191797423126,0.5582428924168558,33.053746298959226,190.0,1.4545773753697369,79.8654644609336,86.53394670556145,22.45038893566713,1.0,True
0.534658990616621,155.9953630983166,2.19918899433597,0.1483988638733572,8.444455956551842,0.4190609747100561,41.30590651038901,201.37359573802564,2.374653523931809,97.3595541797014,58.77860808129133,17.101392174154462,0.765341009383379,True
0.5435167332077108,92.3449398897626,1.8812115045405544,0.0799377068018047,11.14027673270762,0.5246041430695856,39.40812022512967,202.12407004511635,1.915127679589528,109.24610770007112,75.52405256009445,21.880481639878557,0.7564832667922892,False
0.3,66.02486244849993,1.4104027606926397,0.1097227375586166,13.7610845724902,0.9137874350496338,39.936925897908765,190.1840617154009,1.24399108665553,79.65531712597037,80.60229979286325,17.972295282098692,1.0,True
0.5072723111262392,180.62150385387244,2.705225480797061,0.1256974178693575,9.580544234547183,0.4983723784961699,47.58549927111264,205.26893570210544,2.7336823047632413,94.30266648263178,68.74896472683925,19.31570907227133,0.7927276888737609,False
0.5169687768308147,108.41223363086144,1.6685389241230886,0.1298591598841965,14.618587622042924,0.4644723743913153,45.86009363792994,206.07730352558312,1.6336006592476204,113.14243749041292,90.43681917646832,17.703197760672577,0.7830312231691854,True
0.6597790690962339,163.13572050118802,2.5474003049862937,0.0937599720242029,8.532751826120982,0.3933940495113935,49.00241820340157,207.39786700919987,2.5879569692401634,95.95543894326174,73.73929340682682,19.397828034756884,0.6402209309037661,True
0.9225931783320528,65.30082817769215,1.3699300321355334,0.0971779495177858,12.24942665600216,0.3386244911974068,37.12902613223489,201.98040272490596,1.3191425431808446,83.79559403982857,88.86146903513882,24.21254770353966,0.3774068216679473,True
0.6509878697618595,53.41472829119966,1.4271658414491049,0.27536759994804,11.259084946729592,0.983684647939742,36.38495452193138,195.7506394154548,1.0463731127334364,84.71958925628577,90.67341986993688,22.29718717712979,0.6490121302381404,True
0.4938372559457692,137.21016505532748,2.024151903420917,0.2459734037039014,11.823731111112949,0.6757437790824273,43.74082750711296,204.7275410676052,2.0748768818203733,99.23092929474772,70.61832412375269,17.7110789118988,0.8061627440542307,True
0.6886090917572941,77.7048096513234,1.570079176479909,0.1361194258728593,9.881820085380744,0.8107511224344883,37.9112824030476,195.39583272781996,1.5237674139437063,45.89865765512511,89.61245111488626,22.78599016547009,0.6113909082427058,True
0.9098347242882698,136.27916284637513,2.2104368882243337,0.2869108848702402,14.78725012755151,0.8410814128080937,53.17095313321174,210.1667925058469,2.258638946800196,96.49167149847358,73.91413703976157,15.776554992698706,0.3901652757117302,True
0.504808236777019,137.68155345767343,2.326426447245709,0.1097306781980809,6.8023847509946656,0.5466218963043308,38.02385967630772,199.93776264334008,2.51855719694846,125.74206426443216,67.8494611503207,21.961979671399245,0.795191763222981,True
0.5178850232157102,129.49244575405504,2.2145182717757868,0.1517051133625127,14.443192503723552,0.8592341371128547,46.45483392853344,206.7643858557669,2.2931551861073896,109.66646485199182,83.57250062817539,16.873639110408497,0.7821149767842899,True
0.8117097918548446,212.8978283780462,2.6424541771730925,0.2533813278586426,9.365813721234602,0.973038971094034,48.14899498189727,206.6128821709024,2.737360197211078,68.67289702977715,73.16536527056057,17.95888125075045,0.4882902081451554,True
0.6556927768538399,315.0,3.547638283360683,0.1607215925509066,8.545334079843208,0.8192332951683738,66.24012030095632,213.7494061649605,4.165405258040519,130.0,32.84986737299242,18.008365078824063,0.6443072231461602,False
0.8294969381418948,154.65687158321197,2.1199432916154413,0.1086563307270365,13.152131098304492,0.7982131886639452,47.94223944380148,202.2789175633401,2.1766589728165697,72.68644351558868,96.60034425823402,16.992124556069765,0.4705030618581052,False
0.6972706416409407,305.3328582283856,3.2939303189408804,0.1421338669053721,9.390863841254411,0.602563650607414,63.46620441230172,216.8493527322084,3.885219168438654,107.70774725711205,55.164154942485126,12.170598129107216,0.6027293583590594,True
0.8403327296179134,109.73592810100092,1.705942288948707,0.1751802680936703,9.41869414103725,0.8889240880661562,35.28794683544325,200.45879369109355,1.668414718365044,93.99680646479094,88.49369357078963,22.934395850385933,0.4596672703820865,True
0.4929843771918717,72.34285309649745,1.5131068287243603,0.2051610959150843,13.01802566584077,0.3621861625863447,43.1387382768984,195.7057366112925,1.5020472420391715,100.7273283786834,70.67137115196623,18.57056779390036,0.8070156228081282,True
0.6975830698423464,94.9795876945682,1.797277546208787,0.1514016248953808,15.398810161293929,0.8247785985693639,45.05621674118511,199.83582179993132,1.7912735268916231,88.11549298536188,83.13125395072032,17.902690951502347,0.6024169301576536,True
0.6578619971273686,112.71582048580986,1.6149542899237532,0.1578260827799935,9.019073464501613,0.5533954795,34.870667031780094,202.08224607633665,1.6813491164621208,82.20065316665277,78.47283759116434,18.546972476336887,0.6421380028726313,False
0.4568218151791738,315.0,3.5130469446128854,0.1159859032003563,11.990542724626753,0.6961817410584539,65.24594947423745,208.64380462552907,3.97212280667738,130.0,75.22812236602158,15.487257924504084,0.8431781848208262,False
0.3873044104262622,132.9951754133221,2.291365171989005,0.1838368246043529,11.454632311691045,0.925074638927919,42.91635142065945,195.68796355213465,2.46556260405757,100.0329168885488,82.78716579051495,18.314916854129223,0.9126955895737378,True
0.8371498070549324,216.99829682299745,2.9042730349450983,0.1048640584423866,8.14092955896148,0.7235136919681326,49.90748888966302,213.49232487340527,3.301371605135718,85.16051262443303,66.60684617588183,19.89270730948963,0.4628501929450677,True
0.6298095235564043,105.66709848455815,1.7575591763974656,0.2668815545270189,9.132755581139794,0.3179070712537263,37.32716298261196,199.4458919371444,1.9764431265325,115.81272406617168,70.426610743506,23.439536739411174,0.6701904764435958,False
0.495543943670534,100.06066577008244,1.5909543897682417,0.2368417675665753,10.707676452440312,0.8058233918661672,35.99562926706396,201.74352552016893,1.8010927693698346,91.74092410253368,72.33389824065256,19.517336435781942,0.804456056329466,True
0.6807642126153335,64.46292142102075,1.58467791733789,0.152569747103546,7.538055086066536,0.9503171543425476,29.220208684045797,195.54425184523475,1.3634700881796769,96.9974224099664,84.9264405452966,21.414262489441864,0.6192357873846666,True
0.9256037714698604,313.7509974285374,3.162393741897174,0.2368069617582119,6.438944214356995,0.7494083617173914,53.80971505539378,215.2060053013854,3.320178361364424,123.7102594114116,64.5284338605673,14.504272425902537,0.3743962285301394,True
0.3,254.73722622964215,3.204420927219539,0.0517489854523432,7.836289991384095,0.9029940542217016,54.60446122705137,206.6934315266426,3.6691244542462313,130.0,54.003246282540594,21.408445727825324,1.0,True
0.4006722620193346,144.38345772922276,2.123029543151296,0.1361223056605991,8.037387732826668,0.877707028739354,42.27402154321195,205.62302050845665,2.382509681524703,94.6028901991521,90.31038150971722,18.337125454322056,0.8993277379806653,True
0.5154227116209464,115.76032933402723,2.200777682758828,0.1600752870366971,12.5615735007771,0.9029045980887735,44.43022980583396,206.41256387601172,2.231208837582166,96.48034332988522,74.5635916742959,14.908098801250285,0.7845772883790536,True
0.9922357733440658,135.41690413846806,1.8242904102712747,0.1674496268864243,10.08120989237092,0.5408702818845923,43.21116651186211,211.7820767241859,1.7556182561643994,99.35228047958545,89.78500857297833,17.328255400077328,0.3077642266559341,True
0.7565173965838593,71.31519639808248,1.7082435049658349,0.2371828694275847,10.317578466682775,0.6319144689760767,40.38583713979213,198.9426589100304,1.8988222718782557,82.12771973404446,67.68523247469751,19.620469518656908,0.5434826034161406,True
0.8534634480922454,162.98302490787938,2.288787873740905,0.2907018568904284,9.350570894507376,0.8936234535208121,43.91618162188245,202.64316186892864,2.5226419512530294,105.3660438587424,79.85597997353165,16.574204846865236,0.4465365519077546,False
0.4719678161747538,243.6958539606706,2.899909251964553,0.1449992826107007,9.394711070002794,0.9372790024520186,51.321208551132834,209.83951852789227,3.3911759362283576,69.16185712005529,79.58898683549711,15.055179511695348,0.8280321838252462,False
0.4760928249458946,250.16282272225484,2.7958260619962174,0.1376499623819687,8.6581558540268,0.4027890494818225,55.34180497173219,213.76437111189125,3.09319227602276,120.58172383908015,48.73387799229079,18.22022427510293,0.8239071750541054,True
0.789562743344542,65.31014057935826,1.6118433106416237,0.202628806645099,10.28227227577888,0.4270726657140387,30.94734566862894,203.48356934536824,1.4784600682840807,86.41970680885187,99.85327639807984,17.795450587556008,0.510437256655458,True
0.7116548661870893,215.9610325197948,2.8291088678748872,0.1203134035478947,9.389139057532672,0.542780720038454,50.18406731611536,208.50318141269256,3.1898996837166043,111.14330615735702,84.51201020293153,19.552203982392548,0.5883451338129106,False
0.8097477637728253,71.48384173240137,1.8396399041540945,0.0853375834537973,11.60180374217101,0.8392084797255506,35.664337605545434,203.59683693539927,1.7720908680929517,70.71417851078837,82.15397841222097,18.872257769313475,0.4902522362271746,True
0.6624658018143095,54.203096376109954,1.5848323104379685,0.2903852176230497,9.517522974302633,0.9124868100805263,29.530453419251323,199.51100947817685,1.418885935890326,94.40040343583384,92.18999017536848,22.91807846917085,0.6375341981856906,True
0.7556287452909254,220.1853043982902,2.6723981358429616,0.2523824892022555,8.401954195114802,0.7061680989823418,48.795491292067936,209.29197316006687,2.751490369762537,99.70496421347924,86.12056084278994,16.89531042766267,0.5443712547090747,True
0.7316238169810217,101.90703471476397,1.6646768901754845,0.2896248882560319,12.440217570060202,0.3792877227752617,45.320909770522285,204.38039719307585,1.582765014811275,95.60996573987512,95.30726940367164,18.446771137211968,0.5683761830189782,True
0.8555534778169851,204.3113091306508,2.4292167580168487,0.1044582196709791,10.581100607420606,0.5126237609770161,54.88034455400774,211.6095997529523,2.707474720783842,103.75806497714396,86.9466932858242,18.46125385577433,0.4444465221830149,False
0.8614016563888941,195.0385630764967,2.7812921564578943,0.0544523037424176,8.983384333335593,0.899916104534342,50.35333695845568,206.4821352462147,2.806430398985748,109.55025060910415,48.36543059636669,17.76009555279152,0.4385983436111058,True
0.3760256011216459,182.5980388165788,2.3440581678909505,0.1593153939345266,11.202135449830733,0.5432884847890104,51.08467073507002,200.8902618207912,2.67093170979938,130.0,80.70472178348143,21.906213982286303,0.923974398878354,True
0.3,134.62421861121973,2.299028229235454,0.2834022407478953,8.420861971631878,0.3719650701625769,38.53930809812078,194.62961570121416,2.3544181023843085,115.44782093436692,73.63194250615364,18.71635416740163,1.0,False
0.9003490795303014,74.33528647575923,1.6734430979353838,0.0845813347179397,9.574191599411016,0.5114479262791547,27.080304269831057,192.89118349249276,1.5957459494573971,98.22632192491028,72.71479463045517,20.407638133816103,0.3996509204696985,True
0.9375450186523872,112.82689059960204,1.9521005570359105,0.0792963807086496,10.416355049961066,0.8646944466098658,41.39164894171398,205.82128066651748,1.9430259995877663,86.78050505108723,75.2221056546269,14.838389211888888,0.3624549813476128,False
0.4958753960973324,252.37142613194115,2.9729411621714843,0.0672381960614605,11.75195982901676,0.6454356731133996,52.60010365378644,207.5800336637296,3.3148481065089275,112.08721579228414,74.31961541036384,15.860086728245967,0.8041246039026675,True
0.3280329186908742,207.03254416937844,2.7553612903053653,0.2412544997329936,9.63256778333524,0.4201009428849589,44.4124254809098,204.88044093096107,3.032502080490593,119.43620816890352,59.5940585781518,18.87352095362296,0.9719670813091258,True
0.7198069642014402,115.55864657983784,1.9221485582131823,0.2464816334583847,10.31413958029822,0.5188426608059566,39.947485866756494,207.33332692521267,1.8944006379442837,90.6217178023114,96.89317198544548,20.08890006040544,0.5801930357985599,False
0.8861676452701058,114.8994512537656,1.8638136163098036,0.223844013915866,14.32891348008684,0.9675068957715244,48.37371014849967,212.09090387428097,1.7884930566588078,91.08613175683878,100.53077461200348,14.72117854944648,0.4138323547298941,False
1.059518904486863,174.47077610721186,2.500166926854925,0.063322961280584,9.228261472622403,0.6023702416690384,44.19410907209797,215.18507620576509,2.725957158693166,99.79278090244227,77.90477764189077,15.529778030694905,0.2404810955131371,False
0.8032595144202902,139.3273049604612,2.09302262330052,0.2308220839538009,15.408521632740886,0.609119478364265,57.06120897997084,206.15224180424255,2.1722075901719817,83.41839496013826,92.72871777106036,12.599388580962628,0.4967404855797097,False
0.625656660682861,118.34301611052348,1.826993912073364,0.1621572021154217,9.745002838044936,0.4071487214309492,41.12847201429922,195.87550556690127,1.870557673478752,94.15081532551427,85.28532516037336,18.737429169353845,0.674343339317139,True
0.5213738756830274,167.2297455698419,2.4278119808778333,0.0894736054841512,7.764061375389984,0.5131880132299993,41.29465622369722,205.67673849930824,2.548704966396345,86.22505475371776,76.21531390628496,20.631237778604056,0.7786261243169725,True
0.7022902583341308,164.47402687026135,2.306194366617806,0.1237815026211505,9.67347117166117,0.8702802930580325,49.30806116896685,211.96983288192425,2.3985068865776,94.3367185712967,82.01568691489503,19.36000666829288,0.5977097416658692,True
0.6401470592229487,96.10793219574644,1.842199959329642,0.1752867099832402,10.722071846635126,0.8503392820822842,43.52802123012507,208.01518633508627,1.7775133243746513,88.3489357563556,79.84164410219616,16.962879215659985,0.6598529407770513,False
0.4969864188542367,152.8985004753156,2.1551090250493967,0.1324128680674202,8.470843043475897,0.6048491592601337,43.13301361571849,203.69764659974592,2.4090377685708986,130.0,86.55688520713431,22.754398778539723,0.8030135811457633,True
1.1097511301726573,159.547655317669,2.0950130468392087,0.2924373066853981,15.85248517623052,0.925556583509987,53.35441897606273,204.40152839519584,2.0086214768442474,104.7743182745058,107.74322454510838,14.133557035111645,0.1902488698273428,False
1.0570336804144262,129.7757234744137,2.298466882172451,0.1686854354267998,11.365015426632104,0.5661812419439756,42.37930329180224,208.98049724353112,2.006165016349168,78.12273447833161,90.91597618217712,16.46317861443488,0.2429663195855738,False
0.9272097367110856,91.74671172187192,1.9659654053895117,0.1430376275630359,12.369908251083787,0.9050307058753536,36.93522411959544,205.34144157096588,1.9507889617664789,86.26861051693487,93.0892965909934,17.056165206199168,0.3727902632889144,False
0.5158299204381744,111.22674563398778,2.022381709261196,0.2182913572420091,9.981784190886993,0.3220958854092918,39.18717038027359,204.48541804227887,2.060501847186007,107.07239328631783,84.5871211756977,22.502463728256505,0.7841700795618256,False
0.8710038648594557,84.16607858644441,1.6151570258854144,0.2126362642139787,10.214137939004717,0.5430612031607975,33.33525339624822,206.84307617586512,1.4868200383782462,81.78392007204813,68.2133888754843,18.726212065493456,0.4289961351405442,True
0.8279252818995804,154.9430897849861,2.194497022305728,0.0506098201013168,12.46725276644919,0.8985479346138847,48.04700144621732,210.90656567734396,2.381863200043235,89.43191348957545,89.0004654759732,12.333180061072513,0.4720747181004197,True
0.7885091248408106,65.42837906411296,1.7307761493973737,0.2046184245751857,8.135437277148492,0.9309166930320296,31.276993495726323,196.5731833524849,1.2670870039151088,75.39713207339057,102.6162600555842,24.132624994874355,0.5114908751591893,False
0.9499330534087552,266.18568881640783,3.076411004896151,0.1109422436922584,5.694355761165847,0.8294968288542677,44.24099710205565,207.00536584081613,3.533158525474769,130.0,59.722222721253495,24.71252132779439,0.3500669465912447,True
0.8270742285722554,237.7038676250988,2.8067475355486957,0.1438084103969804,8.177251670411602,0.7689060718269904,47.45229331618903,211.8425778727699,3.192205127713556,101.36184874864526,66.53888397375921,17.651300107978738,0.4729257714277446,True
0.848002847260867,161.4321010178365,2.57229200948816,0.226587222683711,13.06652625407443,0.8708534366236094,49.37105521496838,204.9425188936595,2.591440176797948,103.13462354276092,76.02527953403722,15.507526034446236,0.4519971527391329,False
0.827381256674442,200.82996558947556,2.5994880724737235,0.1893465552526739,8.561123278856599,0.7952907317554905,47.352035666509416,214.41028867057355,2.717571001013307,64.23550905555445,76.00749857249274,19.26823250523402,0.472618743325558,True
0.7681582816004211,194.02263324621669,2.8174448652468107,0.1421637860387742,10.423126027571332,0.4779546681256248,48.56267043996008,201.12791343626844,3.0802881877603947,124.34998073374118,69.10927902452865,24.077840827925897,0.5318417183995789,True
0.3432777740571632,140.36226290528086,1.9131393166387467,0.091852587959281,10.534482362358746,0.6263658304864048,42.99398600672031,201.74102039441664,2.121317825474062,119.33888457373322,93.528430218618,21.414713578912888,0.9567222259428368,True
0.7167242154821114,119.8812048735012,2.0367773714056847,0.1763705468119383,13.693906820737958,0.7624934985203116,44.91621527377179,205.15944760255357,2.0059428746603305,76.70590309524319,80.08442938483343,13.542570711374909,0.5832757845178886,True
0.5887616082301749,113.66290238432,2.219965608957052,0.1298415058768008,7.467677117013814,0.711461929982813,30.733167571317384,197.0663690074714,2.101581351171846,90.72278109795135,65.52348332576852,23.90986918344456,0.7112383917698251,False
0.4440318084719958,271.4196649357632,3.1758199311849347,0.2782319521020188,9.733565079346372,0.9195683249861422,56.48652460293996,205.190371284875,3.973673019547109,126.5479689972674,51.03142402028644,19.974880892217502,0.8559681915280042,True
1.0363633238601648,90.36714004513922,1.6833364465209444,0.1835866600722626,10.93581383375378,0.6316912482714798,37.88901613138259,196.4247576126356,1.771601714010591,81.9626051701679,110.0,18.575716968397906,0.2636366761398352,True
1.0457990681771407,91.11270568869809,1.5537388578698217,0.2664909985426031,13.394716524226132,0.4245911646162444,42.11284411543207,203.95019415572483,1.528083427944788,90.29863968363536,99.0183419287748,20.400492460044177,0.2542009318228593,True
0.9718441200591224,209.9396314613511,2.841868509856096,0.1475452571208778,7.418666000274986,0.4502074261890171,46.88174233224647,208.33586962056967,3.037541300577659,105.27577717970271,59.646786185003656,20.42107212203421,0.3281558799408777,False
0.7510426833711749,199.841906730726,2.4832160414497046,0.2568592909469901,9.456510432545178,0.8922395912015035,50.25943129769404,212.8814757404173,2.7830493420047846,128.10815045500414,47.525932087156605,20.194284752268132,0.5489573166288251,False
0.9701250241905311,116.65348500881132,1.9190065961619924,0.0641342255430196,10.674722505833492,0.3061046679561784,43.258097392247656,203.19079219321517,2.000979010009692,83.65928670376346,77.27453409680116,16.779693168528944,0.3298749758094688,True
0.702410636120365,170.03946573273103,2.175140383892957,0.1245297563920037,7.733931579905933,0.9083912533977836,40.42516022522423,205.7656364324964,2.0613714632321924,130.0,78.50273923358417,20.818936139525995,0.597589363879635,True
0.7405594553795558,181.30495929284007,2.6839738643573354,0.0695439832611748,6.919602104245559,0.3389116599227893,37.484488491023455,198.718813791518,2.8259661258204107,130.0,70.54707083933006,20.14128704617336,0.5594405446204442,True
0.4813057259076033,73.02335609458981,1.757419645365571,0.0579125451787184,10.40867459419847,0.5741609276625838,39.31320609809384,199.8088250974344,1.7235528290198785,106.53318057989932,75.64709715744291,20.63832378121785,0.8186942740923966,True
0.7793982608997679,245.7572059748406,2.961319935416755,0.2797155613307797,8.86221877624187,0.8601233592119402,54.5991962610495,202.58355266306677,3.2113918321755106,94.03030913082358,57.290094654257885,23.422898436673144,0.520601739100232,True
0.7120771856848834,181.27294217509623,2.277061197062731,0.2292171860999199,8.071880147378383,0.5853307637756793,41.418150272770816,213.1062525987598,2.564881938544856,116.08730335846047,93.91638834048952,14.799377767036464,0.5879228143151165,True
0.439469576633107,162.9178266565045,2.533728670638431,0.2062775161171176,9.34131728152172,0.8756437309378367,45.1976254749969,201.44064695193683,2.4738412527115936,114.65991916306773,100.50961515660634,17.207377065487393,0.8605304233668929,True
0.6897605776366805,181.98377592180427,2.400980448317362,0.1831232023529582,5.575537853543668,0.3702091841680481,43.07800544679949,193.7997883957603,2.383102497172348,76.86076261299829,77.31124572236897,26.11432826267074,0.6102394223633194,True
0.6840540872286383,153.37191050008886,2.0611945578780837,0.1923885090542105,9.423875785934191,0.6580795585046304,48.55513525041039,202.77314125931264,2.0772081674260803,75.99099548720123,96.69636741126168,19.813706687359957,0.6159459127713618,True
1.059512233328928,126.2630675105088,1.7457868382131885,0.2096725953466133,12.979155407385855,0.7077318125993064,47.26587866302879,205.39961281605227,1.771739140196061,87.93495755158963,110.0,19.987298189829616,0.240487766671072,True
0.8788426657026819,140.9659372949913,2.0308327285758647,0.2566449486850258,12.01400984582434,0.9236080180660686,49.720142109932354,205.31399121442257,2.2337666123549176,85.30949432915753,110.0,16.138470768563955,0.421157334297318,True
0.7022890878182931,70.6818457708271,1.3472590477871258,0.199222138948882,11.536498514665396,0.3655349844374353,33.618712601952794,197.2983853709188,1.5431712495143288,79.37039338584609,90.96488433247934,20.26977370405958,0.5977109121817068,True
0.7497574619602165,315.0,3.4265768745215763,0.2371451907777206,7.866035995031159,0.5370204796980983,59.85115653626606,212.30196789110005,3.7926967440934183,130.0,43.303313869842185,19.755373433522973,0.5502425380397835,True
0.7088424756208396,125.26546418702844,2.113785023550885,0.1202445129574337,8.923048774326343,0.7615436664277869,38.08830554846187,198.64363446647857,2.2876692109783385,80.82872372820786,99.31875225956584,21.590007414305717,0.5911575243791605,True
0.6594172030408905,315.0,3.463689975403715,0.294190434454118,10.90376510324108,0.9859510573020543,66.45448674094656,211.2146206507793,4.035928391645587,113.94127239356004,48.064862883571664,13.059218162627742,0.6405827969591096,False
0.4835145605223425,142.12314053279286,2.190339131579399,0.0579743021092572,14.99086098474032,0.8937920267704997,56.87190844277638,208.66275068603315,2.390942153509343,88.49724948776046,75.33895394409456,21.798597999803235,0.8164854394776575,True
0.6697896244786141,99.65777095001911,1.688761968670318,0.1466441488193288,11.568772110452798,0.8925465431871227,41.53239049565511,206.46547386370293,1.703476046002572,92.50522667881116,77.14628167962903,18.3163593390334,0.6302103755213859,False
0.5507803486694973,242.04846076241932,2.94616304605399,0.2705123878759259,14.342636545611736,0.6620277705973516,60.04948885579082,209.289993667268,3.2089724610296786,91.5708888874734,73.42613016536816,12.807265722196805,0.7492196513305027,True
0.4499368922153706,159.67480366528451,2.5655335526351792,0.0951307406715475,8.629452316647125,0.6950093854605488,38.90367487014732,200.06883995369907,2.6524601837870376,101.49275891243856,42.4335269758508,21.609303616840204,0.8500631077846293,True
0.8022443629095068,315.0,3.4677270882959657,0.0853345232334144,4.577625671848303,0.9010060658564564,58.97706639758876,210.8147288334204,3.742253779391965,93.66143157089284,28.71769148099251,21.20162405128764,0.4977556370904932,True
0.7782529319866469,98.55126828218836,1.846074561900456,0.1413576917249783,9.664904911913547,0.9087379103797316,38.764361272462686,202.38103805042232,1.898280215838426,80.00320868741973,76.75855794231236,22.00891989551797,0.5217470680133531,True
0.3426584977263843,247.38954528913723,2.744287278192832,0.1570486751292069,8.064109601630552,0.8615921958304782,53.54638675855662,206.9493094072842,3.1170867106152467,126.01769210423583,44.09591400708324,21.520336629693222,0.9573415022736156,False
0.6754630725009745,254.32692417952356,3.2626313117987187,0.2833485151654319,13.508661777415096,0.8729998926292029,61.80362793521549,211.8429214205948,3.523502832466559,127.54600379731848,83.37115883237715,15.064480756271395,0.6245369274990256,False
0.8991402771799847,188.94635175268317,2.4399898196797354,0.2590298836772052,8.980415588158593,0.9157409013006176,47.641895623010974,210.66484880517845,2.69792530279242,84.66704812430733,74.56965315757074,14.305004689626868,0.4008597228200152,True
0.9118447477792642,255.44894847570987,3.201171635291654,0.1660224094226285,6.510676139268376,0.3796473517643508,47.41221114938783,212.510125874172,3.441079102095009,127.71930395955565,64.30109653832213,19.882129131791437,0.3881552522207359,False
0.9051673685770476,126.63038273541676,1.994566017519498,0.2932437752204007,8.744043619692137,0.5048475638334796,40.096519510806814,200.694418870135,1.862051722272652,90.28195454534564,86.81427803711682,17.0910581530948,0.3948326314229522,True
0.7077826413802919,90.17859382418251,1.8131656553465807,0.210569601039766,13.884833957659932,0.9832794737675252,40.28952197296769,206.21525084572465,1.7766526980237585,104.26800576216267,91.88420175877314,19.427308436747158,0.5922173586197081,False
0.5309909344061697,103.60692360229132,1.9295072528999808,0.2684146829954728,13.329139221438636,0.6813433119747966,43.34741609578122,199.83463968807715,2.1335393201368493,93.28951374783531,100.38299562954067,17.014702943128356,0.7690090655938302,False
0.4832602345283878,137.4319699955829,2.031589709037756,0.1115142451217063,9.458172530101564,0.4235247020291844,39.58786750767455,206.7406891567104,2.037592004178666,59.46108437400409,81.31807385705443,20.232654182013743,0.8167397654716122,True
0.7689209809500714,193.9024749623389,2.715005765062989,0.1722410185749956,5.383030395308158,0.6521389432396689,31.18564877903563,204.42006288857695,2.936621603447959,120.72350475741092,56.27344399542964,20.009897694145177,0.5310790190499286,False
0.7758560068730326,92.83758827136757,1.6288529765719757,0.0574293033391083,8.846017612754956,0.7520489227125139,34.02303641592281,208.34814055322843,1.612407316386541,77.13418532727576,64.71460243461034,17.65747759864432,0.5241439931269674,False
0.9574662223210132,113.70895453368702,2.0263617692736275,0.0522200483166122,14.73997526089263,0.8797553887563601,45.48043074026039,211.4446086475905,1.9585404830830155,80.98295353951252,103.23222232857415,13.256726611148787,0.3425337776789869,False
0.9199959300684166,96.02175879736016,1.7096432762539011,0.2263633052348661,12.786985687656353,0.8685237082164274,41.9080156417923,205.56942416901296,1.6392141274635277,85.45124381802003,80.73539055488871,19.039530473232126,0.3800040699315834,True
0.6735542686937656,211.70682691761976,2.7460883076357674,0.0795734056164001,9.333292141711116,0.3344690453326917,50.209913486639934,204.97404945201708,2.820124214742,94.91451907443268,72.19567739261672,17.972878208557127,0.6264457313062344,False
0.451158824227826,315.0,3.450701049646861,0.1869520592777044,11.441432980932328,0.6174674908806858,71.69837519462294,212.1171485500428,3.973506729703312,130.0,58.95921492406065,18.190766966043665,0.8488411757721739,True
0.6361786805978203,83.95859802212104,1.6791651803829577,0.2240018705525049,15.797063035787158,0.3143983393309056,47.423872218543934,204.6587952908297,1.4618564513580028,103.02011881022044,83.54216748469847,14.8773508701972,0.6638213194021796,True
0.7434462389621049,174.05749188363762,2.231255879815336,0.0580586465574098,9.787898021779666,0.9217092865663754,47.507453364190525,207.27172987493876,2.483802436974756,100.17298369592112,80.22540781700539,18.028998364863703,0.556553761037895,False
0.6595833509221192,225.52190689323385,2.841308802849189,0.1621853497864205,8.901947802752124,0.4217342528630374,52.57297637779962,206.4902137960992,3.1017697834338427,108.12887505192116,67.08309017289052,19.25471551750947,0.6404166490778809,True
0.5844211783844688,121.41663696476792,1.9779612709620813,0.2210379842464599,9.533997833987607,0.7374122866173469,42.34661807367323,204.90377576473568,1.9696707803873004,109.65738563868668,81.06264791698914,19.595464674835277,0.7155788216155312,False
0.7505769629939797,72.00986057988285,1.495055851528192,0.2724327469637125,11.077695277094811,0.6994328598962802,37.94387312992016,200.83119813632425,1.6535892446650864,67.46256082521522,94.11588960937632,17.470103291354675,0.5494230370060202,True
0.5992084517178778,240.8629570587616,2.9186494615115484,0.1248075251504141,5.394551826182026,0.737870604250006,47.45888720745138,210.4306499252834,3.107234939943728,105.17422537907862,45.89616585784412,21.493438434051125,0.7007915482821221,True
0.5743867832549252,70.4449144348861,1.5836599869042751,0.2935541324210826,8.453141512567118,0.6943916359819856,33.80278521049657,193.36794318539825,1.4288654428970358,85.25033887962702,89.23069786354807,22.084497194292865,0.7256132167450748,False
0.7622905668606879,278.55383219616914,3.1359770995795864,0.2611353749149243,4.196181508875973,0.8009120741566254,41.69968331702373,212.4982572693464,3.163105926321669,119.737144820547,41.184602582820204,21.223926550297527,0.5377094331393122,True
0.619601483974159,95.15219678573648,1.7419037879264416,0.2126587680204635,13.67280187307952,0.7382769762162166,50.296461735668,205.54884326564408,1.9660377469560013,84.33700163146851,80.32352461552269,16.990686053681145,0.680398516025841,True
0.7488208777956704,66.97613467846769,1.3849762862935031,0.1479813768115327,8.359344685379943,0.3632101727395699,35.853146129240216,204.65829952789684,1.574196368073136,105.03805384812418,95.09727985648604,21.19595135627059,0.5511791222043296,True
0.7546408045704245,107.07772011554611,2.20848171676852,0.2277775940498746,15.362518095073712,0.556737565705208,49.15326624057609,209.1106842319641,1.982376334215575,101.79631268722017,104.74896231224172,14.386118048915796,0.5453591954295756,True
0.472114199781685,132.2158220443199,2.216594375385787,0.2540483172675883,9.01328384256355,0.6826154051542562,35.850790210706485,198.2781215417072,2.2144353928535754,103.2652149000905,79.82369263654829,19.436711895567804,0.8278858002183149,True
0.6037517752269175,145.79102947599802,2.2072923516527165,0.1258249687216393,14.197931264353617,0.5276381981287239,54.682251110435104,205.616485123312,2.344797601560671,106.72845606458286,84.70352734762598,17.686001202760814,0.6962482247730826,True
0.9875553879832925,181.42108584760356,2.6271856259023325,0.2982075162267573,8.931300900439094,0.8322316193648187,43.76524242530866,215.87176090447343,2.652127449924811,108.74115073710809,50.39913453758742,15.730194884903726,0.3124446120167075,False
0.4675840974531425,152.25886236713717,1.9211830274345305,0.2771548424386597,6.813729581366481,0.5225284005384943,40.13729978024093,199.323539904304,2.0605135940156867,105.28511876823433,87.70640526562859,25.2215804226822,0.8324159025468574,False
0.3,310.37023648703723,3.0993099312211974,0.1713753600857306,10.237649318977365,0.8800789220121277,59.823480347247326,212.39380228006644,3.600248442205068,97.0239876992153,33.63012773871431,17.18156951536048,1.0,False
0.3276309693514976,129.26511962829136,1.9742272977638449,0.2307074789438488,13.75733222748385,0.4027136046870386,54.95423306178525,200.99594817336893,2.179819080311625,122.61783413690866,92.2718506679938,15.100358031767213,0.9723690306485024,True
0.7058219893153338,156.25163181658922,2.043228432992397,0.1810022236546954,8.19415842671397,0.8385747954901124,37.17303069975,195.13461002517712,2.021335122145219,95.0453501017282,100.68927796977798,21.08124318283056,0.5941780106846661,True
0.7061834556065397,149.87515415052223,2.1635104045369284,0.2402326380492565,9.572612238776207,0.4284258085496322,43.42267873880935,199.34959009930137,2.307618732335574,112.38387221788206,79.35950032739706,18.427826367822654,0.5938165443934602,True
0.6764778289149758,64.44804115472134,1.5464328253270057,0.2567455509694953,9.847184198780862,0.6696106962885137,27.092134852837635,197.91502750274628,1.3131404489409646,78.74719243565099,91.26928932729268,23.20807234176261,0.6235221710850243,False
0.9428379657857002,77.8778696796284,1.761085132188119,0.0558056387892606,11.333039617959706,0.5243670610747458,37.62114831729392,205.8772402061998,1.6674485057442154,58.61405586044014,97.0576622504005,19.815959443759176,0.3571620342142998,True
0.3,137.69934769464595,1.9308551839158856,0.0697830074251623,10.758635865866252,0.7461341051839276,42.61361066650194,200.3923447001533,1.9035184966213567,66.23373695204484,79.97335510275546,19.63830064082128,1.0,False
0.7791867748861647,165.72169392101918,2.3857181542921646,0.1341168539691817,9.243966779367712,0.4489182868891181,47.93729365510208,211.57623355696143,2.4668758928254397,90.24207550833944,102.90481170986132,18.37212036855645,0.5208132251138353,True
1.0122876403607146,57.399545783223545,1.4613548202386233,0.2794034081580874,7.965247106042099,0.8567868133463248,27.94925199008701,201.91947570493323,1.2581231938319095,80.88179769815567,79.2212099214128,20.59461274639157,0.2877123596392854,True
0.4744438470216571,315.0,3.5721263964899626,0.1495683957858474,6.052065506801951,0.7015087064565081,60.10958866078251,208.6252639371583,4.2,130.0,31.806584955093,21.960535773815828,0.8255561529783428,False
0.6240386976420209,172.43048463020563,2.301478084428605,0.2718780538004811,11.443992556475193,0.9700912078648718,46.21848305451401,207.2052016530077,2.461470968483383,101.73084818267,74.7498975018546,18.870332922722543,0.6759613023579791,True
0.5494216165542758,133.99424894310818,2.2794242625241834,0.1656084781579382,10.128524525313036,0.7982392302410564,41.46476920960221,201.96470768598545,2.42310199508534,83.75092676898116,96.57969605399138,21.23450736513683,0.7505783834457243,False
0.5211307907844942,168.47043758693977,2.33223720343106,0.1222132300778933,9.247162742799333,0.7251768776522757,44.07560915371005,200.5222880756316,2.5174798147945645,92.16941816272734,64.47138984224203,20.073785453297425,0.7788692092155058,False
0.6347475989953919,104.34293785694736,2.1008708363811444,0.2751612957656238,9.074118719507265,0.8804110833124388,38.34133100484551,202.32192191294664,1.779800649353627,112.59960443880044,82.52935163290644,18.74302859166425,0.6652524010046081,True
0.9854970567369008,146.5621812899795,2.0539391522675023,0.1901676922296694,9.019767724545613,0.4537777974332436,42.92816693820081,207.6746630863722,1.8134555099149376,74.59754180185186,94.63984239149192,20.284589153187397,0.314502943263099,True
1.067477335097504,158.11865785699044,2.376373363849257,0.1401210737575103,13.253549993054486,0.7429197226051201,52.997304395107015,209.30855706812076,2.397415863554011,124.3560248644616,98.73379834629932,19.70903450361381,0.232522664902496,True
0.6328121549919704,242.3576282612522,2.929910754005938,0.0611017509069542,6.130052726332824,0.573282694716396,48.91750210861856,207.251426358912,3.268443988084344,130.0,68.10454234355917,22.80534001275916,0.6671878450080295,False
1.081012042812894,123.84588122221338,1.9416056872776928,0.0777332831120559,12.356584950707663,0.8206536854025068,47.087303137778754,214.68421927415253,1.9158481354154249,114.94520322482134,110.0,18.88030185464437,0.218987957187106,False
0.707115295396925,71.10991989217547,1.6637266602075358,0.0848275819103826,11.823542927928596,0.3171285866438861,35.12197587125311,204.8029853447724,1.537129056246173,98.37129774246002,95.2663497478228,18.49395226736537,0.592884704603075,True
1.050738205340216,89.19928090959633,1.668718225398332,0.1412090726026516,11.93299640249435,0.5993984675688399,41.34970323428509,206.59806919492956,1.5838496626944727,76.56392863943395,90.9083801744104,15.50000409686418,0.2492617946597839,False
0.6813402700693016,119.2215826930008,1.5544778609704073,0.201833238936086,9.242827693293826,0.7561913312830434,43.76829755342602,203.32045328739272,1.5434273877852358,91.38519167699836,86.36341815856511,17.859861080375058,0.6186597299306984,True
0.7262115652092288,73.89840809350525,1.131757046271896,0.1268975286054824,10.895918449011488,0.6224475355095122,31.440483877278517,192.76048120595652,1.1714660301733837,92.57176342117704,91.76629126904604,24.64697413413532,0.5737884347907711,True
0.7730948945285668,85.2452056444456,1.872824969198172,0.0663819084412,11.453001902021672,0.4665801169996256,40.311851965879264,208.9543517821573,1.9368421105603044,82.73265623677548,110.0,13.18863535533526,0.5269051054714331,False
1.3357707358735071,89.54338533319384,1.900885851347505,0.1162021843293334,10.242751741862278,0.6250444761756051,39.21249870914971,212.7810131461336,1.741783470157327,62.50619318084881,87.25462878117703,20.243835595015916,-0.0357707358735071,False
0.8702571149689577,115.5214943541096,2.2072730967712686,0.1521704127249025,11.649763730506436,0.8948211678426683,47.215713169819786,209.28295464050527,2.2322333184334804,85.11420043826739,91.52303611267764,15.371583201631758,0.4297428850310423,True
0.5585470940097073,171.30590717513314,2.367818020158739,0.2980674821680822,10.92285950631836,0.4447873121086925,50.39599677225966,196.1607240588964,2.6053563595696865,97.32083550000164,57.62197452914295,24.979847162500057,0.7414529059902928,True
0.8937995740551715,113.02758060319712,1.7103254245258932,0.1482467261877346,15.745458121106278,0.5570205145407503,50.20608211685108,207.5392872883468,1.7719790038925851,106.01719683496673,103.94972711864358,15.337125175661871,0.4062004259448284,True
0.6276334925831316,177.14320845640026,2.354208091253552,0.072298854686861,10.423440312382011,0.9932348650500892,49.30959716358576,205.43956014604777,2.708049045768939,88.49294166311934,71.96306355579205,20.26804561626103,0.6723665074168683,True
0.6020499634197581,134.05400657072514,2.074145729869998,0.1952787036184833,6.380094039585505,0.9389720182233146,33.36553655605691,202.2212050293336,2.1733753302976506,94.30701267913152,77.67784022483156,26.751753799059586,0.6979500365802418,True
0.8817202719784222,86.41760979687348,1.5402851447322212,0.2799100181565724,14.003125001501374,0.3237778394886589,42.41183396125405,202.24348638196184,1.7095417504575856,102.70835891958032,109.07870297711288,16.961240741436423,0.4182797280215777,False
0.7062171175542306,159.4328528206614,2.522749031011371,0.2466739247154375,9.68169323762847,0.6712323773214101,40.55188164710463,202.7746894459732,2.475321578691956,122.80398761852123,90.24549756814824,18.952228368862407,0.5937828824457694,True
0.7557151829023612,147.4776161525876,2.515746361167261,0.2590545772968091,14.7716387077145,0.3457891187935185,56.74735215522928,211.25226868142508,2.523172669100889,110.89995765662856,103.20237170401676,13.522467237823548,0.5442848170976389,True
0.7027970443730585,179.5034487986509,2.507769695498734,0.2820579490255826,13.004971717135962,0.9467334465603976,54.29983490353538,205.3277237192668,2.301675981347623,105.259018496064,80.28038600301109,15.211660019377485,0.5972029556269416,False
0.7673166253210869,198.40188722634392,2.585585535806022,0.2091358758463845,8.317177785760364,0.6090814388795216,44.03080910055608,204.41934411074277,2.802110064507154,91.13921957960228,57.49097708772601,19.260961572716564,0.532683374678913,True
0.7849931794872298,246.38581179137253,2.7768414475598155,0.2987306826633746,10.15324151227188,0.5929059027496011,56.65620302504184,213.0118574233039,3.1663018667023755,126.945592167587,60.01905355305704,15.699764990849165,0.5150068205127702,True
0.3126066134589169,174.18655157198498,2.6254574969992874,0.0583203924699127,8.557940746658918,0.4910622222875174,47.78472266260725,206.9703707696235,2.636525068154959,130.0,66.48572026964382,16.477871613173765,0.9873933865410832,False
0.8333145337219067,145.1199621932477,2.1724057191733386,0.2587099190358906,10.393760498633869,0.6981732862745076,47.10154133709384,209.97109868145415,2.2861476764148208,66.55337798359639,83.45508511718093,17.097286642327987,0.4666854662780932,True
0.5035961160339398,179.91948421711143,2.3959812139753,0.2642526673805654,11.248615875670694,0.4014991060953749,47.054930842761415,208.17297857865177,2.713598988066192,130.0,78.12124142484433,18.571977870251548,0.7964038839660601,True
0.4115401728881177,107.99980620262748,1.9361745629222005,0.2791750976904912,13.504603941655027,0.859268500374883,35.86674739165571,197.3803387932892,2.123068727323926,84.23508028639941,80.53919983027635,17.181621448807352,0.8884598271118823,True
0.6883177512282634,104.4446542322467,1.7477005045095957,0.1695423644089622,13.089449047369287,0.6438472413926085,45.28052504782346,209.1399859331783,1.6065322464697864,99.00159823165316,109.68949238150894,16.06288942262224,0.6116822487717366,True
0.7167962006628908,264.22928476336506,3.135865554075193,0.2469389809051499,8.40885006446765,0.6965240239199123,52.18283539213088,203.67990658991772,3.596262074882393,118.53951697771822,42.044597111470594,23.2199081643302,0.5832037993371091,True
0.5612987670855438,103.09403029649592,1.6083822147451186,0.0987700997802949,16.60784003484175,0.8885633233581642,52.13237821623616,211.73708190212167,1.64374948100436,85.15468188218509,93.96009192773856,10.888840996447383,0.7387012329144562,True
0.8662063715335948,90.49990923083392,1.887062352234536,0.2007825562945536,10.567956739485394,0.4296041417194642,40.7331224037825,212.0944620717131,1.958530525431983,88.67615908928452,74.62795661440757,21.192074070989563,0.4337936284664052,True
0.4315649667258185,174.139742506649,2.377456283882841,0.1396612880908653,6.329643245141862,0.4226281513394809,43.63102627554338,203.62279867538223,2.58045388178428,97.24177534459469,59.53623665582858,19.696626848047305,0.8684350332741815,False
0.6186112502454881,108.4126215021344,2.0411211011121773,0.1990434126654938,7.936234363501066,0.5945611710088923,40.52895789249365,204.3527434443133,2.158022813950383,104.82054166843923,89.83271971680033,20.63568597979472,0.6813887497545119,True
0.5830251730133998,197.37279239109927,2.5488119124525515,0.2188901267895751,12.690106743229368,0.8502897688362203,58.23599797897669,208.58090494688344,2.954429680707185,100.84442897568802,74.0106708943202,19.57387935619681,0.7169748269866001,True
0.6906825459321321,236.88662936268037,2.874663078583846,0.1367671666865447,8.567404247808785,0.3409818874641023,57.09636965592952,210.0990384516292,3.1325792009954787,99.37161793402932,64.89392101390447,21.92708673484522,0.6093174540678679,True
0.7557728569294477,95.83508940640915,1.5848331010074796,0.104059574825718,11.624894886403636,0.8566191427291219,44.56220255400164,201.03683733857616,1.612275170426008,66.50457895098396,99.9766944527716,20.211948770103888,0.5442271430705523,False
0.498421410075291,184.73360139696783,2.591832357128464,0.1304219772148336,8.481242639021039,0.6505296155142668,49.83292163994051,204.5994441223349,2.984487323702299,91.04951019064195,61.51163512485424,18.331605510800827,0.801578589924709,True
0.8448565354912456,102.01204263002988,1.6847203479367754,0.2159893112768606,10.167837778201244,0.6932344149637572,38.4209486984725,205.12677448167,1.659305893946687,77.12719891685032,92.90696899486451,17.16220269038687,0.4551434645087544,False
0.7126004736669399,120.40722634251912,1.8902944547602687,0.2192185584182026,9.101059031746209,0.6950701567954212,34.96279412454833,202.54203093994263,1.7669059725341674,98.887995469359,83.65497345895528,18.79919942832174,0.58739952633306,True
0.3216107493376178,155.85103784247406,2.246965380652173,0.2353292340060247,11.231213108161665,0.3393171722704041,54.36511889923512,211.0629289435861,2.5616161464607656,102.29033775530344,61.19336653977537,21.02502560564445,0.978389250662382,False
0.3082817119205937,104.54645258958332,1.85455524827007,0.0816341521431765,10.90392803480588,0.4748395584027013,40.36150357904864,197.52786480281583,2.1063628605266542,116.96452841491904,74.42120447427678,19.57314966851109,0.9917182880794062,True
0.6975361414141377,149.04344980155915,1.9364330573798092,0.2546293475636154,11.274229734739418,0.8287082160602883,49.86495169064075,200.1061430477201,2.255298189712332,89.84298044214673,88.69514363237704,20.298329678543315,0.6024638585858624,True
0.6558065364427291,125.06400954288048,1.965891196519841,0.2220369503852388,11.495612275926616,0.5885876836424986,42.048958748740894,209.03189456406295,2.1524479871415467,91.68978556290152,100.1198183998204,14.947954320892263,0.6441934635572708,True
0.6793159772850732,199.64264428743735,2.716425687096056,0.0576262691726598,8.469499188833755,0.6923618875762979,50.093983182030165,202.6340312924016,2.7040362710993544,108.93116545317892,81.65222356468283,17.812786009282558,0.6206840227149268,True
0.6944035086939564,199.90568043546264,2.542494738305116,0.1338994623587627,6.192490376495542,0.961408035418583,35.80027435482759,201.18157278607032,2.671765867752575,121.86661426128109,88.03601566412286,21.9164245081468,0.6055964913060436,False
0.7451119679020362,104.77442258485308,1.8044856175468265,0.1666778139766193,7.713301282274058,0.3323902378221529,33.22554284527281,201.3221511793608,1.7435596143540133,74.85066137447095,84.9883585075617,20.348374009323557,0.5548880320979639,True
0.88952992196966,157.58575687751667,2.285046962646542,0.1401543725967037,16.822089877933845,0.6147762559716738,56.89481935540606,212.4142276398667,2.384694979756832,122.1439258079778,91.79026261008302,13.181645702681358,0.4104700780303401,True
0.4777790198164883,215.46284100707817,2.704808663174575,0.0793542220521032,12.373650439603876,0.5528918929935287,57.51593801705191,202.04646655789213,3.181608373974881,130.0,71.91179422540988,15.297604541242752,0.8222209801835116,True
0.465605681419841,84.68684330214931,1.522917421059054,0.1018365711262517,14.424038467721983,0.3745145983363188,47.341764467960814,197.4923797878731,1.4124236852834149,94.69987965698174,94.36338921926614,18.50321381863083,0.834394318580159,True
0.4813352284225234,124.70006362429731,1.9921485904443428,0.0561403487275331,9.27126387939148,0.9655560441318584,36.3698538529294,192.72258123040808,2.321820320332182,110.85590394660778,71.35684057192537,25.842117119295885,0.8186647715774766,True
0.7577833334337414,154.23726636451934,2.383009106417039,0.0732692903381407,10.244650619717516,0.9730217128239804,46.92874764599446,208.55529770272264,2.462248956881381,89.94984963386038,81.85061340440578,16.112166665091046,0.5422166665662587,False
0.948989475729289,83.25636335825675,1.5083745147759906,0.1165750294311361,9.707587316308404,0.5180417079325847,39.14442170225616,208.50777891247023,1.3623967828498846,86.76907126208502,96.55948730802052,20.243619070785734,0.3510105242707109,True
0.6137321123520978,110.33233196878292,1.8264863723273903,0.2549925664089326,8.127437415196948,0.962701627482355,42.90700193187123,196.8521474640952,2.020233808464712,79.18942302849968,63.71167883297173,14.35164497381184,0.6862678876479023,True
0.3,292.99843750386844,3.136742801440686,0.1816593774843,6.430726380103827,0.3246215247069999,56.8550039361637,211.94067869157604,3.764141142056277,130.0,60.7039897811508,17.28430770713019,1.0,False
0.3592014274779248,102.95933481822244,1.9648819711193315,0.1561244726727765,14.064338892817071,0.9866271932353414,44.29241224081375,202.58980609096747,2.1463585050891982,83.06904420137144,65.33986168533964,13.367519590782129,0.9407985725220752,True
0.5333926554407976,108.00010675964964,1.8501471230515156,0.2155407359896372,12.90563788555904,0.8851524114860652,40.37486703383944,197.30546363356203,1.7926326046275156,89.781098833164,85.65343243101741,22.19046333783788,0.7666073445592023,True
0.588454222500957,173.18181214781333,2.257924552141628,0.1853776400812513,7.748621777770913,0.4500311545678497,48.21694355132093,197.09405289821623,2.50680774558923,116.84539593215258,83.19960206848202,24.035486881477937,0.711545777499043,True
0.6183222745490546,79.38504361744715,1.6489201889610536,0.0828784816889065,10.878473904539506,0.7196830077542119,39.3194840690436,195.4508485533624,1.5291385944959397,103.105160007054,95.09112242510838,18.672517715101502,0.6816777254509454,True
0.7077162245961833,125.96893808792348,1.8272114724690696,0.1056558409560474,12.380630092677857,0.8588095536585119,45.33547984263024,201.7112222078612,1.792823469859507,75.7763969071221,85.07802687664619,19.268289134341547,0.5922837754038166,True
0.6376507338355105,90.86292164855148,1.5718790434693508,0.1056305902476519,10.10833034091393,0.5235092748054453,32.2390903288058,204.3747564870968,1.563540194360112,101.2422236380651,110.0,21.745906452209013,0.6623492661644894,True
0.9098679221086814,148.90629250988218,1.9722303106012904,0.1999881281530855,10.494776473454127,0.5476262544649807,41.965800900709134,205.76212892465463,1.9153474799207773,78.2443620450775,79.97012548507946,21.547901249153924,0.3901320778913186,False
0.5647965388637262,50.0,1.23998311436639,0.1654060915473366,12.984064383542586,0.7402809429150485,39.26527675669847,194.11713117671465,1.3154431752526778,48.223796581616526,74.0289000408363,19.335945559908964,0.7352034611362739,True
0.5275364081048913,139.16609479464677,2.3169293959571453,0.1468962656402134,11.355057507753449,0.4029658356534065,46.20053396169152,203.19996256889604,2.3825854225718346,96.68717776676856,83.25543055576506,13.912997008634134,0.7724635918951086,True
0.7957751077040923,156.32101054392746,2.1406003346590303,0.189159793220447,10.745341751127937,0.382747426805686,40.261141740402216,199.40882489440676,2.212485235468677,113.6399993516424,60.580983995834295,18.04833497461593,0.5042248922959076,True
0.392871586014776,111.6158042212756,1.962860202167927,0.2925289464456393,9.552781741695515,0.474863694683597,40.486741311110485,200.46120049050333,1.9029142925206075,102.43546183431472,66.3948492505094,22.043827115359743,0.907128413985224,True
0.7779383410640004,114.79216462922756,1.7928921040404324,0.1285483640139691,9.72159694413251,0.8188818217429219,34.56862491028595,197.43938703128188,1.9518302235688632,78.30938060307237,91.98760046968036,25.64692195260171,0.5220616589359997,False
0.7205106367452533,105.54283032525971,1.9582727044665609,0.1800488584083793,8.60619938079995,0.5566194584880897,40.218325730277854,198.73209644133584,1.8958321552621848,95.05404394793584,73.62730864904074,21.14436119580883,0.5794893632547466,True
0.6705115020163664,125.1974036407628,1.8476669289864047,0.1700925039110289,7.311506228761271,0.655150755156256,36.8100673933767,202.5656471864374,2.071897896857655,93.1079255789456,82.8758269381243,19.617827160442488,0.6294884979836335,True
1.0176552214298524,266.08773972290976,3.1345861069475416,0.2291607579364611,7.957973453269121,0.4368153897652728,52.86461663638569,221.51941221175616,3.55891976724193,125.43587537895156,49.16490449628671,21.16975549314422,0.2823447785701476,True
0.5755585109410564,202.81396824919423,2.6304394424738966,0.232572566995729,11.145119723606326,0.4358739671447003,55.36935470972671,216.74719745973184,2.805452730891508,90.06473955575771,82.6482449071139,16.383252613539252,0.7244414890589437,False
1.1120596341048157,125.1409320941565,2.350298257217241,0.2322676803532601,7.710841955166501,0.7553158814643669,37.95692523593584,202.54505915990944,2.358526629842096,88.13934756199374,57.20883445491548,18.057224619469668,0.1879403658951843,True
0.65491371015438,110.3499015367716,1.9773630054911973,0.1003798949846862,11.614242909411477,0.3758626763079176,46.12240824686831,200.8124331664096,1.9753528624217356,101.17829685569929,101.1440391093491,18.978173489510382,0.64508628984562,False
0.4445967110059543,193.226431182558,2.456875847311073,0.1622732840902969,11.248112908157426,0.7674885090514842,51.67520181675903,207.0340226357425,2.782522505937692,87.32717942793434,67.30565498851068,20.067278709687567,0.8554032889940457,True
0.7139839161989651,144.312321111919,2.257255913442929,0.2527936727572843,6.361563928578497,0.5804912966442344,37.18475170408871,206.97973342621157,2.331968502977983,79.65969677514482,87.07113023457624,20.16946147364621,0.5860160838010349,True
0.4847509599362463,82.45288972856133,1.980349288401272,0.1453825426351609,10.920569564586216,0.7698896395323378,36.69562068588882,190.0,1.9670991477264728,88.8042248174043,71.74876269023619,24.03730850618505,0.8152490400637538,True
0.5496488304373,118.53444151155377,1.7038301185197855,0.2960637793224822,14.488042493800451,0.567210633910842,49.09151089852876,203.43558465365533,1.777785612436686,94.4092700832852,110.0,13.616066382294289,0.7503511695627001,True
0.7794066600030982,251.2824877574145,2.883887595674007,0.1411966854480498,9.69118545943276,0.8922365285546487,60.691884997236464,211.5890953465212,2.9626620342168226,108.35473798476814,55.782004399491726,14.35195032010259,0.5205933399969018,True
0.811116417730025,169.79564443672228,2.322830521626784,0.174416706835492,5.828672672201965,0.3388893184509579,37.35879563218708,196.63528882492128,2.441413166432662,96.66467673937146,45.74320819377597,21.560158160552607,0.4888835822699751,True
0.5755664599491483,110.89124558986612,1.8245667306476363,0.1686313987006367,12.452304396687952,0.9253081182685235,45.66496283281416,196.77797225211745,1.9725814329306075,79.7861690168846,88.5599590689204,19.208529282507097,0.7244335400508517,True
0.8974810290092801,69.44133215615136,1.5056171524997295,0.1584159506173106,10.10503507388695,0.4880628240666667,31.88069224271082,198.26736891747677,1.4567959530588517,77.39392765972887,106.88202579432748,21.365327639605027,0.40251897099072,True
0.9315015516042268,148.54679919141535,1.992739553692336,0.2614078420799054,11.847032860758596,0.3297795469758371,40.95007869929997,206.41407371187265,2.2185320990534843,101.23019680753735,98.21028895745256,19.123837680277763,0.3684984483957731,True
0.987260351312658,134.39908258145272,2.285786068684124,0.0888188093870033,9.062636627012148,0.6936830953175277,41.06301205950652,210.4650768169288,2.2839470281982077,111.4445575192656,93.4597467655333,23.52786286987432,0.3127396486873419,True
0.8058826814251444,123.35310157111346,1.7734335227974147,0.1919161766034957,10.662972794013635,0.4570479612667674,43.106939488166425,205.936037962328,1.7427098107400352,59.11868769255038,96.9901192602876,16.809679167518674,0.4941173185748555,True
0.9726857424171398,194.31779769580217,2.524510460123042,0.2046503943388559,8.319685550637072,0.6214421862288837,45.96341590631553,213.42023040404084,2.494788038000541,110.2889044057004,62.92262589303119,17.044323825638696,0.3273142575828602,True
0.3238403144051884,170.8352887534772,2.5235568987919224,0.2628053270173427,9.931911792462124,0.8616199442434724,41.88972096453237,199.9832399057214,2.704745435027774,106.7418777171642,76.97664549014902,18.724792592727,0.9761596855948116,True
0.6364186902743074,70.23071124755539,1.5573179614085653,0.2023000399815271,10.48783081493978,0.8540827325237061,36.21868404052311,195.91239209651192,1.8249189131548031,90.65527620907594,89.58512794536426,23.40264092543608,0.6635813097256926,False
0.5265989487353147,134.75379314507492,1.9311212201251844,0.2900050869469451,10.0826475919688,0.7202699313983902,43.11816174537117,200.79753428803457,2.0900240796622733,113.990820278169,70.87275893262105,22.503983496309186,0.7734010512646854,True
0.7238451722254784,76.30502249934149,1.4081388315386385,0.2680419280652322,9.040178576728362,0.9845103360603532,30.76258224475431,201.11936779665464,1.2669637307525967,65.4123529672021,89.92355642103021,19.46522662023946,0.5761548277745216,True
0.5857101561606525,106.32094131383862,1.8160676511065417,0.1371849870881828,12.165674166261686,0.6246257666721977,38.59625174251261,204.11291405220584,1.735907863286244,107.76416507743616,87.04148806798366,22.68357523466532,0.7142898438393475,True
0.6667684316100535,74.2652149692206,1.4805672848761948,0.2649766113227086,12.048853589570664,0.3275718732483693,37.842598474415766,199.12012785590872,1.173130201581288,71.87946470601331,110.0,17.885963448761665,0.6332315683899465,False
1.0764349760408098,75.21624689366737,1.6325146389047858,0.2896194535233639,8.089736772884855,0.8735976048673315,33.54626355876613,199.65245509229115,1.4028546887332594,76.90906401133583,81.84567478612709,23.557837185754767,0.2235650239591902,True
0.6660560407159243,157.36233563704317,2.048681012937718,0.1142992952311465,12.351894610977462,0.4549057090398025,50.36685477158058,207.44099126077748,2.264838574300041,97.45115685884323,78.32612340900708,20.4137545135179,0.6339439592840757,True
0.7827584634380428,149.89630849357172,2.321125828481717,0.2025522016661021,9.914032935875818,0.4233671662979171,41.19030531030285,206.42072997776611,2.3617888168156966,103.7301166098918,69.29239641010153,15.692325491458496,0.5172415365619571,True
0.6535461340151529,130.0828183312055,2.0579949751243136,0.1204509780855338,11.014386541757304,0.3490069453765441,43.84660922997383,208.05702600174217,2.027894215331333,87.18550357360162,105.00291574890268,18.999341269327797,0.6464538659848471,True
0.7151426575913666,102.32535418650612,1.8470782926449203,0.2123918197705543,12.840179303107098,0.5295299605470472,46.05274446440021,200.93090768100683,1.7393985653158923,99.54130149807794,83.38065089231479,12.602082137432896,0.5848573424086334,False
0.7012033360872143,72.35868288566216,1.7950309798212998,0.0734107011367554,12.419676641250046,0.5283112769379315,35.520462772729104,196.69649089179185,1.841498926177927,114.80403811769727,106.91816818934794,21.679306138820845,0.5987966639127857,True
0.7896648131946319,106.53920396936468,1.7866443069991376,0.2335470054672643,13.645741277165415,0.5119400723765166,45.536504879351085,207.5437669637076,1.7882493596150593,76.54055417453968,82.44676758582442,14.117654814939243,0.510335186805368,True
0.9330615071094354,150.21825245773954,2.092873515451933,0.1549549571488357,9.650821306908783,0.7152350578380742,47.41659158787717,206.5608146889968,2.0767549987704257,94.21323699634029,88.08143198107885,20.032818825088675,0.3669384928905645,True
1.0294787995206658,148.57153633093066,2.1064077463954143,0.1968267946691091,12.601456995742735,0.8260795185296741,44.6864104861669,206.67748871830003,2.1093541921954664,100.40378250471552,93.86189821905955,18.940874392089032,0.2705212004793342,False
0.7619240163818333,248.55464377941584,2.959558164806838,0.0564656006308745,8.796450571146622,0.9564367030531372,57.12674715474235,217.18829543561063,3.467060715746593,103.91565275599848,78.74907088159338,19.019005510547863,0.5380759836181668,False
0.8179093772071204,230.1876230587346,2.8278562502511777,0.223860363802582,9.9734163188575,0.3658350550761033,58.43222649795881,207.16810163991457,3.2608353073348395,130.0,82.92282365555997,20.42974020074149,0.4820906227928796,False
0.4698270981628866,132.49928525857248,1.9353896215783135,0.1739978385338108,11.502997045501084,0.4052672827417029,43.93869233741799,209.25067195442725,2.258197905270523,96.5191304127142,83.08792559441802,17.308802472036188,0.8301729018371133,False
0.6824246515168758,106.0505716438506,1.5449417851958458,0.2063127519219605,13.820696426091644,0.7128897573671971,44.574296307178194,200.47752787201517,1.296054039180316,84.25172614920123,90.1223811131219,17.3832214944062,0.6175753484831241,False
0.8880578929767178,91.80953111273696,1.6503368987700398,0.1289169930940435,12.93453566180118,0.3686949157140822,45.39859118182924,208.65777397076548,1.603922820833185,74.05055074840102,110.0,16.454632150402333,0.4119421070232822,True
0.8731937276834306,68.61977947071848,1.6029320857087814,0.0864550433553536,10.790363912845406,0.559534999233484,35.09863745451939,200.75112301833863,1.4698776038223722,85.83832107534316,84.63666786469612,17.211833956834933,0.4268062723165693,True
0.74232194655901,79.35411724897318,1.6552716839298092,0.1588572354990355,10.160838392718818,0.7371865613822258,28.75262307468537,199.1382777459665,1.703979421954512,84.72632826782008,60.58035615706263,19.919297878294543,0.55767805344099,True
0.8772787919135905,150.3248801341947,2.3825322115474314,0.2859947803215908,10.184693032875863,0.8463815224272031,44.07504929121118,205.470932708238,2.6623957447985958,104.01230261063274,56.717996040201605,18.15038988026512,0.4227212080864095,True
0.7981533417987637,176.6721005161377,2.7066997857236696,0.1069485066634513,8.147679020335177,0.4523195012206221,45.27768620312353,210.19609068227757,2.9041419124169074,99.78619334738104,48.68020104428842,16.893057132823646,0.5018466582012362,True
0.9400612516518644,115.57983733683552,2.0385387644134543,0.2189597530088129,8.604740085018996,0.7675898948679083,39.57836419420186,203.43414996730104,1.9150200326395104,77.50929582412535,88.33125523665828,16.258467385863153,0.3599387483481358,True
0.7578718313914222,315.0,3.727378096361234,0.0624608860086353,2.648284567544308,0.7521087660930492,47.92502472732398,209.18018350751385,4.084695814128293,130.0,63.88386295313156,18.82155238062004,0.5421281686085777,True
0.628860336885793,79.64307239807734,1.7521607230240863,0.2295249463167321,8.158046629611444,0.90173128838082,31.432249262652057,204.757717629606,1.8494584917491792,106.414051887813,55.43327271806023,13.051301866695136,0.671139663114207,True
0.7671682513866047,66.49300997945082,1.788428968224714,0.1096092967003732,16.17101981481524,0.5196232470347932,48.01771865665842,203.8397546073884,1.8319381613562944,98.88965526244964,92.5884767917824,15.527217218581004,0.5328317486133953,True
0.3,315.0,3.79762804514369,0.1628792650573331,5.88569945081449,0.8250643054217235,56.21426314722606,205.76149670008965,4.2,130.0,38.76102162277044,21.65987312582968,1.0,True
0.7765771472770099,71.16252069737534,1.7119749411958416,0.1419382751486935,15.906687287053764,0.8263999051090463,40.58532561849908,195.7925047344128,1.6891073138511683,91.16062098363264,110.0,12.446884449321866,0.52342285272299,True
0.3,114.86787131540832,2.0248999924869544,0.0782100858293388,11.819318438864926,0.4674361793938801,46.77183177666699,206.74046074652205,2.1584570528683087,113.49243506180042,70.34820981802937,18.175998109580515,1.0,True
0.3553073185189163,94.982987362399,1.729079073108587,0.1363954881279439,11.180838579877388,0.7348104864308993,38.88113486013544,194.73565970658623,1.8263421491907288,104.54199354866304,90.27286559910593,20.706222628976345,0.9446926814810837,True
0.7903537201881968,155.71362527886737,2.2395084100863523,0.1375312395732963,6.895823487973674,0.772613461367925,42.37177364336083,213.38641938066385,2.439886827150274,117.98675204353952,68.04828386239444,15.866620735068771,0.5096462798118031,True
0.795505867453359,111.02458983204272,1.8375211189538023,0.1805264097574379,11.011828953290538,0.4920998888355916,36.95787280816844,203.7534398109405,1.950567296974004,110.90968191955912,110.0,17.857074113940556,0.504494132546641,True
0.4675142439720138,176.94664990758662,2.5087609408949514,0.2930878832349968,13.977764588993544,0.6162599967552473,54.03061400633152,206.00824989609364,2.738260547636808,93.76260829113733,81.7780777956964,19.070824394957945,0.8324857560279861,False
0.5575795916242122,196.31064301144264,2.462432938487639,0.1675043806276576,12.893209262630858,0.605044409079545,56.29426190514036,208.4906928254698,2.68616549097644,120.71836334612176,82.9264677564893,14.537506228710775,0.7424204083757877,True
0.9741081977228264,68.40288254783528,1.5185571289156956,0.2786065389081584,12.37207315007364,0.8414566978597253,38.21664299136982,212.1896151080753,1.4245240545047313,79.55046413217325,99.77811732877908,16.190032014598142,0.3258918022771737,True
0.6031939736854647,90.584570325371,1.3714010798262228,0.1653894146406388,8.842407329152287,0.3004838791396205,31.237463024555662,190.0,1.2587249514231496,88.7171301771055,80.50333904816345,24.091307326501497,0.6968060263145353,False
1.148584062480597,184.5157669328127,2.7345896196783777,0.0768858252187348,7.572952435661237,0.6507186280196853,36.61279649559721,209.48185717116883,2.7407271004898903,72.96607875598873,82.70903848906184,17.28420341524269,0.151415937519403,False
0.6996160293647308,216.3228304162792,2.6975114559422857,0.107538223818985,7.230486997043562,0.429038569494668,51.54341163314199,207.6649928539858,3.003051938724852,90.46138486784542,49.30230491015459,21.93670450028252,0.6003839706352692,True
0.7816072353762533,142.49223239544705,2.208274924764063,0.1518794190144,13.247080657079897,0.7527893776388037,49.68792767590144,205.95685452014203,2.2024488479739133,89.59937368451327,63.54419529938017,18.02569611995288,0.5183927646237467,True
1.0233748796997215,161.31572494538182,2.5091938037697648,0.1313421932425462,13.686101910422398,0.7762582040796647,55.49327359057955,212.64686216738835,2.690742444175316,73.29467540986602,86.31374508367088,14.69102943855971,0.2766251203002785,True
0.7262054232386839,256.85510784804444,3.0998848784005326,0.2664573218831229,8.807572295663888,0.6507885560855082,57.46225037204168,211.04225400036665,3.407238810407108,111.94637381278868,71.29450495944202,23.284779390294894,0.5737945767613162,True
0.4995312038618397,111.64358182773724,2.109800209935913,0.2196614005491378,10.323638568949791,0.6794206792490871,41.77031972179682,200.8222337245784,2.3300221392757305,109.72410472813456,71.16583176384236,22.11029484618784,0.8004687961381602,True
0.6780545096611419,141.7527987473569,1.9477617181561504,0.1945771129796683,13.85561271520174,0.5205407323386181,48.986426671604754,205.23836111791735,2.1360355659316244,88.65889748254979,92.92201138450494,13.303049414406548,0.6219454903388582,False
0.6928778527619818,230.31967248260344,3.2021638683004827,0.1728073878091726,6.701384105410237,0.5193258755102599,49.17015286456822,203.123083014144,3.611618115626379,121.59495787548164,40.66271560411068,20.262390903933152,0.6071221472380182,False
0.4270516695596869,237.8018517600941,3.065481343854068,0.1493176545722667,8.83357798903911,0.8215819418952524,56.734273430593866,209.219631350379,3.371434346064023,102.49352502632142,70.82184806047131,23.954916904995944,0.8729483304403132,True
0.6488335857318352,125.63655012565584,2.0364727748782427,0.2030481099580028,11.757067296739685,0.3922119571984238,44.4881399340314,205.9851247245408,2.178157972141587,105.27394145981056,92.24131781677072,15.714385922544864,0.6511664142681648,True
0.5515615812005126,91.76224438423549,1.9478598549677009,0.0811517913610952,9.450118265295684,0.840052320285305,41.72678533683806,197.88159922873427,2.0689658513476474,99.27586752662506,79.50827361952595,21.200475404398063,0.7484384187994875,False
0.8848715514374867,124.99573229094666,1.824670625429168,0.0906332970542264,9.351065531702083,0.7585092271213478,35.33314017257678,210.65810346734605,1.6804393135520204,64.92523502383872,86.52957508163793,20.61812679589029,0.4151284485625133,True
0.7069223748370511,130.6063268057426,2.0015583826305168,0.125779088349175,9.078863443283907,0.9191322792588486,35.1939875808128,206.5297843519525,2.28763415820677,78.59256910737474,62.14120067548643,20.513229683321203,0.5930776251629488,False
0.6434408501704859,90.4077968844781,1.9398999345361816,0.0927961541152686,14.489458739253182,0.4821012845398582,47.89418700035128,206.33544428881933,2.2172553113653946,77.06469472602913,77.1975065943785,18.173642118754305,0.656559149829514,True
0.6787636138754847,95.96145458112257,1.487632609514736,0.2192746797562041,15.484301827065387,0.6543253362713428,44.93088902888978,205.9981084348125,1.6361604367836875,93.39765549365109,100.1978767389052,17.631022988500927,0.6212363861245154,True
0.7446244036812332,237.97414139043667,2.9878617973673145,0.0561920803515613,8.969009021492575,0.3272926580704623,58.831123966825366,212.25995249197743,3.345624179214992,122.39297651936128,70.26314052753418,17.75637136490312,0.5553755963187668,False
0.8233628399379559,164.96320599597618,2.3995320719445825,0.0900443729166875,9.440581400578296,0.9387546025383496,48.8006553542569,212.32296627894567,2.587954166324306,94.13062482098444,82.48115910859605,15.705876065953088,0.476637160062044,False
0.5000575542661236,115.12035427841906,2.216346706750677,0.2756520273747008,9.608183258003203,0.7727740224754107,43.871886898090175,207.09988959040604,2.2635521092151274,97.16591175318143,70.61635586027137,19.62741719687389,0.7999424457338764,True
0.4916824734757455,81.48240985792279,1.4144159659050468,0.2993857870555217,11.537158512148114,0.736012674350009,41.19808342147109,202.07845392949085,1.3923094340189477,91.05101390514562,99.24520977140534,18.075698681950296,0.8083175265242544,True
0.920935843080506,96.44282829620234,2.0129872849243635,0.1718976194570232,10.05354123750742,0.8128824406906221,34.90476275204676,200.303202664099,2.135070279738044,91.10912227480532,102.4482568009606,19.08845607332974,0.3790641569194941,True
0.6175326255590539,64.87411952107202,1.4350723446962408,0.1738425182554395,11.61879931543922,0.4990301997315551,31.72070830991366,196.8273741043481,1.2564049110859097,80.00293263294499,91.57888695002605,23.49519496789385,0.6824673744409462,True
0.4166315814806251,144.26461229537267,2.087065479376203,0.2433496905593595,11.312349189291924,0.7227021881265641,50.15986602373725,204.9220478785509,2.066812371908535,91.6439897314648,82.37358945340489,17.52512225424726,0.8833684185193749,False
0.7887625418766209,94.24539016777776,1.570662463298253,0.0590473944051437,10.41189450284119,0.8606453372836715,33.5521523072113,203.87369295905089,1.5174327049071612,80.12041162367115,87.1916135566304,22.829116394111267,0.5112374581233792,True
0.7926739612065373,149.73024343869548,2.034664141889525,0.1567553704752445,9.887761880352466,0.3632061112928449,48.52025766046046,206.51159703598827,2.2132672086370024,96.76926160287972,79.68596140552194,19.24310575135407,0.5073260387934626,True
0.3938569485486586,183.57644337472965,2.529139899115925,0.0749569704537399,9.287624152095797,0.9711718225032092,48.75574095942805,200.9135950811818,2.691074872767269,130.0,68.8047143933363,20.027664144413816,0.9061430514513412,True
0.7458963430927212,150.78057757503848,2.0393948333831045,0.1502315956641214,9.5873100472518,0.9243207617509226,43.12206943259756,211.01088989878545,2.1097512926056305,84.81583072056124,100.0997364053183,13.704986709078034,0.5541036569072788,True
0.8471166184856747,108.88010508719518,1.9820834907454987,0.2959554602822187,10.068972778994825,0.9741131837343496,40.51590666566004,199.48740383605963,1.9796081892103143,89.04386762032613,95.31109271015694,25.00734525295222,0.4528833815143254,False
0.7748772903412525,88.55481398167484,1.608993604807936,0.2384083202008403,13.082845874790827,0.865843956322123,43.57157305877177,199.41593631512103,1.425514352455188,88.46880507482675,105.76791957009654,18.84145996226456,0.5251227096587474,True
0.826396296752279,77.1138536556229,1.434955758367686,0.2962614689213045,7.7163313704506145,0.5060177647075241,30.535827739724613,194.21705149114933,0.93707779390989,104.75164771772828,80.20897377231697,17.841855894078343,0.4736037032477209,True
0.4191461803818501,226.13971839327377,2.7299463751922057,0.2365121564176504,12.39290075872385,0.707088827344258,61.72104927765372,204.95090434853256,2.8903524653387764,102.97789017152112,60.44779476293218,19.988819924215917,0.8808538196181499,False
0.7662080309992391,147.65932661701555,2.23178069169957,0.202027517951647,10.640296939940312,0.3841136955668791,49.04585626773304,211.58523043116827,2.3720245566311657,122.7161870032808,85.05714000740659,16.923121935756154,0.5337919690007609,True
0.6394760481059106,111.61294354716956,1.8513005590877036,0.2385552082318108,12.333005683321282,0.8279167121662392,44.05994136110148,207.5582940607707,1.980621659585671,87.44720016775088,103.28560368212156,15.145007648527187,0.6605239518940893,True
0.603441968255071,171.70574441162967,2.378777473042957,0.2147729182427462,11.504467723518191,0.4075477661949696,47.51274807162739,204.649921915756,2.6337727159016278,130.0,98.29714960615097,20.383889171948105,0.6965580317449289,True
0.8741111218839452,207.81350594839785,2.766939166862595,0.166016507475477,7.701626740861582,0.9067767544469624,50.718410980571456,212.28736849609788,3.041386317169914,107.52959207102684,36.99641222842163,12.7201332320674,0.4258888781160548,True
0.995854902134846,95.05663548568404,1.9228163016280144,0.1231365835013025,9.277391737663356,0.4683898667589679,30.03842024565967,201.93743755661987,1.815293508801935,70.81302371408307,110.0,18.55593531449569,0.3041450978651541,True
1.0588740109200718,145.54893570499073,2.117877189351511,0.1800445148335887,8.109126731071747,0.4122883350980492,41.393978221562,202.9773754271894,2.0370510112728324,91.4895542857126,84.87877602708483,19.792407513794657,0.2411259890799282,True
0.962961574301181,146.949732205855,2.0189645553104167,0.1146233684753576,9.811355154671716,0.3496330545836807,45.51313246773846,216.74697752631133,2.119660001780865,116.12336883134292,94.74390924126187,18.032391524730038,0.337038425698819,True
0.6780531636739632,251.1357290794824,3.0205000044742367,0.1716690866105363,10.01780719798158,0.797955589635568,53.6832849415707,215.7131461347588,3.3074014867222927,115.16313995033656,44.055914211241344,21.24136326572883,0.6219468363260368,True
0.7705440326052686,110.92501478737428,1.9579975562146048,0.0865338514802715,9.719073278341453,0.4303426438335163,41.72669013781247,204.7036420947948,2.090304957578792,94.86478472752256,79.68925252556032,18.67606144834947,0.5294559673947314,True
0.8533645743568488,87.2933725416061,1.4792381844370563,0.1913487747425102,12.76616890264336,0.4383674684432039,41.375151145800906,200.00057872237736,1.4992308348637788,96.38029293253676,107.72040648523478,19.878648096647765,0.4466354256431513,True
0.7242355898598923,153.25081750618978,2.0924152954983803,0.1113209227030262,5.0320586033939465,0.4187876227039447,33.81070322100452,200.79940585359776,2.3556589236973253,95.85091594190304,53.14019918059544,28.0,0.5757644101401076,True
0.7261528375823089,178.7091181736982,2.3217949109951443,0.1234020259853924,8.934988028527885,0.514056585727946,48.417742651184994,204.1427599795109,2.4243378836108653,100.82530664211882,38.84721371829113,19.757236968225005,0.5738471624176911,True
0.8647506263752364,139.95510730516452,2.08846753013326,0.1747570354455971,13.048510277252475,0.9588480038898756,45.02487808958095,206.71781918662003,2.303935482326913,73.60037407076139,93.85833573564466,18.076327987969982,0.4352493736247635,True
0.6881434707948135,260.0914730856727,2.966576699141364,0.0906315632553951,7.942216648585433,0.6406351745470255,56.11454674742614,212.5886505336129,3.518286617586263,130.0,59.67863714316543,15.409555747791872,0.6118565292051865,False
0.5541426127252677,110.7706919579515,1.9922216444281469,0.2905949709089798,9.182011545191306,0.4826145575140367,31.873065174840768,196.36365883334105,2.0740750353414024,81.31277578584879,94.83343261650305,25.878247274681414,0.7458573872747323,True
0.6171053868328282,141.5940556242382,1.891982464775143,0.161736078848219,9.006251910061,0.4192735317931211,42.05965345321198,196.70055905122595,2.0611606869015096,102.11240834035864,76.40157762100068,20.003186323414585,0.6828946131671718,True
0.8267820755467484,70.15379150865212,1.3242725274900535,0.1380698074066877,5.075582114094192,0.3132309937938066,25.68603465504828,206.3825357382772,1.1400668954004662,92.39624630978892,79.55417682630654,21.70743185777973,0.4732179244532515,True
0.7005986582399911,85.40123406068392,1.633126550758752,0.0572991512731452,9.236813452001464,0.5554948529478432,33.25532500028742,200.04503867393228,1.711550330750862,88.55131264777755,93.31358794031996,21.14885233717975,0.5994013417600088,True
0.7680419953736676,95.30869319201194,1.7361216249151172,0.2608135907780582,13.610374542071469,0.3770430319582575,45.10459196243711,205.59992233373927,1.9284383134875196,73.85170261825803,107.75609121819969,17.232576453962743,0.5319580046263324,True
0.834015848440438,119.03612270867022,1.7340924007406462,0.206458478826596,9.575623704072228,0.3189083969684138,39.28174700426707,201.88200126869936,1.683258635377726,78.56106361663599,77.06412330472597,19.03619773940152,0.4659841515595619,True
0.6250317074204781,73.9728908645801,1.500770800519506,0.1541012887103243,10.64649036803486,0.372085794155083,39.204516448129006,193.36203670390032,1.5542621877662248,98.8497818831698,100.59725031414708,22.117163379022035,0.674968292579522,True
0.8512496327259612,170.52573493191886,2.3040493068424874,0.1113831998346189,4.8005499597453625,0.5229650614746844,38.78453108578223,204.93066818951897,2.458973186027547,88.9504729592274,59.244949737030026,25.48322241821024,0.4487503672740387,False
0.7757685206916789,91.86302601074628,1.6759095160326485,0.2362843546688462,7.75862238695893,0.825604591006802,34.347166116438686,199.23677058730783,1.729305813246965,52.275282651744064,81.8645380497773,26.57955090670214,0.5242314793083211,True
0.4530373826177042,315.0,3.542782222493394,0.2863686439354168,9.948108192919456,0.3468903758179684,64.58217835793563,215.64923962167143,4.2,130.0,61.25168146533177,15.97832167548901,0.8469626173822957,True
0.9884609582372488,93.18298868149726,1.646227076788444,0.145202426413005,12.680753181188484,0.7750717466296075,40.59081499827782,208.621276408708,1.6744322996853045,66.54461428248689,107.62021887115972,15.765485071403976,0.3115390417627512,False
0.5998510512486167,134.79561038131675,2.3000403280517747,0.0837190170948078,7.719313143969551,0.7343797701608724,37.164826254976106,203.68700413670476,2.403689101523125,109.4928176555282,73.97147525744903,18.68931065349876,0.7001489487513832,True
0.3689809313629631,127.08696871106332,2.0899264456485422,0.0772986868181843,9.325175301739776,0.9173931438267516,40.78039930912186,202.64948725596904,2.317843091913701,94.78623043077624,60.48926189128109,25.834538869156937,0.9310190686370368,True
0.4909912580827394,82.62753539762198,1.5399532550847774,0.0515904930834714,11.44852520824548,0.4287909059304413,38.00257116123509,205.13042603709903,1.6580116524862414,89.94542920004298,66.08486025808581,18.5265676628555,0.8090087419172605,True
0.4957909678643355,119.24323944315516,1.9681226395503773,0.2359888601929304,8.222140679278343,0.8559873939752818,40.44340044717862,201.4274183715299,1.9717126457160976,94.94398186182777,72.04197549956828,23.2351687205335,0.8042090321356645,True
0.7104346637315067,118.58014408684006,1.9672434504855607,0.2953488464754176,6.456440862706957,0.9054056519336526,34.13156141192459,204.92599669022465,2.021504869092133,71.85426400128382,84.78871468882522,22.32293380690452,0.5895653362684934,False
0.6452298988907526,196.40677482480737,2.7534624197731263,0.298204438188392,9.114415200786707,0.9835388921562158,49.10266016386836,208.68413483991648,2.655324928821768,92.13218068724612,72.42710350007924,23.38024242672948,0.6547701011092475,True
0.6326336064718814,156.0043439715923,2.157977387435286,0.2460493135857314,11.451660645292469,0.8659845506134107,43.12545863643084,195.8816181249212,2.390467330652405,92.03062323830991,83.94719283049865,20.008824534342107,0.6673663935281187,True
0.8239403930964957,169.3112363749696,2.4695906956578426,0.0905459445740109,11.254483848656443,0.3866377405734285,51.40511010875909,208.0656965039545,2.738295658767873,88.90599118980595,79.19657140134755,15.170783669825362,0.4760596069035043,False
0.7679750722385407,194.26825171876877,2.5604241851175216,0.2944273639782804,11.428693717254886,0.9629903071144016,50.14031811628801,204.95419636044383,2.6991479438673887,110.13371328179588,80.74744472540225,22.38789790497311,0.5320249277614593,True
0.7632095741288571,170.64454362169138,2.5888913264408457,0.1319533607504877,6.510572238893943,0.8704944369626486,37.06841451772192,204.62205966678164,2.7585241232092086,95.82182102247108,53.1094478597798,22.82647314206884,0.5367904258711429,True
0.7819656914657385,144.97713586419013,2.3534508048094325,0.1334049023731359,10.517795756063844,0.4486276291182738,49.26784669195545,203.6023504255143,2.424903216114595,81.0944586871437,88.29567285849016,20.094337340696256,0.5180343085342616,True
0.8232269336004476,94.94913648296152,1.7891399875525822,0.2218342382231097,10.700322542002624,0.4156381803824066,40.74734152085788,205.5399075206305,1.7208684404472503,83.2530960367091,98.43673391495923,21.892285626951733,0.4767730663995524,True
0.3,140.6557572839152,2.0859036651189125,0.0622622967686128,10.276310860795702,0.9554899052802668,46.30733758017741,203.8815758026089,2.2818429847470627,100.64056301976323,70.17707435192551,20.2707776871561,1.0,True
0.6271123495471077,87.8370447156426,1.7786872441770591,0.2564424324768898,10.953013601123333,0.4089890382741149,39.61935839662106,205.01391350765263,1.657491944822412,88.47675441588349,91.5539525422406,21.97379634193253,0.6728876504528922,True
0.3,123.35231850475412,1.959751043968958,0.299324319121936,9.326672269577893,0.8439723697863606,39.31083591809957,203.78624364072547,2.0513629435492624,104.36961722455294,53.50050501873454,20.1826051251495,1.0,True
0.7072119853595591,116.20939257556196,2.181721206501246,0.2437674445224793,4.269091934365553,0.5836814779842108,28.79068056675664,192.10883872394896,2.0949297241338103,106.4963266580794,67.27454835268145,27.072531766174126,0.592788014640441,True
0.6990734055551309,119.52529994994032,1.9679729113260744,0.2454191228018333,13.404568446156556,0.806663685844931,48.80858975344465,200.0299116195725,2.12372589403911,127.01994835037348,88.69858513300724,19.698298788006475,0.6009265944448692,True
0.909106454957936,74.23083083720735,1.5330002518207333,0.1475784176416377,12.389823408975465,0.3642959661166541,42.6069389633356,215.75915420572068,1.5036033985650732,103.22675185032377,110.0,14.3996755270156,0.3908935450420641,False
0.937526878544224,50.0,1.3310577370889112,0.0664803472539142,8.834562467419683,0.8075408014169285,29.697661197577894,203.78501736854383,1.1791044176817704,48.63403889449441,89.79290341542492,19.434605448811716,0.3624731214557759,True
0.7405550096504734,106.9476183955058,1.6736256093842403,0.2481668585586058,12.115832505464958,0.6583379641233562,48.85984131140003,205.83756688216,1.697323449766496,82.3870942383289,102.0299447045148,16.868395153045117,0.5594449903495267,False
0.59992778452062,217.1640152569584,2.8207959912696654,0.1992895217262001,8.106977149971517,0.9302648697371934,48.060285051651306,206.63946469343352,3.062186061369641,104.42719789949152,57.70781715560334,20.120716861351795,0.7000722154793799,True
0.7970322225091475,133.87826487486353,1.948024438602983,0.2773346722805211,9.66845213613345,0.4318788920707694,37.28658029535392,202.7730238171573,2.21229614276828,104.82587915170072,54.800763893587934,18.71975268356722,0.5029677774908525,False
0.5944164725351373,209.20612006565108,2.8383711983533706,0.0789907250417081,7.543777715542409,0.376549254582501,41.51896607287253,196.49516539121,3.055898002961395,104.36586688486967,58.23261754495032,23.313298835454763,0.7055835274648627,False
0.6997214697113302,88.0664989432525,1.510591733445784,0.1262807657735271,12.596050058856438,0.437354208939406,36.17754387549391,196.9563662519045,1.576105091638061,81.22661333073839,97.07793848452532,20.597066854275493,0.6002785302886697,True
0.8972272633921535,104.68376194199725,1.856556312881965,0.1401640384308466,9.356080427708411,0.3550027570745659,36.16156082519732,202.49109906015107,1.763355779947923,74.08175975650424,86.73947145157193,20.400524114968672,0.4027727366078464,True
0.5884457308021153,315.0,3.692533563774618,0.2208199271361728,4.91696369060068,0.9861053786032206,53.95448057974287,208.3842534417067,4.2,116.58520617334636,42.85009848651975,21.18499586769487,0.7115542691978847,False
0.8611357278485001,90.18427794320532,1.3986371638520971,0.2469362907757887,13.866521580355494,0.3859996381378953,45.82965111086421,202.6049730558216,1.5354524681379145,76.84358010270843,95.5167151357081,16.419947416487187,0.4388642721514999,False
0.8354802737384605,167.71006955956875,2.644420388045378,0.290255102146105,9.587679646440968,0.4405956619162857,45.29720760498068,217.17398044664543,2.975700746700023,102.71639471655088,69.35232556990744,15.542317055861965,0.4645197262615395,True
0.5090416365738356,167.58268990786428,2.2768687396831977,0.1238517895810386,9.659041523675588,0.8667800230934724,48.02631063546232,202.8298660571596,2.64369572647423,82.95160138968562,59.417196649395805,16.037673306644123,0.7909583634261643,False
0.8947788256434801,158.7796009308983,2.2914011147715074,0.1734091021410618,11.665388247852494,0.4727280769912506,48.18592945571076,209.3462270292765,2.427391371100805,114.6357009604188,59.86568361298855,16.81703655689009,0.4052211743565199,True
0.839713269074301,168.74083344578037,2.4356440513936946,0.0572402325203246,8.493974256114365,0.4556053381333764,43.5786179528801,207.4771416101921,2.685970352215394,111.05974891780842,71.76317301574397,16.964942763128267,0.460286730925699,True
0.7203851774745315,89.66704360704023,1.826255707273655,0.1132469695272219,10.356056235250128,0.770616846285379,35.66840183426972,202.54955348738957,2.0228917183621777,65.86593441611262,76.64840146477084,19.65425885825044,0.5796148225254685,True
0.5475353083944695,109.18026942549024,1.9145247461428745,0.1435008770299101,11.707328743731416,0.5791356613078802,46.44258945096882,200.06010977176575,1.834151088743643,97.19133067949782,97.68967339676252,17.80943211588323,0.7524646916055304,False
0.5281587962848859,50.78591378429246,1.5558949978302947,0.198451551631362,8.69482282646245,0.8848354076602185,25.150537852013525,198.4832431344248,1.422852393300738,59.90868419694917,56.78131738677479,16.77029764657508,0.7718412037151141,True
0.5924674846193955,255.5262958263955,3.122070973549436,0.1677113733997935,8.886944578014953,0.7467885419638173,55.563586611736014,211.66488047263115,3.267259205052719,130.0,62.96595874667473,22.84568214810538,0.7075325153806045,True
0.8085188926583919,168.25039397798656,2.610135322828738,0.1411187649442493,8.308927698197234,0.5017503019591338,42.60116574886571,200.67520129016927,2.887308984306796,130.0,95.48881412057187,20.41759120699857,0.4914811073416081,True
0.5088749665197203,95.35415758125129,1.8411823920782,0.2060194916323354,13.165664866938805,0.7185462929337874,45.48595946275351,200.34938755383467,1.6583631726953407,92.4380517487048,86.89831605455682,21.763347973776067,0.7911250334802797,True
0.787502449723974,88.44726003278078,2.0022734082447093,0.2571539192792501,12.610608638479746,0.9065231350835248,41.25027854972969,201.9443692037696,1.697330088644756,73.59932118900674,90.12538255395452,17.299226042966616,0.5124975502760261,True
0.4516488942243214,219.0823062478836,2.8878202760187173,0.1104202832461973,9.968524872883162,0.5551380723867233,52.259152637783416,205.1798645498436,3.0781637158287385,109.28191635129384,69.0858943355695,22.70662755957568,0.8483511057756785,True
0.6591862831122302,92.62537104080327,1.4701404494611867,0.135718969815103,7.797434294445515,0.8155295050669633,32.35050738796919,200.59306279217915,1.2451537588079469,76.01398730637096,88.51516694450763,18.6692818552123,0.6408137168877699,False
0.7219295509148017,95.23129927624626,2.153515795968146,0.2262309124217549,11.058366743645164,0.5910830862640076,43.512585264106846,205.27904679696613,2.223849530294405,94.38380679341734,78.37364355420205,18.7883243958181,0.5780704490851982,True
1.1890260290117831,81.29895513824563,1.5642400248343824,0.2444851496896325,8.946632374600167,0.6801513784449498,33.86703054605064,207.0759530539505,1.2988237509763427,96.06234744827816,80.39256789893932,16.6046588259877,0.1109739709882167,True
0.4245368688959264,183.79228845955583,2.694669909956707,0.2563492179336618,9.610638221178537,0.8135900194587657,53.26317704810848,206.2637327976068,2.6676649176247778,124.80833249878803,73.87749058372444,24.60038270499031,0.8754631311040735,True
0.9944029132980268,207.66094424283625,2.6653065704106056,0.1023328047242571,4.168487714471522,0.3423691599168907,41.23933244007169,209.23959645056652,2.8193547605973905,122.87701017984776,37.72701916443312,20.307481785697945,0.3055970867019733,True
0.729968482797456,116.52587537355885,2.0913705416288577,0.1848167403111039,7.5127032528504065,0.6184646656391838,35.57125042234978,192.5254030426683,2.1481656458153697,98.0237923157491,84.62580245393971,25.184893229410413,0.5700315172025441,True
0.7822343836031926,208.34136729869,2.563459101759651,0.2750027746313211,11.865729328071993,0.3666494611948336,53.92329598680907,213.2893835753096,2.4377812089466797,93.32040105863264,73.18450654533312,16.98605978003805,0.5177656163968074,True
0.7236695826776408,152.39187235585223,2.312996660310256,0.1479876137728729,11.068863284809092,0.8075038811304651,47.90371929441417,207.846404378528,2.3394150897105384,85.75523136407084,79.7365077068345,17.697832884035765,0.5763304173223591,True
0.7889453636390465,79.47496876123287,1.5978211682807022,0.1574707725553889,10.79105569784254,0.7254643856295973,35.1957163887429,196.61002905491543,1.553540545155542,84.01461869544495,84.44642216200619,21.840948589432525,0.5110546363609534,True
0.6692629791275964,245.93235595528773,3.2043093143807853,0.2962057359751714,6.57398228289513,0.5288507622724948,49.78227802096287,209.89554464893956,3.460070413731739,103.44018275735796,71.3148094251832,22.479303161381107,0.6307370208724037,True
0.9908100362914916,80.97781372943237,1.7136227349480102,0.0782631615081263,9.157040734178612,0.3533970593749848,34.224422011376845,205.31952520861063,1.6217780927945291,92.13562817439382,91.25007363765496,20.811651379175704,0.3091899637085085,False
0.6087057711550554,120.333094606063,2.103056153043739,0.226400497365409,11.274346958285625,0.9480617234209424,43.709538975437255,206.9224174488544,2.374183795108401,104.40012340243638,78.10893144898735,18.23962287985723,0.6912942288449446,True
0.9264469144358496,116.67760464128897,1.6088093064093512,0.2625460317602229,10.143812035353635,0.5205026043833634,41.31026519937649,207.255699246732,1.98078274462743,94.24821553996206,85.75135924107,19.50667963419255,0.3735530855641504,True
0.5711265759573954,107.70439697430064,1.8487992738261116,0.0876983791585043,14.463944657760596,0.4927637441777182,48.16561266143689,204.00879714271863,1.8693325134945395,104.40277213553486,91.03215147260562,21.22891349361217,0.7288734240426047,True
0.6879496307197426,59.03910861953025,1.5338956142149864,0.2286133090018093,11.530815860825683,0.3707034796423085,36.12487582234974,202.75420500183785,1.268305339742387,61.53449464689889,110.0,17.879057998353847,0.6120503692802575,True
0.4856074895419561,315.0,3.5535422359659563,0.1674345555026105,7.459185082937973,0.7041472463676062,63.93336362633647,211.78113888162795,4.024331386606912,130.0,31.53450793512718,14.496571547898007,0.8143925104580438,True
0.7910047440695039,61.146291849705165,1.6333439168553188,0.2632227211686608,8.844659116983491,0.4859574187727294,32.52564788108236,200.83891629375185,1.606396279124085,63.47936497553562,99.03678936733522,18.2056392326507,0.508995255930496,True
0.9890251913853068,253.91440307031053,2.9764295877918663,0.2768630792089765,7.636002449344703,0.8899971575482444,60.03249164233571,213.45437171315388,3.2050861770183285,103.25047309913164,70.90806029360913,15.819734129940262,0.3109748086146933,True
0.6845287640358292,87.26081498714177,1.7054045856523288,0.2681212257886433,11.81868642138102,0.7779367485387707,39.89448758264047,205.3940628764737,1.80955983412896,95.52882593651866,108.7097090654927,16.05332587016977,0.6154712359641707,True
0.660622860259218,99.07375338814508,1.9697740417674092,0.0660962843947532,10.396543874344378,0.3027404340665847,41.47936925776281,195.07763916367136,2.2320777338307374,105.21747616730786,90.3400030291942,19.419122912574768,0.6393771397407819,True
0.4770766073864145,241.05942136293527,2.586672020386679,0.2392138192037435,7.592547641603852,0.69597222816622,48.41556869331514,209.16921863650063,2.631013237424181,93.61647421353726,61.40602733367946,19.10950245474505,0.8229233926135855,True
0.6541414692895383,160.2712893082342,2.370572889711625,0.2803818937464573,10.834317968805497,0.4622842737738104,50.93669482677191,206.2895193652547,2.430092648618821,89.69332715381128,89.38323514901485,18.80478061784993,0.6458585307104616,False
0.3814411480556944,70.95095670168203,1.517524929714423,0.2053371101677327,15.0554939988039,0.3107569840194599,41.50115219172546,201.14160008095408,1.7569043636044976,101.394047443438,99.27875025241316,17.95753077636904,0.9185588519443056,True
0.5174244026562345,70.46128541588466,1.426842564644034,0.2002190151196225,12.050629477191295,0.7335570140912121,39.514121362718775,195.17801796280412,1.3277371974308474,93.0358636402306,101.21146276189252,18.8235693609479,0.7825755973437656,True
0.745357209221827,149.1216229379272,2.243454617144814,0.0612513468495277,12.833020610758217,0.4434400521437986,48.20075024722367,206.49846567590143,2.431312554325838,85.61077761185125,102.50643913717808,19.39545342479411,0.554642790778173,True
0.9638026395482792,80.45246783018243,1.827737437162758,0.2640082555514846,12.91938080959804,0.9297450669672604,42.26520498824901,205.04176012776276,1.88657066686482,85.31611053704889,97.01930802223052,18.705672371173076,0.3361973604517208,True
1.2618421722459006,163.9260808773388,2.467280221741337,0.0616008902072903,12.434907968477171,0.7013665186673357,49.349575337925096,214.88651547606472,2.6263167985768114,68.61496439364599,83.89713763784586,18.789796149151684,0.0381578277540994,True
0.5826829829858198,172.12328338419013,2.356719312437527,0.1283774015961685,8.560397067721976,0.4464295768040253,41.69575004623873,198.77490422565523,2.777732383973466,117.6334006731404,62.47116479232702,23.13894969870798,0.7173170170141803,True
0.987060031329088,90.96793251333644,1.859104604670834,0.2814657663218038,10.90733672579426,0.9853892077810692,37.734581138636685,206.5978259433168,1.8816721577263071,65.69913200258287,95.94243394413306,17.377905282378382,0.312939968670912,True
0.7487504960803295,101.34268280117756,1.9409516471762969,0.287436285682378,10.729729853896544,0.6825090966277809,44.09937604558002,196.04847027978272,1.6464661638078557,92.12893705556976,74.68586091844321,23.745091771097535,0.5512495039196705,True
0.6697504706507248,151.44246384632038,2.198434020196588,0.2979751351189806,11.47584557120698,0.4158305204884626,48.23144649524645,202.64276863287571,2.19313575523169,102.35770932902544,77.11372925866173,19.45327444606585,0.6302495293492751,True
0.7865188903452304,89.36293655283603,1.610941409624457,0.1691005714032215,13.134775350915053,0.6620695191183518,38.49959792835003,195.57410465481595,1.8967730371367764,102.39449873964274,84.51171157995967,21.544639122375703,0.5134811096547696,True
0.7123832967359918,133.96500789662133,1.9764349585046213,0.0943573865952527,10.863753478306975,0.9715443407561696,46.9167053122673,208.18934614679813,1.894398285235196,92.24126113457456,89.7090328288796,19.35573214048112,0.5876167032640083,True
0.7220791451224436,315.0,3.6456780023302207,0.1719861217072709,9.2587544702269,0.5969471615895531,59.79121550542658,216.20283750313345,4.147583747694177,120.26201040428474,45.25406807749433,16.296409755887762,0.5779208548775563,False
0.618333367434666,154.91444932348077,2.232993572530942,0.0755782312707623,8.972210662818327,0.5977418583263165,44.969790976065134,205.65301131577272,2.106492639411808,107.50849583873378,58.32137586991983,19.577836676594988,0.681666632565334,True
0.4203780680402298,108.365907072945,1.7099999236239718,0.2681340272424924,12.997244289065064,0.6227887055573589,46.05844401185823,206.1950151311597,1.5460490139075058,127.58673473548446,75.19850037256376,16.91359988215831,0.8796219319597702,False
0.3912749594955836,315.0,3.2672705746736312,0.1901343083166262,9.56478077280891,0.4960724858081421,64.8655367898101,210.8911938742428,3.908509588120477,130.0,47.77076909728087,15.868329310903476,0.9087250405044164,False
0.8306489766562454,190.34518992588696,2.6475362372215523,0.1511264747916888,11.064278542368296,0.413248529130556,56.31669166587391,213.34384238737945,2.821849390336288,108.29134479113726,70.37603063456788,11.663571620468533,0.4693510233437545,True
0.6446599819828572,81.18196756123373,1.5674389771502364,0.0698826756202011,11.83389810755646,0.7052493923578984,36.55692992624363,199.54429346977756,1.5151110549417108,73.47879976314628,94.52734999263616,17.92060536268995,0.6553400180171427,True
0.5807822200687667,87.09471287046144,1.7463158663120888,0.1513101692041576,13.00160649962262,0.925940137702286,43.686641571436574,200.4953524132789,1.6542355297276417,77.01953424907218,89.2076383039115,19.063523091095004,0.7192177799312334,False
0.7017011253446307,63.14670521582113,1.6911296777869376,0.2665479020975272,9.896549482590542,0.8150108193309935,37.17015953185867,204.8026220004475,1.3036172059359217,94.0199569972731,91.0226628218204,21.489356492885044,0.5982988746553692,True
0.8589864505831255,150.12806095834924,2.004685816138771,0.2258514831193032,10.734091884342174,0.3673311853462859,43.4067076019432,214.42333733034255,2.192793769332988,84.49796135727827,90.06730514168729,18.02829769982954,0.4410135494168745,True
0.7360727886052796,56.45311387913594,1.4448543039561608,0.0706138793777416,12.644966999190824,0.5805942832387996,35.29805352249481,197.48858521392756,1.3463231448003463,83.36364879908227,106.00765840035064,18.940221387948583,0.5639272113947205,True
0.5687890126718065,315.0,3.4943958780671696,0.0899767999315439,4.405065541066733,0.3037071159338514,52.86755535760282,214.02061312542205,3.7972328735847416,130.0,18.767853584258365,18.04592535370648,0.7312109873281936,True
0.94525859112979,114.1520613862845,1.9701779224344704,0.1480771226768761,11.989348251513825,0.5155582701209535,44.25327332654523,207.51942770675225,1.982113660445568,93.33093711641314,77.05887212872929,16.97974572671068,0.3547414088702101,False
1.0158371005963265,196.2513719890829,2.7558849756757287,0.0753437706714796,6.720074107696514,0.76856361482986,39.41486921066082,209.5691579455236,2.956979553230128,84.81297928626459,73.23822158585757,17.352659239898248,0.2841628994036738,True
0.7989113310645706,109.5996328938346,1.6773792909513157,0.2835102979983177,10.08578635251023,0.5031639984437071,40.96057735435351,204.343173520416,1.6545100177655818,122.27321020577249,89.81854347257205,14.4677202634711,0.5010886689354295,False
0.894732702268818,148.870989216646,2.276437606039033,0.2130730111577189,10.40779630450823,0.8883908233666165,40.37339182887515,204.2425611597785,2.373825201910636,118.14114915463098,92.88029578898932,15.586143382856813,0.405267297731182,False
0.9483919993627622,121.0809987202828,2.123376556011318,0.0737057503259862,9.212921976842736,0.6341689494784981,42.9929718821732,191.7825145425336,2.149993544153668,99.03946557400208,63.11702475658333,25.72234136390049,0.3516080006372377,True
0.9260198632809028,132.17600667175958,2.029451493780559,0.2470143655951152,10.802450764873027,0.7684177139879597,44.84683266165297,212.9015891601261,1.9519785651273356,107.83498779298134,80.37587185994322,20.709404119496647,0.3739801367190973,True
0.8228198354225247,227.4660155243536,2.79911107526086,0.1421014821429857,9.05203709952132,0.9187056562970384,57.32900825846762,209.5147535019005,3.039508954904672,100.3621731663188,64.50251767406778,20.00396321741329,0.4771801645774753,False
0.8196694094149766,285.2214261200003,3.344538814307741,0.1112176611383052,6.061614723250545,0.7779672160545958,55.14382891807891,212.4676014568549,3.775711568645692,128.8991726083156,54.25673484992133,18.974356498610742,0.4803305905850235,False
0.8039321146693005,273.5087598693482,3.239792640638254,0.1924962354849227,9.32638613176526,0.9281283429998308,56.69426486813628,212.45711101003025,3.718461772626795,107.13427805794696,62.22270106013834,14.40797236177972,0.4960678853306994,False
0.4805324650905912,315.0,3.607352891105069,0.0533430332801353,5.64885569272629,0.8656457491477128,53.57190884125433,206.70274866044983,4.194234412898008,108.33679513078106,47.72082489912116,20.39539453236968,0.8194675349094087,False
0.8401446313719171,93.34623175972466,1.83096193303798,0.1663494150260637,16.353311452741284,0.6969449717760733,49.35418160033486,206.8123230613626,1.7265537434262506,125.66267762675842,100.83767041910627,16.716309853170873,0.4598553686280828,True
0.4288372057746891,155.86601369973528,2.0996322637555345,0.2609512482737924,9.953558342077434,0.508063170012232,44.52957489427399,201.27579661492933,2.379589767949085,84.46783246625625,91.41292161721164,21.78001047471572,0.8711627942253108,True
0.5410801089749889,94.24382623689544,1.902490584550905,0.2820143989963921,8.726764008757812,0.5086996832559493,38.57585146882335,196.19144033261267,2.029332673402404,101.7347255678701,98.0704211928676,23.354142114260927,0.758919891025011,False
0.9607130135616176,222.6562633375458,2.956267581028902,0.1356386761041099,6.826635374253877,0.9127317629008492,44.220838825097935,210.46046868124077,3.0635234330445904,108.12154515653576,49.40762372579359,21.882614891483662,0.3392869864383825,True
0.8680440325388394,82.68638505559721,1.6894035144983226,0.2106091470412611,14.036322091335514,0.3377189608169512,49.25045197245852,205.68444181530975,1.5811640788395922,97.77563378761556,99.399366513936,21.085223481769468,0.4319559674611606,True
0.9974796579371724,229.51587881585428,2.612003734544384,0.1067058595922084,7.968580551934024,0.9590057936677768,53.70968127652874,217.08023293846355,2.881317738103409,96.09888852131732,79.73005637356967,16.104602315588846,0.3025203420628275,True
0.6456651232625416,142.2004231711709,2.1203915294693534,0.1900532677461772,7.440112005692994,0.5289418601345243,37.84568150001646,196.25445392671963,2.432294005091157,99.29289050450495,79.09848159491483,28.0,0.6543348767374584,True
0.4695502317446464,124.25158372339656,2.0231735513282576,0.1135069315382972,12.64163953665995,0.8172097418693838,51.05860390570835,199.6751213904588,1.9162735851411068,98.53557846840675,79.24759869815037,14.566537277647006,0.8304497682553535,True
0.6519125605859314,130.92880133504332,1.875740375012324,0.1928391271568632,9.72901902285744,0.5310208268462138,38.874306116176776,204.542902888886,2.195783483316958,103.28394681709833,84.22286604869483,17.537479586128352,0.6480874394140685,True
0.7204062594481148,77.20439534305649,1.5636144532079002,0.0929305293233077,13.047843808287556,0.9673109724632124,41.36741566583007,198.9470612248273,1.6648908934183575,79.46746845051776,76.84469833832053,19.429313347161845,0.5795937405518852,True
0.7157977432680019,79.61748163699677,1.425534444962193,0.2853081391901858,13.625130586977535,0.325531821109708,38.24991969829022,196.9784788781099,1.4288082205137973,88.16294592357451,98.57515228643062,20.40067201674427,0.584202256731998,True
0.9267360957513404,143.41058049285152,2.2383784776907785,0.2717293691018229,11.022429336507471,0.5473232136482216,50.589350233759866,206.48919129615248,2.260007850075332,76.54301728521881,66.27061117643973,17.716889069509644,0.3732639042486596,True
0.6277459149993109,142.94747955248147,2.168473133655159,0.1342295623622099,15.697941638563067,0.9072227329190709,48.46783205646836,204.20740095406305,2.3355755403611176,124.99478053538265,97.9466883993488,15.258493874760092,0.6722540850006891,True
0.7704068943605848,96.033062045156,1.5213970216391113,0.2441657222312356,7.476971398734101,0.4918395773958816,28.66119087435363,198.50319288671912,1.4050943202152837,95.3968453860424,69.21928041403103,26.73140398976409,0.5295931056394152,True
0.5022745701130787,113.5923130742823,1.961458233831556,0.0738760326830486,9.15584819906494,0.492933633615293,36.20746500604715,197.65580577572308,2.026231562950164,103.31679377341294,78.93486894836744,20.062374789128175,0.7977254298869212,True
0.7900634556087626,162.28530584134717,2.2898061046222336,0.2350902271763559,9.515774484727045,0.9291262712480312,48.56960179749882,203.08929588391408,2.171237487235776,84.56880545166689,80.62450270030057,17.477166076350997,0.5099365443912374,True
0.7006217100371273,89.16809774299858,1.7908069243571494,0.120614782403176,16.369556003563893,0.8814075772208099,51.029907193811496,207.63980164928563,1.580872849785619,70.38852526904238,101.67885630401187,18.875088022237485,0.5993782899628728,True
0.5500373323430965,61.06205375405216,1.4297665649691031,0.0839104421689655,15.856488466651928,0.3740398367074724,44.23527757514705,205.11438820664603,1.6459408577224703,103.66593417535576,94.81928640434424,17.91129463556365,0.7499626676569036,True
0.6528341275650293,260.3697189786951,2.962735841718107,0.2195478044759034,11.148464966650105,0.7061259369085426,62.36838185091549,205.1685147049111,3.306553034430745,113.29463838278394,65.27533365743909,20.79201672829212,0.6471658724349707,False
0.6631648506969556,148.24877968463437,2.070363543508404,0.1674517044548473,8.584449296035578,0.4563766318379478,40.89562112088672,196.71881254111423,2.2117172770034563,110.30578451842902,89.78963010642006,22.208988939369817,0.6368351493030444,True
0.6459689741325807,103.44531409627204,1.7468369802879156,0.182534900432611,9.647451918772155,0.4505967902354005,39.04613748314652,204.7608750589133,1.7729263198310932,74.06244669672624,78.14746042423698,16.20888455606419,0.6540310258674193,True
1.0542682484535366,94.12445483896,1.7558194031988372,0.1801324460344802,9.48292773558972,0.7307827908324938,41.31938273170505,212.3142970948525,1.5924663885376051,104.0068812455244,89.38493786556985,17.616125231123714,0.2457317515464634,True
0.680310799538424,88.81649014724334,1.7327256909916655,0.0648619955265048,9.67776402365994,0.3867063149155088,35.33809744064446,191.06801405562092,1.7036398689659067,107.38544174413109,77.76040340240289,19.314001765900198,0.6196892004615759,True
0.6512207779645324,222.20141059087737,2.749003303055804,0.0628450622731692,12.284324745371352,0.6288453007020831,54.4768359502586,212.4734591603983,3.0232261625138035,110.78554871198315,86.57016677295721,16.52254838152317,0.6487792220354676,False
0.3,72.57639912443807,1.5171132606460267,0.2002918759870242,11.15733714428926,0.479075213984016,38.20348989763421,201.9165791857025,1.5069775933900351,102.77654629054362,86.44466106116072,20.629673085746656,1.0,False
0.5211585296041045,155.67122786220816,2.192659332696843,0.2059661605888541,9.95262193626358,0.8977457308041501,46.81608975121407,199.7910239589397,2.237459868350572,109.20592303002849,66.04919585492847,22.691856354815634,0.7788414703958955,True
0.6473853151087294,155.60662980636548,2.621011756276964,0.0617936391287786,11.902731594716972,0.6881459626576923,48.429055658690245,211.55590479621057,2.8283776208131126,85.70646594824261,76.93277184628988,16.206404184026876,0.6526146848912706,False
0.5628294647646714,185.4605385861907,2.3680755359647945,0.1446098329719544,6.001948762573823,0.4505761818831306,44.06891634409386,203.1502875024775,2.59963516081117,130.0,60.0742087109636,23.10725096074272,0.7371705352353286,True
0.9763415186755592,107.82284070585786,1.778886924364934,0.2032128198901068,11.175009674086663,0.9485259569052638,40.4499808893584,206.5325881772022,1.8260407791007645,86.72306327420547,108.21230398255364,16.04088792991588,0.3236584813244407,True
0.6670124449207562,248.75806412159875,3.484142629228012,0.2141701639382691,6.109237042730796,0.8760275712847261,49.23023240025776,205.7933672016237,3.935125462843794,109.02976314996936,48.969575728181816,22.873628884657688,0.6329875550792439,True
0.9576888498636504,188.2220085692201,2.568928063922844,0.2570689398191378,8.964291020525739,0.4857045612561395,47.84608951294357,213.8255090156728,2.6750494490247303,87.5996874374517,57.20927661454847,18.79554869519476,0.3423111501363496,True
0.7123409268100735,106.21296030600249,1.6427065825624654,0.1551830708992202,9.798041187781688,0.9727356354628782,39.24411248883968,205.03097334854905,1.639005092107231,97.00165289996453,91.76494790906996,17.332669354941476,0.5876590731899265,True
0.7074455672843153,92.29947914714928,1.8647989137737837,0.1870644452867422,9.935051734082547,0.4874172419994322,41.79884550687304,208.85798007754056,2.0908216203564214,96.8319239206932,105.2357907051547,19.234776929442308,0.5925544327156846,True
0.6822407104574998,121.23547526256098,1.833377968720316,0.1946400939022043,11.314041420027904,0.5048501854328835,44.022200337558544,209.00472334962896,1.749783901651927,102.06933929097228,100.74428499896663,19.73918511471212,0.6177592895425001,True
0.7007592503242918,104.65726708306696,1.9736173628353,0.1280113208250797,11.60283867776832,0.5701743480133444,40.53227526518696,201.8546463298506,1.7755083756152858,94.958768844301,72.96015517734651,19.15794011185282,0.5992407496757082,True
1.0437590006099715,86.22546596145554,1.658159385786042,0.0634563506104029,10.964336316379033,0.4153636543181972,39.66680638932996,217.595980764575,1.65744514346115,69.79078295729565,90.85781145991974,13.559308867107433,0.2562409993900283,True
0.3,133.68178803673243,2.003484926870448,0.0510564815512761,11.40923336991936,0.7809112970989375,47.60498715107311,205.52853302609716,2.096373788044515,108.30922680603422,78.10261253287365,18.554312829661026,1.0,True
0.3,113.93070023554776,2.1528203472085194,0.2590313540296312,9.038295405882332,0.6901361280794556,40.26332208341031,199.45790839173105,2.107154490669201,100.60336282721812,71.12138703840887,22.081766842270884,1.0,True
0.5913658337887772,280.1125483417809,3.325860589633134,0.1000579556305965,9.457463041734684,0.9261237370863462,60.79336198962508,208.23824286385843,3.830217503612592,119.0706254208592,62.27198387146339,16.635664971813355,0.7086341662112228,True
0.7029055763875137,104.58319704763171,1.982613991998435,0.2075636660397838,10.663864604395895,0.4686126579525732,35.25078950308631,194.21007434424112,1.9962278787330072,130.0,79.64516924955707,19.148732446320125,0.5970944236124862,True
0.8380208849528025,91.95531253711212,1.8008804522248891,0.1942618696609799,10.280744537628609,0.4191616206194395,30.062439821663965,194.2140874086456,1.5998198690810206,104.3416826064936,76.41546384858168,22.703675031107423,0.4619791150471974,True
0.794617439605495,129.63155983021065,1.9703858000727208,0.1499082691851297,8.918162537309648,0.5510363748756708,43.43427336264452,200.9463169500186,2.283460622957903,108.12783509909823,91.60269557968476,22.36563898774556,0.505382560394505,False
0.6231508174238859,145.9936635002477,2.2596524710407127,0.2583733271751584,9.841039643968845,0.402276078455662,44.54968331779204,208.9866449041835,2.1135549928107897,130.0,62.47142882654328,22.81228511700481,0.676849182576114,True
0.9038087386483524,151.41543483137883,2.3927057875537,0.2246003989233447,14.38992853809621,0.9623057197166268,52.00699129849283,211.20299710767435,2.464515152719668,97.8322889097099,80.15162143688889,16.718885023210188,0.3961912613516476,True
0.9060390806305462,150.70086039518776,2.225817589689135,0.0556853658597932,10.148094218660924,0.8022126878085858,46.43361192435266,205.13321410965844,2.1160945651348246,94.15730991867063,67.67261263901173,16.23266962110762,0.3939609193694537,False
0.7368115662543131,131.69980019684263,2.323844792226717,0.2441735183391711,8.111715816941267,0.8573341582544143,44.18699430111313,203.73530707979387,2.4559259760567937,85.08630547870854,80.34088074896812,24.74783910589595,0.563188433745687,True
0.8925315144973682,127.24911787929643,2.1455660235146583,0.1767497045004405,12.730917825099764,0.8236305363604617,50.42613972823438,206.84688901657788,2.097381908188636,83.08168842883883,90.42865717463312,19.49379055886036,0.4074684855026318,True
0.7545290526864257,172.60940568881426,2.412672627976256,0.1367548222707117,8.854788138859485,0.4699734223408808,47.53840905101066,209.9957377022957,2.6667168259725087,74.56390054999703,83.42659586752139,13.912075037325742,0.5454709473135744,True
0.5877033946434232,83.16800212030715,1.70306699661513,0.2317211641279195,12.127245771409909,0.3984596466141655,37.14902574447676,195.3222114448861,1.706767749933643,106.6344136054175,80.27950033011209,18.089186226082703,0.7122966053565767,True
0.839563367800001,92.22714028673296,1.7584026916390074,0.2215164074115673,10.007458263900336,0.6006035081066141,34.81030930051893,202.844444471609,1.9555521821060264,68.38145192734669,72.20829226406099,18.453731224156723,0.4604366321999991,True
0.7221226245157355,66.51780452789,1.344456618383871,0.1276470594672372,14.620380814012954,0.880313385242137,35.139607964467,200.5193733215345,1.233787397139947,90.74568580681571,97.42696638068252,19.65378228536511,0.5778773754842645,True
0.7002679693508973,83.69589123345278,1.6560563004963316,0.2957597178744703,10.19380249317673,0.5313607300205379,38.29289185738721,197.1526235689249,1.3492622553719626,88.81039628732138,84.91500598911878,15.63014193946102,0.5997320306491027,True
0.9945907144379148,211.02709797627443,2.7213947566113705,0.2121771216779383,12.27679978929764,0.30669405955982,58.74737297027218,220.61059753280577,2.923462066057468,111.88084960861472,82.63246586442892,13.69690340675958,0.3054092855620851,False
0.3,169.01715379855904,2.289724462198493,0.2014449281134734,7.649317945662606,0.7620424914850292,45.62136489659431,199.46974857299875,2.4847676108333787,106.44444082400884,44.38738710436514,23.27621136592105,1.0,True
0.416463165968086,300.10901688455704,3.4515236878821605,0.067470090870443,6.953643647503919,0.4400441495972148,58.55593200548422,206.12060747232488,3.7587152689310863,130.0,52.45427220656255,14.007978994046772,0.883536834031914,True
0.4625859147251259,262.3827558089533,3.102258170024893,0.1198296950861843,11.35710112443376,0.679984613674148,59.46651214637322,213.1321158342166,3.3720345334351864,130.0,53.00209595791979,17.931289001663373,0.8374140852748742,False
0.6273478704862389,169.72984119507606,2.473892513225424,0.1617435005816103,10.314846153007576,0.3104160350179332,45.24147163309233,204.70684717120892,2.549022448957956,111.02706263326824,66.14974024384517,20.823140724856096,0.6726521295137611,True
0.6490783660467939,138.66894365586188,2.208818406406755,0.207656426077419,15.501184086166877,0.6561948989351041,50.06631020553152,206.8447353923449,2.5555641345920628,85.78758663092721,105.4077608932592,13.925588528424123,0.650921633953206,False
0.3985348704453904,130.7980816810648,2.071457646586244,0.1781909076825944,10.053525541417196,0.5755259400370467,41.30184122878313,194.5865716665806,2.309192416532725,117.13994103325282,49.6320405553186,19.03936232232224,0.9014651295546096,True
0.5029683935378346,55.66656079615581,1.240250552673947,0.2407582333678478,12.563496182182677,0.91628839088789,34.36080166177817,199.3607186337825,1.1289328425890528,64.21590285194935,99.77028722855562,17.231026427649077,0.7970316064621654,True
0.5278316642952859,124.11141845512492,2.261499758443175,0.1156419281169754,14.957322866315147,0.8052696596108209,55.08441356900802,213.48906253066548,2.4334426087547665,75.75366077373096,91.77418603605511,8.520457588828847,0.772168335704714,False
1.1914848184151785,99.0450203569202,1.7710765130696902,0.2255392488206211,7.886558556742447,0.3252197084320269,30.174093185770023,199.44299721811245,1.3896163548645764,93.30999562112724,77.03898017833083,20.728353650035125,0.1085151815848217,True
1.0603483895494292,85.16143373394064,1.6691585018172554,0.2541492617227906,7.864044119789685,0.8526656776471788,31.78349163302664,204.3796009673145,1.512562536840944,95.01784805236646,81.1165392578981,20.706189460933064,0.2396516104505708,False
0.6176501164630701,156.59967608962654,2.2014192814121043,0.2412624938957383,8.431087840526025,0.8538592180629625,36.159264003409405,198.0897601057392,2.4093053449780717,91.05252725436004,87.38001131444247,18.82947509925735,0.6823498835369299,True
0.6272833419386402,117.31438290408484,1.8652533148228485,0.2427116461470083,12.67776102456779,0.7643866838331803,45.7873603766064,213.74629857857468,1.9537719080437244,97.60765704329832,110.0,17.613053924700974,0.6727166580613597,False
0.4701592005623411,134.58740971646046,2.308307984931762,0.2721267643155413,7.035754021773446,0.9505077151325634,36.80769527589607,203.91536508359283,2.360116848522333,92.606560200101,79.18116535480723,20.978929515656876,0.8298407994376589,True
0.3183739173549466,80.34988525009754,1.8507057300586924,0.0710446356201223,12.867209989934688,0.8622774693662951,39.732593150975525,197.4194843336115,1.904304020102965,104.7195076479803,108.45512843007936,20.033562967567374,0.9816260826450534,True
0.6766239627182952,192.30355419630575,2.605087444107097,0.2242978928435257,10.69729075234206,0.4532290652213679,47.53320005968224,201.5728524034372,2.864652965552153,127.42633223925444,65.06644727044466,18.62374886462418,0.6233760372817048,True
0.5004296033511948,104.3635869592314,1.8187836725092423,0.2921695502791152,15.55311394777814,0.5670821195170257,48.52662104787128,197.9320470002082,1.8770742488189431,92.34088600003948,75.97190844331128,19.62512796170814,0.7995703966488052,False
0.683029893667598,152.58685618948425,2.313562547267937,0.1934126624686345,12.553503424716505,0.5449462557054612,47.2733462371851,208.20748779851243,2.569859987365528,87.44910317660508,82.15739261222997,19.760609846896585,0.616970106332402,True
0.3799588301913044,108.25870708259792,1.8771392039261892,0.1043290779960981,11.852253795008345,0.6534354715075825,41.91449801282677,193.1206709271022,2.005185791353844,76.35354928288707,92.71488891406628,20.14716435728405,0.9200411698086955,True
0.5476051083379484,53.53166440525644,1.3997198774935868,0.2996884514435532,15.026522498041896,0.9675995341383448,47.34383023086016,195.14937290797232,1.4423647720302173,93.18881408832118,78.62079313469027,20.623665419954875,0.7523948916620515,False
0.7297254190605661,159.6874819644859,2.3282157439418367,0.0936693232053697,11.31121399509196,0.7309188579134682,48.03921467458154,206.2732383636612,2.652427260506852,82.1080650580807,68.87722069548418,19.724543818760463,0.5702745809394338,True
0.7732419195567874,120.8423836436654,1.9005654071075064,0.1338894243437148,9.812682974234177,0.5190573415940901,41.76251701478347,204.1775909647087,2.049573754933529,99.323093367002,73.41353871818272,20.21857611335709,0.5267580804432126,True
0.7834943917484029,65.08642526210363,1.558531041697344,0.0930155471042919,9.31031163577464,0.959062416869807,31.175537648805303,200.3409553470061,1.6976885675890594,89.36038157657849,92.15199245607565,24.199124572395487,0.5165056082515971,True
0.4359022031685924,76.71615417445184,1.64436237223886,0.166128217187517,10.36650489673509,0.7901900309807879,33.5123407860331,193.96186094842025,1.5675311284076523,82.04025049302132,86.65239696226178,19.978005034585976,0.8640977968314075,True
0.8709371460271123,195.15744301385843,2.6516999472995564,0.1547190024027395,9.39900350174689,0.4862563664374023,48.26822632446147,212.80777421558045,2.6057650660280074,104.86885109107143,63.08451400471134,16.421148402150152,0.4290628539728878,True
0.5399576606796299,66.07203216961422,1.4357057137355724,0.1728102241276431,12.195743912716072,0.9345589381615604,45.39276091779932,196.74758618237107,1.3863160763702127,96.2036249266152,95.03582953435884,18.255920870051693,0.7600423393203701,True
0.8265715829214613,103.17293270569404,1.9319039145770336,0.2819958500138574,6.445456895506638,0.5409490284619359,31.120291251913358,203.03685498186348,1.9015820479898344,79.74578437317474,61.99651880933325,22.8631054252111,0.4734284170785388,True
0.6978722646763613,314.2713294770536,3.378223911873853,0.1695810964585563,6.860083332580248,0.661347892909139,59.14502294598534,214.95132437703052,4.006443739689873,110.8795437105573,46.034367723410455,17.48265745700328,0.6021277353236387,True
0.4247225001844104,161.70485970304355,2.2077538798811625,0.178656581553411,10.152192418353994,0.6354559919828253,43.19333397213079,203.59075414598672,2.235594321580336,101.75302500585452,58.72965516669727,17.74556714864325,0.8752774998155897,True
0.6367604590837623,181.69148888647825,2.374193152219964,0.271670526479617,10.93413557877904,0.9465416113094308,41.21860659297441,208.50268346877357,2.546257742615348,118.09320347352396,74.64282940643236,21.31618612225508,0.6632395409162377,True
0.7730727484127535,112.75607960436577,1.7412408709788745,0.254439498503708,14.549352508635389,0.485964351580689,45.350070072272615,202.6401227048936,1.8343066980862244,115.70857016724796,87.58602855161404,21.296205860392565,0.5269272515872465,True
0.8225930760949198,63.37771947170466,1.6593710982814869,0.109930507806361,12.26763882748891,0.5333147228064188,44.82920480814588,200.6875593226449,1.6107846211232428,84.52618060878261,102.97870868743998,18.22116636181884,0.4774069239050802,True
0.6718024205111163,140.7199885878934,1.9804020372746771,0.0532314888072125,8.46600187767294,0.762112128336117,41.9113728945328,196.34876711489937,2.0587573756551527,82.90613884757039,76.44137204822499,18.92150952835155,0.6281975794888837,True
1.0063557781202106,78.71205207850502,1.5248589660170393,0.2073748980505128,7.583408418663671,0.920630992039581,36.018354006175564,195.30456245968335,1.5125256554295936,90.07173291385794,84.17327554251278,26.73189356651501,0.2936442218797894,True
0.9015021541973116,75.90110475723363,1.795519994630865,0.26121245595938,13.145204222217036,0.3804188634681974,39.726333466062776,202.4415881390907,1.9323204287179512,64.81083880604373,110.0,19.102608037161005,0.3984978458026882,True
0.6486691767200494,133.12242326185776,1.9793919808168143,0.1882125281526,8.691804190436251,0.4469184632338181,32.5494450229382,199.3448807790232,2.291325599898254,103.04324781495671,81.81262978345751,21.99346693637451,0.6513308232799506,True
0.8500243624273889,80.80625150625718,1.6182286092793432,0.1027942300032112,13.452528822642336,0.9636241377389604,38.58517505111973,197.99679019428476,1.5821612044237163,77.30931609406585,93.62090763289368,19.25554026121791,0.4499756375726111,True
1.0867586970376373,126.05424845284782,1.8566296374853024,0.2353387726688267,13.805347862606393,0.8441079730831014,49.16721025016575,206.3085908131339,1.7243169084250425,100.63045718153909,91.24874284363848,15.009479362271332,0.2132413029623627,False
1.0920969201566053,93.5054332184972,1.87298614689138,0.2173848206528175,7.919937716912867,0.5422488372415181,34.18938145947218,210.42421936028543,2.0633220824198117,106.09292448539178,70.22623006420477,17.77474829840707,0.2079030798433947,True
0.4544000238355005,124.03945908602896,2.119326109316892,0.1912581343521382,11.985853365721198,0.5503443656557397,44.42799975888695,204.22231994080903,2.0806944258218345,88.85973716633241,80.33693006199445,19.692477425300314,0.8455999761644994,False
0.5146933777685698,100.29514007664346,1.9132030062316647,0.2658340435052459,14.038456781366977,0.6286737094664347,43.71389197834881,195.42803332868684,2.28111038945136,98.61797830366456,94.04061485138634,18.38913048396964,0.7853066222314302,True
0.99698375734677,125.6351955099412,2.085711038308621,0.2460605882347581,12.98045299643768,0.7716596498268857,49.260185915190505,206.96088756332028,2.328659924076398,79.17881137268394,69.13578861628288,17.972115373104504,0.3030162426532299,True
0.4883437898324725,250.97367489342756,3.0188277658003417,0.216988022855695,3.870439090715301,0.6927287732559562,43.579591328495965,206.5254318937491,3.619105825257945,115.19519574281873,30.378308814127266,21.7128267509501,0.8116562101675275,False
0.4354917733416641,183.75546358846765,2.391387208667043,0.2161896672558045,7.814367156861433,0.843283966748918,45.0399671234548,200.0655941002805,2.7319227541413267,114.43045105948484,59.16575060941763,19.00126653829587,0.8645082266583358,False
0.6027611738601906,119.26722713828264,1.831892421106358,0.2155506585745687,8.036792798859983,0.337916754246099,37.3642787896397,196.9938976405856,1.5697578085488813,94.28061078849694,63.8945051469054,25.549616604597148,0.6972388261398095,True
0.7840453418949171,230.21007635188417,3.035166439829324,0.1812911862291409,10.007858686989596,0.8733285197606189,52.53384746872074,209.1239716003484,3.143710197019255,112.54606206936498,67.4711171097006,19.2719501970544,0.5159546581050829,True
0.6795206586777807,153.64832673622055,2.343907254648753,0.1659804111609617,11.143648690416123,0.3406359462267259,43.8524786979768,208.55035971314905,2.5193847907087883,121.47824743010209,81.001419263218,18.268010613483945,0.6204793413222194,True
0.5698872759188816,222.0368499809304,2.672299165767379,0.2274001148746799,3.067974568873878,0.9166817475152388,38.88478596151575,208.27847719783972,2.8443377404693133,130.0,49.52186165713549,22.86744010188379,0.7301127240811185,True
0.5651575076550981,68.40379319421281,1.5532051107871725,0.2026236203675577,11.106902155582915,0.3302781047432492,41.82174441144803,196.55817513441897,1.4837553220647752,97.80031245517958,95.65613473512124,16.612643379489466,0.734842492344902,True
0.5575325871174582,81.16195741046924,1.604278395336002,0.1724951405751357,13.300668393361988,0.3894827019651618,45.01798158710642,202.61455997660156,1.6919848927915462,95.72741452844348,86.4095129930057,16.861030684650668,0.7424674128825417,True
0.5240980742682114,139.93486601222784,1.95024732224196,0.0816653384777604,10.806719592472968,0.4261290602719335,47.30544538176461,202.8975401930378,2.0502042021451747,85.48881617175405,80.22639792240876,15.762193966565018,0.7759019257317885,True
1.1563265754552123,117.92184740841844,1.9700224857605428,0.2254821971632913,11.199193969548164,0.4561355474977541,39.94977971387246,203.57146156105844,1.7551268556000352,111.89643510442605,79.62519528629537,19.031847308502208,0.1436734245447877,True
0.759502214237111,125.77404946172764,1.943868496057942,0.2114996426444913,9.93308099890774,0.5812334508131775,36.659363914540585,200.9163646592463,2.136050221652173,101.22999953199832,86.04102876178908,20.77137518548876,0.540497785762889,True
0.8773518108809477,165.88850218167545,2.18422751750905,0.1355621064933759,7.68433689036555,0.7588374048140947,45.0279093117349,202.2459594286624,2.354809480489928,95.89510523474726,75.59463197940518,21.157287112462427,0.4226481891190523,True
0.6021845063762152,140.6039069261525,1.902961372287956,0.1390807915537691,10.431606862770192,0.9248223673354444,46.36366296547448,208.25115000766303,1.9736196305473703,92.15986152401508,67.17571121598645,20.56430520403826,0.6978154936237848,True
0.6628086645627902,192.65557850195637,2.3066741029848004,0.111680596033813,9.64680517968206,0.6671519670955326,48.89466567371012,212.94804195866095,2.584393180174588,108.37778387422324,72.23867382431364,13.895412049248556,0.6371913354372098,False
0.5572892037259289,190.00278625012905,2.4643083708468363,0.2904788140912547,10.93350979223018,0.6727428185930456,49.36903231327942,203.8877222965297,2.702833314224264,118.78646741422658,73.46746601959411,17.05296239053801,0.7427107962740711,True
0.3,82.63321810849062,1.6483014993041876,0.2650503407171806,13.044901907497186,0.5235135685647789,37.00497564380872,192.72845220831425,1.9245013330316516,110.8661971127802,91.72578307247944,21.45700159302737,1.0,False
0.4243981446304267,53.91408722095167,1.300017576243266,0.1902622573530542,12.218441552182002,0.8604762970140942,39.06508659357731,200.74223978870725,1.2789906615300366,106.38146020293344,97.01186459721748,19.535879922678845,0.8756018553695732,False
0.337876264003921,80.59098750025579,1.7423388141506304,0.1504132866396285,13.958160627082025,0.3773403596827381,46.35401297367607,203.38375887169715,1.9632268194969065,104.25530746059376,81.48351886562452,14.531032356188785,0.962123735996079,False
0.3,78.6346174876264,1.6192449586335669,0.2342063159241058,10.75974261532403,0.510772226460731,34.76641352062483,190.06861551171664,1.353355640589349,123.33952346657271,92.27311440527106,24.985340523963306,1.0,True
0.4609282051403793,130.19389499928775,2.128083956584099,0.1819320440314993,7.479655836277407,0.3678869896174002,34.798849102995,197.51175404135935,2.322382927597306,122.45627337504348,75.94690648488248,25.527322240988628,0.8390717948596207,False
0.964991135876326,129.41473131806535,2.007881232016367,0.2939627584787785,11.720052908994877,0.4499265731783497,48.34904876938503,207.95725887867397,1.963782884698035,92.28848329386985,80.60302750442803,18.33695024184377,0.3350088641236739,False
0.6911127664591291,114.71696903369156,1.7996681069884666,0.0637806534805386,11.213129577049912,0.7106185380890486,40.02407613405239,198.85927948385773,1.754980882637328,65.10687511507624,73.14962454446692,16.608658263679278,0.6088872335408708,True
0.9581127524642348,156.52594379746927,2.2693251860505463,0.0585714335133687,11.275782346141252,0.3881722715866386,52.41670210231971,211.73536801748855,2.4641644236090463,101.0002530072422,76.35564686225509,17.029662362411937,0.3418872475357652,True
0.782196515380175,315.0,3.330598823197252,0.1921527544933433,4.548207033777558,0.3704324566844651,53.65961738720247,210.68446206038703,3.8602143851100816,130.0,29.52650406521173,21.053534613029804,0.517803484619825,True
0.8565117651430318,113.58781491832296,1.9896182974420809,0.1008198056722266,14.895170726414486,0.8781375680077177,47.282159977144886,203.90770857179385,1.7811521003287218,74.95800672856465,98.7986274212172,16.227434397834692,0.4434882348569682,True
0.5198206009390849,142.72763708417835,2.0012487156964567,0.2010760408875481,11.994007842544802,0.3828093896658961,46.85185457032224,202.419068760936,2.2357184166049238,105.1050712688262,97.1882339964753,21.61216707027203,0.7801793990609152,True
0.8047901908385341,125.7609712002486,2.143822648582006,0.2453557571367943,10.102709358197448,0.7256373449385072,40.11629818569318,197.7285344010038,2.2991113717216605,95.76639590290536,98.38847803419148,20.511446667247498,0.4952098091614658,True
0.8457428468148691,96.49050208466664,1.7211556547410458,0.0845274402962182,9.20517404135378,0.5464078280259191,39.526810683639845,194.84433482933417,1.6302749666614325,102.02356096205308,72.57839787406022,26.56632245091384,0.4542571531851309,False
0.5846705415532614,166.64795289447918,2.492563650602321,0.1601520560473819,12.370074350850322,0.9274569852433724,52.92131859759424,209.85594274747004,2.5608090059444626,95.5160426215634,87.72669273092563,18.32383500968111,0.7153294584467387,True
0.8119080741232332,111.08682954137534,1.7203011580427554,0.2221667708623388,8.57654354771476,0.7952850257657529,40.0325168091041,200.3179255929492,1.4846412375770122,71.76481067463254,84.1577717328833,21.48962311382181,0.4880919258767668,True
0.8132375517149666,88.11619651352783,1.6032641169988997,0.2584658926682428,16.388911077299053,0.3416011620591422,48.62754274284382,213.6839093473909,1.5213429747991722,98.59123189765202,76.03690151637873,15.659507369303665,0.4867624482850334,False
0.5900894757739834,90.80259664107857,1.783561015155914,0.1740860225090893,10.016502392682058,0.92682767735652,35.556952408832046,206.51813324786184,1.7811623492536324,75.65805206593157,79.27702225338436,21.980163092583396,0.7099105242260166,True
0.4754463135458009,196.1713155229625,2.744945088197713,0.1015383967265054,13.25402779271902,0.5897292261752249,55.37061586736653,204.5182868461361,3.106447961198304,87.3261094749121,69.61808690260355,19.471328830482783,0.8245536864541991,True
0.4631743336203455,164.62081870577504,2.5669578858934385,0.1964498138964082,9.630982936136077,0.5087592142888688,43.81317715502712,211.2843148689741,2.819048836590997,130.0,83.31276790444728,17.44659277798402,0.8368256663796545,True
0.7173011083842923,101.07234034787196,1.8147836473351069,0.1636292671812498,14.658340633142982,0.7709474150940059,50.91348352095088,208.8406021997764,1.6886341088891614,101.95775602010552,85.64434012241573,14.2588545455182,0.5826988916157076,False
0.7654019737578629,155.2805151858526,2.517905966104834,0.2429813567511214,8.588240011636318,0.8025817448629096,45.09931501464349,203.06290314234533,2.683255388732708,128.02892114943333,78.33511475293231,17.721518066612983,0.534598026242137,True
0.541494833908417,126.44897376873377,1.9681421076760557,0.188894016050737,10.765358504965532,0.5122755438096025,42.27695296061438,190.8679180713516,2.027309806528906,112.9039151320694,79.83958424602152,16.780759188002357,0.7585051660915829,True
0.7053170682652197,143.90714892085845,2.316072334721313,0.1198557112426077,12.180119845799794,0.5461595821979318,44.41364872262883,207.10900090449508,2.3137388931800635,112.20470244738225,65.07026511476474,17.766003287630802,0.5946829317347804,True
0.814107407227697,95.43146168552332,1.6221245439402907,0.238598229930297,12.738803390391393,0.4094313566546833,47.00414056957875,205.02528476936945,1.3494960876381334,94.99456318034764,88.60395750384828,16.77140390860037,0.485892592772303,True
0.8236381429330601,79.55526926123137,1.6994722301193392,0.1794367532404899,13.98968118734518,0.715410495366422,43.13811085520199,205.0761014182633,1.7540411112852217,81.32927091616068,110.0,16.251051263865733,0.4763618570669399,False
1.0103760240244977,110.80930212574172,1.5352204608774669,0.0943866380695818,9.932993909173206,0.9698363373321351,38.78600291101057,204.36272407861875,1.5665321459621886,82.58579619555715,89.660753954586,21.456308601292506,0.2896239759755024,False
0.9553961664396088,84.79691175344482,1.51013664227959,0.1907680807854986,11.660234008707576,0.5916371236403752,43.813008785243895,200.7251943629433,1.5400610488407027,72.83601640193562,107.18638517220762,18.99202488152017,0.3446038335603913,True
0.4997417134486911,82.36941775405344,1.728956861744542,0.2870800149614682,14.263805347622794,0.9973443271161042,42.02933331607324,197.51249604944388,1.6182945211462048,70.06735406961883,103.64972564993336,22.909201339968615,0.8002582865513088,True
1.0367172419076045,69.70379626957174,1.3607645423264954,0.226379065234434,10.193769563366017,0.4234902231470874,33.75646006241883,205.60691299458983,1.299685392471746,74.55610183976025,90.7357279264052,17.490567340283306,0.2632827580923955,True
0.593804699088857,53.99541794233775,1.4960057851570796,0.1247008403644947,13.287672811498403,0.8572696213292492,37.70498436865036,196.73379048230225,1.27488837899308,101.20529487904037,80.65325084100395,17.286623416349855,0.706195300911143,True
0.9089745624908856,101.8464803468311,1.9507405608965036,0.2277182938232145,10.68461082624599,0.9496757775299798,35.504169613936995,201.35049580301344,1.7881114538353258,64.593676881553,73.56004441313173,16.80327061255236,0.3910254375091144,True
0.7135973252102177,214.98409335145607,2.6446747179039067,0.1206515777505447,9.583209354155525,0.7816380468642755,51.99507413593252,202.90903364349896,2.8822832964511518,87.8301443263686,87.3963683584405,21.32118923898229,0.5864026747897824,True
0.6175701243086065,188.1416901980042,2.359790578232904,0.1856722093853154,9.799460052547712,0.376528402517606,45.92899668431103,205.5270944938876,2.596602994209838,118.54466689259708,75.12131329428195,21.501765673080392,0.6824298756913936,False
0.3384606280450133,270.9541460336527,3.0965051758910107,0.1816489409468882,6.388602439667332,0.5285789476869186,50.30181671850615,201.30606370784517,3.309401728753654,121.485470754233,28.45587545638692,20.421514081435863,0.9615393719549866,True
0.6656870979567303,81.01634128802021,1.5032588824265338,0.1118477197279509,10.968180834146253,0.3599660692241041,35.35138001782068,202.83971132209624,1.3574848605419816,98.08899477302252,100.44368806032442,16.715219807723642,0.6343129020432696,True
0.3881233529388781,171.9994729282053,2.3608137497232544,0.1369702999699545,10.222860441861055,0.7212236846410605,45.27987493682271,198.7653398432722,2.5383444876020542,122.1155479881341,49.9470370020763,23.813842506785253,0.911876647061122,True
0.8934598471685544,119.01276330168965,1.9674157001467292,0.2855453636965114,10.631777463402903,0.9987041664112516,38.90198763828055,202.98748105748223,2.163761772321409,90.53898899237996,76.3884791422646,15.996356867233828,0.4065401528314456,False
1.0033585314278497,90.86541677588106,1.6810218157425272,0.1126496341038584,14.824441587581468,0.5623282292646813,46.32948740361228,215.4796992667789,1.5396105232670605,74.085835639434,103.68879011906716,16.190338780821264,0.2966414685721503,False
0.5406178021406619,202.42310709062392,2.870538742753015,0.2502567609077464,11.578286297364764,0.4140615297683829,52.66490890867431,205.4867197913172,3.164920254030254,130.0,100.28085360859484,16.83301791077806,0.759382197859338,True
0.7603941485038542,119.56392377188833,1.8486008172220605,0.216842645003035,11.485806468791704,0.4880481362669175,43.16614691107601,202.1079547105792,1.928650546646009,104.84629926309638,97.64231381995808,19.85371787360176,0.5396058514961457,True
0.5549216955984049,61.03363392204242,1.696984048264636,0.1831572831314411,10.222472987420332,0.6995613784471322,40.78585167738863,201.174879474058,1.6389609432094614,89.21832150889885,79.39651349029015,22.214271426880707,0.7450783044015952,False
0.574303053972642,187.1265666143388,2.3408266474678934,0.0843787173662908,7.818870998766404,0.6982732507839886,44.0624722482026,196.9098570374946,2.575435599075295,104.09000624069424,68.2977780905835,23.160863858555484,0.7256969460273579,True
0.8548989407730743,150.132918022421,2.211979979670601,0.1011426881765944,14.639991753213328,0.4608745830554142,54.18277818518361,214.28298241361023,2.1434151780496067,104.90251237787596,102.91222679713684,13.70969518185492,0.4451010592269258,True
0.6922923476313174,133.6913686523157,2.246996760500736,0.0947444058976009,8.37180740489949,0.8254933183764774,41.2684663651049,206.90797868833653,2.268123771516416,91.00503765284932,90.90156103113614,22.408515600137186,0.6077076523686826,True
1.0479296083862022,75.10555186388558,1.7705479877490822,0.1966985647434381,11.898591226381212,0.3616086040453523,38.241560558059625,206.52973368132535,1.911837818002759,62.377879948089216,92.49400582173318,18.304294013323272,0.2520703916137978,False
0.6035535042594158,141.14464710029904,2.066118492147357,0.2933457991796195,11.25348352376171,0.7361281979348155,46.01502538944207,190.0195421416689,2.4542639451210686,107.97999828313542,79.03584685059701,28.0,0.6964464957405843,True
0.8998672664948978,251.32478675463244,3.0938587520477614,0.2693098156937487,7.7912418051533425,0.5979892642652673,52.24530423061918,211.41291633209863,3.5016607681554173,124.57411382984291,51.84948281602443,14.749809746283066,0.4001327335051021,True
0.7194826825915563,148.13034430891264,2.248219617020935,0.0563129707323943,8.128805520369381,0.3890225138902727,41.01516644086884,198.5494278323193,2.46958577214127,69.22176308345274,81.17361247361762,17.76440094061558,0.5805173174084437,True
0.8591556019488467,66.43768039812367,1.4505105663960784,0.1184316561155866,10.077349147019502,0.7440693264669578,32.352199744365535,204.62108699358555,1.1595577755798303,86.16332474032399,104.49311360122788,21.243426927548057,0.4408443980511534,True
0.6105684685340106,153.59603618172906,2.321160780026044,0.0893143647342555,9.032960343660012,0.7711345927364507,41.20821903165604,206.7755963216188,2.361709773903079,126.75267455288648,49.51489843583875,18.969768182421195,0.6894315314659893,True
0.6900882324896834,148.87805369702798,2.47039825538408,0.2939194604744754,8.759310721438382,0.608014206941834,41.68289250208168,205.06425351877704,2.544016907738087,86.83928084326281,66.87680744902195,21.348021929275745,0.6099117675103165,False
0.676900224140213,179.01139396892128,2.502846251510765,0.1089025586494537,12.698779773557463,0.8585949736257903,46.42345993712101,200.9202972780976,2.968552682512208,100.40118009967836,65.43460369754727,16.25409783596947,0.6230997758597869,False
0.5327885770308425,146.88064265750742,2.25999859812066,0.1003282962596984,10.336071246525083,0.6565216090873398,48.71882373194201,209.6491644307352,2.37220249022684,100.04111588848542,77.61648779771443,17.788765317324412,0.7672114229691576,True
0.8324163069163505,82.47788949993905,1.7606463627296187,0.2052188233955648,10.363035566476352,0.5000281164689796,43.03338481364751,202.46831226942328,1.844686977505188,113.79093669673584,73.43638578875218,20.457502607861564,0.4675836930836494,True
0.8300498011156728,130.31008109645455,1.8233341576683657,0.1890466458936966,10.889726236771672,0.96752089455671,43.7497677375377,212.44384017356765,1.924277861367212,100.6633499578684,71.54405767711714,15.49801298204918,0.4699501988843271,False
0.8187109389811134,111.67171291764166,1.9624074043220767,0.1064628709453087,12.45941215913126,0.9608308264249096,45.82395496830629,206.17839976913305,2.029513589733505,72.17428085775613,103.51238561168206,17.98571933100629,0.4812890610188867,False
1.0073931307835289,137.6851131539613,1.9489669690059117,0.2175912161343105,9.763504609902022,0.3669349763028414,45.33969488645048,210.08881408414567,1.977631638425644,98.49784585404292,83.51437183957997,14.85068657608054,0.2926068692164711,True
0.9898689602472608,206.2221231872051,2.561293944392971,0.0742518028236722,11.272360632017325,0.9622568977838684,49.06289470136099,209.3028124645604,2.5889992034325977,130.0,78.88787101021954,18.156726855777546,0.3101310397527392,True
0.6250110620301729,93.38423600791258,2.071365155241576,0.054842266507723,8.522560848273145,0.8428376665168216,37.33155168369444,205.2919994814837,1.841375650187784,82.69777140399596,81.7038806318192,22.845705359107683,0.6749889379698271,True
0.7746104636868356,292.97459143343497,3.3058074900186583,0.0706036976765867,10.30332534485428,0.3746509137900642,60.42361720944723,217.15692694467717,3.806755621275405,125.8326094451038,74.06837023807878,13.086434069464003,0.5253895363131644,True
0.5752798621483575,153.11333932141366,2.1138805989271754,0.1412170564939431,10.224264744715668,0.6635276902965501,51.64944994850838,211.0305010312298,2.173634771943121,107.61738983398754,72.70677843634382,14.524745012995464,0.7247201378516426,True
0.7046710632229111,187.66463793669567,2.674204490328774,0.2937540819687043,9.516409343285677,0.3244659170543192,47.08451466032161,207.24917950450543,2.529007919898393,104.41167323454158,65.3849210405052,21.297326792379955,0.5953289367770889,True
0.580050110176227,175.15328559782856,2.259074734356272,0.186811749702341,8.32260934541641,0.7121999493926137,46.72363776300394,204.34995977900317,2.503641022721153,128.6712302775351,65.93898130988494,17.106802201869527,0.7199498898237731,True
1.0240140618272102,150.14140384589635,2.1340183591387194,0.2386815257538668,7.596184443644356,0.9532313493077308,39.154861668987,209.18154166710343,2.2553712471639744,78.78887555103942,90.71631635542704,21.00584451404716,0.2759859381727898,False
0.7727396300685925,163.73688168238726,2.497252878657023,0.1303739380578898,6.386057870923169,0.5577468162398206,45.73340823853952,211.96105631263512,2.7297597067488084,83.31587503342317,65.35947657881135,19.188473655461788,0.5272603699314076,False
0.6563941743791155,50.0,1.4064151347961935,0.2298347663708322,10.421891328310467,0.6560376218358106,31.22235373984213,200.8976750307603,1.514901133780256,74.78493575757167,87.53047957602045,18.89542730393406,0.6436058256208845,False
0.9387237143712752,174.9890853730693,2.165673126215575,0.2915452995305894,11.143077548609927,0.4592922281318732,52.55149619424835,211.13823771880945,2.104921577661845,107.9881180608804,88.89155669373338,20.12025641760585,0.3612762856287246,True
0.3,84.99136700888185,1.7615293782194477,0.1394402225705133,9.35534286476987,0.6786623679502248,36.91861484500743,190.0,1.7086631569286574,84.48397451431796,99.6753140103696,25.114253746132523,1.0,True
0.3,122.84938232555903,1.923325176297496,0.2997648586837562,7.3821251095464575,0.8618022681203548,37.24268096124319,199.91432883714583,1.9954656623182716,102.01289676758054,70.58132691967226,22.195729618182423,1.0,True
0.8591677310439547,149.63487548361573,2.428056726848463,0.2096024877579165,8.306628557451788,0.4506807917560609,41.59513866458143,199.78404868950227,2.6475044789514555,111.04524240654452,70.29499367645455,16.414807208102214,0.4408322689560453,True
0.7120936896234735,210.9716423559214,2.596845096702251,0.2371478531161809,8.35587713908392,0.687440733375162,46.35613837997104,207.28950126982588,2.47946375596234,88.75144094391264,90.8957899768408,20.816644289083875,0.5879063103765265,True
0.750089260052152,85.00145013734155,1.8376954971576211,0.1130418097120374,10.709871207670677,0.54825029398254,29.71977325898597,198.1523970833581,1.844122252836671,82.48968120758929,102.88124715696216,18.001073288523315,0.549910739947848,True
0.4347207793362902,102.9479636059529,2.0899384137024803,0.2107726922943104,10.863372256958764,0.8235104546516305,43.13100202062496,193.7530653467844,2.3229578722843724,102.2134335084507,93.22944253780912,20.893007246518717,0.8652792206637098,False
0.6953532578299267,109.107488387998,1.7452184235322483,0.1777515628655968,13.307799170330169,0.791427063370042,43.5804197821212,204.372107178186,1.9031438032675447,98.01708087517706,86.97571000863748,17.51920857083336,0.6046467421700732,False
1.1007018820802683,138.4798760715547,2.078857055458709,0.289100661369359,13.25572199451329,0.7891527592798595,51.986685149756575,219.8178856326734,2.227942046570528,77.80630203030094,86.85121886070847,17.841677701269933,0.1992981179197317,True
0.8648399239591725,112.12548102537347,1.9552976393246555,0.2761687619473789,15.393758853399785,0.5644621936070764,50.21891696291142,205.7528711318344,2.161005593229827,93.75520533074813,76.11980644982832,15.557770262853232,0.4351600760408274,False
0.7339413090285624,164.09940386643518,2.1841933680483554,0.1491681497312693,6.471414633667315,0.7194955120793346,42.94124514763375,207.9626927869341,1.9505454069269208,93.0790815698614,81.13335634127439,16.893521447116225,0.5660586909714376,True
0.6121892179790124,61.69847369976345,1.534132031604282,0.2867174378845583,10.00648284866432,0.7557596285805306,35.82116353189581,207.47406073503973,1.7854446988612334,95.16719904703152,88.36247260556095,21.611459550219653,0.6878107820209876,True
0.6210854296261212,118.41666856215096,1.913595305371309,0.2712031381875024,12.40516731141274,0.7765697806588103,37.145215846563445,203.80630210495133,2.0382061756184893,100.0160020517803,65.70290147722511,19.692451691051883,0.6789145703738788,True
0.3,264.3979682118094,3.078423609955471,0.1975959625922848,7.2419678980323745,0.7026794478263005,54.6079852506194,203.79660863699328,3.72407427523906,119.14577727111406,65.65406860420629,22.35841066259981,1.0,True
0.7515280841842321,112.25859335590236,1.905409505753436,0.070529477197385,12.873075553262067,0.9067633227762576,43.61154074173656,204.6136232856641,1.8174496029463052,94.01842852838176,86.67472682536557,20.934576009717137,0.5484719158157678,True
0.8690966216963707,153.39343448006903,2.2378371831773367,0.0901975601648844,10.694567725611376,0.4741590054890018,49.15246760551329,209.9676533150848,2.131962885896167,93.13145936204356,79.24805411850235,21.201862275415664,0.4309033783036293,True
0.3848761345658769,194.52868954142252,2.5808116316927863,0.06921856116845,12.972732850335351,0.3390647525529635,56.46798436098474,211.4696754098777,3.0436808410101324,125.4983500305392,56.74374231375758,13.934399781893912,0.9151238654341232,True
0.5677166215386368,150.98836163963227,2.11808294129854,0.0769982786622652,12.576184941138528,0.97375241771166,50.564643404702046,209.6314751643197,2.157068904014049,101.50820443204591,89.4159468184315,13.49386128231903,0.7322833784613632,False
0.4685070735533155,307.0778760093165,3.373347249422069,0.2942380935982694,9.806834810262062,0.342513608636708,61.68491939246495,200.7965302267368,3.800226317892772,130.0,61.37343016493256,22.000882373932548,0.8314929264466844,True
0.5069297610382473,131.74306313999676,2.036156366796249,0.103041824804038,9.722507324353929,0.9320689590543684,38.5718621843133,196.41221704373007,2.212579156970212,89.16972854363834,76.44819579403172,20.708263979914975,0.7930702389617528,True
0.71069632536438,168.14130989149015,2.338416832946552,0.2227136455851657,9.759042560822978,0.7285994558679564,44.4445729195486,204.9194402514173,2.608565466459782,98.0355739714096,70.43395478379597,18.762707050068457,0.58930367463562,True
0.3,141.20719364182418,2.063830148142601,0.2091320644206924,9.78671290779898,0.9431182697202196,37.16126968646422,193.17000070790988,2.4002010824314306,89.33320904338439,104.98221634457651,19.596470704745624,1.0,True
0.8228540876714128,236.64255415457896,2.9417313795495343,0.2077862162132509,5.427471309187783,0.6954677513938472,44.39552365144755,193.90500194778195,3.228932118489368,95.49024165561652,42.57102357722429,25.34458641319348,0.4771459123285873,True
0.8507710139867364,105.13541640246488,1.5688690689184397,0.1016759998990074,14.345454866845806,0.8747061078449649,42.04559142999994,201.25808791258305,1.441575575292828,73.18276922906945,91.48746715145982,18.64743917081512,0.4492289860132636,True
0.6497794823926175,315.0,3.410430061163657,0.1948366485961524,8.969852079455066,0.8049031842641734,57.63251133174569,213.07266475828447,3.957390891160449,130.0,63.795242554683774,17.154811980076037,0.6502205176073825,False
0.3,94.34548154404288,1.7127746784219149,0.2063845873962378,10.542721659229166,0.6675784935624695,38.64779331357627,194.0882939150189,1.8922838821311372,107.45440433964602,68.79986432073105,18.40221274683252,1.0,True
0.500716274799522,277.8398784686867,3.0943017496949032,0.1926013291612777,10.86898570397558,0.5543265129675334,62.50710650191033,207.59326783004252,3.236958344200323,128.7495151097618,49.65790803289863,20.577320253875765,0.7992837252004781,True
0.9465803868205392,81.20228791542438,1.8939980055447287,0.0965406168189196,10.15154999467862,0.3020013144818396,35.9216840997468,202.8791787809233,2.011360571106352,87.6659798739096,101.49175984215717,20.01698022555986,0.3534196131794607,True
0.3,170.81722355923907,2.3693670654826557,0.2307651492686772,5.881394145332091,0.4756336921985638,37.58820479669125,199.6715831418965,2.2123940303462364,106.11933591166552,66.40886457005189,24.85066334820357,1.0,False
0.6304953175612961,126.44907791145803,2.03810807502555,0.0683107904791277,12.940130053959708,0.9662367659317604,43.623898959785656,200.79298148444292,2.230166276814419,77.13944922602816,92.8666413857997,13.955062051574366,0.6695046824387039,True
0.4639998443065481,192.49909866153183,2.4675081830974355,0.1978000029549054,6.722183711237232,0.4928232935054938,42.248243542516704,207.84052898151972,2.619163607911763,104.13344749586317,64.06228397412694,20.053786835520658,0.8360001556934518,True
0.8609140603169673,155.2249644084345,2.239432877211532,0.1590648331003283,9.775244616275415,0.8262967098635401,41.75576691462465,206.0163331095957,2.429337708045592,73.83419850772749,71.01603823000929,17.28111703539726,0.4390859396830326,False
0.5649772095713077,187.27863343350907,2.3159410478226623,0.1125716482832684,10.082455287921109,0.6559483301719351,48.43336330391515,201.76903426982437,2.582705645642001,125.36430793262934,70.73909154106948,19.846037820037598,0.7350227904286923,True
0.7807908041471223,80.1394547356328,1.6156430824708017,0.2518472472565347,12.405513573183883,0.5159600692583595,35.38206367777021,196.03006913784424,1.5781518229727454,114.8957939390814,93.48484758029392,22.114789172930905,0.5192091958528777,True
0.8130920838338186,64.84066432571444,1.3781740503163522,0.0939731416680459,13.699350365785492,0.9937654142736664,42.5436631121168,201.7267585147241,1.3602084034948152,44.72708353492973,110.0,18.7825193940588,0.4869079161661813,True
1.067245167946004,75.40225618369512,1.5616075117561363,0.2832454399744877,12.920632526482017,0.3328820642673559,38.60431592348396,209.23564182507704,1.4671037647284917,88.19639953755348,105.91918939584922,16.520642195481212,0.232754832053996,True
0.6594116112649259,74.73240891566473,1.2138717863799433,0.2711412570802967,12.864580197954494,0.7074539745318167,41.25290412704487,197.36651316261413,1.2941103109339285,84.11267280495156,87.6100693733312,19.50419856743463,0.6405883887350741,False
0.7752088739245222,79.77706587597888,1.4690160457413022,0.1401468867905207,9.8243588937081,0.6230627512067979,37.91875990068562,203.59425765919087,1.7132788064512774,86.43691882355765,99.14203255106956,16.007772747393467,0.5247911260754778,True
0.4029889041745128,97.0037317395263,1.9956188145933604,0.1262882327146483,11.901268654677372,0.3535684867914431,42.04634403295543,198.90748124732457,1.9084620981899167,95.46929314194536,62.29839487278305,17.578045642438056,0.8970110958254872,True
0.9380827126587488,96.64313408784868,1.897704735068921,0.0843716708547255,7.948213652308491,0.4498673440707485,36.30134103349137,211.18836274276,1.5290881710915236,105.77617066531316,77.92496178997804,20.94563508614746,0.3619172873412513,True
0.547898230385727,127.8383141561651,2.2205624136366056,0.2790819539834889,14.135613281785254,0.7859693815745239,42.584783817391056,202.96957894404912,2.2606627766171106,104.75209795997976,72.87102774692102,16.327617593010025,0.7521017696142729,True
0.5878491671824508,87.39613809287519,1.90732729519364,0.206882964705818,8.341226901928152,0.3758300408554034,32.02317500350404,194.64271812391416,1.8591794165573807,113.96961856295955,67.37575174379853,24.92762891655121,0.7121508328175492,True
0.6955504410301578,90.19482671720266,1.8225067273622928,0.0579458955358507,10.614325473826394,0.8607175773847986,41.23839505931908,204.5269297575085,1.7915765398918404,75.38073734157291,109.01218010662956,20.629120881766816,0.6044495589698422,False
0.38742313093203,115.2960929238288,1.85443844058376,0.1777498536404026,8.023147001512157,0.7375426957664794,37.80488436853,200.7308242714805,1.8210046295122173,75.80940804264166,56.00898063598415,22.98997167418251,0.91257686906797,True
0.7457540057857875,205.93162170657823,2.4918653317127823,0.0714497369573467,7.686864980377158,0.3706003164185248,52.093541366122665,207.5265782302918,2.788458012464801,116.61225819350176,57.99281123406322,20.25733460979081,0.5542459942142124,False
0.8934932545850021,104.35401091321928,2.006843778123209,0.1934376712382104,11.151170317512564,0.5007702401342731,45.70772932100998,201.09108077727973,1.806102362731816,77.99247191611836,93.69240020349986,18.44242653376388,0.406506745414998,False
0.7585867646994583,123.95112326959264,2.0012941823148496,0.1772404295802031,9.60561196441213,0.3960245036428051,41.06301273164486,205.50104205506605,2.1212353296624253,113.7357866261508,75.5187343767908,18.73939897169279,0.5414132353005416,True
0.3822204871642549,133.40920148123365,2.441377034307155,0.0707115113756805,13.115976141258162,0.8583209068904369,46.86192537535831,201.1344969110745,2.6825246635162703,72.29760980570356,80.59113997370206,19.81723668289302,0.9177795128357452,True
0.675238141134068,83.26810946959978,1.6113801793551852,0.2539651482791932,12.000356264665356,0.6730717375879669,36.71749827354865,193.6953388553772,1.6530833589420963,79.6859556410101,108.94945293454752,16.149636080430653,0.624761858865932,False
0.8484057805958981,108.82494060463404,2.166533903054144,0.1155792942915694,10.022749664813682,0.3019809557016105,37.67251657261497,203.95546835409243,2.249328018502424,90.2966550467009,89.87534010814498,21.98606614285123,0.4515942194041018,True
0.3244022468068184,93.1205199968201,1.7214453913701977,0.1853710910416747,11.029950394114335,0.6800325530597067,37.80363238355612,193.64215206868988,1.923444066816208,90.76342635170045,76.86576119035344,20.22422401072932,0.9755977531931816,True
0.4850467972364571,196.0675781492426,2.768947914782746,0.2097597191576335,12.154124598836692,0.6379625789854657,51.62578607867001,199.470256783282,3.045733371826381,118.06982134218389,70.44697738095888,19.11554835451659,0.8149532027635429,True
0.875308720816304,187.9925682123757,2.7584443062838733,0.2905761333937916,11.615649715403064,0.7501534820947535,48.71226442998746,207.6769366437268,2.855413287689857,109.7108919508662,83.2949184964041,17.352083394368055,0.4246912791836961,True
0.7540190868394573,89.30973380416302,1.5610353812061972,0.1734529232199614,8.88712882469116,0.3243908388408972,35.91872970350978,205.7907525345305,1.6131551990753772,100.55766460709626,93.236268969645,19.271115777810916,0.5459809131605426,True
0.7823943164253507,122.86421886047344,1.9101640391401573,0.2793289430719808,9.291010289404348,0.3247980543531331,44.55744381861133,209.48866233543583,2.0628644598376105,108.6262156876071,82.10457831272122,15.342317566510856,0.5176056835746492,True
1.0718989615246624,168.20654084688533,2.1907054429203034,0.1387143353369247,11.01681986586168,0.5445576735667497,50.81483096486805,215.23413542140125,2.3776580685899558,91.45800732137764,90.11318054776284,16.26685128581256,0.2281010384753377,True
0.7937105557012405,147.1003036967653,1.9923107563353888,0.2643593004124987,11.129601022717711,0.781976667313041,44.71805810969276,206.6867265726996,1.7809677631399412,122.9204508298064,89.24791198994063,19.32112003586845,0.5062894442987596,True
0.8315776020866359,154.74710099387045,2.338036835529706,0.1089565567378541,7.903712791033053,0.7665906648120869,43.83842168592608,208.4262529249956,2.419560006776142,117.18407858364364,71.92737230464802,14.69378704816316,0.4684223979133641,True
1.2421491054436653,83.4639577916167,1.6382174067955804,0.2268699406088544,13.14572725622547,0.4947845054471782,42.7179365967165,208.76539802395305,1.3795195379393288,74.31753254967161,95.57117583016624,13.624058199151923,0.0578508945563347,False
0.6572390883819018,272.4489382360154,3.187446454366644,0.0721529984387491,6.135996003341651,0.4512472811940271,51.61655234152629,205.60080410059604,3.61004923091876,122.11380551604024,61.18689791086248,22.75270475703092,0.6427609116180981,False
0.540423447276301,96.21372989667944,1.8531457094194277,0.2965125891709148,14.13657176434372,0.7781879181667439,44.682108586478016,197.32211047155337,2.0301248052805576,86.7963037730942,95.325166249034,20.412740216955385,0.7595765527236991,False
0.7855592796494265,95.07756219170976,1.482012472476441,0.288484099965592,12.453392024298392,0.3189789152936618,41.22559269277748,200.38400076906885,1.4168096862301105,94.98073833636631,70.80863613069178,19.5845345132233,0.5144407203505734,True
0.7877982058777789,72.22972615268608,1.7708527098150468,0.1605534096293444,9.209631137831062,0.6897483321861182,35.19810155463005,205.91145242291805,1.6343975668503374,71.42377540581155,75.01390039414076,17.66659551575581,0.512201794122221,True
0.5946569216107583,117.5721532372245,1.8882131013968084,0.1809838044975634,9.719732498510451,0.5968690494308889,40.02318713261502,205.1820514327136,2.042312047150977,83.7219609469829,74.76540393336072,20.66896863513852,0.7053430783892416,False
0.4935205960890304,217.11262827057044,2.816761222100242,0.1994437155795055,7.88975933916676,0.4673607725546471,46.069813810237655,200.31614543237427,3.098187487068232,86.31365023605227,57.899117494966575,18.579702452440337,0.8064794039109695,True
1.1619688844180156,146.39086845980728,2.2642338735627408,0.1187593899224175,10.716693154588596,0.6642086625327253,42.52639556613529,209.56243890197575,2.4621512146579696,84.10801598088446,100.60607265295258,17.198904402685578,0.1380311155819844,True
0.7653686940776045,121.77652224868838,2.179831662104083,0.2186178588012906,10.35927342389613,0.4520173596359621,42.17758677670065,202.09319313215877,2.517158605251101,115.31400244860627,110.0,16.672780543835337,0.5346313059223955,True
0.5535429237195848,181.17511671869832,2.4336723255821315,0.224640486651129,7.218772289623506,0.6950251238844696,44.02075777461593,202.97993126675988,2.7992492820382653,103.70101471311274,35.70490143741183,20.539226764290863,0.7464570762804152,True
0.8831860604559196,214.34694548964669,2.396229945060734,0.1812691230813189,6.074384859496693,0.4042816853584404,43.7161282729013,206.37356486771176,2.6139219802559115,104.27757578262803,70.4014616657563,18.35255643410528,0.4168139395440804,True
0.678170969687733,187.7826628285505,2.5108304446464387,0.0869351731213044,10.827763404761386,0.5839850384639493,46.62787679975783,211.7105355429148,2.9061140969483894,111.148826882851,75.81356127980624,18.57126830567317,0.6218290303122669,True
0.6494237107364337,59.576505851029154,1.5067180755324732,0.2797964859729,12.557343996722636,0.6572984347133637,41.50529524747964,200.06036460165092,1.4999986873847997,69.72618889404244,92.60092610686073,19.9092368789532,0.6505762892635663,True
0.8124545743828986,181.9510760912285,2.30046947985881,0.0787612705864038,9.957063256208958,0.3221907196306792,50.87265682070484,209.6521037950281,2.395211668065532,105.93536475109694,84.03058525956905,16.603176146586865,0.4875454256171014,False
0.4416235463536619,157.72217634362428,2.283901008913935,0.2072930421776278,10.756610915527776,0.72750206832873,40.326431306264425,201.30149798991445,2.366136706063759,117.57205822638224,76.6748679738022,21.944978320997546,0.8583764536463381,True
0.7705254407834344,88.52194753028732,1.654022815033355,0.0757721491524387,10.04498281989975,0.8252207054482523,40.72235154939462,198.16215061089255,1.5636432255280437,87.57040558745716,83.32919874752655,18.58307715250855,0.5294745592165655,True
1.0825909615463505,158.0411795568029,2.0629163440620464,0.0865251772832306,10.560041955082864,0.9692514939677276,45.34608967396646,210.04631353549885,2.115072358359258,98.41992898535035,86.99364976176909,17.380774807954076,0.2174090384536495,True
0.7932355324394621,217.33736473728615,2.839421652149682,0.0551345785072072,14.67263967769424,0.4421884467250867,61.0611964284054,216.98605148549132,3.1125701219826314,130.0,88.1657513897096,12.31456036932171,0.5067644675605378,True
0.6247575792433071,97.98910470769768,1.699354065026912,0.1408410209641898,13.820243780905155,0.4460867570747051,48.04980055071088,208.9135602868716,1.5392120380668708,103.80389942314484,99.62770639353376,17.744705927527384,0.6752424207566929,True
0.5985789439143515,194.5177866670184,2.495185411125587,0.2098956411055094,8.864181247882026,0.5133815769601862,52.25527700611702,202.44343838862852,2.6470194408833096,99.24071787396346,71.12496643633897,21.62262318120281,0.7014210560856484,False
0.617932005330978,147.93642362307048,2.114104561891501,0.180386054933218,9.185726531162004,0.9235348262198336,45.295274445996654,197.62575584894824,2.2682308710854744,88.96409217664558,68.92457742344575,24.115002159029217,0.682067994669022,True
0.6492074643904437,50.0,1.585321789619622,0.2186347878121214,5.807033325518552,0.5848000145850105,25.17575148278507,195.1790549249885,1.626669953395546,115.7416100884548,110.0,23.73428539286364,0.6507925356095563,True
0.6244386934483456,125.9124836222316,2.001162444711844,0.2187547152177382,13.084702431366168,0.5112556691531684,42.5350403522179,206.6877484322787,2.0797864666521364,103.33421263799276,92.10117236919052,10.524598808070875,0.6755613065516544,False
0.8832622882149133,145.12658753789373,2.1728776733850235,0.0850434359985596,12.1182532026225,0.8188265473155631,41.14935079731354,206.98953177007903,2.272006398901324,94.1597197082776,95.7657963510565,16.49557982275357,0.4167377117850868,True
0.3533581793582033,110.74165962099605,1.8198378538100088,0.0643343508554288,9.810228594413788,0.3265931243043497,41.58188744153785,200.95165693101535,1.7873616665343015,90.98942085794825,72.07201070772489,23.55054282179362,0.9466418206417968,True
0.8724000100824267,150.59718141626786,2.274207474668379,0.2063395351086674,7.139493832177497,0.6841701579158144,42.94884170510507,200.6933194509983,2.221750172729336,94.50799081247602,74.90121392312602,20.791935008241197,0.4275999899175733,True
0.6240626949714877,119.7656503775794,2.160522910288236,0.2133060762438106,8.302629918186174,0.6151329937533825,34.872677315530495,197.4646897362078,2.234107093366424,109.58808217850368,76.27756770685802,17.513932948248144,0.6759373050285122,True
0.7753895571390744,315.0,3.617179122622976,0.1891759337854261,8.30767529745473,0.737400747519859,59.94447564120232,206.503568154858,4.105685314480617,125.4493678986527,30.100484668268827,20.45880039219322,0.5246104428609255,True
0.4746024179598271,107.3151796589787,1.961551481472058,0.1114406165810176,10.871777152080853,0.8117697714432888,38.77522276766662,198.16467474911917,2.068239636863032,86.89445343709434,72.44047685801054,21.425873355838444,0.8253975820401729,True
0.9657262133698872,89.54534027160841,1.8072972530555196,0.2526913042455634,12.909686313847068,0.52749186988169,40.231175977050725,195.8438988051525,1.6271199697064544,82.46655543993376,87.06446150536615,18.2343443890315,0.3342737866301128,True
0.9491269920343746,189.5774342299196,2.309583077342682,0.0689215038740642,9.777781088271452,0.7454920302162698,51.57418161815486,216.21075644261515,2.415919647612633,113.59860125729732,71.57355645036995,15.76557231400766,0.3508730079656255,True
0.8919181051500147,113.43328936032292,1.7760484901277127,0.2080779473303398,13.085070222170453,0.6670300920726961,45.8202405214065,212.2694320949475,2.015990978621065,96.48420024958656,82.03779694840105,13.776055803506246,0.4080818948499853,True
0.397049044841292,122.72083798917102,1.9510185948734995,0.080102883969843,11.604090225057863,0.3937774672731936,42.92632802961767,200.1009605339317,2.125349555040171,112.38294891775124,81.89838539271827,20.5723680920436,0.902950955158708,False
0.8658242142132105,117.96354415519572,1.834828746867582,0.2136119291083074,12.700006041559975,0.9172083456067625,52.988196234962565,201.98093142796083,1.8315908056302563,90.20760598981752,109.44883039681216,18.529282912157598,0.4341757857867894,False
0.7809710175271417,184.33996321093045,2.315039151974044,0.1544314469558741,5.084577158174989,0.8282131174815985,34.96977177300396,205.2174966820361,2.334375182347876,79.66987958641722,66.18120383513683,18.838631890624104,0.5190289824728582,True
0.3789457505734864,79.54697370002131,1.3555494284695844,0.2295257638594178,8.852594218305203,0.94515789396032,35.12403968143928,203.04639189753905,1.2464866337548983,87.80406931052833,68.48742398366667,20.041108496573777,0.9210542494265136,False
0.6951405232458369,194.320609440007,2.352585493549934,0.0630480506192336,8.700655356327093,0.8042832140247995,43.83271791867303,207.5633518894904,2.544573161547792,116.64501671633808,59.2472551953187,17.39618073025608,0.6048594767541631,False
0.7729068978066524,164.0514917158701,2.2739331001255705,0.188770747120092,12.42212447589487,0.4713645923297535,49.573692446532455,212.0949103335991,2.440392568469321,98.45504735130476,79.41555891334012,19.22954370500272,0.5270931021933476,True
0.8112150547646302,293.4695771150804,3.3373426618978104,0.0862194747200199,11.854713009277582,0.6013683575951925,65.00074782389731,214.61063826914972,3.75791304135036,130.0,49.46553091369368,17.636118941132274,0.4887849452353698,True
0.7354522733897711,139.77178312978,1.9992161986186536,0.2205954079026184,10.122789182412829,0.5708078978114083,45.52742166282197,201.43601305262777,2.1438263651199763,104.17164528518644,85.30849418709168,19.56058758899703,0.5645477266102288,True
0.7582462833694759,81.75789419918637,1.665901935495975,0.0799889078279206,10.18288176386065,0.3250753528425093,35.356588793368466,200.0179727065297,1.6026744915650195,104.47523436219484,104.12452504546783,20.33240708154541,0.5417537166305242,True
0.9947222784506192,140.50434054858906,2.058959678252456,0.0683958307379814,6.169991072758231,0.5873837070852206,34.86566050340498,197.1499993281768,2.0474714122842017,92.20630720302616,68.01231495037725,25.10781233304025,0.3052777215493809,True
0.945206781982136,148.90711261830668,2.354842939052531,0.2282806995459031,12.21951225383144,0.5418986177984482,47.02672027765287,217.234061636728,2.754303811332822,111.40847237495092,86.41516059847864,14.449785607240836,0.3547932180178641,True
0.3,227.06953855093175,2.792312443803729,0.0658829836420705,7.702329040655379,0.3027466503406159,45.87267884038797,203.128960617433,3.0999900056977503,103.81849967716184,51.78845886741128,22.285058879133736,1.0,False
0.6365122890324636,81.67942058192216,1.7578849968656347,0.106132704482879,17.0,0.8929862813639045,50.29845987610572,206.7877747274805,1.6065519514859248,86.14543293948175,94.4471475403198,18.30330580310764,0.6634877109675363,True
0.6670697944912097,66.45710317627695,1.5621388897544195,0.256183799281418,10.177083518751086,0.4007120975054972,35.13760582725092,196.80983447566837,1.245583074593905,100.8959477763698,90.48428875697424,19.87905907683892,0.6329302055087902,True
0.3495802854546057,141.9064589049841,1.9249410153532645,0.2524220769520566,15.077288952803748,0.6506665171696848,53.47340119758999,196.56960525466368,2.016265697262218,105.71032805109104,81.12077474710121,22.190473431954665,0.9504197145453944,False
0.7188366116464624,300.330577040073,3.389045889960008,0.263531439445194,9.240457857171114,0.8492744761938316,60.46386438011753,220.0027620095345,3.9491618281179535,130.0,48.00442039702271,18.610337728143683,0.5811633883535376,False
0.9497515544821012,175.9616924678113,2.222349924843188,0.1315249723971784,7.570507857072389,0.7231369583698664,42.16368335919738,203.13580801160649,2.257483039966682,91.7653547777966,55.293996504606845,21.227623433800225,0.3502484455178987,False
0.4826864280818819,181.0741824840013,2.4323753341394725,0.1820120071875523,10.251381050303868,0.4185458577678556,51.70818880331967,206.4484355777793,2.867060315749212,104.13995603975724,72.52307829565794,17.53559417623736,0.8173135719181182,True
0.7672801877379745,71.57259123729438,1.4608111073137515,0.243336838151538,13.408730516139729,0.7327477879655782,43.78978528799789,204.38878283809777,1.410189070309796,56.36960724599572,110.0,17.96788441619742,0.5327198122620256,True
0.5168353045407124,130.9556952691744,2.104940017176117,0.0842463787527701,10.147242661618378,0.8303178261141153,46.22412198176718,202.52238912307308,2.343352854540629,92.74496055463868,85.92039062047606,19.00787941749137,0.7831646954592877,True
0.5656175952640645,229.3046654525917,2.633084173000804,0.2310977198039295,10.716077985068408,0.8983351613009258,55.92328328192176,205.7055723719877,2.800443529538023,115.23223526124312,88.2022288210279,16.72146983140721,0.7343824047359355,True
0.9954787268340072,149.76251184248434,2.20030536853179,0.0743715873486636,12.099380537402334,0.5230576318162719,51.808378672388585,209.64409483093667,2.1808261287310997,106.5832219169647,79.68990701160504,17.960291453284103,0.304521273165993,True
0.5914884359776349,65.03895112392608,1.606173946375888,0.2783126521567169,13.14124358107642,0.3237449803752135,38.21066466164744,194.82558593316512,1.5950120771322778,72.69959466068775,104.2098922506074,17.721228267654105,0.7085115640223651,False
0.792442497802125,129.73443972845257,2.17401485322397,0.2093275456279064,10.62853867518334,0.7255637445100349,42.096947024320336,207.49365849333049,2.3143198879401874,111.81782432245852,68.74618130230336,17.317495941106188,0.5075575021978751,True
0.3257563767878025,169.88491264801715,2.244454137501504,0.1733263281724389,7.357203375862213,0.4580379571007346,45.214457855359925,203.15277341815025,2.4441181033108434,96.78493461440844,73.26046081074875,20.067321231155415,0.9742436232121976,True
1.072463512278976,123.22240009534356,1.988441846593825,0.171182313666791,10.613068972238304,0.8466265517612139,44.420476776250894,208.0219176730804,2.030196064837211,81.48197740697324,108.29189830067943,14.934415290714668,0.2275364877210239,True
0.8205304892612998,85.65357482889664,1.712850644567909,0.0953405119612276,11.845577913254717,0.775917196556287,38.729118002581394,199.91085649080915,1.7550807497719625,75.06607336186119,98.27866517971984,20.79813537152453,0.4794695107387001,True
0.6635000314699476,192.50341343641236,2.772096249422713,0.1364793431136634,5.407626641861364,0.8412307982731493,37.6953628596608,211.81110030883752,2.809252972549672,113.05320767233148,77.87304908386258,19.0910679129122,0.6364999685300523,True
0.8151093019999789,105.43240264422388,1.6212597120412704,0.2317809163292872,11.474534447584928,0.9772718402249811,40.69415770198231,198.12836339138505,1.5684209392290889,81.10855741190868,84.61010304822821,22.83809721056894,0.4848906980000211,True
0.4180361142104379,156.71577890063796,2.117060849444446,0.1852359052135971,9.966153197206202,0.7091831766039789,42.69036389921661,194.6201942449306,2.2176374930485374,112.6352105541658,72.96894835965907,21.073638233843063,0.8819638857895621,True
0.9365061483505314,128.1217993315293,2.445643768562647,0.1823265510250657,7.841230256305572,0.9330194852870768,42.66234082859957,205.7761108152116,2.4236636974961328,119.22334201070392,62.971084321239125,18.99084778189116,0.3634938516494685,False
0.6352030449007139,103.67995629677162,1.7884750577807769,0.0988114736363948,10.401146727136249,0.749325367731831,41.4437807950171,200.31480865505452,1.8700759006077323,95.7869932594642,84.876291290544,17.980510500003675,0.664796955099286,True
0.659186096990313,315.0,3.2363509285145087,0.222590577988421,6.643938036964542,0.4272210423390788,55.46132073437588,216.93895920321404,3.5862245752936204,118.77136864629423,54.94751125034902,17.779155433978662,0.6408139030096869,True
0.6016688770069031,98.67404276268192,1.702009820599231,0.1480084752653375,15.470075203957247,0.8595157256562711,44.55204761664984,204.30261592291788,1.46528432133985,93.87522425850494,98.12830278651415,16.537600528144413,0.6983311229930969,False
0.5838697194508831,133.1984785371981,1.6502568450779307,0.0956883346096335,11.086687747920642,0.7855890369496006,41.60491554936727,201.834536774314,1.7022231435365154,118.77286824997904,80.48606129684275,20.879908749974884,0.716130280549117,True
0.8389341223256817,127.93268694530867,2.059599602430892,0.2859461878990823,12.976511187876564,0.9845578443724412,45.03316685621586,207.63986579717172,1.9181474856633336,96.6350086959456,84.08352483857027,16.999219735502123,0.4610658776743184,True
0.7511813700208445,140.21313471787852,2.2431727917847613,0.1766996867164013,10.21696990519876,0.4704023922585207,42.7160208141116,206.20885630344665,2.406823105053919,115.35278228749496,83.32772487415654,23.195919901759,0.5488186299791555,True
0.830349628280608,305.8219265313276,3.309826055825308,0.1820091618780913,3.3725889853989184,0.5331878613987527,54.11293083012003,222.32093425742724,3.7957132822352815,98.830466344683,43.58270325766092,18.987149924009383,0.469650371719392,True
0.6982410621028856,169.99328736109214,2.289337710551011,0.2953429775537015,11.419272894907914,0.8750437186216604,46.05433502010629,206.6052591104258,2.0413776397175747,102.9273008334328,66.12831095934173,15.71800740891622,0.6017589378971144,True
0.8026399622154362,103.2422583286464,1.9644861899345083,0.1416015342926233,9.693628544991771,0.3440227186235062,44.706214114962414,201.5967672607892,1.879713383686846,92.36393133703328,60.33513621496021,17.646745957782443,0.4973600377845637,True
0.6162302512149923,255.63521868750885,2.78254942977316,0.2857551711406124,7.660245777651438,0.7432398352304586,49.634767931787685,209.19460156128648,3.171873245011533,102.61520739143847,53.68855665127976,20.29778115231323,0.6837697487850076,True
1.1459463682819098,184.7597764258093,2.2798425295765425,0.2237313402838699,7.357787276281396,0.6748332369130126,39.18804707511983,198.89844261664132,2.1420805656833704,92.03494122598228,59.595535226641815,19.60617385565152,0.1540536317180902,True
0.3864139167139002,104.13206136240146,1.7988392136418656,0.2082739081861999,11.285712196103765,0.4181753105872898,45.87504379244536,199.5746696984095,1.9957374328390185,102.56326706735608,72.77361697404066,21.022134123335185,0.9135860832860998,True
0.9521874647125969,235.2382494054254,2.7690557696233804,0.1086045754856201,11.109103906271738,0.4155851964821702,60.18874375945104,219.322683522316,3.105870647108171,101.4075876538114,70.19009200679771,16.83518306529925,0.3478125352874031,False
0.9735814901441942,71.29720786745938,1.526297628318637,0.0629389180969475,13.76867409702991,0.8671383348777855,40.79223192548011,206.5927873592198,1.4358639792598846,78.20616139059942,100.3177297442039,18.740898899270224,0.3264185098558059,False
0.5295682388068812,78.30949112870785,1.4369133811186845,0.1594459595712847,15.08004607681062,0.3108116088063723,45.68521881907764,201.7406242773761,1.321927032932959,90.68089507158004,91.55932348387324,15.362608941754193,0.7704317611931188,True
1.1458547221111948,63.70367659644959,1.541776435659823,0.0525427404989312,15.654844628762952,0.8227890082169593,45.04286888065331,209.88241289138213,1.2074127318737329,83.12111689233241,110.0,16.979211047657557,0.1541452778888052,True
0.8990980565890636,56.04204873806515,1.4259514271275229,0.0677506276925958,7.490319816146735,0.8128670589031408,28.617758803862618,203.56664315808968,1.4197383127244811,78.99142826408688,71.78635539835494,21.32287562677389,0.4009019434109364,True
0.8942278013645822,226.52918984844987,2.894612092922554,0.1988316889235932,6.296509348683812,0.7547759834580581,42.62778099403343,214.4114043961095,3.412281421403162,112.91396753946356,75.63401907693894,17.161577893058645,0.4057721986354177,True
0.7056044374051753,141.06103097368725,2.158548172861542,0.2311179582682568,6.482879970155212,0.5866623641568862,29.150606115123097,201.4803866519755,2.546580303200664,113.45008236897998,68.20604136660283,21.287780831097287,0.5943955625948247,True
0.6565547683562647,65.53082044034454,1.5552500743971598,0.0919870829810692,13.210692134930897,0.3198244784669449,37.10876574874671,197.82718471289112,1.4945378428918878,100.04169405603253,87.85580966060786,20.224673225243087,0.6434452316437353,False
0.6581182345920783,126.37129410887812,1.7940242496915082,0.2331251031684434,9.20053678168206,0.8612436678051121,45.17398473420592,194.2073133876952,1.6831178056612113,88.47291184934602,88.10459777821714,20.61763084702152,0.6418817654079216,True
0.7781061192639034,197.5894164535566,2.654604064375184,0.2874314566486879,8.367193773779336,0.3879950426645089,52.33791927540956,213.22402280923512,2.998720828687734,79.84862438482037,62.87211434207791,18.42448820613215,0.5218938807360967,True
0.9802372550067792,91.32415593689,1.680963287224454,0.2357940201815491,10.879650842895575,0.496551238911794,37.75675933616192,206.0498644688976,1.6200074848788033,92.94390961158857,82.80782557026724,21.478032748114384,0.3197627449932207,True
0.7362628435722839,110.75175073041665,1.8610242596958904,0.2461788048937582,11.848124000652154,0.9627480487538422,39.742940621252856,202.88460285392287,1.973584203460503,71.7193801490887,109.98712784393472,20.72571077297653,0.563737156427716,False
0.5177112753725419,315.0,3.677239656458621,0.2251781450670929,4.062293694385796,0.5113027185613198,53.94649230908257,207.64427701641836,4.2,130.0,11.511006933829922,21.48815352443419,0.7822887246274581,True
0.8648854124769959,115.38200128714033,1.8151406768195884,0.1061843601136878,8.153624359036483,0.4785974052764451,37.83930758712358,207.2539459150055,1.843477549373456,96.6494534510316,78.67570801838812,19.874815080828977,0.435114587523004,True
0.8842301492789584,67.26449865736964,1.740793638527807,0.140222485538959,11.792090678535782,0.981359388764883,39.09966161813094,201.44709548323203,1.813075485104381,98.1214928843067,95.61707975939856,17.808442326306146,0.4157698507210416,False
0.8309319056895572,100.49141262906345,2.0206025959384712,0.2873167406924543,13.828395632216688,0.3601525414669682,37.36899560496485,202.23439668110603,2.2219094925174145,123.867067732087,110.0,16.65543091770109,0.4690680943104428,True
0.8490997813049965,64.12519411731567,1.625919218543181,0.2153026447425297,11.789872218735931,0.4124832715421432,46.39006183927805,203.9179820189391,1.4802564174357304,73.37007916708376,89.49522004623132,14.993736535789743,0.4509002186950035,True
0.6458143739684383,176.9843867761474,2.268781972594066,0.247256183483518,8.072629683988875,0.6068222604172495,47.166283848448565,207.31761647596537,2.285880559889433,83.30391761540216,102.76605747710558,19.93672242328425,0.6541856260315617,True
0.5142021665738841,86.04687094427493,1.3604309807101598,0.2921736547111693,6.72509722626025,0.8513711894890854,29.837208409362447,191.25870717421847,0.9033740266394068,87.98584105338732,88.22862640358768,25.574271142828117,0.785797833426116,True
0.5263613138718439,84.9481413802182,1.841410368180737,0.1078592301281664,13.566819742288686,0.9190512572602934,40.45861961126326,201.4008954904933,1.8287513543738436,92.43482999416824,62.25958667517034,17.960510587729623,0.7736386861281561,True
0.3729073503084283,315.0,3.536707759199662,0.1304216668316383,5.710950371340943,0.8289450058779362,59.04162775065251,207.3038231016648,3.9384257541189167,112.393321107162,24.036300324972075,18.638455809618,0.9270926496915716,True
0.7473897223091899,75.09924053360379,1.489014303645611,0.2112004132086249,9.123852455741345,0.9833225221219976,34.9210271294705,197.08587285303744,1.513325072989354,77.19353170803335,90.242536123737,21.562088205031237,0.5526102776908102,True
0.6833102433546813,70.28622123757204,1.738324121463917,0.0560893684460018,7.961132519514384,0.311792299824871,31.040827547738072,201.2842399855252,1.6793566829363074,103.2738208060974,66.95761376612889,23.90025579304249,0.6166897566453187,True
0.6120024590940583,79.87239163992257,1.509745300987709,0.1928047693334264,8.396275165969069,0.7336545884940077,34.07298619645747,194.1214430043161,1.462337050426149,66.74169148935457,89.73160837598388,24.49706130525593,0.6879975409059418,False
0.3,200.77855359314637,2.5426051400105294,0.2521720948786247,7.27131475032489,0.3814423413194536,44.84363416908852,204.96078219105877,2.9825118097566685,104.39326175410145,54.19891118871383,20.30930347643499,1.0,True
0.4505365060611661,165.43201134517136,2.40218964540892,0.2026108434560313,9.496756576159784,0.937253918423409,46.15158999566008,202.90919185424133,2.665979644499162,92.76074556511392,55.85838609951048,24.278670632201816,0.8494634939388339,False
0.9241681302806332,99.92089673849888,1.6323267491657591,0.1238483209740277,8.542192108233575,0.9547150451515748,37.545541956300816,196.9326651147299,1.5968918900602953,74.62880892101906,74.55738184531519,27.68291504495844,0.3758318697193668,False
0.5670747999873738,95.98901394891696,1.7514899751502755,0.2310260208340154,11.6807554315243,0.5121197523926583,41.57399207285986,205.78226891238504,2.054805264985264,104.92172136851664,97.53342371930682,16.90774130416035,0.7329252000126263,True
0.7721183355313682,159.16232664071572,2.43666919071273,0.0865079061699864,9.592893092647293,0.8793959746280988,45.23945245861677,207.13104294732383,2.6445768282436064,92.33944983516471,50.77366514992086,18.12984622687072,0.5278816644686317,True
0.4218629140049487,143.67916531973296,2.181099934101033,0.2736933673196292,15.302158060450768,0.7411929027711086,56.96396474681288,206.28929119914636,2.2683724491425856,102.9514791378908,100.14306259438354,17.551927028319593,0.8781370859950512,True
0.9877410964718464,118.87066779414292,2.138079292876696,0.0752287577601138,7.110553123641571,0.3703421491395406,30.272154399596616,206.73718071334503,2.1111964046642053,129.2864096225083,89.76387018153152,18.001880252140786,0.3122589035281538,True
0.6711944679890647,168.29795577022935,2.5164239998627345,0.2658727834406087,10.325891542823111,0.7219377115299108,44.38871263383383,210.71062263093808,2.819188782329842,89.39783537895158,70.15973755989938,19.277493884463095,0.6288055320109354,True
0.758008079296707,77.82619199034812,1.623770286086028,0.1744523569340581,11.98193952006384,0.9832399275503678,38.98631623289976,202.06677216789328,1.621275418967744,69.59448264944774,76.15162908278006,18.965566123610014,0.541991920703293,True
1.165155958376337,86.64242063867465,1.342628158655789,0.1571617508719504,9.173210139872928,0.5156658343040061,32.71926597962451,207.01735362053608,1.113619095012788,86.05777234113543,101.86992471148642,19.726661201800745,0.1348440416236631,True
1.0032880201178809,172.73943413607904,2.2160496288063367,0.1751654401438578,10.10024545993499,0.3007985433022017,45.72107630948064,210.724314416604,2.435129821667693,115.21822982409316,76.18884357573239,16.252835408203715,0.2967119798821194,True
0.6386868757425884,149.4074113150023,2.309759407377692,0.1000515757732303,12.003774202424731,0.9837541740422252,51.39890827083493,204.45553658605328,2.587659805659362,101.85746213349358,62.70899124537346,16.40128136699252,0.6613131242574115,True
0.5813559630259281,130.59437785639253,1.812217309808347,0.1644213948897034,10.861582460212166,0.5897883922153522,42.775260849275824,195.62095786479563,2.060237097332157,122.60418175102996,106.61953927788012,16.54594527868087,0.7186440369740719,False
0.6348909976960936,315.0,3.470996111711957,0.2624299539746646,10.375818346603644,0.601652937490368,58.98883994074463,214.17503219099336,4.18644535054384,130.0,47.247997940341605,19.784850751156632,0.6651090023039063,True
0.8019796496953071,187.1019287961144,2.5475875224222704,0.2502388105546997,4.841252521860196,0.7988284819656168,37.89646080687925,210.44818913229088,3.061254148087245,71.50884835420543,43.78290727636846,22.288508630700385,0.4980203503046929,True
0.6789551731498258,101.24297753132052,2.030379424614791,0.0907621336228323,9.324712896270244,0.7230697710010969,37.10798003944653,202.82725072183456,2.2612521943362376,94.37841621648202,83.01487725429675,21.362220685176265,0.6210448268501743,True
0.6209511709993056,89.77676323106553,1.6319611513803622,0.2183552445322654,14.6291415657489,0.5113906286183922,45.22473500344486,197.59919776470875,1.6923187257357906,82.77944633567888,96.29611553046152,19.30194730788322,0.6790488290006944,True
0.9934362501418084,152.9095842857241,2.1267535179233232,0.2642093162413563,12.254085416037436,0.369984515059177,50.07461618719351,214.18797839744647,2.153119124152333,117.77551194206885,106.76268797948966,10.506661662915118,0.3065637498581917,True
0.6771580216444326,226.15909801212888,2.801405919122706,0.2549418971547023,10.118262000567514,0.8791537639630369,54.775129086743405,208.5002094834778,2.759147247260815,122.43047646644912,63.98513805526053,16.41339404380262,0.6228419783555674,True
1.159917818607464,61.233064159408045,1.5425014587467798,0.1564081108242953,14.610878739473469,0.6383640234424817,41.23107113460325,197.86413847240183,1.4314592135879245,51.664904648149005,102.6394788976318,17.915147914164628,0.1400821813925361,True
0.7181485127504346,147.50233465773147,2.1568816531524373,0.0620232100865289,6.128530643016941,0.7707320055527047,33.152516041621965,205.31776602488003,2.3159910459463,115.74696612902888,73.30864320759162,18.47733119675386,0.5818514872495655,True
1.0570636788449457,109.91284405418456,2.036693004766348,0.2827923557434373,12.771912265014883,0.9023532900834016,42.85556560861625,203.24920796899252,2.0289698424577303,96.7529210077855,95.94224952104626,14.32599357438584,0.2429363211550546,True
0.7714638845421253,141.03913539144503,2.008441508177289,0.1489712789620155,12.802909920276718,0.3124056654996556,46.101604433606106,212.68839430662865,1.8385513717693245,95.25906778588286,91.50721348780084,13.526248194747462,0.5285361154578747,False
0.8925921146498895,68.57628013933704,1.5666343811215528,0.1402441593140859,10.316486591905312,0.9015696938598838,33.943518074091244,205.66227916674387,1.463636046908777,75.67160452582856,95.08661518748578,18.784301399275662,0.4074078853501104,False
0.555077789696455,226.07367036158828,2.8753712694297597,0.2398787361197032,14.714995592852109,0.8262566818297374,63.68933811629805,210.03347973283516,3.284018383087256,130.0,79.30238602231861,15.492810029708943,0.7449222103035449,True
0.5292481554825176,258.5975057178261,3.00874512425673,0.1159930538730056,8.777212618015657,0.9627752249905246,56.042991647258575,211.2107593689484,3.2524779666697103,84.57345625363818,54.521091627199525,20.055254083418063,0.7707518445174824,True
0.7919411910029974,178.43062436186577,2.553401485378921,0.258686980791823,4.964156867967626,0.4635135636881485,40.81917442699068,215.10918514820963,2.738043917416052,113.72145560792592,71.7879046407878,23.52962062092834,0.5080588089970026,True
0.897710648493063,286.7507036795663,3.3163494106228826,0.0690128902048289,8.677285729222065,0.5256956360385422,56.87694914333929,218.9388376184749,3.6838068937886015,130.0,55.941391179114895,17.685323074985824,0.402289351506937,True
0.7080513004000926,107.44097769971629,1.9778546785705715,0.2351778001790527,9.48237033542843,0.7630351198287637,42.486266232591326,203.6061202625968,2.1981629646471665,89.81351543794428,90.5214134419636,19.22107546215092,0.5919486995999075,True
0.4427213329832605,145.79722792072346,2.1954934395731125,0.2914473726103829,12.938639500071918,0.9480550920628632,50.80373398840643,214.73887559520085,2.667625967558126,108.02149186996296,98.42072569177228,19.05667967769954,0.8572786670167395,True
0.4279483267421345,179.77807755414267,2.4946853061562253,0.2989421992185433,10.969471477486287,0.9948685530145732,49.65512201149832,204.20948112545543,2.6624645683880663,105.48990102931286,63.88284718630547,15.232633838442815,0.8720516732578655,False
0.4145727195627517,153.9079693205798,2.136404991037235,0.2809510900160415,8.914227993221944,0.5917163554099767,44.324606459402986,203.4854811281077,2.342863770087117,93.03853549727414,100.60386282846125,15.34806090440492,0.8854272804372483,True
0.3464755774121237,113.76929329300256,1.815538590565337,0.2676906013515773,14.257546940904328,0.6774607730045207,45.288618444895,195.61116330278023,1.952742822419049,85.66228779959255,80.59010426576151,17.26764420127045,0.9535244225878764,True
0.7218970718894174,119.47215100550848,2.139436680033384,0.1197200561144325,12.916294155055333,0.419385705329612,39.25972495187935,195.5345735844448,2.281261909218524,110.75721262774148,78.8971286315923,21.695021911737395,0.5781029281105825,True
0.925008784341605,246.17299092595977,3.064710494085728,0.291662090657441,6.747462190432101,0.7857827570670188,47.86610174668362,210.12374235326203,3.4081317100878934,100.0994407604732,66.56196156232255,19.716165870917013,0.374991215658395,True
0.6973168426150382,127.4544426930607,1.8661907666111253,0.2819741484535882,10.371320854291044,0.88615929602504,44.20528153261768,203.8291916925465,2.185672556672083,65.59966537713204,88.96888114756474,16.62472949753734,0.6026831573849618,True
0.3,219.3850181113272,2.782209658588842,0.1835931267562966,10.188286613677088,0.8590545187110941,52.905766197044905,205.75338794631884,2.798499744702007,117.0753948234218,64.36443279390696,17.117901728713,1.0,False
0.6618479079330902,124.3283115991829,1.6385600847631494,0.1505194135984199,9.96071121311494,0.5420901313292723,40.43817415747522,196.34147348230087,1.7473156556291043,84.10401501428998,94.75593934237666,18.453012321787217,0.6381520920669097,True
0.6674402006734785,218.6987242291273,2.663498769278106,0.077316813389547,8.327744275411748,0.9742848109997576,46.69026639090324,209.601876256019,2.966622146997646,86.01486526056708,68.83957725046002,15.954340296515438,0.6325597993265215,True
1.119199750045088,134.0204411850744,2.216317680973581,0.1976585194562812,10.668427120850524,0.3842426109266219,37.418144281990266,203.588915369442,2.194357051518641,95.7216367722948,110.0,22.430884701667065,0.1808002499549121,True
0.4085724174160887,172.2722221681213,2.3594059390382967,0.2251364871305494,7.554343116091561,0.6457790105673118,46.54502113158373,204.77027221995445,2.2199575989503093,119.71838075675208,64.39470110349036,19.964703455714915,0.8914275825839113,False
0.6218644794801608,94.46055700314253,1.7733713564750448,0.1509991457953822,6.387626229074105,0.6882179911351737,30.209309827275668,201.26362047468885,1.7876581831838112,90.80063573011772,64.42883631805813,25.63336236109235,0.6781355205198392,True
1.0411705361089127,145.64250987892115,1.7126828920533377,0.1515073901576329,10.904531519309902,0.6755596999375582,43.81664397453679,206.68057500764544,1.651414801689553,67.99527071270559,84.8369052765603,16.169558855743677,0.2588294638910873,True
0.7899956682693096,95.0565517620511,1.701614371375986,0.1933278476785759,6.91340217983367,0.8305235457752607,29.835971333871125,195.59313200022905,1.9430602600970752,90.75475940545476,85.0182640450047,23.975490939127717,0.5100043317306904,True
0.8126626147032849,106.25654378217112,1.900793183831451,0.0569460239767904,8.902697065002535,0.7267250627340762,40.53920740374499,209.46153447922984,1.953918754377389,104.01776725444805,87.7808876034782,18.932849700387703,0.4873373852967151,True
0.7229168874047756,110.16755464314392,1.9511339184549024,0.2894664740966872,7.11950282673655,0.3539906033059222,36.679264082441215,204.6678129378704,1.845888631079317,130.0,77.90158910017311,22.45859481276189,0.5770831125952245,False
0.7659887077314529,118.51881614181248,2.0925038858346543,0.1224764267741773,7.24008352437251,0.4258961574057224,32.35268988825516,201.2680788943837,1.891039792201587,119.95525456066363,64.23038544778254,21.87294522480868,0.5340112922685472,False
0.8555219060557071,205.66340299152628,2.613768561166196,0.08522271544222,10.236040129214969,0.6725673144585725,54.5981094867007,217.04840369376404,2.8641294837725826,89.19267293272044,87.69158152946147,18.037062477150943,0.4444780939442929,False
0.5381027362214467,104.43684804338804,1.810646412453482,0.0513720990336476,10.631058772086854,0.7861833207443931,39.2331162981991,199.87567011346,1.9321514756771776,104.33942516256256,106.53221346305476,21.18478783311312,0.7618972637785533,False
0.8756117157816399,138.44361363190615,1.90773129464377,0.2642228853464283,9.939533952595818,0.6599221725474047,40.672768186539535,202.6221775579568,1.9243225734927856,93.99517548962974,84.78763053627519,17.2238904763998,0.4243882842183601,True
0.4253993966228921,219.0644844665779,2.7218376448566435,0.2658018439499173,6.161855355628775,0.5488554484083252,44.49824061572848,199.4018847650063,3.140964806088533,100.11191547933169,77.7789023838678,23.9305736126743,0.8746006033771079,True
0.7656735945663076,170.47147264622637,2.174535521810141,0.0738266511294275,8.488645496923091,0.3357941932221051,41.386246860464034,204.58455343394024,2.270241855057968,108.04076726746896,85.39321917699804,19.63272102542025,0.5343264054336925,True
0.7357481926572654,61.5960265160874,1.2155876941578867,0.0880603257222002,12.71947287297284,0.8501166295345777,34.32394304503523,202.16847255053327,1.2613896080233482,104.07670402201131,110.0,16.639362351729375,0.5642518073427345,True
0.5767413823615783,67.95952030845163,1.3808992569510266,0.161975557814442,11.662136650773569,0.648035967928662,39.47538130493239,204.4799929294071,1.481454884267032,102.84995296052809,98.36861475651426,19.825684551003224,0.7232586176384217,True
0.6954629449348706,155.32877294112728,2.468932919699614,0.0964260432665789,12.013965021352078,0.6771523913829649,47.60247521427461,205.65141092449988,2.4214369328374925,87.50068340541021,81.31903541204862,19.85759356337488,0.6045370550651294,False
0.5754919694668893,102.11408825435262,1.7763285258078296,0.2339552842091892,13.285148838098664,0.6282706981875412,46.01858710003572,206.80569656279584,1.5919434875953145,93.13767859639562,101.07470147568108,15.842158078772634,0.7245080305331106,True
0.4856597346276511,64.95272088064765,1.552603371498686,0.0645099364264305,11.27596733598028,0.4857417910220226,36.95270770383085,196.1186425397411,1.74515542645018,99.45525614016594,83.19197228289055,19.811112876807208,0.8143402653723488,True
0.6292770516772711,98.8826362418934,1.7140366522554389,0.1874273330964665,7.145164118620835,0.4934614253208336,34.37283509660443,195.8759143837516,1.8741102416493287,67.23828088201863,82.15255581170474,19.65677468185209,0.6707229483227288,True
0.4792022729256676,158.21365853895722,1.997126615393873,0.145697891278476,8.487535368353093,0.3444505510749934,36.12524227148917,194.3854028479868,1.9890228705780284,80.65186032464891,89.16354073331144,18.439481922585863,0.8207977270743323,False
0.7645594928186495,109.6140818597373,2.0173296236173544,0.1662366209230629,10.812030108604809,0.7953193113413529,38.01506327058608,200.03408516816347,1.8344442528500504,92.45312864835977,94.3362151932175,19.302385400166468,0.5354405071813504,True
0.4699829011695272,132.09540303024744,1.7309335032636417,0.1561892794239004,8.914011231046494,0.4903110111934653,41.60476284571893,195.24009881605448,1.8591479405726468,100.85864222460437,77.72921556822772,23.72548954118773,0.8300170988304727,True
0.8423954045982103,114.1178169679763,1.8297236342250616,0.0882897956336634,8.62570602964217,0.5089929437219944,33.395916807105166,209.78835426232408,1.7226955198997052,63.559680280873344,84.72496515251733,17.228873891902985,0.4576045954017897,False
0.4637041864142359,93.03573037059545,1.7360936108372542,0.1050703713271405,11.478811878620952,0.995450084701988,40.94534427742586,200.55875447529613,1.7421394746763217,93.32060831378249,94.62051862722244,22.51205150240183,0.8362958135857641,False
0.5867410168837986,144.2680900856468,2.1887181671996525,0.0662019247276066,15.749841204471576,0.5700687890769391,49.489771238270734,204.08530354522787,2.312623570504222,118.3525590236925,99.77641687294918,15.902590729427214,0.7132589831162013,True
0.5750793183569641,62.879388869221415,1.3940646702744406,0.0788213938247678,10.794157263873988,0.6574880454278061,35.02434168976383,204.2924324518084,1.3426265545678178,81.44404327992021,99.49719782321188,18.337592739839167,0.7249206816430358,False
0.9650293457749676,88.18411223961166,1.4297786754586472,0.2944737056047287,11.406513104205086,0.5705311705328271,43.94378823813072,200.35391477150716,1.5856806221872533,81.18291455163771,100.7621127394806,18.82226299183894,0.3349706542250323,True
0.7660579891233184,186.7417873562184,2.3737703049994314,0.1199467029193129,6.752168897679894,0.5031337792710627,44.88671884456489,206.0384508889875,2.763801449836045,113.1372518837206,57.88925912711527,22.52380649126809,0.5339420108766817,True
0.6576532394911211,68.67206852796865,1.4370628500807998,0.126756384834891,14.499385087587894,0.3040955167727358,36.78731853869225,207.10679527146317,1.3365589984836834,96.9482012302896,92.32651068885498,14.114005383672184,0.6423467605088788,True
0.7997438882139446,128.9614117635159,1.9157272698348653,0.0817765826080302,12.603129283629846,0.8984204434426784,48.70611633510419,205.7266126040576,1.8453859618795287,61.98819635697342,95.68041311864206,17.233069839054387,0.5002561117860553,True
0.3,105.77092192359817,1.9916761639199256,0.2387910511241878,12.86873851220025,0.6312075728080431,49.32295463298099,209.541948548706,2.166844496918444,88.22513436272976,93.07611768986234,15.225925310593276,1.0,True
0.6913732820718185,101.363236773612,1.6288654774680245,0.2810357025468205,14.167012522945424,0.8039232125965918,54.055258984620416,208.8733569705097,1.933881450977559,79.26525898969679,105.12408239379424,14.712704811548168,0.6086267179281815,True
1.0995028355609526,195.86096077452615,2.6120345773619333,0.2474376342666627,8.534351725729953,0.9710596841406992,48.29037561166312,217.1226586233157,2.6616352653680724,80.5920299116109,66.00557749994736,16.77949903915843,0.2004971644390474,True
0.7264693012805344,215.7648308537382,2.749863202412593,0.2031539573585429,8.450913840972344,0.3019819379676161,45.01016484454274,212.40993753250865,3.115294943284672,130.0,64.23901233928409,17.672747456666094,0.5735306987194655,True
0.7135826338338671,79.79624910101703,1.7824382544288866,0.253308228902644,15.325400286332323,0.7725277247909799,46.46530434159351,203.0422070066517,1.627612048183937,96.0663736225799,84.64274972452654,19.14042496220976,0.5864173661661329,True
0.8096256759284391,118.9688843715328,1.9317812942117227,0.1510575582332146,12.250561907790438,0.3830484928237571,49.11537835363112,204.27406493889697,1.971133255482284,79.19189615540708,72.82320369145812,18.03249957094084,0.4903743240715608,True
0.8791210486628691,58.21145660155316,1.5843612978920592,0.2648743387701718,7.069905774214889,0.6205755403777651,27.14994064652227,198.08065624764512,1.304609189314666,78.7081752314838,84.58065249664615,23.415895689942417,0.4208789513371309,True
0.300506661422028,190.22666736251463,2.4959803181860023,0.2496297124095455,10.576526133876158,0.8927474566240143,52.99427389312651,199.59557391278,2.780965730711773,125.82733274899788,85.08822779334072,20.44290477730259,0.999493338577972,True
0.3635347036417946,125.80011432479668,2.071559793586093,0.0504311610640797,9.455862208460548,0.3500470942891278,37.59775669757152,197.37154634306324,2.1965037833715786,98.09826997916582,75.15760313145901,24.26745211046473,0.9364652963582054,False
0.7420582582172293,67.12898646616726,1.311590728642252,0.1719485337293792,13.767656257853636,0.992729439415044,41.95431939945716,201.60444965689797,1.336690618267509,87.09377299429065,110.0,17.299812525592017,0.5579417417827708,False
0.5570246876204981,89.94853895158587,1.3238466001690208,0.1161541440198065,12.278945331595835,0.7065850796828541,33.42718772555242,204.32490172345476,1.534958223006324,105.2437961218231,91.99887061864688,17.370244837489878,0.742975312379502,True
0.9624050524439828,77.10838867580885,1.6734991374413488,0.0715582290919238,7.782854922985283,0.5764954212420086,28.41113935696042,202.8931906341134,1.573304457136949,101.57500233387334,85.37257828231526,22.27435977308728,0.3375949475560171,True
0.6369651220229552,87.82948250020314,1.7673133289075096,0.2615490106869437,12.010495690086394,0.313657185734783,40.14006820033432,209.92430969521223,1.4339639002634337,99.22210444369505,77.34598894143433,16.06846847906369,0.6630348779770447,True
0.3130938528573763,59.65988520137751,1.5486044315838023,0.0519874210752805,12.38950306632874,0.7107761547129696,36.370221551827726,190.0,1.529654322128727,109.92158785157427,84.63018792359048,22.651710173271432,0.9869061471426236,False
0.4463972166312005,244.7815846169265,2.8795127997222103,0.23254087551384,9.393548947117855,0.6464233248052538,50.38032577601608,201.3735334883524,3.2876892404899896,111.03463679878124,47.5029706786554,25.35325384653395,0.8536027833687995,True
0.3,80.97173273599583,1.8712321997195227,0.2970480302492965,12.808672284961354,0.4507219015207421,39.27324944699507,194.53112472140515,1.9719798169245843,130.0,66.59369492228001,18.059186819228223,1.0,True
0.6531748925434174,128.8157117412411,1.9615440215693756,0.1705049416765589,13.97244230026547,0.6433132735112504,49.597246694830766,210.7766382493522,2.0191924612027194,98.8335522580499,76.75055412108632,18.939294313583616,0.6468251074565825,True
0.6623231745471233,157.49896824886582,2.323123598941782,0.1428101324853586,11.075574348671871,0.3089524848160905,46.57722725614261,204.48270471627063,2.6578035812733383,125.11610661058636,79.54463233471174,17.508682064313344,0.6376768254528766,True
0.6151074580436204,215.92466634320547,2.816592764496256,0.2014582386186783,9.163732618866124,0.9996343298201558,50.58849138475629,201.541280881828,3.1055709470110004,101.31942480174216,56.51861489074103,23.22570652433359,0.6848925419563796,True
0.9157758078059476,130.93152257797422,2.3052632045861605,0.251174456911918,13.168761212810558,0.5324801088159399,49.61145930167313,207.0488060118941,2.337087935685908,104.71658408165764,82.56896220839677,18.412718772117856,0.3842241921940523,True
0.9397039673033388,113.32135613712695,1.8590164061285408,0.1100629984438197,15.894245181429202,0.6361555036428328,49.17871596082806,202.83717273430148,1.770947272204467,95.45838769706732,106.54178174216275,17.91430507620416,0.3602960326966613,True
0.6659223153287777,133.5601821609871,1.970502521353524,0.112675357288384,12.609072380272028,0.8493447176352846,50.801085792963846,199.89689623212377,1.8469021605964488,77.69639059036626,68.77309948928217,18.639120828078585,0.6340776846712224,True
0.3,79.62306586695419,1.412262719273335,0.2017945035217117,12.020438293372624,0.7989448405153922,36.22374363380099,202.99015073748456,1.4824387202303697,74.40743640449429,89.68768383117215,17.941135976431568,1.0,True
0.8234563160984516,82.13461563662206,1.8899319760923476,0.2849699552135763,12.473144128032423,0.9219913284914708,46.09182096603156,202.9100347317166,1.9112456360914385,80.32320184206267,102.06838811109954,16.697502576963185,0.4765436839015484,True
0.8110720457017151,112.12210506648957,1.9601884765891973,0.1246099939396908,11.545098379479354,0.9589280158065856,45.57494558252438,205.6573915812606,1.856471269624013,102.10677536129946,98.85761565611388,18.076910206237415,0.4889279542982849,False
0.761878314031389,54.46450617002876,1.5036752152443755,0.1441886658072532,12.060379402540804,0.4324244816764565,35.17643032344024,199.05267541864208,1.425518697958148,58.78573192868781,101.59989004582953,19.05203626228823,0.5381216859686111,True
0.8962959498616231,93.8737210887069,2.2184954049082437,0.2983333253650724,16.073648849717316,0.5732798923580422,47.32945834744275,204.92852453393877,2.186565774429575,88.28342177299133,97.06421763834652,16.401284598503253,0.4037040501383768,False
0.4670343807077919,102.8978637490982,1.8719396211707304,0.0940555413016289,9.49992102902008,0.7807718943736739,38.067808276963135,194.9287097716096,1.8687217059836063,113.47749513512665,71.22024015892077,18.664420819204015,0.8329656192922081,True
1.1017510772370278,310.152061819261,3.285868283789084,0.069242042093826,9.95805570938724,0.3315169928012902,64.93876048482429,219.3061998562165,3.503158359494272,102.31135903107024,65.19811913309121,15.494241444868456,0.1982489227629722,False
0.5081144493716263,230.50721558119707,2.81467218840063,0.1974388097201515,8.57398484559719,0.8018614343255084,54.37768341751896,209.07730971534184,3.192634547125233,130.0,81.70695486140372,21.471516716681,0.7918855506283737,False
0.8498445854401708,157.21670271233006,2.1115162603713427,0.0560667471054082,6.913177176872867,0.3034184080008734,35.28794949980552,209.4500675587916,2.1832806490638377,84.15826133985242,76.75270994852178,21.50780129816916,0.4501554145598292,False
0.3625304611173296,192.65363859782892,2.481848849595216,0.0951083078187056,9.117935469348764,0.9398619333872736,48.843048342751,206.9090111093648,2.685914592817481,92.94416643923614,64.88841779316326,19.014383396079104,0.9374695388826704,False
0.5139470625459898,81.8618669328446,1.5945064950495658,0.205552295172617,10.323579560950185,0.8027186148191221,30.056324484263538,190.9067839324501,1.4720109279521012,85.07448778658197,92.19253410555235,27.998834061307345,0.7860529374540102,True
1.003273729345067,135.2807055961079,1.9941919861088064,0.2148781001728332,11.835617399788909,0.6958494207254879,45.00589453364654,211.7898083596608,2.0046210767632764,116.1880369371914,90.746115424747,15.114561939364895,0.2967262706549329,True
0.64782003539983,180.673380146105,2.2363946653655304,0.1776063124119049,9.948739647218966,0.6002306806108575,51.95027449388911,208.99633768085528,2.5419261531410937,93.21892808261144,78.54172766842294,17.835867261975697,0.65217996460017,True
0.8679845210265595,82.15413083250786,1.8961082917109076,0.1459370115573458,9.272766544989327,0.991617337982488,30.29664838422624,197.61399241060903,1.893380270732119,55.346086587639576,81.52315489558882,18.01898563151876,0.4320154789734405,True
0.7473910777438492,68.02524293591296,1.589029150153063,0.194049396105462,15.011763036830942,0.8155582133516306,38.38648926051027,201.37255961760056,1.5079769085365005,60.57978929169837,96.1519136194245,16.51298089164398,0.5526089222561508,False
0.6790083687999654,149.15845136555083,2.1594468057193708,0.2108464382583096,12.713442685266678,0.8651050702597245,49.44559629599004,208.0061169812359,2.323309564233702,108.67678886748142,97.03262015792592,20.824940496665047,0.6209916312000345,True
0.9727700649865378,70.60756581047673,1.6785062009111753,0.2508705115729127,15.218385986023502,0.8777694931643583,48.02829016461732,206.51144964624456,1.8370367645326728,57.13161485111805,80.47301826989596,15.208885994544143,0.3272299350134622,True
0.6526682350696199,164.36053967383566,2.385544408618094,0.2481877070524618,10.562832546820813,0.3153124533014611,47.71254969839372,207.2845519772609,2.624522342523872,127.09167288436198,81.8829766404432,14.786217107331105,0.64733176493038,False
0.3438523784873058,214.01178749610872,2.753447909880177,0.2162001913787369,9.069175074852524,0.3382790695435818,44.29207594362293,198.7560722571158,3.124503041678069,124.08309951798655,56.1479589829803,22.944791941542995,0.9561476215126942,True
0.5393519816096589,83.19066356894517,1.7682750194665853,0.2735581458071164,13.050401117519954,0.4388554900040816,36.42421640067052,206.0117903231363,1.8988727450217595,95.51315161895523,67.63871281130857,18.078114393315264,0.760648018390341,True
0.8102383457403388,85.76592895170147,1.7062176431774103,0.2595063133988547,10.185768232843389,0.7586523172609455,36.91953359211053,193.80430921383297,1.656154921875283,88.4806161591343,76.37509311210461,23.53345992537576,0.4897616542596612,True
0.7791018212725016,210.7648884292312,2.786652325982588,0.083311502054485,9.492363028657476,0.7367644373395896,46.84031280520389,210.40366942916697,3.02514809240511,95.48042797518616,68.72210725448879,17.249388756245203,0.5208981787274984,False
0.3865883499529123,131.26785923312138,2.1631097189966373,0.2891698603308708,10.250687155296813,0.5276144883625038,42.6134388692258,201.05737933869227,2.221979832669948,107.8492897794502,76.24794148262711,17.644639085553344,0.9134116500470876,False
0.5551314961183598,196.4626647675067,2.5961091283949744,0.2729355755794801,6.249396536367054,0.9810991342221218,43.41241887736232,206.4939871830551,2.5640255154004934,86.10626087487876,69.28332776508948,20.097833669227807,0.7448685038816403,True
0.5836557301595506,114.0031886592398,1.8789663352495007,0.1302317948769899,11.228344714779642,0.3651746494896873,40.422130593739,197.91617537976836,1.9864874309934213,119.8717601125101,94.05422487111052,21.377442767714115,0.7163442698404494,True
0.626906081177155,117.9637771873015,2.1732698877164984,0.0550461046517598,9.906524848793309,0.8437040859401033,45.43166087215057,207.57404116457317,2.2881801176497305,79.36301355598755,59.491171812696926,18.244108016291293,0.6730939188228451,True
0.4248172822796897,129.65186062967695,1.9655296540714005,0.2009939866895718,10.132651747825546,0.6366139837796705,43.56839803645009,199.85233615505985,2.044281760376081,106.59335001278244,82.25801997222877,21.074091468543028,0.8751827177203103,True
0.5743257783761042,276.3382575590716,3.269403100536675,0.159604394216597,8.82623824436661,0.5931839399807697,60.68259238333102,207.1244703963462,3.808523620738596,109.1728783649186,65.4000250344191,17.87476304547649,0.7256742216238958,True
0.5542779029480944,188.70120461436076,2.571695898525746,0.2373916656465329,12.402951211712082,0.3178954952364289,55.7312020096199,202.9819683173612,2.6810477429317734,107.2047529380155,78.92723110394661,19.23824467845187,0.7457220970519056,False
0.8543066519523839,92.56549132831722,1.6490902527869924,0.1811499411271556,9.466526956884737,0.8094597491341546,35.697386795940986,202.39830316385704,1.3734446348388616,76.10073932236114,93.44416722068486,19.910530067080792,0.4456933480476162,True
0.8618242621980488,139.97415453304117,1.9986198784676052,0.0691226088127367,9.740037145120674,0.8401028575368821,41.74562365116411,198.9231161013097,1.9878532632725092,130.0,59.40454394049316,19.09627978649451,0.4381757378019513,True
0.6708379083822368,110.4010916694574,1.8301309302251811,0.1111718550636939,9.329598417958184,0.5232702477520753,37.1485480421733,207.9014398079437,1.688564470557933,93.91970460864025,69.73038088485346,18.917731180233385,0.6291620916177632,True
0.6215920408258536,101.36243484961048,1.7370669508205427,0.2706309390316324,9.34907887954923,0.661874009417092,39.03514092264261,204.5831869634644,1.826750536618526,78.45560606316084,98.70346538451147,18.578941098280843,0.6784079591741463,True
0.7279848624078227,162.08977719146685,2.077998633285905,0.0594224239287625,8.774332334524097,0.7245094862644036,41.293475933003805,211.5769456246265,2.124551143682515,89.00526618133804,73.20042699155545,19.32635925591409,0.5720151375921774,True
0.536684978508885,146.25902626192635,2.0723479477175197,0.2341674173495717,9.935146905091898,0.5573516700045339,48.609446406700286,210.5518913114071,2.365705373064785,79.0620526217869,103.80944275672502,19.56539892431329,0.7633150214911151,True
0.4706335835665117,83.57235467892632,1.7085122851265948,0.122985876987858,12.784615260909836,0.7309074043115531,38.80338212009168,196.5340824043471,1.8528042267662956,88.79550824008118,74.17065490490532,20.8275549098728,0.8293664164334882,True
0.5119557582148566,129.80513639038136,2.2283326287453407,0.1631599507606242,11.36848822749978,0.6038889415917233,44.68332039323646,198.1919453465956,2.226242659323687,130.0,97.7316781989069,16.420797244211496,0.7880442417851434,False
0.5730373672057086,100.00369724843728,1.8831882782635432,0.1827513579779021,8.87484805154498,0.9146488988467812,35.2879277264556,190.0,1.8123945504699344,94.36417447771916,71.3558430245167,21.190080315949583,0.7269626327942913,True
0.4673052400415457,157.0721409694852,1.8666469530003456,0.1125203393268002,13.019854175167003,0.80295925868343,48.93201448847925,201.64874790110488,2.078574566882028,109.6049541322496,96.2965181688323,16.92741683097167,0.8326947599584542,True
0.7324119118125749,98.0888773359682,1.8809065759013448,0.2129901107494157,13.312107282202057,0.3773499882004977,50.24949894567072,212.04033666263615,2.048076539840202,82.02834988438157,88.7083126658969,13.83197129571225,0.5675880881874251,False
0.8459431347567417,118.29540442835618,1.862640467542492,0.223360554524469,8.88807428894824,0.8597222285611221,36.87681922727218,199.65837041966603,1.5709645808182848,82.41038188669455,83.89692277522447,19.697106905620416,0.4540568652432584,True
0.3825803398403515,102.58482171275094,1.888640584905172,0.0712648699176937,13.846517171393517,0.5362539419765062,44.31974597106117,198.30386489670155,2.001079252786648,103.21321163567352,95.26028604486348,20.78632183307636,0.9174196601596484,True
0.7050257422432066,62.22390397846773,1.4956709429461477,0.1434817689628551,12.599234236099388,0.954897895422406,36.15308930702736,197.0633167337576,1.1558930775147584,67.37797992425438,88.39846415191032,21.22159346329644,0.5949742577567934,True
0.6560128409467328,269.02015249399983,3.1232580760389745,0.2360943253015728,7.813435588672461,0.7223598958446373,54.46972420595718,212.2533742689756,3.389186774582651,124.17724487211277,66.93735683709195,17.34746571299928,0.6439871590532671,True
0.7683017371073605,129.1321984183158,2.017722228152205,0.2304093899602829,11.463396526324802,0.3193045724485575,43.82605845555445,209.61121198923465,2.2561587252691453,108.84035252480912,82.40589972138828,18.41744479151057,0.5316982628926394,True
0.6974122463792823,274.0192559599358,3.188790401439019,0.1861508359763097,8.010957642345007,0.8140538935707418,51.94427507930039,204.49441100901151,3.980258520338036,125.07432457027116,59.63911451004968,20.84437094199868,0.6025877536207176,True
0.4092801440136738,131.8994323702629,2.25685620477564,0.2444186949670035,11.82498325719436,0.3915140582797324,43.83979215433843,194.8594790152532,2.368569968837538,106.94870960076388,46.420346134670055,20.550349233381045,0.8907198559863262,True
0.4475221402285668,176.5851955044356,2.4097325359727217,0.0769112232599608,10.233560631808729,0.9140872380700952,49.43969222613987,209.7545327300452,2.498200164903128,119.93490423476798,67.5343640930613,20.220680847315403,0.8524778597714331,True
0.7058847151169945,95.1579635980162,1.9240941287613096,0.0795528169611325,10.544819340236865,0.9638312152901816,41.48059099245417,204.86794911021772,1.886719218941226,82.28839235598011,99.66895448449058,17.305751175995635,0.5941152848830056,True
0.9057561839491018,96.17431368578326,1.9103803893631148,0.2143723250740862,6.812043483500857,0.7866790971205393,31.874597751491976,200.44708410286464,1.9061814385310212,79.95676228092496,86.6427836304822,21.84827821451293,0.3942438160508981,True
0.3,125.76899958723548,2.106208828835432,0.2233334669737822,11.89595959682,0.6730109437011607,44.68199159670388,205.8255951802798,2.1519887747608477,125.39047053177924,89.33087043053244,15.533729181382164,1.0,True
0.769145315960316,272.70796169781977,2.9136708705631067,0.2536317138302675,7.269215076988431,0.721444105483086,52.72655732702172,206.24499105352527,3.077245243280215,96.36706642992706,60.70474026852099,17.84769989759413,0.5308546840396839,False
0.9379244010575286,84.73370508283588,1.845364539086928,0.0952592194433142,13.186275849728496,0.6001986198371525,40.39601603357795,207.78871047904644,1.7580553122045064,60.81055635044419,110.0,13.71600140062163,0.3620755989424713,True
0.6693948247587573,58.15613197865465,1.3965638617088991,0.1791929148577762,13.0128747613908,0.3585079474102131,35.64319131829509,198.2989692691584,1.3925557890390732,74.99798023243585,101.03092357381716,16.999934569526292,0.6306051752412427,True
0.8100404992052881,208.25956799003237,2.7734356360814743,0.2152078242838956,8.486466511636198,0.9501904491840214,43.59683951703219,209.8371280464511,2.953677735362421,108.5189037714762,59.41655810799064,18.730305967111192,0.4899595007947119,True
0.5593861838204395,182.04243346953325,2.310459542770204,0.1059248934572537,11.97381021791854,0.5304305743281096,49.29061038627776,195.73033374527617,2.4060573590622454,126.27740601769278,88.90022128606581,19.665046260389445,0.7406138161795606,True
0.6761267601446246,105.14291430205164,1.6633822079209248,0.1792319663984977,11.558079198603526,0.518993441590282,44.133850875754085,201.64873324018757,1.5915313140188387,81.43568405967466,100.49340578842644,18.465060251756874,0.6238732398553755,True
0.3758172963383696,315.0,3.81645831052468,0.209611256097649,7.690014264231792,0.4339273430829765,58.368774847525685,212.96762687446363,4.2,130.0,50.66989007656829,17.50492728924609,0.9241827036616304,True
0.3,315.0,3.376452539974283,0.10361237786942,7.026156489121087,0.9946857741841236,57.40902562933583,208.5693868152214,3.809355233036533,126.90040447844471,40.76275409355123,23.494608826763344,1.0,True
0.888553160245055,60.993291615450495,1.659862328781366,0.1438908525625353,15.605943317849448,0.959795106096204,42.31343736683912,208.31415519611488,1.4942196700200667,75.1672811898874,107.47267506929838,12.866693214692871,0.4114468397549449,True
0.5030010144551116,94.21495913591066,1.7714827213027635,0.104084702533927,9.73494393154316,0.5446026588976305,40.56281717058518,204.08302843687972,1.8874357882430997,82.67104851478403,98.01803194797084,16.6247656215972,0.7969989855448885,False
0.6088944309993138,125.34607638915948,1.9397506023592503,0.2757357261071497,10.033886642585207,0.4820037666614365,38.31737741175849,196.9469324149277,1.979994703923396,127.7799339644891,86.41134348542178,19.13639387131391,0.6911055690006862,True
0.4227115493459613,154.98578306312368,2.233161931855459,0.1091997204824979,7.488118585687783,0.8637586707776521,40.908067436982826,203.56111301788664,2.207080947021627,98.99049789978628,49.38030258994337,20.45749381646547,0.8772884506540387,True
0.4180060593832247,143.87851411492963,1.9558639384397405,0.0802086564964492,12.00899511604518,0.5958270351372976,46.676214501962384,197.61585831093888,2.210470585588314,81.46705656933108,74.4606914465024,20.97403475193421,0.8819939406167752,True
0.6652324599810767,128.90338754883356,2.029163943449284,0.0587888278817859,9.399011210134114,0.9774516350617,40.59040715938573,202.46814446550397,2.1525011946182864,126.8488799309057,70.6557618940843,21.294351029104988,0.6347675400189232,True
0.5540845611728706,79.74643605033235,1.4755604413182648,0.0612383681028375,10.53048587129611,0.9308517107265346,37.25749811572223,200.98241005650837,1.32686807301653,88.18875781354076,78.9864837759352,21.817358846238395,0.7459154388271294,True
0.7755941995989397,164.52776898009748,2.256905582693682,0.0978965587417042,8.901239567612448,0.8316159395821348,43.93705832011831,202.3702199433264,2.3407045784807377,107.58145804401708,50.032900224347486,19.96869972506936,0.5244058004010603,True
0.7905076837959184,169.16001088606973,2.4920750216839944,0.2020521278267381,10.093108019388,0.3629470030800568,48.845861401179526,210.65771444391063,2.512750844476496,130.0,98.29761505203228,16.667110915533375,0.5094923162040816,False
0.7641699292649213,200.77832588339857,2.644355208550837,0.0544124686277806,6.634319047848704,0.7914894155888501,43.94740140824671,204.7067516964549,2.911782224205467,113.3909750933514,53.277282923369135,24.349766080856988,0.5358300707350787,True
0.7477201581856887,75.59097388369769,1.3824022162375031,0.1216859811892868,6.704222884668467,0.9910780708026128,34.37164723872406,197.36105941682143,1.292161593117695,90.34511385525344,72.97242405857938,16.432365274178057,0.5522798418143113,True
1.0155536409863772,116.20734603426604,2.0573819873112087,0.0645417228308248,11.91521665364731,0.5613047730886367,43.52571131757762,209.7600831175946,2.0514520303564887,91.07141446097926,67.04604055942566,16.99044074315482,0.2844463590136228,True
0.4864812461910227,102.88981239485815,1.822053534872494,0.1509146925747919,6.49815642324439,0.9170983021345198,26.933058401422077,191.84014395061567,1.8572741744803336,101.24388359211684,82.48842077698441,24.98690107861056,0.8135187538089772,True
0.6890130267594164,75.07839855970488,1.5192993982162384,0.0621441844574644,13.527691950675546,0.5856992875423352,43.27418441281176,198.08651099162176,1.3377567843033915,85.70819597192906,96.08010230802256,23.086631081986,0.6109869732405835,False
0.9265379641039178,115.36703630839575,2.034937736053506,0.2018854441552069,14.3521543954262,0.9799268004965672,48.854212684554,211.60178913182543,2.2617286471367595,83.81982487758985,91.18722826723553,11.520229941248994,0.3734620358960823,True
0.9529079618676072,81.27995020634017,1.625158576104171,0.2221060663797538,11.175668527628805,0.7575139601112897,37.96743246977844,203.8396697706109,1.67641345252112,81.54371698053342,90.21647309827924,17.77794548898829,0.3470920381323927,True
0.4156472701310854,70.7272527602813,1.3909688210963935,0.2328343874109408,14.585793933100014,0.3675503380396549,41.962985463950346,192.00549451098243,1.2604926798546676,87.51981627643174,104.43940315595464,16.968986963258587,0.8843527298689147,False
0.637528911668826,183.22389831056648,2.742962643201973,0.1060858496615637,9.64860570741472,0.6353320171562362,41.01050087123512,207.19269440734823,2.9749075107530114,117.68474755140792,63.011921147727456,14.67131553578778,0.662471088331174,True
0.971624219173452,104.8938873128092,1.8365579820688251,0.2671250404904358,14.63024057834075,0.3348101273784024,41.08116733175343,203.6874005772308,1.991332277423593,98.86167504861916,75.59763957703255,16.563073042743795,0.3283757808265479,True
0.801615821039813,92.30518084538932,1.7262336660907818,0.2225720418327316,10.334827470133929,0.5765530065802756,42.62186880918024,197.72422033842687,1.7239302409885071,100.3822424928088,72.37891528072063,22.484337447073614,0.498384178960187,True
0.7390526062959545,226.12644052701205,2.748245748456508,0.0641625548249551,3.726984089765315,0.9407668498987568,40.08723641552085,196.0441593151488,3.157097629647939,114.4092505546336,38.01884940073599,27.02860122065856,0.5609473937040454,True
0.6564630613130686,171.67779599708092,2.5504172288952853,0.1601916771753567,9.73399383501824,0.4625415361369537,49.01938570533917,209.6471183973003,3.124068738327256,130.0,75.23040397751284,16.80110330641448,0.6435369386869314,True
0.6232398148584508,56.64784124420763,1.374450953732355,0.2419391233431203,15.737857883107887,0.9653974446572064,38.31678531917774,195.33258527609124,1.2954055983042667,93.3966521617455,110.0,20.01428246859274,0.6767601851415492,False
0.7576438126180648,155.48385346816917,2.0121238489236126,0.1277234816800574,11.378220910641874,0.3699461312445983,43.99828516923088,200.2518275651879,2.0433758663306127,97.03536543627968,102.08987523318903,19.06295151705174,0.5423561873819351,False
0.6495251750031033,155.12257318634843,2.1391789362063904,0.1453896934768161,9.074082579862472,0.7653680829519198,44.98398026675941,206.771633634509,2.139562972116245,103.87275626660536,55.98552663742056,20.24451261551106,0.6504748249968968,True
0.6914842757911112,113.18499250583574,2.1044961301149048,0.2074009568241357,11.686252707321367,0.9759798893053508,42.309950866782856,205.8071373200282,1.8238562125262248,111.01983976609704,91.8816336756472,20.49493486118256,0.6085157242088888,False
0.7157197412230074,111.25404904350307,2.014852216566592,0.0638702200289744,13.13390176181256,0.7579075016132756,46.60451057245112,200.9534526448425,2.1877276390893727,77.57915801194197,82.17384814631923,18.01737899131473,0.5842802587769926,False
0.5643856943013001,64.34381497720163,1.476498171918634,0.2917337601269793,11.653455164798537,0.929302767628698,36.656579396112136,201.4628255818002,1.3793050321008808,111.5631265210396,110.0,21.4269096634857,0.7356143056986999,True
0.8064258747762876,315.0,3.725988271246071,0.0936202526524319,13.108058187753237,0.9937213322520584,68.771488845936,226.5281288355488,4.2,110.00473108638096,80.8073239038894,9.395278663956624,0.4935741252237124,True
1.2828489296830838,115.16327903322971,2.03349756658912,0.056667999911565,9.788741473058993,0.7492904052297248,37.39919665096908,213.65657634753816,2.0955891248156364,94.62055246126818,109.78046340344127,18.38580831391784,0.0171510703169162,True
0.3446026721347849,151.38645904816417,2.1711032678401225,0.051330745510105,12.48056732563149,0.847584693103425,45.04938830412638,205.22019627250552,2.252060689018783,102.08630065482004,88.90490325353379,19.97874846919254,0.955397327865215,True
0.764802504837996,118.09729405865455,1.9198918742040747,0.1498885937498489,12.550510627204178,0.3223896356458159,48.97069828520356,206.87447647845363,1.8388196551814,96.84019327889264,94.34935118607416,19.30258582135537,0.535197495162004,True
0.5479619822762188,92.94668502064611,1.792971139956984,0.2710633413688444,9.787339335292645,0.5991172649633308,41.47274032439393,198.19318147587092,2.1313326087915643,74.25485783080535,77.05272819382465,18.20098807627205,0.7520380177237811,True
0.8154805155038499,190.3710763647423,2.398185568468366,0.2549405198044822,8.639552037269759,0.5017857474534384,43.27961396662209,206.5896323982472,2.5487928136447517,117.76208500483348,65.64987898326743,18.83003168303822,0.48451948449615,False
0.7093114946655721,137.9403627941661,2.1041986621797317,0.2780114495624237,12.756890494159611,0.8769297337980095,44.20300911876639,205.91466622259057,2.078049442427624,73.16366019414357,77.0420427819091,18.057673483763185,0.590688505334428,True
0.8523709548084927,115.60846400287048,1.9711447167149576,0.1834455798322247,11.237581000677665,0.774304608806914,41.057342054297976,199.1857162077168,1.8462955464507105,66.72113840324779,94.66843419989996,20.80949581661504,0.4476290451915072,False
0.935101315301756,150.59904093454873,1.951747391685109,0.1621865584687911,11.032975061978124,0.7300899556661323,46.952545068295926,205.0103736081141,1.9961384707217216,106.3580626900772,105.89485104623748,18.735846155591776,0.364898684698244,True
0.7384842235536362,123.17283121920936,1.9569846013684904,0.1464652440266986,7.183760859904647,0.9520910814732422,35.16605467026348,195.610875121926,2.211019152791501,114.45017058079291,71.07597126139135,25.89961061015284,0.5615157764463639,True
0.9264104576828356,284.03738533984017,3.226840654913868,0.0616045189478264,9.3305241052395,0.3622074635570096,60.37798982595509,217.18812878120465,3.6037947853088825,111.54784909955224,54.81107198938414,13.437284528604891,0.3735895423171644,True
0.3,187.11339787822303,2.6511173860198327,0.2773803140762884,10.264011895173631,0.9676888905502008,48.78108231386521,202.50664825289164,2.9757845741210764,124.75066900913356,48.43117830763961,18.962780154427303,1.0,True
1.0180904595832043,162.6524761840284,2.024545260400572,0.1740440230711818,9.931653378876952,0.3705352950184547,45.05137979971423,206.28523546554703,2.318330425553371,107.4172535141789,87.36267295133493,14.999765824089184,0.2819095404167955,True
0.775012430378468,66.72152020376382,1.476546258674554,0.1637668577628775,12.59297473506222,0.5429122828177623,45.91317315787326,206.47424143195477,1.6112507411121486,82.83881976534525,110.0,18.70169965692877,0.524987569621532,True
0.9155686711490364,165.44796855646354,2.25132055134702,0.1787918717535293,9.121657610310308,0.7411915653580277,42.697130170548256,202.8698781033496,2.398368730757685,114.42663832266662,93.41031629279104,21.19186445337607,0.3844313288509637,True
0.4560248510316956,163.42182939033614,2.451385279710929,0.2485386295285501,8.756221562430307,0.5390333427072332,48.29165901768853,200.38845154079812,3.118245617451865,107.6644407716682,84.45291331639272,28.0,0.8439751489683043,True
0.5338460236789329,81.840424443859,1.6481914101461383,0.1061177714956409,10.994724190404495,0.7777753948060558,41.95194367903377,202.7119500400108,1.628335095408687,95.90102697408274,91.745870532067,21.33264164324388,0.7661539763210672,True
0.7291876588289548,66.23494844312407,1.7992937843928478,0.2274751697487308,10.786523935723514,0.8427930334368965,36.87621741723116,203.6310770275936,1.938965288534645,65.7405781594658,88.90781450369406,19.677972085777235,0.5708123411710453,True
0.6965924221325074,183.2598624326301,2.5654109067469992,0.2276924352135082,14.4984875105077,0.8799540809589375,50.3100655014809,204.08699731575865,2.688338896892879,83.70769037065939,99.299405498491,17.539776082288927,0.6034075778674926,True
0.7566137176019979,194.8717317911048,2.4974404052004098,0.2623881955645457,11.498424431216012,0.4255405906327999,52.17494426221028,209.84642249270465,2.8388603165623087,125.94886215596271,64.45909488010075,16.34263815783766,0.543386282398002,True
0.9169030321859932,96.3868533377541,1.8070436311858769,0.0521708996159675,9.134405007182684,0.4274536873321926,34.464267141272686,199.2867876714581,1.7632044437982957,98.1608482925777,80.22328970795921,21.14817350526607,0.3830969678140068,False
0.3469559369394301,94.55532419486062,1.7033322721534665,0.092598885808783,15.777855369466362,0.3366198195502367,47.807050642744144,198.71798462543356,1.8166152697062072,99.14262166228336,110.0,18.28932387441497,0.95304406306057,True
0.8947638143434617,136.81163771523063,2.223402515295408,0.1677617130111888,9.58510597596596,0.6435962872347784,38.48168690540275,205.2002480144829,2.614426422053497,123.32928817256456,67.20377656296716,14.834914464845674,0.4052361856565383,False
0.7016563819915853,104.74377559700169,1.6381205477823615,0.2626350968653696,11.179413847675397,0.3962735331921888,42.96097184460607,204.87483215784624,1.819857132429602,121.1026808367755,88.76012291419057,18.874794935816137,0.5983436180084147,True
0.6592436277750904,65.77762458735103,1.4026666002131083,0.291279215406996,13.790320586276586,0.5230178939709779,43.67084708711317,202.3705922717361,1.4420026912023256,92.31720558198676,106.63509521063268,17.984412689352116,0.6407563722249097,True
0.4057769531230218,81.48120686707365,1.7202031427198274,0.1987171536698503,7.1993634798179205,0.888304023498308,34.24667199392192,196.8226793777209,1.6381083303436024,67.93726922522292,75.49057174163784,26.303477624458356,0.8942230468769781,False
0.800609733675373,148.7164017723157,2.3735946814870688,0.103033493855755,9.801647904828188,0.9640612599023786,42.34239829221501,200.71719855516048,2.4974508451784723,92.00045813916648,90.8616476156234,19.88019853723032,0.499390266324627,False
0.3,83.26971908854038,1.3358624632874432,0.0961461739561614,10.239810584278503,0.8754531631429081,33.245750036185825,195.7703147137537,1.240531792659069,73.9545385172298,103.37922335469348,19.50331625099737,1.0,True
0.8296788022477425,199.87838238060905,2.805197741443435,0.2098609884965668,9.853365292146131,0.3004538682137188,50.77650766094848,211.73870480244287,3.131867392851268,115.41284343007456,76.67584273869201,17.979411733892125,0.4703211977522574,True
0.4015788329054016,162.1257454600806,2.2759856944164443,0.1025172867648511,10.895845884902524,0.6976169689371404,52.33583501448044,206.42228368178223,2.5755966168230926,91.61293309161113,91.2684492181267,18.36007189524204,0.8984211670945984,True
0.7106915825234947,151.609206254438,1.930292405744929,0.1882718559802215,10.101063683688944,0.4166620906968565,44.58318828501326,201.8381654326465,2.006264861007653,80.87770824948345,70.55714231693666,19.45260542912253,0.5893084174765053,True
0.6761662325344159,135.45579618125868,1.6333871931666688,0.2587029822859755,10.289771612743571,0.5630228378447304,44.13317570302576,207.31647397340936,1.9847052118795423,57.67666331878621,83.81213149980587,15.462220316523336,0.623833767465584,False
0.9339076294587768,91.20961916431276,1.50026904344326,0.1474549121155225,13.70151587484035,0.5995432609016227,42.90311253678416,199.704429332967,1.660966184662764,84.10344502697434,110.0,18.129891831957508,0.3660923705412233,True
0.6642689661972219,173.13995981940016,2.382163950178391,0.1446180474354823,10.546749769985682,0.9600585304684264,46.25053414661496,203.6196218831083,2.5693650115656745,63.341577619583376,99.3659077752566,17.797497525315254,0.6357310338027782,True
0.5611722877708668,90.1422775835685,1.7112535149972157,0.0590350842227684,11.46857402561004,0.7436171123234369,41.43533437193979,198.92425104148325,1.7897664340460655,84.76375294563083,72.02643826524364,19.30839092921704,0.7388277122291331,True
0.5986794608057593,205.58950138712345,2.7396960763033835,0.1135211446061387,9.624704276244085,0.487358536386123,49.67700756167756,201.5642703858456,2.921635308295036,125.04482794180596,67.34476574333671,21.65731735643697,0.7013205391942408,True
0.9545765537509328,260.4857177375849,3.0014626652665344,0.2245478649048186,12.350212875289952,0.7499563884434076,62.69923803862009,215.3712338752632,3.2156869046117538,98.62404449081636,76.49495249744362,13.748153547198331,0.3454234462490673,True
0.8072593938361787,137.55144434570303,1.9342054727986988,0.1400978112830491,10.903956751142378,0.9663058342877456,45.65581604537172,206.6364937159361,1.860007688436604,70.07953372037056,90.53008223845198,17.652186732845795,0.4927406061638213,True
0.6228740036953677,242.44683782120512,2.877611744420507,0.0895747293224804,7.504170208293758,0.3414113868644606,51.6436774308901,201.3612275564751,3.1342737180236666,119.66592865651968,75.08730144899272,22.348258934005624,0.6771259963046323,False
0.6527107160070973,81.91846321461404,1.660389248753649,0.0764419334400817,7.325669667192617,0.8711913674898368,32.68998694486362,196.6613572742581,1.641499778826366,71.83702002994318,101.29251902185906,21.8291408227698,0.6472892839929028,True
0.3865645818829105,163.0198569625993,2.3387747749440866,0.0737633445376772,6.910980351796314,0.4518282889998973,37.44313027046501,192.05334388904936,2.372444150489593,114.15328247752043,64.06902070666833,28.0,0.9134354181170894,True
0.7776948401703081,127.3854969458881,1.900709270676244,0.2147833582794738,9.67960408579854,0.4071755664447699,37.967458918903446,210.93271492501069,2.043326237191231,80.5044089253495,96.19818622012424,18.22452552785678,0.522305159829692,True
0.3480368584609068,184.842421520146,2.613956377211472,0.2031553696983871,9.434407355938248,0.9292068430714152,47.03515900328459,203.0049682518441,3.0422883803707523,107.1975974969304,73.1721750918914,17.049380788063008,0.9519631415390932,True
0.8503592931670911,57.41763561133954,1.3661315691321114,0.1796302514005212,10.744115347853365,0.301294619898528,34.17383993871305,200.7825627178427,1.2800479986401625,79.73605546843395,94.74600053307908,17.835835611844495,0.4496407068329089,True
0.7257243184982531,179.3584812833836,2.304410245918333,0.1750816120397848,10.544064086399876,0.8187600182610246,46.93536462936692,207.41151489816804,2.0834269085092085,98.10908682160674,57.33444951157537,16.057232697365915,0.5742756815017469,True
1.1773903599147846,94.82658920275138,1.6772539872017675,0.0882842131719679,10.042403696432196,0.3610598869225716,38.17851824715215,209.0106902267248,1.586480098045881,108.38052801551989,105.5167025577671,16.16106776513483,0.1226096400852154,False
0.4799728892551388,130.34111516469812,2.203954947672976,0.1751510561900218,8.641983532737488,0.7325967065284313,41.92115647119337,204.38645419158948,2.137371745836912,103.78734459447242,79.20918389027833,21.01374654581661,0.8200271107448611,False
0.6794675817918734,315.0,3.500080532058901,0.0649844441500949,8.677816437786309,0.7346278309733978,64.98260521047581,209.39417682938657,3.8755416091567736,130.0,58.6106591979972,16.128226769898525,0.6205324182081267,False
1.0596575401846124,165.71067057393105,2.221508339130983,0.2814646146506719,13.02987582280087,0.903943234644023,55.57584256785477,217.89000985097505,2.5524428567512016,78.77213333064691,78.5649416128063,13.533906961918309,0.2403424598153876,False
0.9382779280582828,155.15674749425324,2.3801701425213078,0.0645068885006517,7.771409830061037,0.8758245480606839,36.6629424042487,210.1671300656066,2.214171364549748,96.2788353696745,97.29559664021532,21.33655576674133,0.3617220719417171,True
0.56075758968402,149.09268414868592,2.5141537541817995,0.1558825487234796,10.85250658548084,0.7796150401602264,41.93663823058255,201.7777971860381,2.566667751768271,99.79666640047782,76.22966732370656,18.23579867073509,0.73924241031598,True
0.7447934856746895,216.647607134914,2.764633252225654,0.050142764100793,4.909332823633149,0.5663833132946523,41.96557575840441,205.9299816066916,3.080100125836314,111.65595039795832,43.573700197653416,22.79010862469172,0.5552065143253104,True
0.7003998712830174,188.0344766545436,2.6893521823661635,0.2465376096958111,6.3713955326184655,0.4164840229332991,42.2735087802806,192.6451563682077,2.771131421156938,121.97148029274304,46.39338185510835,20.20047858325611,0.5996001287169825,False
0.7563911734788313,149.89090797133298,2.3545389563568824,0.0915425471339075,9.006678834966227,0.7449780482694992,41.4836768479282,199.30427401021757,2.379369266826711,90.77169380178827,82.74103877974227,20.10523896088972,0.5436088265211687,True
0.560263912803034,141.10180510422725,2.037968478085068,0.2812290044554195,12.956970459353736,0.6478788590955388,46.59684544879634,205.2570400775891,2.5200692646280114,92.78683816658112,94.09470582716554,15.50817489855611,0.739736087196966,True
0.6821359194598531,136.67673839526373,2.0974090342335447,0.0609944369651411,8.826665443533209,0.3545595835969712,39.3759516851993,207.1398304803577,2.229489208786188,94.97396150009558,70.97336995831057,19.711205762647023,0.617864080540147,True
0.3803895249446571,124.15329426843036,1.8008446596918448,0.2551968336411067,8.969819658684044,0.9688933233281968,40.49401216514043,201.5696000585652,2.0674820589637872,84.58666963889381,81.84715921248846,18.09617827505754,0.9196104750553428,True
0.7270246903736164,75.13270756222767,1.570320320543576,0.214159453203897,11.727003284047692,0.5200936639382685,34.13566347837707,199.0473003843192,1.6135665415929052,90.00778888650808,100.63632960278584,24.17791839837683,0.5729753096263837,True
0.7900041346843664,163.96928239181153,2.2178257037656337,0.1124339297214726,10.130136861477064,0.3014985354946137,52.9406317554374,216.27110398930188,2.3572450142033765,98.77906446364535,80.82151990897925,12.510508804949346,0.5099958653156336,True
0.6545161174712232,98.84017998431466,1.730288546298172,0.1006049023076487,9.493587520222064,0.9311832126862092,37.012259764670375,204.1163570560899,1.8972501349747508,107.51406246959068,74.90694915618356,21.972835492399724,0.6454838825287768,True
0.3769898218830423,117.31940548057624,1.8260709891375595,0.1394194833442555,15.257938149328751,0.7039356159094665,52.69515950914708,200.48154561117292,2.172308583942653,130.0,103.40353005750708,19.43285411087173,0.9230101781169576,True
0.8977063725702925,194.47124730839852,2.5127054572378533,0.2571007207938387,8.915718127595007,0.8131424714852222,45.64482762178531,217.3680577559356,2.382172364675553,90.30431800803818,83.31986372733002,17.131821041584608,0.4022936274297075,False
0.7729050075985604,125.5099942824788,2.083914857199568,0.2654891370838639,10.990707064235158,0.4068663682067693,44.56752080709505,200.24489165742065,2.13736734780542,103.1625706654948,90.61022514028944,19.81317671125364,0.5270949924014396,True
0.5547969804598045,121.03764470171392,1.950377371047712,0.0938213448810814,9.937407412406175,0.5832239718182293,40.71212392502252,194.82630497204013,2.0301252608060136,113.28368533970573,69.62503292295283,25.655629126231347,0.7452030195401955,True
0.6438799106323871,137.74868312978646,1.822333485374984,0.1383620099210826,11.48846114039644,0.7515428608696224,47.77949720995285,202.74896060969107,1.8538466264339613,87.83083079845348,69.9064992700319,24.2546498340837,0.6561200893676129,True
0.3998661194436321,110.61711979416808,1.7730188736185717,0.1093728459755634,13.725798475054033,0.4756752957142238,45.38455087692617,196.89085258095932,1.971695371011635,84.65079429267232,90.13603482691092,18.708400903033024,0.9001338805563679,True
0.4949179744444191,315.0,3.292090097116262,0.0806607119094744,10.99006013330006,0.7910492616289104,70.23679894120914,213.55032891774815,3.8015599549049472,130.0,70.59869230389478,16.714480326238043,0.8050820255555808,False
0.5924377307285721,297.2547754827639,3.414647237759376,0.211612346882232,5.972429555729714,0.463530445871713,49.94477871578401,212.72170870821788,4.144749257215957,130.0,59.90870430420021,17.868077566024184,0.7075622692714278,True
0.9456841624560302,293.08313322754293,3.4201626704284718,0.1364677558088838,10.146252989766896,0.4463894789979109,64.28135285947963,217.8009239725656,3.882395209821232,127.78825964131708,70.22903087848906,13.15421023654084,0.3543158375439699,False
0.5720993218225048,149.33161261817833,2.2331351342235517,0.1063460111940835,11.52132877588503,0.308137255182268,47.0143445773736,203.6769942794658,2.5352316388191274,129.73298661649534,74.20179164046074,19.588935101573103,0.7279006781774953,True
0.8280427318657517,96.1778314515088,1.6513119926171622,0.2664994433754941,13.412779574685011,0.4973347217473147,40.62936291349525,203.4138454117973,1.43116241563763,99.6191894404222,87.10102225981743,18.239318146276,0.4719572681342483,True
0.592336759427684,197.1316663926002,2.6140814205104843,0.2370794827258916,9.249495605009042,0.4727157544208728,54.161089666269625,198.3652141805616,2.71616391337558,111.99316031974894,68.02346140607344,17.49146182230799,0.707663240572316,False
0.749589512170375,110.99851965353274,1.8174710188629304,0.2434402871740856,10.590536945015614,0.8350495896762438,45.92888203915477,198.23645925480224,1.7271124541123173,72.13984542173785,85.9919693336332,21.39882108120889,0.550410487829625,True
0.6717208995712395,205.9868503385039,2.477160985245493,0.05979897279582,11.350808914477716,0.6987969343175444,46.92826585221,205.13715057891145,2.83128446783778,98.04401832010228,89.33484196504602,18.91321557475649,0.6282791004287605,False
0.8746113200185487,94.29656429177076,1.8656620022905053,0.2787826123077666,13.40298535607196,0.4244771386124395,43.97131451797949,201.30855671377373,1.6800960221300534,109.63929143362893,89.15321947836544,16.898629830929078,0.4253886799814512,True
0.5930377323562883,154.54892966209317,2.359095600355312,0.1936845944935588,13.662704506578471,0.697689229664186,53.25572733548464,205.07233626770443,2.374035850946988,112.92600452950246,78.84692083817205,15.684213825851232,0.7069622676437117,True
0.3854943499995117,220.99278319688688,2.910276587737621,0.1759507011711297,9.458934524447113,0.4578105134023396,52.87033055258468,211.1191887952142,3.094515403372293,119.95331244401122,86.0365422156256,18.673051027275346,0.9145056500004882,True
0.4236101937272734,113.78773621906242,1.8190495997476308,0.0526463365069452,10.716608567260412,0.5978515960379367,45.49101259219153,200.0451371991314,2.1770692986431706,124.24004612137097,100.01811387715924,23.419951057984363,0.8763898062727266,True
0.5936245012114485,113.6029651221354,2.0857280678810453,0.2744155526085262,5.543468751814314,0.9217456432036824,35.53349769046586,194.10131378799585,2.135713346264484,90.14383837656504,57.23284833550184,24.829407562335767,0.7063754987885515,False
0.4501880058643894,68.38089647861281,1.4730098341296924,0.1859726176215001,8.224370679795232,0.8034793536615454,31.8051368700165,191.94222009275109,1.538308944652423,100.8605732636478,98.71122467090356,24.869324989670687,0.8498119941356106,True
0.7820424031359102,95.5136380653102,1.8621343027532584,0.2562883655851338,10.413400983420953,0.7557700116908561,45.037069175229846,210.77011221236924,1.671398639338766,90.7635738807118,72.59053677176568,15.519939389189526,0.5179575968640897,True
0.6068463670283843,147.9314877882264,2.10681500304081,0.2138777401845734,7.91490357107025,0.4970384145254972,42.809144530636345,208.9511133569303,2.38067964600697,130.0,67.46152517324975,18.143370618164717,0.6931536329716157,True
1.1749213100052862,158.8676089556784,2.2373435470835616,0.2491734033777201,11.931470282750931,0.3872071654276048,47.48651609809932,213.77193644941187,1.981257580133967,106.33106078215464,85.49542254944537,17.17891764662088,0.1250786899947138,True
0.3524570809725735,170.33780996116218,1.9995258010809192,0.2232329371394505,7.0518733052253815,0.827064289009954,39.47686636026009,193.23016211954416,2.0439163409043646,101.26587091083718,66.38099609287043,20.42816407127332,0.9475429190274264,True
0.7407266357419602,60.54402893603705,1.439065249325759,0.2802409755839566,10.8073379567807,0.6975232691834529,38.44851630345053,201.57252692499137,1.2451978920191875,78.56120644504428,99.98121661446248,19.90904302662953,0.5592733642580399,False
0.4744093952988661,111.23581686517107,1.9035500299391228,0.1063710465848874,9.981297011522244,0.7359321188769661,36.93576996496923,199.83972790317748,2.010051208855005,95.14948773064998,80.6673884124951,21.38495019147891,0.8255906047011339,True
0.6013197319234642,71.07779901600492,1.5071149495234637,0.1005250261832268,14.371034401190691,0.9825793235654056,41.1679829656884,199.9248305703492,1.3899969127146807,69.56683266387049,105.6063968696914,17.998500136901896,0.6986802680765358,True
0.7282838946681088,144.37977748153756,2.418466430065072,0.2281353904862805,9.063038757489108,0.5438246441170431,40.920327386900354,201.31894572906387,2.774881843157485,82.64091677450475,68.90677447779441,21.091362660353667,0.5717161053318911,True
0.3,64.37159342429842,1.340602834595596,0.1753487001458672,12.836617978068205,0.8605232704429076,39.89746375126703,194.16225759829155,1.4030507553361184,90.4692341738142,96.5638346145774,20.41833027651731,1.0,True
0.7473652233576055,78.38477188068794,1.5425409894799147,0.1997902925837175,12.019627586697592,0.6912697886105609,38.46112719285348,198.4362666659288,1.4064638655255586,75.66441507362526,94.84511434866724,18.262364014167776,0.5526347766423945,True
1.0805814924548336,186.41829949703177,2.355615504478376,0.2271356172978067,11.631705277037444,0.4646819621488597,47.35635274887079,206.5116291545572,2.6163394363464696,90.63661410957027,68.26808964753545,15.214405187101828,0.2194185075451664,True
0.6093123403262813,100.21249411029254,1.7171334060330197,0.1868570492500006,13.066648220670992,0.3370218323906142,47.031705304415176,208.0665600364873,1.68955393781526,95.18238245824294,97.49045246515948,16.501346512087274,0.6906876596737186,True
0.7519615713611019,243.5259952150685,3.1029199211616536,0.246923361916549,8.54296383781577,0.7312076243922725,51.387258387521264,213.6999555277899,3.2940283275998947,115.3024814878543,62.748678676399486,20.42344240661056,0.5480384286388982,False
0.9049843386250798,172.5525979514801,2.602125552760885,0.1297168389839631,6.162205309137561,0.5083312954643013,45.8580871170237,206.95538068070277,2.838765275966223,104.52050327190186,57.51127880618899,22.68368978329521,0.3950156613749203,True
0.6672092999946007,114.0760239008124,1.807489299568658,0.264747610899923,10.436801619164994,0.7868348425366122,41.38733580437399,203.45288665093477,1.4304938738624888,115.38335780014624,79.38988569483016,18.40864647757772,0.6327907000053994,True
0.5838079622937034,201.33480729754928,2.502227326971913,0.0769190882314001,9.332071050673376,0.7905090132168813,52.75952722012447,208.78393845917316,2.815520116442717,115.63052080434927,64.7166759812087,17.582550094883363,0.7161920377062967,False
0.3,118.50486767917846,1.7744696441443404,0.2085009942402967,11.4961326947109,0.6188223274735293,44.806207514523415,208.17545577806376,1.7766448457951,130.0,78.95252828357185,16.49070245136725,1.0,False
0.8281981438789946,181.11932297782613,2.6448973918005043,0.2725331268816994,8.117230866913347,0.6754779817877186,48.29050313215304,211.6656231669305,2.675713821000999,97.42200492817229,90.15119838211233,17.30789426259458,0.4718018561210053,False
0.6773663180542205,93.54907354315668,1.9165432493826988,0.1131735319754261,13.826099136722128,0.7385828003675353,45.82388426007193,206.1844514280976,2.1708042796893645,102.33959529712192,110.0,17.423886305439364,0.6226336819457794,True
0.4974632297223675,207.3103405701313,2.6425854545627323,0.1317086687309782,9.29837659003062,0.6280234606600521,50.31982523244629,205.79871103169967,2.848916134590298,106.9994238511714,33.56509004891802,21.47759301686586,0.8025367702776325,False
0.7253193420555387,66.22599215601036,1.320393057802051,0.1263604446231847,9.782837976005135,0.9141594241643504,36.83592969110004,198.1193276277529,1.3800188669308977,67.73896112988885,96.86348137442748,25.80692942198273,0.5746806579444612,False
0.5832639286387636,78.3415941805705,1.4307333686261263,0.1910659279437584,10.581750059518034,0.353154202674833,43.90605775257708,206.1888602159759,1.4545129683170288,123.5391654135937,100.6437022515562,16.586245371104468,0.7167360713612363,False
0.5943147737768948,83.50115980261594,1.6936036959786167,0.1532179538912871,15.73977296227994,0.9858727116015358,45.54233969260318,204.05439813329275,1.7501786637492356,72.42488510451477,96.3429535303818,17.79911074874788,0.7056852262231053,True
0.8212582312217416,97.72961628645189,1.8642376180585896,0.0769898212487256,12.702498271326164,0.3234156379857968,44.97683180593637,201.1325080013814,1.837319713028452,61.127388928683445,103.40946025872655,19.808759550604883,0.4787417687782584,False
0.432323517735231,150.4787726415238,1.8939084603790175,0.272821805439115,12.59798651469426,0.4456674491274689,48.71809367590208,204.3958804263345,1.9871573139012384,92.6448414612896,104.08856661352316,17.12659451321975,0.8676764822647689,True
0.9094630572147516,128.6459001641431,1.980970714732463,0.1011691572896685,8.392882463675914,0.7958154982580524,40.06287351579292,208.36595992560584,2.1934012471287048,57.50806069004355,64.03102255348821,16.70484843884429,0.3905369427852483,False
0.4204627673763192,182.16087105827447,2.700031351899804,0.1835200027471324,8.205678998146698,0.3594721815391276,44.7560023963866,193.87191489776112,3.0930984430311006,104.45889170010258,64.06107928616557,23.28500258954467,0.8795372326236808,True
0.5674597183289471,222.5825047314332,2.748033656856923,0.1987012239843154,7.494385841895464,0.4835209272051918,41.72656642605261,200.70405063873983,2.959466067038188,103.4170717204028,84.57494748080344,25.990529950492444,0.7325402816710529,True
1.0845892388133154,63.980733271182864,1.7352915797880566,0.0601879609118854,12.254013023813677,0.4077836753342141,37.13435128219203,205.6375699441384,1.5345894836273386,84.72574590087109,82.80776657416301,18.305504631999547,0.2154107611866846,False
0.9254709523284844,236.52489265246885,2.9895560605631037,0.0739280819135843,8.359747903867332,0.806500094671349,54.42919856368305,205.2452925326037,3.156170442251403,76.89921538121024,63.92822644480573,18.02689337925716,0.3745290476715155,True
0.719520798499088,117.31227007704858,1.775856220491085,0.2929224276073879,9.81149143384768,0.7052533739171014,37.44253712036594,194.52668510462271,1.9963682011305144,107.35776350194608,78.61113050077192,21.36659712789083,0.5804792015009119,True
0.5118939568997567,290.04182132977473,3.27643387663542,0.2161280850373456,6.978294112556457,0.3451350282544438,58.128787291389216,209.7071935762487,3.897909083729586,103.06175061832616,63.22839635632525,16.82567169002098,0.7881060431002433,True
0.5941455386600213,91.82885045682691,1.71532666787291,0.0583912942616067,9.600203281091964,0.6220939647811249,36.8506554539558,201.0663217382908,1.7903271929068476,89.32447806186609,97.36885712080598,20.224040553846503,0.7058544613399786,False
0.7146550629171392,58.76142938754198,1.32721469988631,0.2485498051632497,11.546647839841144,0.4459520496112318,35.26086604565646,201.1706975990862,0.988499728395996,79.66373165151208,97.34495456082055,20.6874993411748,0.5853449370828607,True
0.7075046464679197,173.51738139585652,2.2426588477452105,0.1771357023193713,12.325761419308828,0.9773890185876812,53.72590247810877,214.44591301009467,2.501513392073214,106.95291192055372,83.19605719339484,13.951920851737132,0.5924953535320803,False
0.6818258140748074,168.1984800590323,2.5716031292900428,0.0687998930196189,6.64352078552796,0.3755425631163363,42.18524965172699,204.5061745035621,2.8740739769848944,115.86083764822268,43.801223075434834,13.639353905235254,0.6181741859251926,False
0.6938334971831631,79.12420615554907,1.48638955629045,0.2201880245119478,12.338019043197622,0.7186386227548246,40.96498023001571,199.6367641818542,1.486379599249101,101.24298231779552,110.0,19.780937793014573,0.6061665028168368,True
0.6571249780589772,82.17562214996781,1.8191703886610449,0.1748379514671171,14.55704273003575,0.6372930650927726,47.11145218040173,197.39824695573003,2.0996534369589424,85.36076282489422,91.21617238325972,17.518501263405067,0.6428750219410229,True
0.4116042528719973,189.0061950911852,2.446576888974729,0.1012299502777308,9.19487687151442,0.7046591478988665,47.84081673843392,201.75318225984745,2.545474569002557,102.26181242453964,65.9242467499575,18.56279236275511,0.8883957471280026,True
0.5966978515678334,153.99275609642405,2.2280961492889166,0.2694255680222049,9.064603126143396,0.9695449954943028,37.86141825966192,204.2375758523955,2.4912964008567515,101.92717786969855,85.41423674595102,17.987840946427184,0.7033021484321667,False
0.8829248107973693,112.0234548440248,1.9804643014879844,0.1228449645750635,13.01688708189885,0.5388973144715402,43.73884870930394,208.28394131008665,1.8706256274961064,107.38751758100298,94.53101070931856,17.551125368061975,0.4170751892026307,True
0.4263331404897764,161.61727390919987,2.203154390337897,0.1211391588633269,7.925600940522946,0.8241364612477551,36.24694729370569,200.1792650091316,2.5208060400301635,114.14309687950416,80.46873196226117,20.34499027033745,0.8736668595102235,False
0.6620888976921443,146.66071021879353,2.2584713287745286,0.1181933954480696,10.31018585019651,0.6132265340228595,46.12971423523484,206.6283363465564,2.4543248046262893,105.75746307831716,84.94624247060099,20.484803379587543,0.6379111023078556,False
0.5360492142458312,85.619105690004,1.3779883905877748,0.2418639442722628,9.17119907673133,0.7625331303078748,37.47105053879578,203.4975068161888,1.6708469911240873,87.99413804687543,87.80974677779123,21.885417425224645,0.7639507857541687,True
0.7222700858796223,196.1589216199089,2.635227481221467,0.226529667595133,5.354917276788224,0.5559602824132043,44.003028419007,206.3965042817504,2.917565910279695,108.33933464128027,63.939159798552815,20.378024880444784,0.5777299141203778,True
0.6222733637866363,177.34426764858057,2.048474622502899,0.2757864213675893,9.473437799777,0.4589855436766209,47.80078425511768,210.9067677437245,2.1401949810035505,109.03607812528966,63.14239849783293,16.640684019158883,0.6777266362133636,True
0.9954787329949336,130.01885816505964,2.0061238563157087,0.1073348048960699,7.880191413841562,0.3585314515642622,40.690382912889866,203.3738551114996,1.9727351217859583,124.75367663212134,78.37084595479533,20.747399227018093,0.3045212670050663,True
0.8013166308380507,189.06850306673337,2.6406844723316407,0.2465911488857021,9.57109181547463,0.3712258759246144,43.18637562105995,206.28072277874384,2.7731491262532058,106.71669313155402,85.09577484043979,18.574408397611897,0.4986833691619492,True
0.4376393668445577,309.49168740322,3.5692777951345165,0.1932613941320239,9.882214800379597,0.9716012231344616,62.604288363686805,209.9347589252346,4.005851728989527,121.30478952263596,41.87036271120267,13.96967274748177,0.8623606331554423,True
0.8342456023227397,81.79705850403809,1.4596148961880135,0.1271699024131669,15.607014841622489,0.8519196337723562,41.6635257689804,206.2775575015242,1.584685048932135,71.34877292436727,96.47861768514257,20.088131458337696,0.4657543976772602,True
0.5450696287475874,114.3042945023044,1.7389846966044076,0.0588635331019376,11.14828712363358,0.4714714749797051,40.708443324399305,196.32413851790295,1.929496659612408,102.25269742143112,74.69432559742688,22.1663604530108,0.7549303712524127,True
0.5846007257244932,116.88146825735916,1.831750940010478,0.2547368874627775,13.138408401713852,0.670403065786224,50.5236665217663,202.5957695650308,1.644246266806438,61.734888777928944,91.46814372517817,17.01218631652396,0.7153992742755069,True
0.7627638040214243,186.9883828503933,2.523839442156867,0.110267842878339,10.511926938927514,0.799962907045047,52.6397859791808,201.44253461682848,2.702737260550562,99.52647682061829,92.15589584949872,15.417359810209335,0.5372361959785756,True
0.601650516053973,97.21628209055017,1.4729402782178458,0.2079357590537298,10.407256971844967,0.5467765314017449,40.38587261961023,202.799303498288,1.4937834450989214,102.28963316023398,94.51704830162814,18.94959554295406,0.6983494839460269,True
0.8785711632645911,181.77562214378915,2.45222144077303,0.1872169840149531,5.493530822763827,0.6079916407118491,39.15656945242765,211.0476405690367,2.477009212544289,93.4633680127465,39.408917593971815,18.44777544228112,0.4214288367354089,True
0.5450979876973209,102.18793125793977,1.864217856133528,0.0511123846616959,14.738900356937746,0.8028673437008944,43.81178804010398,204.57160537937528,1.9594522362314852,94.5196619115451,100.8709684981543,16.604387429918233,0.7549020123026791,False
0.5762106894817273,78.20480841041834,1.583182890152699,0.2985859074849406,9.284288632194,0.4592180203271936,34.65737959855269,201.04494493771512,1.8459051908762665,123.50787756688425,78.70446233352594,15.58610438405892,0.7237893105182727,True
0.5687258212903782,133.64286994771862,2.1479411047897066,0.2535823389500322,13.636524346060156,0.6684410509266605,51.91491571210143,207.99941694502584,2.412225007698542,104.46880285142522,92.45020705831055,15.392940978561946,0.7312741787096217,True
0.5868722503289922,101.22146497393273,1.8433303435403925,0.1716178176591705,12.358990414846163,0.4470617201803626,43.62237301137272,204.14133406154804,2.0745213313153643,63.3380731126697,86.24994961632744,17.130263091819703,0.7131277496710078,False
0.9198383111095624,139.96568548516376,2.038477344971476,0.2200853425605957,8.333389533722862,0.3021543207108682,35.03891105136711,206.4506706335163,1.978891357021331,76.5916349554838,69.14487112187315,19.04763196774906,0.3801616888904375,False
0.8257592587220606,156.24604081350412,1.9595399224691092,0.1691485591476931,10.873967661358623,0.7831846148955027,46.63649937941352,209.5759065208605,2.055509294344987,86.82784386381434,84.0117886404855,16.89938264074101,0.4742407412779394,True
1.041988790802414,65.41116989045733,1.543301321359282,0.2361465678196826,16.515003276799494,0.7950854017348696,39.83636170889493,201.90859055855475,1.3276356510549394,63.2113766444513,104.63774789651129,16.630302554281585,0.2580112091975859,False
1.153528840779851,106.36414339020192,1.7079518423371187,0.0835821364547235,14.463881096876664,0.997005889017844,49.21123468052024,209.18158219213973,1.692411712645587,75.47155007365828,106.96886832280268,19.069254136180664,0.146471159220149,True
0.4938565936135319,133.6948200887157,1.9828071669804936,0.1615877488085075,9.465524514907331,0.4267108110763596,39.00229929327894,200.1522219569965,2.1445681850671217,98.45028170327156,66.13506902129801,19.346151041353743,0.8061434063864681,False
0.7140838254654578,189.47490118111727,2.5876678421434014,0.133884294268215,8.023094110733588,0.8177062275460181,41.50919334149573,203.69401958120807,2.9016111211109488,120.7794470785389,54.03549326400535,18.310400546428337,0.5859161745345423,True
0.4647599366713133,177.993693530008,2.6365495557552165,0.1649138108735087,10.016571198555214,0.9635771970538464,49.84286336919696,197.91533315207255,3.0542889874097154,89.43836802478498,77.3194037412166,16.96275396579221,0.8352400633286867,True
0.5444788144503465,88.54887421429723,1.7026819751980766,0.162618163215091,11.04199006040901,0.751206235767774,40.179580526003846,194.458659355512,1.8182367156075503,86.44389407320661,99.48958145536903,19.989895585150038,0.7555211855496535,True
0.573983497948866,119.52054904794008,2.039274117850401,0.0857734874447985,13.488052365551084,0.9741983923290596,47.31815703098739,203.7974566891556,2.0292725626268253,94.80877550838042,94.73367101246548,14.473857612209953,0.726016502051134,False
0.4885690251723451,160.2098437261278,2.065006848636089,0.2941221426772573,11.743318913057667,0.9961086896944488,54.9382791320923,209.05344246154,1.9810395122128055,100.4012746504302,72.81518114873745,19.227191776224497,0.8114309748276549,True
0.4896225454203172,115.76515065461668,1.9629497423861888,0.053873035697032,7.193295764854371,0.8611370812400774,36.744749964059736,198.61134731866616,2.103583597037884,96.141664176466,62.918386944970216,21.78908246050976,0.8103774545796827,True
0.671143124295949,92.09207473977236,1.7277507072666047,0.0525182362043497,12.351428216616704,0.9995001360941136,39.34874896890064,211.8411875578851,1.8838766745934223,46.93789806000285,82.76007587845565,18.18081196923473,0.6288568757040509,True
0.4566563163227185,126.35680021925108,2.1952385388479363,0.1433603296334144,10.33157748214527,0.7380771215154329,43.31726709662645,196.8073331953268,2.320428636889248,102.0772847500704,86.72996113445635,24.106911484285877,0.8433436836772814,True
0.8684253918275265,152.92651928554943,2.142343382880082,0.2050940873367043,10.328960552121856,0.647938984829574,44.08507927789594,208.28120718961108,1.9961186140801728,92.48875155086698,72.15227978689191,16.112090618459817,0.4315746081724734,True
0.5164492925164971,85.14163772702727,1.6448874592418623,0.094913306703732,12.01512515228696,0.9423453780591532,43.64449826705081,205.15846056710237,1.8973914773072105,98.60083741327745,99.60013974130484,17.188630809757957,0.7835507074835029,True
1.2619137940192784,168.7250422831981,2.508622508335504,0.1832985009760402,12.60015305051096,0.8816690890037895,51.77021218539478,218.29308821718504,2.619984907677253,99.80182488527971,96.40670605753422,17.306362383829974,0.0380862059807216,True
0.609723109807121,137.41707482029477,2.0855315297031605,0.2306929919908697,12.67763717303594,0.3770784513406149,48.44956575030141,206.83426130956627,2.220748753677908,106.7846200311884,100.04377275705492,17.61889476072008,0.6902768901928791,False
0.7144035283834104,171.7427184152261,2.2076155401287187,0.0735151522600377,8.25919703901388,0.5119058527591354,39.14857564946624,208.0505807217688,2.2301147691380767,106.89645503144578,85.97821443714146,20.25507816144623,0.5855964716165896,True
0.4409317631067929,125.05710567633145,2.38320183640417,0.2961056020039833,10.62002576890876,0.4824515843009899,42.3069539237044,200.17491157189133,2.5301467136186315,128.78386553877047,80.82577264910881,22.16880987980624,0.8590682368932071,False
1.0412183516255278,284.62803238399806,3.1152353445714747,0.1341751619348236,6.889948352802169,0.898683161564396,54.3884733583279,222.49849975815988,3.476751739457958,125.2137094535377,42.797306849609264,18.152733122119827,0.2587816483744722,True
0.9239001361605832,151.50507098167088,2.2023355556209383,0.2106038534468122,6.572847590735409,0.4632717480147625,34.93909381549258,209.51085099706077,2.354924460764824,101.92337272983764,80.13898273262876,20.4886544726074,0.3760998638394168,True
0.7593831741472225,181.3810440535654,2.503051575832365,0.0776799645466439,9.494526090313425,0.5128313407318665,46.19136778982548,203.319226406525,2.59587675623146,130.0,74.53469331078487,22.744925620603624,0.5406168258527775,True
0.4306394902440868,168.38994948432605,2.387262222229276,0.2273715971803316,14.027440649912142,0.6631520580070168,54.76344443871322,206.22869164712264,2.589709248765011,98.25595909029248,76.85030396187743,16.528947284369412,0.8693605097559132,True
0.742133375544924,118.8100565195474,1.9220188965554197,0.2601140867656215,7.094923516398703,0.3532836406996323,35.015020313831315,194.9926679085985,1.863878122638866,79.78736660941841,92.08747194273326,24.097082940818307,0.5578666244550761,True
0.4757137907965489,145.06961220471732,2.132842842058792,0.0763212855826555,10.33581103426294,0.9728607498465422,39.77651425148727,206.33406017238303,2.458508958672218,96.05778382462458,74.71300394264183,18.10971073019874,0.8242862092034511,True
0.992471052694672,98.1850849187779,1.75024089940703,0.0814657885925165,11.109164551560712,0.643743943575134,38.959055883471805,205.6112819843229,1.8174569378561112,78.11890776690875,85.85814682547726,20.537810900101945,0.307528947305328,False
0.8618389463706345,273.72587628507705,3.0224169314919105,0.1202618535968069,8.705952264750119,0.4333036068204688,55.11374486363984,218.960992550064,3.2602872954632693,81.00618429442994,77.20035940610319,14.615093526683363,0.4381610536293654,True
0.7190878076975472,159.62022799686827,2.5994947061383558,0.0529839538438323,8.008840989789725,0.489574516476619,42.15088171033924,203.90419701169844,2.631203165378823,97.99362239151785,63.46476399303755,16.567246308405462,0.5809121923024527,True
0.3,89.86623178141542,1.6859312165943168,0.2965128235843074,8.247164528174624,0.8586586229610131,33.885441650167444,190.0,1.7973824410463397,97.4802019317589,68.73683112039,25.06725226823702,1.0,True
0.5033168042681938,241.3754234993087,3.0205430369179345,0.1995960187381624,5.622327532064267,0.7438045361248955,45.85040119129717,216.0071040300084,3.2962778318336987,117.0516828067922,38.09194251938325,16.1927554548982,0.7966831957318061,True
0.8375522263199744,121.58534137071516,1.9224848023134808,0.2018973624908863,13.73951812365638,0.6252382169563767,45.96938325679725,206.22564798863465,1.8948500041485736,79.26428549621033,83.85258857810925,14.36149508685045,0.4624477736800256,True
0.9425767383446312,194.15656268592912,2.5000379506341104,0.289740542412909,7.34327272805719,0.5321209571716106,44.71834619676794,204.8892906282867,2.439234176963142,103.41356819116756,61.35900852013327,23.138886834756622,0.357423261655369,True
0.9218339622984264,64.87154259350514,1.4506557913475937,0.2580073135798568,10.733275411679926,0.9304790541062024,37.993411117204175,207.1024940868934,1.1990653971384522,75.66419896865604,102.25925245748536,20.233553785057275,0.3781660377015736,True
0.3815973995517088,218.867810314525,2.518465614317813,0.2535607327420873,13.690571131287092,0.8407951782045258,59.74308684218432,215.59370842668235,2.854807841262581,120.68022928969792,64.43389947602016,13.752785719826212,0.9184026004482913,True
0.7603104613625807,156.45932521795302,2.227581430725509,0.1348755924754064,8.568369701168642,0.8026784261449031,46.46739246413006,205.22115328309377,2.3087142334125943,85.9597571409915,52.6067577372937,12.960507948624509,0.5396895386374192,False
0.903103043296586,86.99238696598603,1.6348879475799738,0.1337158483661613,12.18741615010429,0.6122003532320631,43.77600844263172,204.33473248772597,1.9140437471197853,96.8991231956369,98.9254166515081,19.24573710934684,0.3968969567034142,True
0.3683328868835509,155.14717754614657,2.416906096746889,0.1229344899531617,12.547736492745477,0.9868121055318686,53.6936344811069,204.4055771494682,2.6980400210476065,86.52203007737583,69.12963054179838,19.332248185899964,0.9316671131164492,False
0.6984190969253526,259.3323680289448,2.895153926593881,0.13667394044408,10.566601786833328,0.7970492077504142,62.245650335182525,208.8436153256711,3.064706802779905,104.5280058343458,67.67576974645394,18.89278021186556,0.6015809030746473,True
0.7547684796616912,99.42627091739,1.7088380907058915,0.1423771903399626,8.280859137990882,0.5965373074906613,39.52554750869256,199.3086057631556,1.5152835727797112,114.2557418024028,97.42382153310496,22.318296670189525,0.5452315203383087,False
0.639847083030653,98.8625837384624,1.656134599894587,0.0850009222451483,9.65109810776438,0.9723864306120196,33.77605821117767,206.07718063903715,1.7191685519556947,68.12708425975474,85.2444957578858,18.506099607637378,0.660152916969347,True
0.3295676289197596,117.99712526916318,2.160356561255077,0.1389869656755233,11.54125249290943,0.9270074975717116,44.87618835326796,198.6347827861548,2.2482218949861954,89.14620745813623,95.94790655800828,18.91764594071789,0.9704323710802404,True
0.6348603779852542,133.10899048549663,1.9344606571557723,0.1616867588111818,14.847876577504303,0.8179756354810335,54.35421835635904,202.80004436826476,2.2040359860873124,73.45492447433296,92.1180370607213,14.692494506033093,0.6651396220147459,False
0.6345389139489952,200.56641437768965,2.6888762917304376,0.1273368346866646,7.714481092190956,0.836897285134057,50.151117656836334,205.21882243700765,2.9570459824922453,94.19753993376952,76.10425628389449,18.553781158141657,0.6654610860510048,True
0.6703855190904491,160.66153383781145,2.4308164917133888,0.0913367420393869,9.022143825875023,0.5965392497857335,41.20708650807056,207.7984130844084,2.3591650518583216,106.42535456007074,65.55237165030351,19.496591067832423,0.629614480909551,True
0.5873057149149861,117.95103982434703,1.921689881882465,0.1433525995446244,11.799945010243963,0.6551453525411208,45.3661673721551,194.49840870486776,1.861436762579002,105.78230396805868,86.50292627664155,21.468864610630103,0.712694285085014,False
0.6113975693517065,148.03908355158825,1.977791018271636,0.1702269433041089,11.69854459623784,0.43408313732579,47.04767949426996,205.16932771599903,2.000338675504124,100.7477995899755,72.54704427361743,19.84600978087268,0.6886024306482934,True
0.6920587435306044,281.6119327445798,3.048272383142085,0.230182096666782,9.427544020063586,0.7167773718736938,64.30419186448687,224.38489881885397,3.4792479909381115,112.19116708171173,52.65172533605888,11.345854523440456,0.6079412564693956,True
0.7884909209939421,174.22447767735486,2.5227604311382508,0.2278094403686675,8.001976499171052,0.5589415838513504,39.14862014660712,212.86166340434667,2.50407204967246,86.08025512993878,67.13644840338725,14.383299480994978,0.5115090790060579,True
0.6391146474286665,123.70734938003751,1.8005696922203216,0.100673757770831,9.602761809903631,0.5432068278992472,37.82198443916244,203.2359996648036,1.8832754295646152,83.72694017381774,65.83315879338063,18.804267931534763,0.6608853525713334,True
0.6180702143263996,116.39799671616196,1.9899879653882824,0.0591638487920592,11.378938698673416,0.963759740796646,37.01794778866455,205.48317184761785,1.924313705146637,66.77010271495044,85.75892413630169,15.94585286877908,0.6819297856736004,False
0.7184708076508916,143.9118665296745,2.1684472987104857,0.1259498804517673,13.186671290248078,0.4153484032287981,49.43928116710673,211.24936986460952,2.2706665175052665,112.92500976927288,83.27189697363293,16.253494292996876,0.5815291923491084,True
0.3158168148209636,199.33171941617917,2.651223627976087,0.0892840762147377,8.887364069848235,0.8809815088654827,54.70858246347727,204.02695959551545,2.999230608082923,123.65203491416048,65.47598645213999,16.917849507609244,0.9841831851790364,True
0.7954070254452916,93.61343566275175,1.8196452064788973,0.1489471198039235,11.265893977886066,0.4970279997056658,39.379196584125246,206.0296735944431,2.0086813723765484,90.51399138674005,73.19340296445908,20.70614532614433,0.5045929745547084,True
0.6998873805754082,185.87649727413387,2.346961360530386,0.294836529788151,7.39718048735889,0.3200589403140178,43.92320451771483,212.63078318067463,2.569311464125354,115.36120149277104,77.17221841025278,16.585181172584804,0.6001126194245918,False
0.7079387053195123,122.57938483764158,1.8343058518489213,0.0952678427263052,14.892670103085386,0.3283241558801792,51.1670486779403,200.68173913718448,1.795855594161884,110.71843670759084,110.0,21.13711349502007,0.5920612946804877,False
0.8921468615188928,130.95622313499666,2.1548888551950336,0.1297184858557422,10.982166467281822,0.60042424481011,43.13377496228501,208.10983875382263,2.390844903801825,95.7387036629536,102.38866332566882,18.88492114902953,0.4078531384811072,True
0.3094368939903503,315.0,3.4255983084153407,0.231278579079893,9.701060515024832,0.6181226343039316,64.35998698447693,212.46714061558149,3.946540234503032,130.0,74.68390335085195,14.961174078568371,0.9905631060096496,False
0.3052332260282072,176.67807571624954,2.000902331929224,0.1772956957154804,9.88556849485623,0.524175789911044,48.1720273846746,202.1358926681536,2.328543567241246,91.95071958216244,73.99042130792319,24.381681619311905,0.9947667739717928,True
0.7547607690647039,102.5753596200544,1.9179161716430149,0.0609820358933462,11.341231070374528,0.7681457238950562,38.18658912480009,201.82799981173685,1.8763419352428767,83.7456187234911,82.85430012354986,19.706379604037053,0.545239230935296,False
0.6985766289742968,156.24233678063962,2.094499501034801,0.0904225045403304,6.886958378073953,0.6397399449449248,38.86346535956087,203.9287132291939,2.224499319605988,90.72662524534528,77.22578374240297,21.18980519723581,0.6014233710257031,True
0.7340353886383864,204.34764834758576,2.7048515684664745,0.283812388693299,4.5900662164198085,0.3518791464318098,43.009635770736686,207.46083111794897,2.776901616108706,123.48419494627872,54.53841086864889,20.946292597082063,0.5659646113616137,True
0.6075745849655109,177.628246973559,2.6299492531860174,0.0757912481847571,12.556883020515048,0.5436498364392929,54.70350742344345,211.8154003854864,2.865855128404284,88.88134245135956,56.2323420890316,17.044125701632154,0.6924254150344891,True
0.8328707348479862,56.34368935217638,1.453263883406703,0.2087731968024264,12.157541663038147,0.3713739136949328,40.54032268431266,203.85129282724108,1.4953822900046116,106.99361668195913,107.0890320635412,19.364331306910447,0.4671292651520138,False
0.886527768598224,128.46938892218995,2.177119986127049,0.2480814122102279,11.14169286997114,0.3440409857231694,44.47768203695922,205.34852475467807,2.141422206255618,107.58359183045948,81.85980464780319,16.43907968224168,0.413472231401776,False
0.7967964587903054,159.52322197265954,2.2992554278617066,0.1163597656812309,7.380663749651226,0.4458146374982095,41.49533851982467,201.71470250044027,2.348463987090512,128.75881695505427,53.918611153524175,20.66117930889769,0.5032035412096947,True
0.6478343083190833,153.41737757473118,2.465453419819021,0.2312695007846725,8.251746012508866,0.7904028228130968,43.51378272712758,201.80876938553945,2.6692188792605176,100.8601649982337,63.55953010792105,20.926476754411755,0.6521656916809166,True
0.3,106.14649884608107,1.6898559244550826,0.092473794757545,13.426427423267508,0.7872011520080093,43.12083858269732,198.95064610842317,1.6823178061793276,86.23075358822977,85.56348066932101,20.081153783499172,1.0,True
0.8538472416074256,179.12111332569333,2.4317366595430734,0.1211875687084475,13.60413625598868,0.9029723889724928,52.07464170389533,206.7306610089504,2.3848459180656185,105.95824907219183,85.90556616864222,18.0845830293088,0.4461527583925744,True
0.9443457332435186,219.3460461681366,2.855742610101313,0.1279555077210518,7.684968338673928,0.8294935047432843,47.78007497682627,214.4130461918488,3.093530578599504,119.44411987839112,66.31445410640805,18.16624622988355,0.3556542667564815,True
0.8289116823967959,66.04434239280474,1.4997929755909312,0.2991087476410559,13.288465071328236,0.6748469810828022,36.01950511686508,202.56965807676028,1.4159513829685484,70.3573198390047,110.0,16.752642442776327,0.4710883176032041,True
0.5240715145264987,64.19362929364827,1.6863818838470863,0.1036430738044893,12.262569524613864,0.5188284616064825,38.99656297464247,202.59982974038795,1.6581403446588867,62.72111950918726,74.39261917486884,17.145255599526358,0.7759284854735014,True
0.8347588787335516,155.58379406209184,2.179864421570118,0.0823018661583962,9.93432803871135,0.3040680466174255,47.69909186563624,204.7107252860886,2.333918086808013,74.91477273445756,78.20558632227618,16.483880172504747,0.4652411212664484,True
0.872105941592289,186.4106361408928,2.801690761871476,0.2814228593703526,13.718918393856232,0.752996236901456,52.93319851133329,206.9387581666412,3.0795749693621595,108.2706160267495,71.11871077091558,17.95957382304854,0.4278940584077109,False
1.011763249559817,99.60449339170414,2.11516557277447,0.0904826734550881,10.210075497699272,0.5027992313303928,39.636122672519,209.73827211080464,2.07595956872123,114.52489792414517,100.90553482752092,16.355244616398462,0.288236750440183,True
0.5247780151544084,57.1063146528143,1.4991613166566091,0.2698199799073513,14.701654137687813,0.4750700712095426,39.4283420533498,198.4585535023952,1.2665228593018254,70.78333390675972,91.6852310552044,17.862674660982666,0.7752219848455917,True
0.6547090830911723,129.4548593568892,2.1185290519083058,0.2126141569116725,11.5089438290685,0.9823778785419446,41.200955509165226,201.516405209058,2.1091433547231686,87.38820012249425,78.66104336525976,19.63946337855172,0.6452909169088277,True
0.849454410228691,154.51355934253638,2.414859190083987,0.1942153745176297,10.181599422631743,0.4219681346843758,51.0351892131205,211.20384402937052,2.603693136272653,98.13730790601493,90.67844203306234,17.366894451442413,0.4505455897713091,True
0.7114820142876315,113.77332957980369,1.7321070267933243,0.2378346778866442,13.970517848236309,0.3227043178945778,43.79303226835006,205.9333425392317,1.7894359820525754,124.43993488140778,110.0,16.769060544270637,0.5885179857123686,True
0.476534479589745,206.894983288534,2.458359864121604,0.2314997392870125,9.914186197337049,0.9645732766344814,46.83497519556723,199.3139460743864,2.63419531714329,130.0,87.3977972736389,18.473504160247877,0.823465520410255,False
0.7829232570053406,150.07835129951306,2.3890896474747496,0.0776315473545784,10.086449110801748,0.514204705439504,44.80915674655065,211.1407987051201,2.4134459027867465,108.792902763318,57.57118817550126,18.013073396770714,0.5170767429946594,True
0.8157323267630333,95.18059398606285,1.8025430228194528,0.2998665276016722,14.321522088811342,0.5753940354344553,46.00597547357026,202.97055894785368,1.9111394717480288,102.59544137233632,102.84882526231507,16.65837617228952,0.4842676732369666,True
0.7175925792662003,99.27910307832678,1.7602570377296458,0.2854724316121821,13.961353102888282,0.3566544327603952,47.04562437816794,210.6765880136545,1.7342011518039442,107.64916425959788,98.3072172371685,15.41009546073717,0.5824074207337997,False
0.7439169854359888,130.7491914128106,2.047662026734659,0.2741479907154791,13.290833861107934,0.5828456501173247,53.61708808006127,201.82870377635464,2.2510573597223877,76.67800501629367,88.77670562454887,20.69493780570256,0.5560830145640112,True
0.6482588196628539,110.39728243741423,1.5252720386447034,0.2055722834856017,2.459679364563282,0.980554903537985,23.343707303119725,197.5564891897452,1.6867870132636538,92.26162527613845,68.55671510268041,25.742738046934967,0.651741180337146,True
0.995655787143212,63.00515753099603,1.475456913079418,0.1806978328330785,12.834295741066574,0.7858138024866534,36.92704072371765,202.28366059022264,1.3400787804896344,59.9302503156157,110.0,17.00616464993492,0.3043442128567881,True
0.5198615632574646,144.05524619135224,2.039484958651834,0.184069645970417,10.873663393309592,0.6316773913832396,49.6856401428401,195.81627451497795,2.308129408129726,97.45457494464829,92.14967576710876,20.531489038303157,0.7801384367425355,True
0.5825358474472442,100.37870716832306,1.9407404023888468,0.0537342360570581,11.116484111982116,0.5152301522086471,42.87248755828392,203.67163397345,2.002538069240717,114.30123738179532,94.49196066782014,22.29261064057616,0.7174641525527559,True
0.7021971027055051,107.7493799366448,2.01124965625076,0.1748673754863607,12.402026355880286,0.5562307714967294,45.653817046267086,195.8473774754501,2.091145760780066,96.71411778664522,90.15351553896434,19.41090105888179,0.5978028972944949,False
0.8757908055401785,81.5207931920748,1.738668380656085,0.2059423919149799,12.105850842052616,0.7278597049721389,37.80342061222173,201.27181009491787,1.3678961320610934,100.07622118504852,110.0,18.966860790232893,0.4242091944598214,False
0.4005253659810926,262.85442711500764,3.162154214239932,0.2146765521937371,9.75979663004966,0.4781150438237167,60.48782984912706,213.714340245154,3.4333544007504235,130.0,53.26841455265539,18.40263687473308,0.8994746340189074,True
0.4379406500469121,171.61273386828978,2.148299858638278,0.1330348662628282,9.3214548133098,0.40636326784664,47.78169518869552,200.91767574539747,2.228798888261096,82.37777732087298,53.05322946117711,20.833274930383265,0.8620593499530879,True
0.3,296.8189363581241,3.463147952864524,0.1678205875733873,10.95325653194205,0.7873600717605537,63.90274592482868,206.57871054783487,3.9485114621653543,97.95022137597468,51.73786962649394,17.308494236046837,1.0,True
0.7065390450506541,113.52170494115532,2.00258333135775,0.2090776516656436,12.67028653295942,0.9086288439831944,42.67433692156512,206.086059148251,2.0696208408890144,106.6601219471802,89.03000382189872,15.757816709489664,0.5934609549493459,True
0.4763388365586911,176.3723686864486,2.597757847556898,0.1570763775687954,11.018855862776576,0.9310772358945694,49.318711458537,203.1127300895906,2.8474872789801045,123.53492971989284,87.36616614665985,18.940171874400985,0.8236611634413089,True
0.6230899779964166,145.23857976341748,2.479640109971869,0.2905337997458813,11.471857078413583,0.888992972314607,51.02343297820437,203.77461941457705,2.6719369802189554,103.84177682070354,71.28141689122162,20.018059164749484,0.6769100220035833,True
0.8322756379783416,96.72041757498393,1.5198792395641298,0.226360527463,13.80505136013613,0.6714197771899435,41.17363929943207,208.50985880107189,1.3932677315342954,88.7863809772823,105.25136045634524,19.125990074275894,0.4677243620216584,True
0.5716914558434306,113.00931324222512,1.845802982095069,0.0503184365627226,13.213545492898024,0.8521816783028588,42.94610227209305,196.66261045691573,1.9761721753084545,103.96012653845855,71.84238909494006,16.253795647932968,0.7283085441565693,True
0.7462564045486728,171.45834126551748,2.2603267345504934,0.0558198703705632,9.665651339418854,0.9484490122371704,44.089766057604045,203.78669959492063,2.582337837763847,107.5967414405686,89.56731819937414,23.348624952052862,0.5537435954513272,True
0.6401324184496555,81.4767218448614,1.6776898530166524,0.2225750508670936,13.712101844603747,0.3163538127249939,41.22652647364088,204.1018976060168,1.616362267612114,90.179407150569,95.62549397017946,16.73397476020124,0.6598675815503445,True
0.8344228630192874,207.92375894956945,2.665400350329261,0.1531612743863756,9.640287267000248,0.5884687523957344,50.2561580949857,204.7628866150564,2.772495519607285,121.43405192900155,68.5278712822613,21.27375338289813,0.4655771369807127,True
0.7950256134696017,139.6738262334962,2.082278298905948,0.2598677373030665,14.703110069097791,0.4428878356991363,54.102170357001285,215.30643682937867,2.0418221547642856,93.1482752619792,110.0,12.449258148247008,0.5049743865303984,False
0.5616132607650779,194.39139098228236,2.7092717820684347,0.0932538523715655,11.915956146622245,0.997738149797166,54.159930325046304,206.2911035557065,2.9617055391319904,108.82036088096402,86.20997111906335,14.175399303146255,0.7383867392349222,True
0.6662696493199094,154.80502142042488,2.073228039686281,0.0534567285130729,8.837169113596627,0.950696206743222,42.6660301264352,207.20759947987688,2.143871338420809,95.40108379125904,63.58597786242782,16.141033999046478,0.6337303506800906,True
0.9087486795440988,66.20407529607469,1.3734643822597066,0.147020587528428,16.93589016146124,0.8615301657531906,47.26007175140023,208.6744630681053,1.067618360928724,61.33806644490393,109.69055945494355,13.885334302891913,0.3912513204559011,False
0.7786753740508193,128.51455699460334,1.8744826652921205,0.2340160260768622,6.062250334919515,0.507115863588316,36.20577032329707,201.6765110959272,1.6920685923424277,82.696565510371,106.82236223476934,22.95275199421509,0.5213246259491806,True
0.4206075884497736,210.18702048502783,2.6274470257663247,0.2929319333443921,10.618814060741393,0.9664715851815912,47.29118992884906,201.9912034175873,3.108865106249881,130.0,92.26697549334811,19.511415520581696,0.8793924115502263,True
0.8311236122342764,138.71592698136857,1.925438883464172,0.2709134698377639,8.971369189555737,0.320475308043501,44.00912835422836,205.4080438268938,2.211799291021848,84.04806551994876,92.20409030980272,18.86178826104968,0.4688763877657236,True
0.4830778755127523,130.03407667417022,2.032986890073471,0.1710186529842847,14.80018326594558,0.4316277945623029,47.76518025094326,205.10529149756164,2.3736110916020388,109.11503837226714,67.28518367300191,19.03323679340622,0.8169221244872478,False
0.9825026139922012,138.65288486742128,2.0843995497447403,0.2532043207990916,11.060421416036048,0.7318116279616484,43.216573619422974,203.21098296256997,2.1642597301899134,98.07296355338758,102.70201487077432,18.92141235767404,0.3174973860077987,True
0.904819767968205,61.61838001409612,1.374969773012907,0.0675826144669035,10.144519136554605,0.8551046984408157,34.67564601260059,196.4036357125408,1.187512576064388,73.40394129537114,86.46318373111255,21.69235777823409,0.395180232031795,False
0.7579770951836802,221.13248367197932,2.9001248074842643,0.1930680868962208,8.43332692702129,0.9185415971808992,49.489669025264085,214.8995155835274,3.079989925301332,116.93755467338048,80.39971675549806,24.152717748649422,0.5420229048163199,True
0.7314465686872387,53.92363374193265,1.4224639906924508,0.2810746032536175,10.45872538358091,0.5103560274908812,34.757333062757574,195.97699984997536,1.0832333840510122,89.15255066999299,83.25921326203444,21.00870263105041,0.5685534313127614,True
0.658193548794516,244.6016625475404,3.116210404985093,0.149096286872685,7.9244607212900995,0.5735632207486985,52.04171255939624,210.69230402583307,3.23148614941044,106.4314570310259,64.31743485365206,17.083834384590972,0.641806451205484,True
0.8357047902800055,109.982857611627,1.8506053832123512,0.2900251574157789,10.297283808033804,0.6183791813676225,38.86505690667123,202.370677009023,1.9123025417271076,97.46556197062804,78.58863953037567,20.56680033208105,0.4642952097199944,False
0.6258443661075876,159.98620121801991,2.276260376509456,0.1051712741822763,8.467705466933321,0.3188816729737404,47.02648849477121,204.06554351962305,2.4890614523088037,99.7158619316985,67.58285490169963,21.614757076375117,0.6741556338924124,True
0.7471139741279788,60.17470815418773,1.3969803045312452,0.0764084523833483,12.510995638706394,0.9047784771364716,39.86495372420444,206.5567208877187,1.5389990686006585,102.84518565468436,104.88155344298052,18.017485566935104,0.5528860258720212,True
0.8743868733038902,185.4182362454085,2.482288908882946,0.1811905840204252,10.523164907077458,0.5365638907703271,50.0982371575953,209.0677300900352,2.616329869137449,109.7962371038272,61.74692029324017,18.06669244094514,0.4256131266961098,True
0.587638691294882,170.22601874361487,2.4686428458687257,0.2768117179953061,7.744057601807803,0.4394949176287556,44.44398545506593,202.36155601422223,2.4135536214396565,99.3749583907176,95.41324607016443,24.048490313387884,0.7123613087051179,True
0.576761452001861,165.25430084669648,2.260334271933027,0.127819804686186,6.377231306062667,0.586437944169967,37.19354397439389,200.24650635208843,2.4119239811470123,109.21096039546326,53.686202150042895,24.98570162595294,0.7232385479981389,True
0.4611269038551081,59.45881773425329,1.553432336254226,0.2500400798497381,12.613845475512498,0.7973943624293172,44.36429520948295,196.7165592481693,1.4856324404766732,72.82597274605186,78.52876196686091,19.50631491555509,0.8388730961448918,True
0.4871054507747655,91.38822860333347,1.6091937846698068,0.0922993164700702,12.525237097602972,0.9096409055756676,38.249102604835954,195.5408470267028,1.5817252190978186,90.45835908426032,97.56930744663472,18.68648165836512,0.8128945492252344,True
0.3343209377116994,155.19440340426485,2.35541281206245,0.2363925990002349,11.812977615037946,0.4507635263509357,48.22619409046029,199.4087284852932,2.621890408019772,108.9052832776015,90.62976589586386,20.435575326079444,0.9656790622883004,False
0.8459657578031059,218.1010352270703,2.6578224077197734,0.1892567353468577,10.286765005419817,0.420829076924777,51.82902240115088,217.2769786536979,2.6882836191885,97.87508181054017,69.58506573215976,14.35905944630569,0.4540342421968941,True
1.0617829084165542,85.97019692047371,1.815513556348147,0.093754243848593,14.912513362052852,0.9606480774742404,44.18570455587084,209.5722741766516,1.7732683314556716,64.41226871032381,89.48512783853523,17.348030444652007,0.2382170915834458,False
0.985065788694061,86.91270939044674,1.7044481564886236,0.2295218123594021,13.62912058222074,0.6856251134144973,41.59917190590666,203.6788884721048,1.7619318636455377,118.3938038739558,88.21948222213254,18.448641398562632,0.314934211305939,True
0.3747831022746966,150.37817511093465,2.431168460896137,0.2284390283641068,16.188814880117445,0.5560404132943464,52.870117794528056,207.0589654251121,2.858843624160865,111.85293040972192,73.54818209834453,21.264919488307083,0.9252168977253034,True
0.8449709343112399,315.0,3.3468898410618686,0.17885880728586,14.151423833032478,0.439523618544886,74.8375895138828,214.24215286035025,3.772310873212128,118.66641632645732,75.63860106689152,17.855003038615457,0.4550290656887601,False
0.9844212699847112,97.44021040307878,1.5580951672278498,0.1063669094106686,7.378250519926212,0.9966734755389072,29.359567800487987,207.21697899962177,1.6451802355966434,65.54111107304942,84.25176358976147,17.383400894590025,0.3155787300152888,False
0.6086380038522672,109.39880672282132,1.7827578668862356,0.0830734730612491,6.197116490270355,0.8034290009640861,35.23335818527665,204.52726457231856,1.7818168904679843,96.64431778857448,78.55729398600423,19.87829051224454,0.6913619961477329,True
0.7202894861300099,102.46951912826955,1.6120645108210097,0.2893137621149473,11.139287800428374,0.4525197157240156,42.29267354032637,211.52961255899925,1.5675643154620431,81.17585849479724,94.11213522060991,12.58726222434758,0.5797105138699901,True
0.3,122.7092765872695,1.7742639785339145,0.2139531345647888,11.90054436716586,0.363881611379007,43.003419656332845,202.4427642432865,2.100572744915997,87.78028499914383,92.6706623378136,13.98599378097116,1.0,False
0.7533472335953283,226.8748892708227,2.908231728235563,0.252310370893346,8.749304973312602,0.4394976407777721,52.57155751584296,211.76294967052647,2.9320683359795896,115.5031022276046,60.04911528182701,18.185029203804543,0.5466527664046716,False
0.4872880541130564,125.70269817206326,2.0049947663646077,0.2242426322625604,12.285228414229934,0.4734198227353046,44.72403787317175,206.41979139751297,2.048677612581142,101.49320217530568,74.8329168392404,14.879193789665113,0.8127119458869436,True
0.7399270035823029,315.0,3.4480478534943613,0.2573684162980722,6.735467434123574,0.377759954483122,54.62082236589438,210.76213302726157,4.0567864539867164,123.61697387667674,52.48652821752183,22.80234163570707,0.5600729964176971,True
0.3877594155622239,136.38504477660405,2.0330359686170176,0.0906227049372308,9.018377514510057,0.4607559594996156,37.32798393529787,196.59952616168948,2.1538200123666376,91.89661199425306,72.71447194020762,24.13834370629726,0.912240584437776,True
0.8085716448955191,238.0709100982632,2.8149816311371545,0.1742375561367611,7.520363726558965,0.3817457934530516,52.07148846900679,210.62513367542067,3.028133696202348,109.22083877985276,66.54300128555113,18.23624696402095,0.4914283551044809,True
0.904902535085338,113.02417309467216,2.151748759930234,0.2167811926255733,10.525194472354652,0.5644121906205938,42.3189617926541,210.61811406955437,2.129757217378292,86.62540945607974,75.63425860284899,16.610586877680845,0.3950974649146621,True
0.5433640276569665,75.21286472446323,1.4913770616492503,0.0758474749738045,13.50189559189199,0.6403366814188893,42.05499007529883,196.10106193459708,1.491156018250548,78.61249570628908,102.95889618648914,22.74160722533689,0.7566359723430336,True
0.472615483717913,125.60761895746592,1.806540866947233,0.087489237332102,9.668233326100786,0.6186994808066426,39.301184643855805,195.60103786646025,2.0223007533835995,100.93709464678444,65.1726172526005,25.287759913442127,0.827384516282087,True
0.3,166.45091740259892,2.4510149318437406,0.2084956485627366,9.368152340336469,0.8804470478443451,44.26548970002445,201.1099553308544,2.8360101911598434,130.0,61.73005823389512,18.236719599604985,1.0,True
0.6467172931849645,91.72122810581156,1.7014064813443197,0.267176451063455,12.60349495099297,0.4777967704342979,40.71617881299266,203.75736816965295,1.7135961670785436,112.5489484489992,105.08947815514688,15.674307575182182,0.6532827068150355,True
0.5836812131436789,219.04904963199365,3.058208450378632,0.2151040447353994,8.619765032024699,0.9209656767218424,44.56063060795309,202.51397951990512,3.524217990884458,130.0,46.95887837543969,19.649222080479905,0.716318786856321,True
0.389796117530389,104.6244495132972,1.7580647502872573,0.0590512033640189,13.573523120180509,0.9356859729701614,45.17103530868941,202.23194690971948,1.8665774479438315,82.44855423039242,101.64815562247284,18.8538734643002,0.910203882469611,True
0.7906037512624343,81.5334192720172,1.7791649811396562,0.2926082292725807,9.509484742186554,0.9718597984025508,36.46844743220636,206.4897391295847,1.912639043950136,106.57891784626896,68.42759329522714,17.74274520257153,0.5093962487375656,True
0.6100059236270701,315.0,3.682329599589896,0.0848767252265612,4.829999735775928,0.4266882637194193,54.696825920731285,216.53096563367836,4.040416659095308,130.0,22.06442250717714,19.697129884848827,0.68999407637293,False
0.4848528082709534,89.76858455748146,1.639948301629551,0.1081405583881224,12.054349352805689,0.4720258023647599,45.77750649800562,201.81445305792425,1.872654201592096,109.68958552012904,70.60988122948639,23.059869064428483,0.8151471917290465,True
0.5890855188719105,103.29002757905192,1.71488210544606,0.2937418204761811,12.030214120559618,0.7366825941501849,39.0355022920036,199.6963344130812,1.7923504309734248,96.71129525922429,90.13620599869986,16.217540702688567,0.7109144811280894,True
0.9142609077859232,179.89294030736397,2.5503485020985472,0.2427582491633437,7.859016187483941,0.3986241432435622,41.75007082367361,214.14953367700735,2.228461448569854,100.64041356959162,79.61563285641034,16.802621550868544,0.3857390922140769,True
0.8205873887510444,111.29821111202364,1.9766194765832787,0.2841441700946266,13.95254208290391,0.3599349312354971,46.869418069720886,205.50276660713345,2.299486253191006,107.1160904461812,109.14291523283428,13.846655092676574,0.4794126112489556,True
0.673994787700302,82.66588506090946,1.4497355653806367,0.2516549232020074,15.746875050398128,0.3515880484220134,46.99558172860306,206.5723442609028,1.429235116885301,97.34480541242988,110.0,13.892989823332424,0.626005212299698,True
0.8238210036929705,98.95154698830186,1.6223470304607068,0.2129336187508,9.837592885960992,0.7243047442663741,31.878226958247197,208.4237650005417,1.5524237937406582,57.24607984447812,98.36696951418662,17.576974024192683,0.4761789963070295,True
0.4678176087226521,307.302397889602,3.077954682374615,0.1211382497157515,10.740618317995784,0.8632746994069906,66.01749471877146,216.515763717858,3.466382760358403,118.77727989962352,51.232880378351965,14.1508853490637,0.8321823912773478,True
0.7064740201454061,169.33514146301889,2.4439891598009718,0.1317203604248813,4.711276675264069,0.481219963861432,37.54546550970439,199.12868173963196,2.6556432219774755,119.4212175164258,51.3813354213202,24.256141873425594,0.593525979854594,True
0.7294644660972941,185.8812382615204,2.4477758271218013,0.2868177682610924,12.021584698072289,0.953473720988052,45.58642221641329,201.37440082370028,2.4637975746544014,102.42020721808052,88.99968952156735,19.227711267911424,0.5705355339027058,True
0.6060326983002546,146.895972102521,2.150845213673876,0.2651564040389111,8.468794405672103,0.8543548555293357,40.521218775857534,200.9016045258387,2.1777577660145084,103.15050000966798,90.60115604121476,21.448043643094163,0.6939673016997454,True
0.7870916671914835,158.94407541735845,2.017835988683589,0.1398726121105816,12.286366542826254,0.3542222837555498,46.76312426135427,209.3578774425801,2.0506930186996017,88.82555174251794,74.66624667929005,16.092612252749998,0.5129083328085164,True
0.5439133090711097,107.60147534448508,1.6960964497924818,0.1433168544051759,8.948366274694603,0.5851121899673704,35.65926654284713,200.4198029912894,1.7075074098053509,97.25439400934684,95.97640573762808,20.198728542970407,0.7560866909288904,True
0.8019641415552236,138.31549762945963,2.034830144150542,0.1244235975689711,10.359648466490777,0.3476104062239811,39.23092460118497,212.61214351958589,2.042511652289235,97.6968177327309,59.81710701139389,16.145620682137924,0.4980358584447764,True
0.8103717543062583,58.13872834264024,1.3642609867189486,0.131532535656251,10.17124857744043,0.9406359104554464,34.53346087653033,201.6703983813192,1.3925333700420286,71.18017122454643,97.64750519451222,19.199729110049088,0.4896282456937417,False
0.3,203.42654473873532,2.645087769237527,0.2651668665721964,8.867784659582187,0.8199615011308516,53.658526897606855,202.84577874954093,3.008340886944025,102.89949033464372,61.07992486263248,21.02648346747923,1.0,True
0.9380611407020236,107.17101257689406,1.9448883196099245,0.0526267141474617,15.096754637262888,0.7805815912483018,48.829750578811336,202.77454481714852,1.9814546482971345,99.44311928643108,96.30873655301797,12.77630696885257,0.3619388592979764,True
0.3,77.5873995114807,1.961141081484625,0.1590131552773812,11.365963656287857,0.7778912926299388,31.291070217404886,198.17216262479437,2.11053136183186,102.47647167318974,80.92884774595605,20.65744843402674,1.0,True
0.5767901948887749,142.06295860035618,2.133501114298211,0.2857099196319769,15.085530317830427,0.4996277513270205,53.05829771613591,205.3246619303352,2.2406738987226933,106.24477784691928,79.75701434142131,14.464862118623508,0.723209805111225,True
0.9050696068515508,118.69748971126845,2.1168903171546893,0.1856590887957022,10.01465755079293,0.953477408640496,39.68616598018238,198.5103002798906,1.995599279555522,117.18601368769748,88.50201670122603,19.86960934641348,0.3949303931484491,True
0.6365426549495118,199.7976210759876,2.473885052060934,0.1626114475359759,12.685525169007189,0.9459436607542764,51.50662222906914,207.52232256123585,2.9399297909055777,108.4473053849081,79.80942525926284,13.591284398479742,0.6634573450504881,True
0.4067628035060915,126.88723360382868,1.763855921584326,0.128092451174897,7.139506060802916,0.8176421665619615,37.138450436077775,194.0679024745417,1.9848169441042625,111.9568357503701,83.70105692551158,22.37419360043259,0.8932371964939084,True
0.4812525876566658,98.04202219566706,1.7314909305588178,0.0684781574654759,10.604923678645973,0.628251144950255,41.49319946942487,197.63288600037697,1.9465707151602332,98.03488511934418,102.5966309388346,21.150661533443188,0.8187474123433343,True
0.905381149264124,128.30772997501435,1.786803582118979,0.1061216195068782,9.511018892733954,0.3329810115535006,38.51128115824343,204.51598731346124,1.9375192931076055,87.81870371711454,87.09039253861614,20.37107931059788,0.3946188507358761,True
0.3156990938902723,252.17635880370096,3.0196118455049734,0.0726146024842178,11.843777863287096,0.319817945095925,54.648764777925216,202.56790505890183,3.389577921683425,113.94523090856217,54.21967776393962,16.076205464997198,0.9843009061097276,True
0.9257982201924034,203.12850959471817,2.507959958081446,0.081674857428857,9.751234156574435,0.3966940330467074,43.89262591457157,206.7753938549729,2.4154315827701995,109.74021977223552,61.92089438165459,19.57997941743928,0.3742017798075965,False
0.688979580191542,169.12068290497666,2.0598247552266256,0.0908791360315674,5.362044734485929,0.7170352855851403,35.94910718991591,199.444918351232,2.0615092366563577,56.71483565993725,87.82730980713703,25.2152554846689,0.6110204198084579,False
0.4615209339115133,207.5700487382092,2.9209641617847,0.1255073580210696,6.381453882320397,0.8586695654432857,43.92851242898239,200.4371735071205,3.302949762820402,117.5935001458394,73.94225319852528,20.86386159504352,0.8384790660884867,False
0.5833769855394617,175.51729354996863,2.323504091433942,0.0527541699988838,7.6128317674658845,0.9639260321915332,41.21715571652239,198.9055660459189,2.498309314258312,103.34119365369368,78.783625623848,21.719201457911453,0.7166230144605383,True
0.4965551317796717,87.15962141963522,1.4516340759154522,0.2875359713983119,13.486037461493336,0.4227534554933027,40.684175723057095,196.99982814842056,1.3845695650269978,89.32831367753451,95.34726990237284,14.706221786561647,0.8034448682203283,True
0.8732450401717057,186.62761410391087,2.6277466814073804,0.0809547731692436,11.411719410173411,0.4928695165573108,52.64010721216591,206.6168650406433,2.510863056809902,105.02553341095982,87.77817225158485,15.916449112343336,0.4267549598282942,True
0.8464855619525676,220.0761223918209,2.651316824753674,0.1457872180898967,8.377751044432761,0.3378702009380905,50.87756470543525,212.75397618695908,2.860246492564018,92.99464086407278,84.37716004428755,18.467774908879758,0.4535144380474323,False
0.3561677732247906,226.4007673739132,2.9747310440449053,0.2698818899286951,7.718064641310902,0.9923330168166156,49.659388647509786,205.1623560354498,3.1505392056816097,130.0,48.23339892645915,22.202406959735143,0.9438322267752094,True
0.6192815762961331,80.0138634047768,1.530101757036507,0.0766419925476905,13.135804588584133,0.8466405554477512,43.69557522105698,205.8590350296045,1.4392952248869582,78.26829366016136,95.2246417562645,15.898927808599684,0.6807184237038668,True
0.5273628675311446,103.4204064625426,1.7462285981609214,0.1709010629385302,8.65348188032392,0.6364998904330192,34.01779410170221,205.36369370938223,1.9142403784074415,78.7788027210732,65.7119658988803,25.45498499035737,0.7726371324688555,True
0.958701993691874,96.91091474496628,1.8270120743812872,0.2611958993853489,12.262475286081385,0.7028957487117118,38.41808757916674,206.81568722977025,1.626119125180986,92.59447948082166,92.15650627812865,18.10539775796005,0.3412980063081259,False
0.4299801763747157,112.53639957563529,1.989274103710699,0.189240656008535,11.793884400753075,0.6935220879331643,41.166358847749656,200.88060198286692,1.9499616855383877,100.044272041006,100.7183149737354,16.331522177247564,0.8700198236252843,False
1.0208458209370028,160.63076544386564,2.400318684152015,0.10258589885569,9.504549117263537,0.4780525272002052,42.60997194929293,211.09387990438185,2.497636469537857,93.6394348582159,91.89388639516665,20.556057430009652,0.2791541790629972,True
0.6933410520966125,140.37436021535686,2.1095337109134555,0.2338773828531453,11.348153039224153,0.4297734860053936,39.117730328305214,204.3780958873852,2.348567212078068,94.09847940152872,84.36494465900681,15.724924620383993,0.6066589479033875,True
0.4676131187239824,140.3938387568723,2.202443218288166,0.2203352657168769,10.697518479140603,0.5078830016354924,42.46608799463685,201.0089284669081,2.286954515846643,105.47760341712792,44.29806179661141,20.371548099577986,0.8323868812760176,False
0.5645451631981444,72.3388932684185,1.690555437185861,0.1405464766367311,12.792222809632856,0.4730074848573049,43.02121991509604,199.86007750968895,1.8731246375782504,113.35747778784494,83.62239080252424,16.844538879832587,0.7354548368018556,False
0.5396762318463099,101.75599887332578,1.8441333617716336,0.0615737903953437,8.23336694162393,0.6902696629050527,37.43334065157576,194.8497862919621,1.7655437209553102,100.5746179583218,78.22515210268836,19.43451416761058,0.7603237681536901,False
0.4450763195968987,234.96116436024656,2.858290597892328,0.0519661724740234,10.122603398678708,0.5157419640878999,55.991577411719504,210.9531518587629,3.0594037322765453,119.92141123326472,61.543370148953066,19.567145152966116,0.8549236804031013,True
0.7189653719460751,219.59330972695096,2.5399522355809383,0.2563482207817929,11.30584334981988,0.8102613541309733,55.09656932662084,210.0025922037138,2.51251017834358,116.90144534260122,75.87513381042078,16.52492095458028,0.5810346280539249,True
0.4544168898616313,125.90473340241483,2.0971139907363168,0.1303893403897671,11.439807923998313,0.6975578129999249,48.04691784991284,207.6621295940447,2.010387734844948,100.52054646685784,82.88434232192886,21.411042159522225,0.8455831101383686,False
0.3,186.88009122560487,2.501366784676012,0.0844424746514761,10.958833230120414,0.6725846357898331,46.971007076685446,205.28454704609624,2.8169911326990964,118.7812670247337,63.37010981330478,16.209992729788343,1.0,True
0.6240647058303653,153.72812244214765,2.167782601684575,0.1796378065407455,9.991071297739865,0.9659056369624726,41.53682166310087,200.32627433509705,2.162454168359884,96.60246554524424,77.12304254059143,16.74168622374616,0.6759352941696346,True
0.3394287607164234,197.1164077939017,2.7685962168899625,0.2802083239312725,11.412836305488463,0.5256866747662249,55.56996010621304,209.98856108754492,2.8251302465923827,127.9805345531317,66.19355469196879,15.99117751002886,0.9605712392835766,True
0.5495678263864958,190.9462938518724,2.3133953058779824,0.0521202161305994,9.706510392221976,0.7446889042679494,48.46808865874037,194.9540597946544,2.565128661997832,97.19032486310628,64.08222887844583,28.0,0.7504321736135042,True
0.5181794222793288,130.58841748421344,2.2913127871784407,0.0640358851691036,8.123937663884016,0.3000354389192,36.2801629719643,206.9687689858904,2.504677022418388,92.04474338231648,92.32518146747238,21.280453257792928,0.7818205777206713,False
0.5257567855948371,169.62878229859004,2.3536892665935505,0.1542612331462681,11.751157459368551,0.8158465530940884,51.16331118296361,199.6893343789202,2.684711837478868,116.1891267024644,71.71360809309047,20.67065230580612,0.774243214405163,True
1.1001926203180308,158.59076126730355,2.316353816913863,0.2189914766887658,6.550244552671437,0.6517807503117328,37.505930661821054,209.4691667008653,2.508772268928332,115.51286417229578,46.77402149292333,20.89885231079096,0.1998073796819692,True
0.7112823134339141,132.19981942172592,1.9983419381942669,0.1690251146917625,11.242518687843376,0.4458694700991218,41.58793548230698,204.91825273467097,1.9470587579183467,81.95560705714237,105.72862390116605,17.332521900754745,0.5887176865660859,True
0.7490742017990664,119.4208088691248,1.705305534074499,0.2743871096163511,10.005135170252398,0.301057389500032,37.74368493214802,206.5980001380962,1.7904038133771305,97.83948151979035,75.54734846355997,24.60250298248659,0.5509257982009337,False
0.344720340731541,285.09645342605205,3.2598301426385494,0.0610211388843695,6.882387188980697,0.7948607748026275,55.56451943436954,206.54189375101623,3.790234242191168,119.21732121023857,59.004817958709154,21.181120900379256,0.9552796592684588,False
0.5692073732726155,132.27637821997357,2.1084227617937072,0.1350352174109358,10.997400441878128,0.7638904924854016,44.28593267166944,193.7334444955454,2.157089081337133,110.35666438772616,72.091610067575,22.11943447906225,0.7307926267273845,True
0.7430605259883023,181.21205524028449,2.551130258882665,0.1378369723471801,8.177748985875294,0.7657849815356969,49.01563510337752,206.0650288557724,2.7436441692339817,106.38190248027136,75.87169321782626,21.811566782048963,0.5569394740116977,True
0.4950942174173987,273.69144736554426,3.159826599158519,0.1350318064965854,9.200407178501436,0.6062183761843227,56.53343886536339,208.71313043530316,3.4107889745196163,130.0,57.22100027670356,15.670378709899998,0.8049057825826014,True
0.881612568703597,169.49165229318473,2.027052242164815,0.1719214780308476,10.07410285049108,0.747508128038964,45.550935059672376,199.42855065026248,2.0428631956518597,87.27146628870052,94.50403922977247,18.421247690040808,0.4183874312964029,False
0.4594606828197939,165.82512655127277,2.0953518107227884,0.2476442612986526,8.657101028970255,0.6999343530742421,47.80069762987994,203.2995136504309,2.3369398803960557,124.99288653130016,69.35123642985519,19.55644051455674,0.840539317180206,True
0.6427267728269648,132.63335620977,2.3688697932426543,0.1294706541007043,13.556594642326042,0.467226531227888,51.27481348119205,201.0023421004411,2.668499168081463,129.41956137075402,76.76311110215437,20.40203923428032,0.6572732271730353,True
0.5827896720048882,159.96105034741163,2.115808005213476,0.2361208016580506,10.571222836405488,0.6631376290279,46.65822205850749,206.66541167644223,2.45158269962317,108.14686371872372,81.56561282085757,15.44231903466274,0.7172103279951119,False
0.7328641318763831,114.9555589191272,2.133701890088899,0.0866163678197678,12.318561992989569,0.6602149562332266,39.28504048993256,201.2449456090197,2.2601397437334665,95.76840423823704,81.6463767343748,18.63130287936926,0.5671358681236169,True
0.5719019856289147,315.0,3.379886989387361,0.1901812139084875,10.446495204887729,0.8765360217633615,62.168127021948216,221.3576414762104,3.855753842674941,124.65518219884204,35.036049683218664,14.227873083698125,0.7280980143710853,True
0.6458212745858125,72.92244135458873,1.5560111443775295,0.1437720064163862,14.767788834365025,0.6034423158695151,40.17042847224448,199.0912673475821,1.5199931400715352,87.36097483760975,92.02897547580952,14.62963996914545,0.6541787254141875,True
0.6527739816444028,122.80833540911637,2.076247922212916,0.1848027005738926,12.06497796111952,0.6052598050363939,44.5633159098072,204.8225249326149,1.9440228781246145,114.33347516630351,110.0,16.892230180471362,0.6472260183555971,True
0.5531224485217398,170.84707560733256,2.2437474378715296,0.0769374375930623,9.258904596846444,0.9890831298923716,43.64265400357888,202.3016962434436,2.333349471247609,84.24307558377645,51.03724198677841,21.238078300696557,0.7468775514782602,True
0.7970187736994225,165.89697053521942,2.5660080346456136,0.2883657116902271,6.868506197784185,0.9261247110012532,45.07966229876476,199.86162171336244,2.5577587799000403,95.75958917826574,69.75013944439903,18.58714825224603,0.5029812263005775,True
0.747677674967485,114.86710715247048,1.9302961109300247,0.2765535292004444,11.387111612310973,0.4696001930306192,37.56654211913418,201.06981754503727,2.07267980906765,91.0586506818204,83.65862527035641,22.39392591374491,0.5523223250325149,True
0.6822772109493664,64.39560931560483,1.5842925014697893,0.2565990760726572,14.248964527117362,0.9372051662680668,37.89159011594569,202.61276238850027,1.7022236427750692,54.57601445915515,110.0,18.502026987267698,0.6177227890506336,False
0.6139083333076083,77.19182723973981,1.5773935667150498,0.2731957058470129,12.39003971234991,0.3965766594422229,40.29897710563817,202.3150865521296,1.6926835593761775,104.98767197303674,79.10678689200844,19.23742313872174,0.6860916666923917,True
0.8593088061039994,145.0058439508639,2.258854794659475,0.0866719675453715,2.811809899395075,0.8973737411180003,32.02626724230731,201.34987502005296,2.469264103906927,107.73800137613142,63.17836522097065,23.524640066779384,0.4406911938960005,True
0.6528331512371637,59.06488970568665,1.709338028622973,0.1759304432549164,13.850968725915868,0.428326363711012,32.258121778643435,191.55948574444776,1.6803056659988842,82.31350083966393,103.87028825502242,18.03153586016827,0.6471668487628364,True
0.6386605424348125,176.7292966450311,2.394141482516767,0.1294772896891308,11.868170800896072,0.5979223442288548,45.36399256152093,207.46141249035423,2.4501502004406817,120.6647608750086,76.56722241347262,16.0212284061369,0.6613394575651874,False
0.7209380059776251,229.02847595219228,3.091684726229924,0.2718464853260396,8.214798606662649,0.9887451418878376,49.479243526834,210.4437207399592,3.358474059611705,85.85565620196562,51.66935895984048,19.327750880294538,0.5790619940223749,True
1.03931733659417,192.25043718980808,2.446264126261597,0.0973594206248666,11.713887816141204,0.3679342555865612,56.22318142628604,216.8155943646424,2.4841694843502173,103.25663796900938,82.9854429554681,13.755516050917027,0.2606826634058299,True
0.4319287583957591,211.39911271929876,2.805807307657146,0.104986338785493,10.576339882718052,0.8878514739776038,58.06858797085925,206.2183556545382,3.190595053077252,110.14328649097924,62.69416508291882,18.822489106507224,0.8680712416042409,False
0.8539713786110709,59.66132224375311,1.5506577283864824,0.2216786140887527,10.41798125659198,0.6463137646693617,32.66823246062686,193.20463734024312,1.419282438406967,82.84608732770886,88.20916140537292,19.76231113430456,0.446028621388929,True
0.3213657677523789,116.91783154564148,1.7750553414627763,0.072224914771917,13.69234148785736,0.3776939560425773,46.16441353135898,201.55243119666812,1.8700213692459549,104.4840926891912,98.91168935066057,19.00886726551232,0.9786342322476212,True
0.7434546316457248,84.49116938299215,1.708000810759537,0.2330917942291599,8.690709720272691,0.966743965373502,31.271620550595973,198.94863003012537,1.8051541810472016,80.41846167258394,88.18324396403885,22.3248649479233,0.5565453683542751,False
1.015016565521746,67.71227704408814,1.542803107030261,0.1170318220785305,11.655240736920756,0.6844619576974581,39.00452577140631,209.597887707921,1.3689602977519184,72.09042017742874,103.9395472572139,13.441992661580104,0.284983434478254,True
0.7977337048934614,106.26726608985572,1.7221593022773192,0.2152338413167868,10.74178412228401,0.9164487153470348,44.67287210437569,204.46316222267248,1.8821385030344355,81.06441233767023,92.4300904630835,18.911396163492043,0.5022662951065386,True
0.7341250157079585,270.16610991811405,3.215029244474032,0.2682594465901651,6.3210460866586295,0.9083748593907256,55.56587835829937,211.8740980413897,3.320458480553228,130.0,65.14772101601889,15.773283004964512,0.5658749842920414,True
0.5879101062393848,309.3392460664363,3.496657400447768,0.2024028433087476,8.10024007963187,0.3102442080584885,59.61413983334348,214.42847463825817,4.001014988220235,125.89344119156436,66.9803020121918,13.498471151094773,0.7120898937606153,False
0.7062094400977108,88.86394699584002,1.7000235338706378,0.1031709333215272,14.283260533135609,0.485388492496085,41.85794748373922,199.4652509334974,1.6863048702795471,124.9124688887648,93.29453329562538,16.93549404893063,0.5937905599022892,False
0.6495874369193287,136.66353471044783,2.08302165732478,0.0622913813848041,13.285088493306992,0.5358451057292067,48.33737446613579,202.0542436098212,2.2662228057399747,89.91407416318313,97.1939937283362,24.2471134876857,0.6504125630806712,True
0.5428046784137288,158.8728260856181,2.257481069846402,0.0611534929237664,11.73235040289109,0.6744048318790535,52.32532996877887,204.8632558467424,2.2821166723345723,106.4113650636331,63.56272901582701,19.87386433352366,0.7571953215862712,True
0.642024876905026,117.3005986266829,1.883249845826514,0.0722029705035019,7.157559709583057,0.3503062068887564,33.75812801741159,195.8739402228351,1.781896816403573,107.53586590418216,47.86958470719787,25.7653639855451,0.657975123094974,True
0.7396762321252879,237.4465198748273,2.920547273250865,0.194954478117429,5.786867580323445,0.5722768288307829,41.46365694151821,205.93681476402608,3.306374817730932,110.20968895074284,78.8092099647774,22.210878903583883,0.5603237678747122,True
0.5465565862938719,106.98005792358396,1.7592533315341046,0.1370544635101628,11.43993102084478,0.8702466865361678,40.34945502839828,207.81795328887517,1.7615317197210216,109.87767897242786,81.9774333476014,18.02752161282504,0.7534434137061281,True
0.5387436358630631,99.34625859965058,2.1932914925177043,0.1107767443489745,11.1364502548225,0.4212337805050866,39.13008423017355,203.52833328566828,2.2537454674635566,111.68778130206536,83.15206858635646,20.76955310798723,0.761256364136937,True
0.4279513124815651,90.79618573003398,1.5149694990204745,0.1048266394492978,10.269893036363094,0.7908935322034678,31.91745526924916,196.8252226907564,1.4663035878358883,85.39570655625594,69.9878931672284,19.501690798071827,0.8720486875184349,True
0.7781450052177792,116.92741684942976,1.8477089232102688,0.2871453829757747,15.087017531110895,0.6222305865710915,49.88403357392613,212.2216406658944,2.047395597499794,111.36792562366252,81.9532647588608,15.686213224778664,0.5218549947822209,True
0.8090646523934121,50.18656158224998,1.3256311769714588,0.0797041439730186,12.32953422849601,0.3494935832275393,37.73356299092901,197.32248451118733,1.265266171755104,68.68924147994704,90.49130768723128,22.344226945289797,0.4909353476065878,True
0.7463320888473035,119.46515670952844,2.261795265824908,0.1262036026931636,12.042935209848288,0.4241618459402683,49.59278002732525,215.58812321133053,2.355665330403331,92.8563790259518,91.79159422400656,16.870229380664732,0.5536679111526965,True
0.8930340985457331,140.62415298225562,1.92697302636142,0.1678693155047982,12.64213178440598,0.3987215122136982,43.633604699272105,204.42873934692503,1.8195939346560768,103.33669033268896,84.95992642604656,20.55586519414642,0.4069659014542668,True
0.7175735274161454,144.844504614713,2.2226443816156203,0.0501123815185638,10.513707506214578,0.7338024924231272,46.497578358818096,213.1736176604128,2.3773516996344712,109.04397192424877,75.50131856013327,17.10146218297257,0.5824264725838546,True
0.7784021874731513,82.49972538751915,1.6972569128571342,0.2802382968689311,17.0,0.3611270792179752,51.40047550002993,213.37761999199648,1.4969209656536224,96.35483706417816,95.89982515138388,17.128172436028052,0.5215978125268488,True
0.7607674851275126,143.53091544238598,2.198287669240269,0.0747746476900259,8.347624456678505,0.876132746544245,41.80829666791356,197.2153165928864,2.2225830852704984,91.25723683802492,89.08465099617814,21.31424876504111,0.5392325148724875,True
0.6816919961163583,142.12040046871687,2.322414678141376,0.2206176501715431,9.10847529379603,0.8646613916558279,38.4292986865465,208.08922087696607,2.2219476865907777,92.97283420428124,84.78634013348619,23.33238047987986,0.6183080038836417,True
0.5938356343740705,143.61464000000456,2.3312915239621,0.2072163692906221,8.340719899778403,0.3560433979845477,37.05227257737414,199.66526774452544,2.4426734090804123,124.83562489785928,65.1656178043684,22.42525944324657,0.7061643656259295,True
1.1428305231583822,194.1083509213593,2.485223283392857,0.2522659637761843,12.9438979135556,0.9217380384111284,54.88360861181464,212.069344902692,2.767283486369028,95.14179138543646,95.56566788759407,14.916033054730336,0.1571694768416178,False
