schneckendrehzahl,massedurchsatz,massetemperatur,massedruck,duesenspalt,abzugsgeschwindigkeit,kalibrierdruck_mbar,kuehlwassertemperatur,mfr_charge,wandstaerke_ist,aussendurchmesser_ist,ovalitaet,wellhoehe_ist,wellteilung_ist,bindenaehte,blasenbildung,risse,oberflaechenfehler,delamination,io_nio,delamination_anwendbar,dn_proxy,schneckendrehzahl_dn_bereinigt,massedurchsatz_dn_bereinigt,massetemperatur_dn_bereinigt,massedruck_dn_bereinigt,duesenspalt_dn_bereinigt,abzugsgeschwindigkeit_dn_bereinigt,kalibrierdruck_mbar_dn_bereinigt,kuehlwassertemperatur_dn_bereinigt,mfr_charge_dn_bereinigt,wandtyp_einwandig,mechanismus_Vakuum,y_kontinuierlich_sicherheitsabstand,y_od_komponente_zuverlaessig,y_nio_wandstaerke,y_nio_ovalitaet,y_nio_od,y_nio_wellhoehe,y_nio_bindenaehte,y_nio_blasenbildung,y_nio_risse,y_nio_oberflaechenfehler,y_nio_delamination
41.06270481274752,61.45375239573439,219.12805954029824,300.0,1.399575113197363,5.003479023781161,194.22770242461013,21.535850264674234,0.4592093129301148,1.5207470532050178,125.29751981318924,0.1057664339075255,9.433907412704862,19.75868136861282,False,False,False,False,0.0,NIO,1,0.29606171738163645,1.3774054662171196,1.0510724955465562,3.987289079430525,151.39940283030484,-0.25886088786604255,0.45957691335604967,124.55947101242359,5.448793455522935,-0.22067638542598955,False,False,-0.0089667311913697,1,1,0,0,0,0,0,0,0,0
33.360271895965184,48.02598676797293,209.79277665097305,143.69207733957558,1.3905144430008762,3.685918386068496,186.8850079280476,14.934254220203414,0.6963553924343776,1.6245942109835312,89.8739927606016,0.161200543379915,6.273928978252876,13.936969127093002,False,False,False,False,,IO,0,-0.8060153858303906,-0.3028216624659592,0.6495318428537828,-5.307794750208103,-0.7779719103173477,-0.054366150968339966,0.4764645808199641,17.358970767857727,-1.2977316260771872,0.0074238263850767705,True,False,0.1425268317156258,1,0,0,0,0,0,0,0,0,0
53.08886818170875,72.05547985316484,217.00552723634488,125.8796135156566,1.8869019066398496,6.240963415301936,204.65879638210072,19.679217360767968,0.7546801733549894,2.1519593337903054,160.13474972514587,0.109240077100685,11.525621758727652,24.77064832470701,False,False,False,False,,IO,0,1.290945796287582,7.967110132776185,-0.10643522047125487,1.828467658905737,-26.449775723660863,0.03568186726999589,0.492407502457902,225.13574701173536,3.7229931323779137,0.0829605005170827,True,False,0.3362613326706524,1,0,0,0,0,0,0,0,0,0
40.13678965005334,56.06210053986146,205.7827072870899,94.71532517300632,1.9684589488195643,4.266096036522573,193.2091554991761,8.831868576464686,0.7834112910734725,2.36574999886741,109.34366066645605,0.4541059504943781,8.095893203947465,15.730392759570476,False,False,False,False,0.0,IO,1,0.24031134087915637,0.756133453338343,-3.681626420782024,-9.356029638459802,-53.676321460452,0.32082599802817846,-0.2103008193065916,118.48945332243301,-7.262519705559566,0.10306799267448774,False,False,0.3013754607778799,1,0,0,0,0,0,0,0,0,0
26.498477784762294,36.675010251962,213.89599765663252,120.06342342101806,1.3914634824103052,1.874403508229172,136.24352319690308,14.11854794543762,0.7265892050423283,1.603927172569934,63.40278260426365,0.6449310528407765,4.610542627377716,8.739311128362502,False,False,False,False,0.0,IO,1,-1.573097560325142,-2.97296103578676,-1.6347605453306144,-1.17659386725407,-21.531627635969755,0.09522452664542302,-0.40623006774294157,-102.78685494832592,-2.2143133120320506,0.03136141539844839,False,False,0.0077983802449593,1,0,0,0,0,0,0,0,0,0
71.47320477634246,133.67596797576246,219.2023493773833,145.65991681294798,2.7617482761376544,12.662690882109642,-853.0721489293909,16.11075448430429,0.7436847125271069,3.1275663053236538,314.45950862089313,0.1069347934607464,26.05272165472805,47.08921971668439,False,False,False,True,,NIO,0,6.865249156154922,-4.108855787336964,-4.372561957472527,3.8219630519142527,-27.561773954402355,-0.1696345030382127,0.16449862400894055,-327.514654962323,0.8875809800946151,0.11771901690924902,True,True,-1.0,1,1,0,0,0,0,0,0,1,0
37.63923004354785,58.839501362082,213.30524319158155,96.656463580204,1.527068494263763,5.165570272218887,168.34089160555527,23.69332271682584,0.9210417088379644,1.7889302741054016,123.89323149099944,0.3510732784197644,9.020792211456182,18.77061548262944,False,False,False,False,0.0,IO,1,-0.22614213967359054,0.8074688762973778,4.609116399357632,-1.8164795057883794,-49.98693109505082,-0.030177257084301523,1.2539778704094662,51.356432348059215,7.537593305759806,0.23686975230080276,False,False,0.0776929091662002,1,0,0,0,0,0,0,0,0,0
46.54114140496407,64.12905557494187,211.53300910825945,104.50336568613154,1.8435972959358005,4.909998339125784,232.19262114063267,8.160191666960438,0.8839050864866019,2.1706269975384425,124.93649983233068,0.0864164763202419,9.242661139075953,18.65089629095017,False,False,False,False,,IO,0,0.5661932407312896,5.3797315224983535,0.5335010693793265,-3.617614595361175,-45.10967534851004,0.13281645686625576,0.039007903883748085,187.00066376267063,-7.891341401190134,0.20623663228960465,True,False,0.4951074260506353,1,0,0,0,0,0,0,0,0,0
26.85039893665484,38.00823491758297,221.7573850150894,300.0,1.3736365173293992,2.260347439760753,114.41058513702194,15.615160552428891,0.3,1.499264241031507,62.857246957408826,0.1231527262705831,4.339890854872716,8.628932375183522,False,False,False,False,,IO,0,-0.9881763727327038,-5.817291535647641,-7.215131090114433,6.663458067698002,156.21268400291262,-0.03594576257338411,-0.7285370246198757,-71.62082754720348,-0.6407804385120333,-0.3904267465421882,True,False,0.0739297022125873,1,0,0,0,0,0,0,0,0,0
32.90454349209924,43.18530033440096,219.27993352615155,138.58145195664935,1.441154903806105,3.836846059197845,149.0598108017629,21.826755403665054,0.6523842167743477,1.6175049590230048,90.17160031888088,0.0444082954767347,6.558078131452092,14.075795853161823,False,False,False,True,,NIO,0,-0.8105308495461648,-0.733875702219045,-4.137783146871833,4.179526829776336,-5.871673487092664,-0.0028507044754213506,0.6328597959979043,-20.875366787238875,5.594175749740131,-0.03658441227828324,True,False,-1.0,1,0,0,0,0,0,0,0,1,0
37.32157177559825,48.43379220199893,220.43774000452052,118.06934267948496,1.535222012644742,2.814063066272571,133.55991226080414,12.859918378932512,0.6753023458684073,1.65851595396074,89.5774440257109,0.3075152775895368,6.378571828401393,14.577099116678468,False,False,False,False,,IO,0,-0.5686437254466602,2.3613811420828696,-1.7483254502127252,5.328510300289736,-27.29036757067773,0.044344635493906104,-0.682811835896326,-14.45818041565093,-3.3408518236504463,-0.011680869536743965,True,False,0.2394183596309192,1,0,0,0,0,0,0,0,0,0
66.24374998230506,119.08962890144188,220.59988800105796,240.04733494828776,2.5212682649083367,9.95918949273623,-718.6530141224622,15.14864475829732,0.4371852140909543,2.7889283379983567,250.7794353121636,0.2402017379366481,19.1555294452638,38.14049383958631,False,False,False,False,0.0,IO,1,5.73072358814954,-3.1387929410245192,-5.549144812620071,5.2608843165050985,71.07780785553786,-0.19027139364737256,-1.1652642882726294,-295.8934400612112,-0.223724929818518,-0.1980926867735367,False,True,0.3504705731970006,1,0,0,0,0,0,0,0,0,0
40.63882206944962,59.30829183596359,219.2124795058698,134.38376285802036,1.5414238568687069,4.167173339533878,190.07044694907844,17.32695594022216,0.7141274587348467,1.7182424888525514,110.09254430423248,0.5975890067236843,8.045984460689601,17.042761634393237,False,False,False,False,,IO,0,-0.09341943651349016,3.0818090764844044,3.509163828289026,4.08591565187794,-12.757072045191904,-0.041540286433412454,0.09487386398682585,85.11182315434984,1.1886802749223087,0.031044892412916414,True,False,0.080632297348178,1,0,0,0,0,0,0,0,0,0
48.66775158066741,76.81885685194426,216.43312490285751,109.81609335135572,2.0746200804444395,6.048274704895503,219.75336170437288,16.738034214891123,0.8873136658615759,2.3948596413835275,160.1250963199994,0.0367296531567225,12.1011053191911,24.113059802572803,False,False,False,False,0.0,IO,1,1.3005258979871022,3.4936438878330875,4.543707813408361,1.2557158842777199,-42.549201786951144,0.22154365324792447,0.288118741166568,241.09835317413442,0.783069821145002,0.21567262666210407,False,False,0.6359923537453649,1,0,0,0,0,0,0,0,0,0
33.1024540485022,45.928094746702826,217.36599602797455,120.3283985085631,1.7245368821793214,3.54925461410898,172.80568667305832,22.263081901817657,0.5370148210614114,1.945544270828899,90.11813123604094,0.4043806413432971,6.432524046847235,13.078501314636432,False,False,False,False,,IO,0,-0.5367031843764315,-2.032272931651299,-4.631550641629644,2.2556012693994205,-25.151023815365093,0.2274702146138845,0.013704558656012278,27.681685831358863,6.066512051323681,-0.14970622583690107,True,False,0.2893741174511436,1,0,0,0,0,0,0,0,0,0
27.66962292117216,38.98262206266198,214.95435487262745,129.09336897523607,1.249386717629032,2.5100403116384062,126.74067906060492,17.793895240292926,0.7504601408034808,1.4668045572451924,75.66147094720044,0.5480506666802493,5.213818415455725,11.286264026317983,False,False,False,False,,IO,0,-1.5274463241825056,-2.0512731630572745,0.13326717397430343,-0.11990181312586401,-12.672781379555687,-0.0556983236686861,0.17413000909044163,-108.15329859358638,1.4670373646906683,0.055607057285854244,True,False,0.1264649060619168,1,0,0,0,0,0,0,0,0,0
38.65350770194392,58.07127913163863,215.1499492963661,137.76304498414933,1.796299896664524,3.706986877001124,157.73932388302703,21.311091582056875,0.5626264784055343,2.0796573002211853,110.35641886682976,0.1525303856281888,8.072438099680445,17.55279401842075,False,False,False,False,,IO,0,0.05634802634861683,0.278103256068178,0.5019440672154118,0.01792256581038032,-9.939113333165409,0.18431450665673932,-0.5466582924220171,66.35093956634184,5.192511139643553,-0.11922679402230485,True,False,0.1362403838857105,1,0,0,0,0,0,0,0,0,0
28.11440860658929,31.78041589257155,210.9568212561767,114.40618414075072,1.327495636774889,1.5263086700750643,99.4438170728021,14.559966570760354,0.5992131964480485,1.5529809736347235,50.30740959717803,0.176720992963011,3.162350617678514,7.324005943746472,False,False,False,False,,NIO,0,-1.6540230555449005,-0.9148197875777662,-5.5728395176586965,-4.112818451722575,-26.885560881691333,0.04693804942387314,-0.6563363988980015,-146.91911735017118,-1.7835368224248942,-0.09667883104328401,True,False,-0.396082303869143,1,0,0,0,1,0,0,0,0,0
49.638570485369904,79.7176160244088,209.40588160371672,131.5986193343377,1.860311244905193,6.342135508322715,248.7341438351261,13.037898354998813,0.9216090451255052,2.1760758565646694,160.36728110744156,0.0134771449763454,11.80389693963876,23.77252137608803,False,False,False,False,,IO,0,1.2190446303002507,4.9097101898867095,8.405551438901881,-5.768555326672924,-20.461286752907426,0.023023881142353764,0.6806410077994443,262.6962211902031,-2.927781261516671,0.24929920628867497,True,False,0.4811963227285202,1,0,0,0,0,0,0,0,0,0
37.125714772720805,56.7274952524846,214.52301145639336,149.48632809954185,1.657510467182743,4.477872825158532,176.45293476137962,15.09710722792146,0.6186163269832262,1.8441764944740968,108.91592186243408,0.4125288131099203,7.719522381327564,17.053651829551956,False,False,False,False,0.0,IO,1,-0.010010906082592762,-0.887076979528878,-0.05749688308637957,-0.606594784091584,2.032880829317321,0.058383804380505167,0.3045782633816865,79.05185190931279,-1.0301997692439304,-0.0637816206958135,False,False,0.096601552028396,1,0,0,0,0,0,0,0,0,0
42.2802144371248,65.77505580138977,215.41115365159695,187.5825632237816,1.3116205967884746,4.91225636125897,200.684202366656,11.363587626529592,0.7693318733515937,1.541329748240825,123.99533127755352,0.0625725188277952,9.574204581510257,19.3368430253728,False,False,False,False,0.0,IO,1,0.08276979362022593,3.7604305106018785,7.893423272736705,0.27816316796398155,39.78137701130129,-0.3054846811558176,0.6266184370162184,111.6898608043639,-4.751518212084443,0.087695471240961,False,False,0.1627760646279317,1,0,0,0,0,0,0,0,0,0
33.626530059510905,41.8783701318308,223.00871213129025,217.39491249973867,1.2750680103530525,2.7694585565439342,153.9241492367217,17.93404678484038,0.4193172825908519,1.4014445011756398,74.95255577054373,0.2198863315237062,5.337820877250303,,False,False,False,False,,IO,0,-0.9237285815482035,0.6066701609765062,-4.106749681175479,7.912434404087776,73.36604834868172,-0.14700266463807266,-0.29746241314823285,-26.267730991713677,1.686581023349607,-0.2705804753801423,True,False,0.264245419167004,1,0,0,0,0,0,0,0,0,0
75.85602157329657,145.43875486452674,212.5980300148241,94.64835807271274,2.7670176862664886,13.129116673602889,-819.2776129729124,14.456487548979018,0.979347634209232,3.300656833522066,314.9307248929061,0.104931328149764,24.394685338154986,47.119257693381286,False,False,False,False,,IO,0,7.125464728544105,-1.147964662941007,4.314553929618057,-2.79184786191243,-79.54861190885924,-0.21478846377141592,0.31584280411288823,-270.1423166864678,-0.7324662148490653,0.35551779245557424,True,True,0.6733198564568464,1,0,0,0,0,0,0,0,0,0
58.63041038872485,97.48329108146656,218.2907222279429,133.44333823879603,2.0193412689227013,7.934710991483228,283.7980938282114,13.312844400090098,0.7903978669459748,2.291092006060728,200.2625942809718,0.0882723529373126,15.242754431256603,29.749047252049284,False,False,False,False,,IO,0,2.3731627019831003,7.594970897301998,12.529892685723567,3.074188005890335,-22.942163567933562,-0.04158576026341487,0.8757544619946929,402.33334294819883,-2.501062513431174,0.12756104896071885,True,False,0.684481013023585,1,0,0,0,0,0,0,0,0,0
39.74556562778381,59.281893479100745,219.5362624369088,156.43876560146506,1.5667780031448566,4.468512353955494,179.11555968847682,17.994633638484007,0.6726250236024607,1.7196287929849916,125.01182273149134,0.0614381714592269,8.949476007072935,18.784844689530544,False,False,False,False,,IO,0,0.01634065059619439,1.5887780546483654,2.1854337477139083,4.405695004328777,8.886553583015683,-0.03745494250973569,0.2633100517435336,84.10215789821459,1.870792012049197,-0.00955663004911822,True,False,0.2996506713819569,1,0,0,0,0,0,0,0,0,0
24.058038724849716,29.22742381251701,213.38355699724497,121.80899256390174,1.0883061859342371,2.1797353406637505,127.12188957845032,11.425136888102845,0.7863319764999842,1.2594229258063685,63.38347816959208,0.8349622275523286,4.4362357788064175,10.001843335475746,False,False,False,False,,NIO,0,-2.0549953826551492,-2.7801107854959035,-3.386457440957834,-1.6714569549216378,-17.979921661297197,-0.11455283722379805,0.4826069753546003,-155.57263782853656,-4.971096512006792,0.08714876129673843,True,False,-0.2845572731574286,1,0,1,0,0,0,0,0,0,0
36.04765939886569,53.97397142405821,219.0705441602181,214.41686980238785,1.423316642721456,3.102750093646544,167.41299172208144,19.082008855423176,0.4885270856578284,1.5778295042376074,89.24512500166794,0.6668992997180765,6.559939088282582,13.097986239435954,False,False,False,False,0.0,NIO,1,-0.4534211480257394,0.457844875477619,2.4299570303955846,3.9571116291129727,68.62530920700598,-0.08988803290591174,-0.5336418828806644,29.835070355191277,2.8963910384151497,-0.19751038086316502,False,False,-0.0259989226431945,1,0,1,0,0,0,0,0,0,0
23.93524073893328,32.02663492284905,212.6068509429973,123.4459775471908,1.0966156821682354,2.175929048176406,80.78549388056099,14.086650446034556,0.8773796112628985,1.238022629075111,49.99226370422413,0.2167156500989428,3.445332243460133,8.044832406118468,False,False,False,False,,NIO,0,-1.9856311015129526,-3.2819439352537856,-1.407111591194898,-2.4506931215086354,-16.60291167099679,-0.11968443077738766,0.3948110535207978,-195.62402416368735,-2.3004611798836,0.1787657392644224,True,False,-0.023043122802411,1,1,0,0,0,0,0,0,0,0
25.316694172621727,29.602056418015508,220.67732530690964,121.53199946069768,1.1392759056889556,2.6010729179092875,107.7878340598483,20.63638577637673,0.6514022836755354,1.2570205481813028,62.0820604864452,0.1040447921799695,4.3937539068723765,9.500825624460653,False,False,False,False,0.0,IO,1,-1.8562202357447837,-2.6076450759600043,-5.361288203820962,5.615060887446731,-19.001917330280037,-0.10210084666872499,0.6632579825473965,-156.89592989886887,4.266292371883544,-0.04614938172560823,False,False,0.1451771254925615,1,0,0,0,0,0,0,0,0,0
39.50953377816276,53.34472201112515,217.7882567711219,143.8940109313101,1.5202083384084324,4.357135652940643,167.6162620807412,14.429049687081733,0.6693895727427348,1.730471110226813,110.23434618667056,0.2328529748626351,7.726090652947,17.663096068157138,False,False,False,False,,IO,0,-0.15077592131743434,2.2659403760452577,-1.7764693325376726,2.66378503641036,-3.03185379576513,-0.05164153037868391,0.3542861856683608,57.46064008938218,-1.716768662928228,-0.014163776586456178,True,False,0.1864323128386358,1,0,0,0,0,0,0,0,0,0
41.02654487270196,65.58749716947932,210.82805171920515,128.85966218142343,1.872294827013525,4.906386775717194,195.8435562255925,18.52763866623169,0.6262516577551773,2.143304291869741,123.93195659960212,0.0948045611178555,8.847984178734338,18.90941544218544,False,False,False,False,,IO,0,0.5079717399928966,0.18328138645178882,2.680103560095496,-4.3204483130530775,-20.53516662644941,0.17279588124852685,0.10589375191646777,145.37622265648463,2.4684491591462674,-0.05189467951465021,True,False,0.109963833001764,1,0,0,0,0,0,0,0,0,0
61.27374852025781,113.88129267546844,216.3428802919101,133.45612788045236,2.9954038272998487,10.144816379607528,-697.7227508303744,16.718249495091623,0.6129022895881623,3.4195267320195804,250.14852753493156,0.1707508604264344,19.27784245416807,37.45154071518537,False,False,False,False,0.0,IO,1,5.67651767090981,-7.812590818405226,-10.116783150136584,1.0058538074062255,-35.31023725743705,0.2943679408389466,-0.9140022528438703,-279.8747060426572,1.3387514387614665,-0.022820534371191914,False,True,0.0070527958926493,1,0,0,0,0,0,0,0,0,0
29.67328573994338,39.45175432272349,220.75884391334145,128.15710500704662,1.334877290145367,2.0805505074611457,154.140814501938,18.975607494857947,0.8042005917442613,1.4858819242885486,74.08408046035649,0.2710438106342459,5.472890020844985,11.537357363557996,False,False,False,False,,IO,0,-1.4877811347690795,-0.26435736913158436,0.13356864218640396,5.683140411106734,-13.757709143719723,0.022106111781590387,-0.3033883265144164,-77.1591507479854,2.653965803942299,0.10967308077905757,True,False,0.2367337169637408,1,0,0,0,0,0,0,0,0,0
41.67034738022243,53.40352744125187,213.96798764168813,126.35777543652196,1.422414550470274,3.149531110671214,125.89733597083163,16.43978756859051,0.7383860275156334,1.6114090402766486,89.74661799117646,0.0737365995233127,6.112489540859768,13.331426881056396,False,False,False,False,,NIO,0,-0.40753775860083935,5.82980701145847,1.317184973151015,-1.1471185192426674,-19.605754559358388,-0.09968119627991934,-0.54241869486393,-7.523149791146821,0.26020366284894436,0.052725172639000784,True,False,-0.0069541288335487,1,0,0,0,1,0,0,0,0,0
27.11312322438007,43.610851414464754,216.00876235069663,99.03052948794482,1.5079708348830734,3.276560013362103,126.40562605611152,9.346410350627025,0.7977622212104559,1.758298406724509,90.59064565147044,0.4327207077715914,6.586563335565949,12.602363438324089,False,False,False,False,0.0,IO,1,-1.0430181662715083,-5.254888971768626,-0.9643008352381699,0.9168357974023138,-44.55124131129776,0.10901554424521609,0.35408064734292877,-64.59493184500391,-6.916742629664608,0.10688533228987718,False,False,0.3342758341975517,1,0,0,0,0,0,0,0,0,0
26.121238122232437,33.267386568980655,217.1940689783393,125.1437944068824,1.2784464314457915,2.155982589777865,118.92222376977077,20.03517415696853,0.6986807965771642,1.4376271056381893,,0.5099484312263233,4.596327164115046,9.32973941286445,False,True,False,False,,NIO,0,-1.7196349695279016,-2.5494595965353284,-3.3103554492224276,2.1268225124724154,-15.902039368490946,0.010602817518260421,0.0527836023528363,-133.38572279633996,3.6830424459550173,0.0022502253748174494,True,False,-1.0,0,0,0,0,0,0,1,0,0,0
24.619430273346424,37.30554590019307,210.237668630049,96.5925849547751,1.3199294360434208,2.2520145468063304,122.08694391720286,17.419583408539093,0.7769799716615771,1.5346224965080966,61.90452500913387,0.3260646692405585,4.634472286132479,9.321853195465389,False,False,False,False,,IO,0,-1.7139098493235976,-4.08255187364459,0.6601346566942041,-4.829786663719432,-44.47470637858723,0.05097643478506697,0.1418833067001608,-129.7022567829615,1.0682045814719423,0.08059639234368632,True,False,0.087104174278225,1,0,0,0,0,0,0,0,0,0
33.58484553332333,49.36181972821553,217.5454502895641,168.94484353760896,1.3984672015148254,3.6045320791510735,128.90712254283793,19.15806430941925,0.6371726884112442,1.5556710646569238,89.55843818587786,0.2152111279645626,6.494301548478351,12.703841269725094,False,False,False,False,,IO,0,-0.6490902876098886,-0.9357517624118756,0.13055661617614334,2.4391549318908687,23.88664429700276,-0.07682161265613785,0.20506576865250814,-26.400130895761038,2.9467149533807877,-0.05047083375064865,True,False,0.3465755078503248,1,0,0,0,0,0,0,0,0,0
30.917315929686403,43.48537213736292,206.74898118217004,86.9633783354586,1.496506391289515,2.308138371322853,127.8650231470487,18.760985907475423,1.0344597762114325,1.7585389662463609,74.01198432356992,0.1952269837663574,5.470144569716082,11.213482405102754,False,False,False,False,0.0,IO,1,-1.2952584378419032,-0.07235094106203377,1.891625195575422,-8.333744724724255,-55.673004408820475,0.14642905458407074,-0.3089162636014091,-85.99070520165941,2.4646619815417985,0.3415124948320398,False,False,0.1766536029749327,1,0,0,0,0,0,0,0,0,0
39.62068036077927,59.84495217827578,214.37902007411105,232.27399991781937,1.547140229309855,3.830769757116395,173.9791236516182,12.906814075954632,0.4648104375354251,1.7246819517209098,108.9875582379084,0.1789322532124604,8.591721673547983,15.4664448876953,False,False,False,False,,IO,0,0.1293888406253561,0.8461506511421533,1.4122963204543453,-0.7556708729900379,84.29808708497015,-0.07899867208283973,-0.5113167659436519,89.2088746926725,-3.2021611084840735,-0.21644331464085892,True,False,0.1562985315903352,1,0,0,0,0,0,0,0,0,0
33.41140302187714,48.59431448272606,217.7897670817012,123.83131568278334,1.362129864389882,3.816342671897264,150.1340410595571,12.340818379298812,0.8891405985344476,1.557851519961272,90.0739831927569,0.307707234616956,6.424725977221878,13.32615658242226,False,False,False,False,,IO,0,-0.8095038065300508,-0.23262836089715222,1.2590916571660387,2.689322923188911,-20.62565908364344,-0.08207475954015941,0.6111128152970049,-19.708077466971588,-3.8916262129729997,0.20018039946844102,True,False,0.2821536826128498,1,0,0,0,0,0,0,0,0,0
49.684530991267664,79.15753575575364,214.78553622036827,122.3496932749269,1.9928823070311568,6.58239263567726,245.03762966578583,18.621420405796016,0.9051861176081456,2.256696303889194,160.28233313387383,0.4745021360224155,11.615486697759223,24.121797996022337,False,False,False,False,,IO,0,1.352778723744906,4.224892214622557,6.264773791660687,-0.39377875783566196,-30.211443697048978,0.12968056877971934,0.7589664211011176,271.1171832719891,2.673327538281855,0.2339739704952828,True,False,0.2699967138116685,1,0,0,0,0,0,0,0,0,0
40.13862564637859,61.46316296273967,214.8046793361726,198.38592384161896,1.6706258788666806,4.598691623146672,186.76842231152875,14.787003882357943,0.5721761791051609,1.914298269733535,125.2558016388635,0.7046151147859524,8.698078438894859,18.798498088569115,False,False,False,False,,NIO,0,0.31905444692325885,0.32768450171429464,0.7887158087660922,-0.3369298011402577,49.69915069485111,0.007734452948555903,0.026948802775971892,119.18353290281179,-1.2970292598069655,-0.1075207945340132,True,False,-0.0840232535168498,1,0,1,0,0,0,0,0,0,0
27.14304312098698,41.75079321294686,214.1107157523136,117.68691875460227,1.115025944613863,2.542115532419105,169.55672600016547,19.745717117865983,1.034391041583396,1.32614132395672,75.36351343422838,0.0252827207320088,5.770234605863261,11.04446526355659,False,False,False,False,,IO,0,-1.8337737722605678,-0.903952901719741,6.522138040344132,-0.9523674181447745,-22.931126626635987,-0.13070037968685644,0.5771213324972129,-93.09319242832183,3.378575543449152,0.33702361713804974,True,False,0.6970721381430162,1,0,0,0,0,0,0,0,0,0
50.94800186486584,77.63013672021454,213.5650426694451,103.01671160621972,2.0479573086129754,6.23291442133004,251.76409279467143,15.287196228547907,0.8493235424417976,2.4965965876865788,159.99410356606762,0.0885262440838203,12.73023288146073,23.957234799025965,False,False,False,False,0.0,IO,1,1.3706439712404153,5.390739975863426,4.526212821594939,-1.614923956586665,-49.611383712558094,0.18129372527772114,0.3878561002774461,279.4623937724035,-0.65854726331,0.17825803358562275,False,False,0.5485026229970918,1,0,0,0,0,0,0,0,0,0
44.28915175697221,63.36039254327614,213.88494720121983,98.08265704275632,1.8131693531887565,4.767629648912553,183.8577295871736,20.093639109793152,0.8456708510234366,2.0881369258881457,124.84023137833648,0.4143782787083646,8.869426904737521,18.357967781261085,False,False,False,False,0.0,IO,1,0.3834196622119393,4.1264924149748765,1.9251676066270633,-1.2590097038885801,-50.8453547663006,0.1378055333577035,0.11795031012225188,122.10489053726798,4.018070337906167,0.16650218817109275,False,False,0.2462846031583473,1,0,0,0,0,0,0,0,0,0
38.11475326371635,50.89015923033104,217.59364748244948,162.2722503904707,1.4000332489752778,3.4250732368954453,159.89022986735145,17.693217936836408,0.7042033280538814,1.5995853994265787,89.33906021575324,0.3865720695331078,6.3604814630318,13.505408259711269,False,False,False,False,,IO,0,-0.5447944408030296,3.024240260192286,0.42615009670039683,2.4835478583065083,16.82315382351908,-0.09546553231881783,-0.10067953360009607,14.033090563606407,1.4955840428198393,0.01741586798457273,True,False,0.2226680213257403,1,0,0,0,0,0,0,0,0,0
28.11451910619875,43.72058272777932,212.35120042722588,118.41285720660872,1.4239459741810532,3.5989970984399324,142.4803063721121,17.151899974856594,0.6674160762671985,1.6187658812267045,74.71885875342083,0.0583459809560511,5.331766549388865,11.279043203295885,False,False,False,False,,IO,0,-1.0509125866131874,-4.210354707220844,-0.7612598114516587,-2.7404381713749046,-25.139325570683923,0.026520427827807502,0.6860766787182557,-49.23555492354342,0.8877088360409537,-0.023525610190428425,True,False,0.2575183882098505,1,0,0,0,0,0,0,0,0,0
39.65690744196393,56.37686801160073,215.4126362146663,115.22180485559558,1.8291558106450456,4.179902624465061,206.29442948995563,14.503955205038904,0.6685886759440587,2.1437762805075784,109.26681582279409,0.44926711961775,8.450331832474806,16.049875011049245,False,False,False,False,,IO,0,0.09482781163540757,1.0712335104019886,-1.6472867189576306,0.27920590610233376,-32.62457440289246,0.20971398570374555,-0.12033573168690115,118.39264961609405,-1.6095649396744616,-0.012948753748682762,True,False,0.3088198159726923,1,0,0,0,0,0,0,0,0,0
27.08586901257511,33.22349606023583,213.28229050599,116.09239850486703,1.1986298128182031,2.3292392601701004,113.59235142167296,16.929710456246067,0.7585795894479276,1.3901828042147857,62.42794787964629,0.1504788044148819,4.275559427786579,9.583849600254547,False,False,False,False,,NIO,0,-1.7470169322987008,-1.4352023196111539,-3.0305992673030318,-1.7839571829741203,-24.850808594901324,-0.06390785092715534,0.2591956787555998,-141.1966399927486,0.5739778705863827,0.06192426662731132,True,False,-0.0111647780600806,1,0,0,0,1,0,0,0,0,0
25.115568717958023,36.73068503225083,206.97616297155832,145.51436000761973,0.9447761911642112,1.3896093175239428,140.94677395441147,20.771410859810835,0.9101779412550844,1.1082761347045214,,0.4100220049140443,4.227267551809263,9.580726327540226,False,False,False,False,0.0,NIO,1,-2.2853516891937775,-0.4638185165732125,6.839547101046755,-8.070448567665721,6.588813472406628,-0.21344545165428697,-0.02859248089502442,-162.6200456398638,4.344884372578704,0.2091039575519137,False,False,-0.0750429208872183,0,0,0,0,1,0,0,0,0,0
23.820798684511452,30.887928860417023,211.1005999135691,164.47084577959882,0.9397181531279712,1.306040002888466,110.83708951564957,15.78313816534672,0.7271971326792129,1.1036104901242063,49.919835606440216,0.1871100363832364,3.8035287206332216,7.416895043209465,False,False,False,False,,IO,0,-2.272364517416312,-1.8295558360847437,0.8432864050103568,-3.9464853421416706,25.496623761324543,-0.22102008380890137,-0.12788729179293612,-191.55297894860922,-0.64168043929239,0.026229747903889766,True,False,0.4111190919019701,1,0,0,0,0,0,0,0,0,0
42.073631642968095,63.27272631925279,222.36655813602007,167.22014106030989,1.9832921694946992,5.246526001086642,229.83133032897533,18.12469777473542,0.5632834565294065,2.167356306515128,126.60562984967376,0.210645066244382,9.421993553164082,19.960523518143408,False,False,False,False,,NIO,0,0.7496133017665855,-0.09006142821547769,-2.4907989871030978,7.209244052969751,16.919647805355197,0.23696903879286224,0.15344167706807355,201.25883158214475,2.0972854262319274,-0.11287948267270742,True,False,-0.3380248747281343,1,0,0,1,0,0,0,0,0,0
47.81762233061034,65.0261012285616,215.54958078347897,116.3439684423535,1.751680283375367,4.264926156542646,207.81782905278817,16.185440304998824,0.8236640593577469,2.0201357133765887,109.25594826866993,0.1816592109314992,8.252384939998501,16.429648806657845,False,False,False,False,,IO,0,0.43589537001966194,7.368213984960512,2.9706289665329138,0.40370978896237375,-32.78072055479997,0.06614796343595275,-0.44829330947002877,150.8197471986179,0.11677236952617776,0.14492611801168598,True,False,0.3799568905582712,1,0,0,0,0,0,0,0,0,0
45.76290175453423,60.404908885835056,208.6002658987207,86.82926409974377,1.9694255337277828,2.999354166054065,203.939586091852,16.498416170981688,0.8381726119592188,2.307740140333665,124.9301981377167,0.4827904368420532,9.16454551196047,18.61038287731349,False,False,False,False,0.0,IO,1,0.20201900855937405,6.591490722847986,1.1137859527716785,-6.537074286303323,-61.41886415995751,0.32921269410040144,-1.4306764801728287,125.75026434740144,0.3989922423258463,0.15751500944229246,False,False,0.2572454817814567,1,0,0,0,0,0,0,0,0,0
38.64804587974503,64.18915607650143,208.05299106246903,142.86970530612203,1.6397364164287045,5.024609280926478,194.7543475796788,22.893643027753196,0.7981989292671678,1.899653909060803,124.18838717448656,0.0343048688018732,9.329555270193088,18.53880344539613,False,False,False,False,,IO,0,0.086485075723814,0.10796011288494611,6.263610013680811,-7.0801349387666335,-4.9454056587369735,0.02191120829097204,0.7344727132658244,106.09664300722876,6.7790257686191,0.11659302225552048,True,False,0.3236559787388036,1,0,0,0,0,0,0,0,0,0
42.88062995276538,52.07384826897719,213.6567457117277,125.60332917562975,1.477373365276471,4.003265757851508,168.13211819358912,20.806920124158204,0.8118248359787473,1.6699693418619916,89.76535490871481,0.3633602387843398,6.213938601959073,13.0145303884618,False,False,False,False,,IO,0,-0.3010610230950031,6.458256597005956,-1.2710176792572199,-1.4622442651660208,-20.759272044096136,-0.06535495112854695,0.18238876671167148,44.3593541198978,4.641338478974049,0.12703794396640256,True,False,0.0869801869991423,1,0,0,0,0,0,0,0,0,0
36.73242351120396,56.59200765639753,221.5698598888953,138.06038642467504,1.7884877610666596,3.3056369655520825,178.39099945745667,16.317615260782873,0.6593607804763287,1.980323858497799,109.79466287012376,0.3978640909810914,7.808197284253749,16.8429486799217,False,False,False,False,,IO,0,-0.13427774145793955,-0.6013227794486369,1.2758127128027468,6.44478637113707,-8.927312925677029,0.21344095124344076,-0.7171892965268745,69.73025657646431,0.1739665097188059,-0.024057151510688546,True,False,0.2486343062528403,1,0,0,0,0,0,0,0,0,0
35.62849156444284,45.811380476688655,215.3677544613393,203.42433995989808,1.2539028502499652,2.671955070258205,159.2061421195667,16.857816351744138,0.560651624930413,1.4316238836818058,63.521150745978886,0.1506962580443136,4.576846828567167,,False,False,False,False,,IO,0,-0.9019679055112246,2.4897223184581563,-0.4309440825564579,0.2706829977346388,59.313917526869716,-0.17238450796248617,-0.42131477935571127,-19.014030907700345,0.6132122356102379,-0.12906752103986785,True,False,0.3873635298507498,1,0,0,0,0,0,0,0,0,0
28.966239944114506,34.947842833074084,221.26983033038505,123.0422961449684,1.4164058713433003,0.9554177477496288,127.16940156354023,13.192517985796124,0.569770985403883,1.5764987542086657,62.703675313245576,0.681894477023068,4.1538520011567375,9.166025926501122,False,False,False,False,,NIO,0,-1.5523043197491293,-0.618821755800468,-3.6076979098189312,6.196480358004635,-18.630687278418165,0.11613769752908576,-1.350393290457131,-109.97692747817378,-3.137608849257278,-0.1252861329660767,True,False,-0.1721534376233628,1,0,1,0,1,0,0,0,0,0
36.99504463455515,57.496356889280186,218.37027898142404,165.69316443420962,1.7208042966894446,4.479199578021365,173.88714734974326,15.308113814940189,0.4546805127313212,1.8869892888838575,109.88568330348762,0.7615324357805895,7.934690703904784,16.2308792202307,False,False,False,False,,NIO,0,0.16324080060212062,-1.9644662063625304,-1.3364191100623515,3.2343532595910744,17.590375593814542,0.08810571896130615,0.09612346313853326,92.18418146354875,-0.7964096555938625,-0.22629538197908067,True,False,-0.1715883627393684,1,0,1,0,0,0,0,0,0,0
33.714878988876634,44.60477702042807,216.6006634975284,94.76064996087209,1.5457506402269443,3.2325405495951043,148.80769827852149,17.23759115019446,0.7355422917318925,1.7814219467085255,89.72867755933005,0.0509944861675663,6.407425533220408,13.007528242075743,False,False,False,False,0.0,IO,1,-0.8222674162270909,0.14059325635723496,-2.579583718511124,1.500684900914223,-49.6484872256525,0.10401928958867024,0.04276548946825809,-22.190914702030142,1.0034680749396578,0.046477328739414125,False,False,0.2661347529818592,1,0,0,0,0,0,0,0,0,0
37.81837809252099,54.79390105942682,209.75725650265363,115.49678485880553,1.603877874906544,3.1640115139021536,157.73928829602585,19.40245435827651,0.687482682516011,1.8601581152057087,109.13307948645468,0.5306741054514232,7.878552569688142,15.624458333727638,False,False,False,False,,IO,0,-0.4168555559625997,2.028754028107045,2.817692196636017,-5.35750978487701,-30.431822345922015,0.0835876878608508,-0.5166558515377013,23.474528756615598,3.221645112315219,0.0017453469994296311,True,False,0.1835782993055027,1,0,0,0,0,0,0,0,0,0
43.85861906597716,63.49573564158664,219.2780769324347,145.1127257137336,1.8190475910681188,4.933455130895915,211.13118256186647,18.99688358764368,0.6340018443205436,2.043079704014678,124.64231428345,0.2930053478873715,9.089140651976862,18.518530066420404,False,False,False,False,,IO,0,0.5429889791217529,2.824006880484042,0.17444863620645634,4.128299621044448,-4.413346528758609,0.11276316655968044,0.09056153886700091,163.83671652858652,2.9422990349077125,-0.043857070852211466,True,False,0.3927604346512418,1,0,0,0,0,0,0,0,0,0
41.118444079594425,59.58521624923092,216.86027185090555,300.0,1.5677909217523596,4.564335899660824,165.5997759472099,11.56296377638196,0.3,1.7342236955422958,,0.0581167486605434,7.722852174333126,16.936667656356146,False,False,False,True,,NIO,0,0.5401704229217762,0.09923365266439532,-3.7027562565931476,1.7105973483919001,150.4844916113568,-0.13794733596343822,-0.2751448480823848,118.04992411861056,-4.491991431578555,-0.3778820499302022,True,False,-1.0,0,0,0,0,0,0,0,0,1,0
42.464913275965166,57.47637933609429,219.94915077807664,239.663934935412,1.466121178061203,4.249554801528629,203.9629650437549,19.907930922714527,0.4657450516355417,1.6490631380572285,110.0411906693456,0.1349226862897905,7.638012838522574,16.598489902732624,False,True,False,False,,NIO,0,0.10511024223374199,3.8230518844836396,-0.6693106789501186,4.815345410417308,91.77901747284122,-0.15531312875450065,-0.06313401933678353,116.99286313898753,3.7957629726539857,-0.21570797969116362,True,False,-1.0,1,0,0,0,0,0,1,0,0,0
41.553156540748354,61.23645939733894,210.39831129037177,162.63746378517672,1.3103686834110226,4.337931054823845,156.14129891996853,15.644905282489788,0.868126097710475,1.5787394490249331,110.3470317643712,0.2547171406314726,7.991125100911035,17.280287635094062,False,False,False,False,,IO,0,-0.19688233759283097,4.5615076950987685,6.660232239436844,-4.724478679448367,15.884404355735228,-0.2525468971410425,0.39090946826621353,41.80803314420784,-0.5069763080110619,0.18419430612872367,True,False,0.3872159855386625,1,0,0,0,0,0,0,0,0,0
30.00002145109088,41.12013875762931,216.50574859011545,125.98760332660012,1.5011130557868213,2.4203295550643755,142.544828979465,12.052034577289849,0.6003060999905303,1.6728977758462338,74.85014988323344,0.0937526258507592,5.336215435222777,11.625478152494592,False,False,False,False,0.0,IO,1,-1.0701866981550736,-2.219530633250301,-3.1338894912880093,1.4148130286778837,-17.4923407288251,0.10742235768031794,-0.46925283739415224,-50.9174350685075,-4.21469121034405,-0.09079378870394883,False,False,0.2624615946919747,1,0,0,0,0,0,0,0,0,0
25.68162769934136,29.671325880643977,215.9753018025623,93.14248243472464,1.2269599770387638,0.7554440979115912,133.00447516994907,21.34553894972769,0.7540887516485262,1.3713900619045865,49.83575510244852,0.5062325488916339,3.413394333101152,7.761982405137022,False,False,False,False,,IO,0,-2.2212159275840473,-0.24822390257812188,-0.977877758704107,0.9263508650316794,-46.02344277810538,0.05631040278067512,-0.7404163853052651,-164.75108457176347,4.927446658386721,0.053541195372468375,True,False,0.0223238885019198,1,0,0,0,0,0,0,0,0,0
41.50439838059925,58.61594042911754,216.05268924966683,300.0,1.2592675264506503,3.512745608934826,114.95505870752729,21.853115986951813,0.4913971855037115,1.452935748350823,88.83834936069564,0.0449462936075233,6.403379489288224,14.441324511326355,False,False,False,False,,IO,0,-0.06373334059545764,3.785168263131041,2.4659315593574505,0.9250425738486285,152.7479026076353,-0.32944905130486224,-0.5954992285743526,12.686254337374066,5.718744202138172,-0.19144171683570854,True,False,0.031957800579704,1,0,0,0,0,0,0,0,0,0
30.35064275556024,38.03695059776812,214.89173419351357,139.52741443360517,0.973771506775189,2.7641015677785186,165.96531087584373,17.054987929362643,0.9158058223538846,1.1136214162572544,63.32812640775015,0.1882162398935115,4.529797675300106,9.401427202498391,False,False,False,False,,IO,0,-1.7792977459519153,2.0059671603513216,2.1644049275077677,-0.17333602941755544,-1.2948052622000716,-0.2825109301072287,0.733145158163254,-91.74860403964254,0.6950102439482535,0.2188855380632545,True,False,0.3251292001324154,1,0,0,0,0,0,0,0,0,0
31.00393263057541,44.922073816085806,214.1072448912956,117.70928100688116,1.4730801508673337,3.687832341690984,149.4942960560378,18.83517440762094,0.6783958509917984,1.6465440877819713,89.56185380478442,0.0812554482481461,6.388455246810775,13.531537836752475,False,False,False,False,,IO,0,-0.8751891211187673,-2.281166985486383,-1.636768044025409,-0.9908033478440643,-26.50150740947518,0.04160372359088371,0.5621374436452893,-26.299485349231077,2.594091844948391,-0.011103494258648205,True,False,0.2485696729729395,1,0,0,0,0,0,0,0,0,0
44.96039414431872,74.42294495100772,212.05571251205464,117.28106423936704,2.182627765358409,5.478849668159461,244.8219076432428,19.06979683497773,0.7435060594725302,2.486105408915793,160.3766858647109,0.3025707926192889,11.187694633663376,23.99426778916993,False,False,False,False,,IO,0,1.1215278227447851,0.764406078179455,4.263500150782363,-3.115167422226534,-34.413352132666674,0.3642367578263068,-0.06456676124759486,249.94811099489664,3.0912932363817323,0.0703958010131176,True,False,0.1602576216996754,1,0,0,0,0,0,0,0,0,0
26.908186722940247,37.72928034187464,218.63099778091785,58.41046451176523,1.6838386445977307,1.9790422371156264,151.42898451032687,21.583088611249003,1.0488669687822527,1.9416967670387948,75.82549621418427,0.3875972380690669,5.534177326055668,12.021893365591774,False,False,False,False,0.0,IO,1,-1.5071930693659257,-2.9233815347957197,-1.3594620206560535,3.5560023430419676,-83.43159436095873,0.37482902119524764,-0.3813916867701952,-81.62987146377111,5.258894147045773,0.3541801243262067,False,False,0.3120864881797752,1,0,0,0,0,0,0,0,0,0
24.85568603039217,34.74627742342715,217.37608334473848,85.07072819350846,1.3050167984723815,1.1616129032810638,124.52258112231108,18.9122741017269,0.9274660150884104,1.514639050858634,49.87551187814773,0.2902641238044594,3.4170695295905533,7.501257658229545,False,False,False,False,,IO,0,-2.0411496034518524,-2.0581225526406683,1.9687431602566932,2.3205643577580872,-54.77007954650857,0.0994748042176068,-0.5522806017246091,-156.91739782696544,2.517861495681842,0.2283964462774336,True,False,0.0284492159842556,1,0,0,0,0,0,0,0,0,0
31.729959731021363,40.04249082842704,212.32441976535176,153.95889721913883,1.2766253158274494,1.9478098194879427,145.47767876519364,10.689246890245723,0.6540151568069413,1.4581884871815356,,0.3966284611084604,5.40857262189425,10.925861312961448,False,False,True,False,,NIO,0,-1.3195799346819177,0.8731955933197213,-1.2637832236279039,-2.7574189973488217,11.413670627080165,-0.0687391136379556,-0.6397951697237625,-70.58178950322824,-5.610275442685282,-0.039131755834070026,True,False,-1.0,0,0,0,0,0,0,0,1,0,0
33.39395727963584,42.009449902625946,217.9856414442229,141.12246387143242,1.4143639593520936,2.602675967822416,159.94769167412736,24.03923099588451,0.6110169722694461,1.576555492736151,74.98971602052515,0.4781921313400854,5.285966739410312,11.543837768981426,False,False,False,False,,IO,0,-1.0842209697137979,1.2510942682881705,-2.078697412777437,2.8952177929941456,-2.304880206165592,0.023392757519724583,-0.2699130492712265,-34.78619988433539,7.770659626432522,-0.08019810996577592,True,False,0.2066297104559019,1,0,0,0,0,0,0,0,0,0
38.29907550359748,55.94596530224692,212.41993859501883,142.07731263415582,1.6659482146040676,4.26136632207221,192.38141425843625,20.26262755792017,0.6511682482720702,1.9014667020189613,110.19986983055544,0.3273757640748109,7.976174796265059,16.091870094471485,False,False,False,False,,IO,0,-0.10637778893506741,0.812872315799261,0.3000011825233173,-2.706152593693133,-5.014954799971946,0.08549508093874625,0.20475744691641484,86.24865061890308,4.122647799926831,-0.03202068042794215,True,False,0.3758899971704984,1,0,0,0,0,0,0,0,0,0
43.888175561398384,59.12596963176374,209.64938352717888,138.74706322102168,1.463087741846854,3.531898686703053,217.21762280064607,13.96190317890894,0.7764847372714803,1.7063801981625364,109.82946045241306,0.1768331109014644,8.469276960182116,16.766735756306964,False,False,False,False,,IO,0,-0.21602759417415004,7.001144327949099,4.776033736702352,-5.472708105555938,-7.934240430611197,-0.0961179593771404,-0.3919408964152087,101.14962965679013,-2.1924961152932525,0.09239580109659462,True,False,0.5651153655587318,1,0,0,0,0,0,0,0,0,0
43.72552995073641,59.11302362846392,219.26150672669692,169.6011017404246,1.613012118056016,5.065851383710212,210.44655085709195,11.88149971057036,0.6842163798623693,1.8385384076630231,124.69011028515077,0.0908419061464113,9.41124816099269,18.95692046707092,False,False,True,False,0.0,NIO,1,0.3474290598204055,3.7595381680303177,-1.8968030466896835,4.118862604849738,20.807981498761222,-0.05537760919758661,0.45975120850446327,145.43264906312533,-4.198802018144331,0.004752305530662082,False,False,-1.0,1,0,0,0,0,0,0,1,0,0
37.15968822782091,51.89771085542793,208.6578944714145,142.54004678829477,1.5176596651648282,4.344441577608006,221.29271039766172,18.019253721616334,0.6407133782494792,1.743878478157879,110.30156928686364,0.2536834725319421,8.477557855622825,16.40529866609675,False,False,False,False,,NIO,0,-0.39443468607563287,1.2475472432985768,-0.34350604938929763,-6.457689633566645,-3.47259308275153,-0.006975134414926476,0.6366259375746162,89.05947738516022,1.841392940036389,-0.04483992638398815,True,False,-0.327365854847827,1,1,0,0,0,0,0,0,0,0
32.74829377081854,48.69718922872637,216.9468061534553,93.86747823532676,1.6851315328723215,3.016736350062519,176.02157680475312,14.886959846529685,0.9200771876063564,1.9107979637850276,90.2959140052796,0.1163785746941864,6.634793011441242,13.782905786043411,False,False,False,False,,IO,0,-0.7612742887268769,-1.1592836745905615,0.7919077861129864,1.8446027883873626,-50.77025914185961,0.23158121590647096,-0.24689214135589532,10.549473593915707,-1.3391423060379957,0.23151285724652526,True,False,0.4766601957789277,1,0,0,0,0,0,0,0,0,0
53.798977234385006,79.60383713879959,214.1261626198412,112.32087565957958,2.316890857693472,6.204991205606406,205.88499748463477,17.319981415995837,0.6828685162333245,2.629103783628416,159.8076657205293,0.3081664697276858,11.971327544730276,23.256105034845824,False,False,False,False,,IO,0,1.9223198187240391,5.227130002680603,-0.020731895889781526,-1.073926781862042,-42.37488218261625,0.3433260785616372,-0.30806293673287843,283.56994590593166,1.446786250521141,0.01633117215919999,True,False,0.3019418174459659,1,0,0,0,0,0,0,0,0,0
28.21330343021149,37.79012925239056,211.3943066760331,117.32229218765907,1.0862829825031075,1.2842795297387872,177.82205356775685,18.973627365113053,1.0449383639555978,1.272588834223524,62.02023143481564,0.3265613883480924,4.328674605526918,9.531481060662491,False,False,False,False,,IO,0,-2.141428608108038,1.8474608656225797,6.197863126195561,-3.6575545617011187,-22.142673215306203,-0.09982740973404347,-0.30819130219053914,-112.70407855390252,2.5660275332861104,0.3450457033610411,True,False,0.0590933935541245,1,0,0,0,0,0,0,0,0,0
21.87677987712378,27.76218508361069,216.53011380199052,110.54708558794358,1.1822555032933462,1.3670951374851703,98.51311783045564,13.734232448012818,0.7136113845628259,1.3004701739627806,,0.2313503114436521,3.4858650815209438,7.268617307666634,False,False,False,False,,IO,0,-2.1790592173733376,-4.283433451301249,-3.3852983855360463,1.4796251679547936,-28.77684155701901,0.003436996585285401,-0.179810731148498,-195.42267597389485,-2.678316010322664,0.013409851284465035,True,False,0.1431084692015731,0,0,0,0,0,0,0,0,0,0
24.872602655277948,33.709939368365575,215.1824131749073,79.26450616471868,1.3992673455097024,1.5029539896521302,139.91088030403472,11.53556802926265,0.967797759133709,1.631243802865178,49.50720519162424,0.071883218181128,3.5623438970792747,8.931131788642261,False,False,False,False,,IO,0,-1.8873739804045637,-2.881499628154714,-0.8851772179084278,0.12128511082042337,-61.152647438979784,0.1639274217948976,-0.3971384836061729,-127.59568486658702,-4.838622259380797,0.2699903832641066,True,False,0.2705731617987913,1,0,0,0,0,0,0,0,0,0
38.28684196220389,59.524556291617465,211.2658439854316,120.84361864312544,1.6416782096702716,4.822499038091276,200.5358688623888,17.543273871487912,0.753597913406594,1.8542929972452789,125.12055673888192,0.5230557431692541,9.579741033720286,18.827912534820104,False,False,False,False,0.0,IO,1,-0.02708138788229632,0.36733039334627193,2.9413321954220137,-3.863139596879307,-26.54584903539694,0.04585938592884431,0.6698742420139165,101.58805134846259,1.4137220146086626,0.07105985092127698,False,False,0.195298856662686,1,0,0,0,0,0,0,0,0,0
29.44936456738172,45.71384542085446,216.71534974710093,103.44608563751058,1.5666234507253434,3.38755076480807,179.2218051520516,13.866448578892106,0.8444440859874172,1.8071278053189324,90.0892579862778,0.2018830212893126,6.46317959560425,13.201803975108282,False,False,False,False,,IO,0,-0.9551374016724177,-3.398864528010023,0.09996855985856001,1.620217679336605,-40.465059312004655,0.15063903172159465,0.3586611149393488,-3.815988351958225,-2.3851476105376026,0.154288523884194,True,False,0.31775888481875,1,0,0,0,0,0,0,0,0,0
26.61420315087164,32.68418590111199,216.32301541392212,122.9168383619102,1.4691075832969565,2.161896697292229,111.83042178268413,16.584383142929592,0.5913083422723413,1.6214637414223891,61.717082635932506,0.4113313209745984,4.506740965315888,8.760849131973458,False,False,False,False,,NIO,0,-1.436898502999736,-3.6014837345071626,-7.235417417827421,1.245455930880297,-19.188682181536294,0.1464766037360985,-0.28365329032188313,-114.8591328667817,0.26943279040346724,-0.1028015231819217,True,False,-0.0690978033895782,1,0,0,1,0,0,0,0,0,0
35.184694184812486,53.00463339460812,211.0002918956328,165.7903706863103,1.5279384144745107,3.130262521093732,170.51489086179177,10.62669425215094,0.5719361166118881,1.7112001028787822,90.04880745163439,0.258698643399381,6.596542749608242,14.152703098397131,False,False,False,False,,IO,0,-0.45189005666687654,-0.41348685596042145,1.442521954523059,-4.113196483137358,19.993071612006275,0.014437051040557147,-0.507983374966829,33.075699737141605,-5.558722218149356,-0.11408878268507161,True,False,0.4412432866742977,1,0,0,0,0,0,0,0,0,0
36.76706047136137,38.99368616410939,213.76885491966303,110.11069173507384,1.364167398854515,2.1786779770217266,120.53618909211188,14.99126910210145,0.7689558932522481,1.5707835516789035,63.34356136337182,0.3263141157101179,4.659054586744016,9.27498364023811,False,False,False,False,,IO,0,-1.1247091492872796,4.84544164398811,-4.6159028594848195,-1.3200918959227863,-33.16490400710698,-0.018958190682564213,-0.644885992319769,-77.86628496312484,-1.2826266796476435,0.0774084833473081,True,False,0.4961039507195982,1,0,0,0,0,0,0,0,0,0
37.34026484539394,58.61997350271549,219.33885217127727,120.8785870657544,1.5285308528145136,4.5048127973240994,213.58006223179777,18.859807564159983,0.7421421036322318,1.678750753231817,110.34743245302872,0.7626481874453408,8.117127567918478,16.10432396646229,False,False,False,False,,NIO,0,-0.26594194510883457,0.7259863006920995,4.8600104533513075,4.218581200605541,-25.6156392772032,-0.021002676196999914,0.641411926537895,92.98939318337358,2.6988442656800373,0.057643469612040255,True,False,-0.1733049037620627,1,0,1,0,0,0,0,0,0,0
33.88482137069256,52.7888456845698,221.65807139058225,180.70612281030984,1.2442635082382167,3.1978007706761424,166.77336334834018,18.423730030587187,0.7060384753000694,1.3722871567253387,90.07122659294244,0.2036892108538553,6.715947329381423,,False,False,False,False,,IO,0,-0.8537471303234357,0.4825538353448451,5.976565843396017,6.55924103931514,36.41497053355033,-0.19136784890644387,0.04614287222598579,-7.077586520505093,2.185467204456703,0.01671512627642746,True,False,0.5518030827605773,1,0,0,0,0,0,0,0,0,0
41.54824581417705,59.050596992954894,219.41306583253515,281.51624882266884,1.3808913879613207,3.363037956332671,176.7188528260313,12.846568116506926,0.5070409997374454,1.5520375816565588,88.82596475514482,0.061049306183268,6.197160607479226,13.824859415702829,False,False,False,False,,IO,0,0.004458579890173447,3.4563867971034696,2.0945798183866273,4.282931807080757,134.00857040562963,-0.22103910495257795,-0.8277769594891486,80.62883170941907,-3.278836065815767,-0.17523818215350495,True,False,0.0216372959540199,1,0,0,0,0,0,0,0,0,0
30.17633231610356,34.663095584359375,211.8709360868737,162.69537034718556,1.2293367129314965,2.5105315749343524,96.7184625705386,11.326942522727794,0.4959612450566009,1.4046313367242027,75.89274946071127,0.7308785458362264,4.991178123947682,11.566976466604764,False,False,False,False,,NIO,0,-1.2923989166322807,-0.8289601629889667,-6.964450051266304,-3.2118941231255462,20.048270213579002,-0.12129472857681112,-0.10998550669230012,-116.87816819538645,-4.969005360863278,-0.1969625653238456,True,False,-0.1244285320557328,1,0,1,0,1,0,0,0,0,0
37.43319767669679,53.24649367649156,218.67499129244703,189.22704882834157,1.5055359533265067,3.8452964334081714,180.2885464042275,16.06305475900717,0.4859295396720637,1.6387322204846868,110.24213099466618,0.4132127694916818,7.433988885791705,16.509875211529682,False,False,False,False,0.0,NIO,1,-0.22829819638358656,0.613218096379363,-0.9584073344461643,3.5533472388055145,42.591734981127274,-0.05129200731791328,-0.06368531056784255,63.10872958826211,-0.09295818505493614,-0.1982601138154118,False,False,-0.0348569047032539,1,0,0,0,1,0,0,0,0,0
30.57464331569558,39.03529966330191,220.52459015096403,179.73649543086745,1.5582454861951178,2.794151866767041,148.21103270116592,18.244131188077635,0.4348566830590928,1.6870027546170263,74.24034297582975,0.2541593528581584,5.545135004553077,11.32959506844336,False,False,False,False,,IO,0,-0.861454622437443,-2.7855072901873825,-7.685879903691408,5.4260409360481106,35.47423057534701,0.12410765124712086,-0.3481734271323793,-26.338283233067727,2.0048547854854775,-0.2545299291915106,True,False,0.366952479858123,1,0,0,0,0,0,0,0,0,0
16.830682302950134,27.59672151046923,217.7714495019384,95.8634546234476,1.28438602622772,1.277909622331918,114.47229812879414,17.620700560770203,0.716422803917063,1.4735575039636937,49.46771296890585,0.4284976963099999,3.6300068190537966,7.616018537840351,False,False,False,False,,IO,0,-2.3648175795829407,-8.314470390582738,-1.3551531305018436,2.727736538559469,-42.764256427038035,0.14156291634552876,-0.04407102927245554,-196.29482480446313,1.183723883669181,0.014696562827827941,True,False,0.3407727749076925,1,0,0,0,0,0,0,0,0,0
22.97462224597253,32.149667009585144,216.78976444870204,107.8710229958866,1.242140179973831,2.218658760396876,144.823144274357,13.95136062255476,0.8687565882562037,1.419844179900328,,0.2752161309427041,4.667932689887818,9.618198132814436,False,False,False,False,,IO,0,-1.9658509280850929,-4.350649489056007,-1.5178752963922477,1.7314988880594626,-32.252001647098055,0.02200715644829576,0.41358997424947885,-129.79411739321472,-2.433149804698802,0.17030507225918645,True,False,0.132901672872995,0,0,0,0,0,0,0,0,0,0
60.69951825473267,113.80138774377852,216.46915126129988,122.7377159040286,2.692431545924883,10.191302148604018,-706.0409404290592,17.191297769946413,0.6979876319612787,3.033517468576034,250.28634169726652,0.0944024434657748,18.866236425185257,37.71244259795074,False,False,False,False,,IO,0,5.301839372015257,-6.339423661643231,-5.768101551490531,1.1457914388259667,-44.62436757009756,0.06399908840427981,-0.4138378623706682,-322.1420201444817,1.7625275121216717,0.05918944212286403,True,True,0.6220788083950857,1,0,0,0,0,0,0,0,0,0
49.14309097530723,89.13358513884238,217.42284835348323,241.24422855758135,2.3347175484411475,7.888426129391942,290.9757421006926,22.00942188510398,0.3609377863993221,2.603945786921181,199.78361142165397,0.0376834203087991,15.04092286396668,30.547226375652773,False,False,False,False,0.0,IO,1,2.424596775059267,-2.1734055961348417,3.572251231762138,2.204438036402962,84.66595357469873,0.2638238623103586,0.7671907344367552,414.17136721715,6.20227882745526,-0.30147685983532485,False,False,0.4645484039911191,1,0,0,0,0,0,0,0,0,0
42.93244072299255,63.84016947014965,212.79544256878535,141.11810183606295,1.692491940444852,4.623742867141336,223.62453528829985,16.82057874923611,0.6713859309498177,1.8595052101779117,125.439239763474,0.4729548726883238,9.267466767549855,18.778207431012927,False,False,False,False,,IO,0,0.2905992600206266,3.276990506110927,3.5020541982385893,-2.345128644998084,-7.4620222271465195,0.03511442912056273,0.08645496451189949,153.46135755659293,0.7328035977080489,-0.008544603349637137,True,False,0.2723771189410403,1,0,0,0,0,0,0,0,0,0
25.165735122673983,41.70679328571446,207.60361672195316,144.2999141094022,1.306267741619055,2.381751603033725,94.42621993109286,9.46740825672552,0.6755801505051089,1.514448709259695,73.74135082396694,0.1917087955850248,5.536138500683167,10.84159836708482,False,False,False,False,0.0,NIO,1,-1.3802482927789395,-5.359511976681141,1.1176012591698452,-7.476009118492584,1.9820704832041827,-0.027340653832591322,-0.1323932014010163,-127.13033116415296,-6.840092289977996,-0.018064729055739193,False,False,-0.0488743133608835,1,0,0,1,0,0,0,0,0,0
61.2042053551914,116.92411465905462,213.84336856658288,85.52336597403502,2.5156216900675155,9.521679531164397,-636.209168167747,16.81280135240257,1.0143998125338158,2.9255397401638152,249.5153928406172,0.3559351636675083,20.027081257202283,37.42785414844799,False,False,False,False,0.0,IO,1,4.79125534822902,-3.044693963988003,3.389577313273435,-1.461367334218636,-79.92506574996605,-0.013872155319993418,-0.4652206278017683,-298.573617403034,1.3168865629245783,0.3714107403043517,False,True,0.4524074405115256,1,0,0,0,0,0,0,0,0,0
41.63095503570077,64.53091380655302,217.49277687011224,208.09316031376832,1.7646289249770624,4.908158038064677,193.3223034801289,24.175827884850435,0.4814293130620665,1.9258838948758856,,0.1793576757328225,9.422309534373971,19.126890409367498,False,False,False,False,,IO,0,0.5544931266521782,0.5334794229184396,1.0736511843662129,2.342579936617625,58.52397091321848,0.05611527993407961,0.05133466732088454,147.07021363454166,8.122756189082203,-0.19633517587119964,True,False,0.5988334176367888,0,0,0,0,0,0,0,0,0,0
41.07921437413199,64.91202741370671,217.69911649441832,153.15759931179167,1.761944809543267,4.8476187301113285,181.7536375089276,10.850436747537618,0.6413983596101206,1.989663310494013,,0.055223441642907,9.237807118134183,17.856736020807578,False,False,False,False,0.0,IO,1,0.5074135796876733,0.23900090698756316,2.011231093829039,2.5506368214610404,3.7648624699717743,0.06255402150231437,0.04780155382721585,131.23572974390115,-5.208826160615082,-0.036752559049028855,False,False,0.4918714120894559,0,0,0,0,0,0,0,0,0,0
34.4503281367882,46.30636425270447,207.6028020101749,126.65758412861928,1.1993828969226636,3.5758681009793976,164.7308844855196,16.118898647316087,0.9558779020816844,1.394427097175522,90.91927050448857,0.0413549471503586,6.81978307124102,12.60962390231402,False,False,False,False,,IO,0,-1.1227775451626538,2.518154224379842,2.673944240410094,-7.486215262068868,-16.625251200860475,-0.18411698993352066,0.7499652518600111,-33.49656937476277,-0.15474311815312802,0.26434634681640257,True,False,0.2339412462595286,1,0,0,0,0,0,0,0,0,0
36.27686909256269,49.98457361053467,217.0400927476444,119.7364844808294,1.4895622687204078,2.372417239077282,164.5490259361731,15.094658267871464,0.7674967512019821,1.7366341571610688,76.25485585532806,0.2125430190739548,5.3963013138777,11.709138060696162,False,False,False,False,,NIO,0,-0.8097875412999711,2.6343881540982537,2.6527044459258207,1.9396589385631273,-24.719426857221748,0.04541262560261661,-0.8324690577287157,-5.3188014372738905,-1.1378236370410715,0.07853422323613612,True,False,-0.0457132127733833,1,0,0,1,0,0,0,0,0,0
30.352454661724256,37.397724465928384,222.5422046902634,126.61451662348462,1.133006732624387,2.822353450190667,146.3828766296836,17.20051624263462,0.7844969610274637,1.270761105515953,63.1486615611569,0.293688910656718,4.476325047780658,10.210061408425664,False,False,False,True,,NIO,0,-1.543734633182628,0.7205646447227814,-1.2591074342309554,7.468542132365343,-15.090585696953227,-0.1689220354423031,0.5061658206535617,-89.98696400302089,0.871516367227656,0.089510182791263,True,False,-1.0,1,0,0,0,0,0,0,0,1,0
54.69395337969481,86.55006098950082,215.17629919868295,122.11388607700836,2.352441501397831,7.858105620860146,287.2977393818674,16.777008612615088,0.7171876655535817,2.627235722731966,199.71379700768284,0.1496617561989243,15.226265630832954,29.367399982490262,False,False,False,False,0.0,IO,1,2.3174132674965935,3.9631518905218925,2.2556043989523573,-0.038201522412265376,-34.06266872412856,0.3023173399442336,0.8666532053290155,400.7816030921685,0.9557703501010053,0.05389325525752853,False,False,0.348509236893876,1,0,0,0,0,0,0,0,0,0
34.85932562019521,43.79049701693513,214.35740647678512,84.16235067505603,1.67650528155522,2.885956143122122,175.51481927521897,20.5598879442517,0.7494915307985897,1.8645433427226232,89.86804109132584,0.548240907933164,6.35058718256652,13.550229635416448,False,False,False,False,,IO,0,-0.814085408661999,1.2403300092352225,-3.49057262828655,-0.7428705644746287,-60.27745240066024,0.23318845930945264,-0.31372608783365896,5.257567602040837,4.326840846779881,0.060493725864003034,True,False,0.1565524493335938,1,0,0,0,0,0,0,0,0,0
22.813235379499964,29.49798804388873,215.30287798800856,106.68373701275829,1.1392478403622612,1.666726032062934,142.96135796891687,16.339133145603242,0.8166414295417803,1.3193723435327231,63.30208965509051,0.5040629557518693,4.502166969960962,9.250227443541492,False,False,False,False,,IO,0,-2.2347568913565725,-3.042622787504957,-0.9911654138830528,0.25442096692833616,-32.431437123237174,-0.02877782852436006,0.18726160326372177,-156.0211312916983,-0.08073985494186076,0.1159827288037174,True,False,0.2245185296125087,1,0,0,0,0,0,0,0,0,0
31.448963623972027,41.56933851660523,224.10073168151263,152.70971566579152,1.5300570370063251,1.891431038708135,138.25257459013667,21.10903822884819,0.6637730811215113,1.7000142291312128,73.99280809466427,0.2618567216878981,5.178938439306057,11.119584943879188,False,False,False,False,,IO,0,-1.103760999124145,-0.587124572916963,-2.287851438032021,9.011020766993738,9.355606961289055,0.1428722117561363,-0.9574979648948532,-58.251814200762766,4.837897240955112,-0.027602386008970692,True,False,0.0877093770067298,1,0,0,0,0,0,0,0,0,0
39.84480614981717,55.71277910378666,209.85173865851056,130.60280963485928,1.5767243256124694,4.717051156957251,168.13838896023583,15.52937736485407,0.83170878683623,1.819686138228616,109.65359158765044,0.3060354331182276,8.265188046893467,16.65276550437821,False,False,False,False,,IO,0,-0.07682678062296047,2.1971240121499562,-0.2824691825272083,-5.2754304246095955,-16.600213984616914,-0.009455065854363953,0.6246604904518156,64.68320462898113,-0.6067162773961918,0.1487624133173504,True,False,0.5291762567411883,1,0,0,0,0,0,0,0,0,0
26.6566382318626,34.586297208402165,217.4604313538383,154.37193558471404,1.237237035783834,2.612626956307465,112.8953193775534,14.599452904101469,0.4940495474671691,1.392762180899335,63.97252649847639,0.4148858760477246,4.551018326812167,8.803564885494625,False,False,False,False,0.0,IO,1,-1.4554397897572975,-3.4577313826058784,-5.11415359214508,2.3835481776454515,12.335907160488347,-0.0818010989297615,0.18952765623355194,-115.47423770183171,-1.717935726861871,-0.2002125051855954,False,False,0.1895612512696741,1,0,0,0,0,0,0,0,0,0
51.2740537012068,85.24370444960206,211.4073287434116,160.76838011301518,1.7609093554897228,6.514298065153903,258.75706697736274,13.323268067845577,0.7492551959247307,2.041088425394621,159.49194598277617,0.0952074819407802,12.63530345696504,23.4463912497538,False,False,False,False,,IO,0,1.411863391590743,5.491551825734874,11.652579209751082,-3.774141390799457,7.985795792980326,-0.1137415365986536,0.6193292746191439,290.1902072493619,-2.61705484963964,0.07852801677506416,True,False,0.5766216523134773,1,0,0,0,0,0,0,0,0,0
42.222348276503865,64.69593149630764,212.5974919606764,133.9474522147457,1.7776139786844218,4.396564476889688,199.15706372574616,8.731651883519389,0.726811144492949,2.009516176482843,124.57734995112916,0.020572644392227,8.718414094885267,18.599374413539387,False,False,False,False,,IO,0,0.4004106641145848,1.9668430621937034,3.0598779491279373,-2.5470847035193174,-15.044241298032091,0.09895772103964218,-0.27368838949333263,138.94375776523447,-7.341682480685561,0.0477819440745294,True,False,0.1456093965901783,1,0,0,0,0,0,0,0,0,0
41.349789938558864,65.40439344578533,215.5411904743028,210.5145112966632,1.454618803844288,5.479507072623648,179.07635560538824,17.103125647703358,0.6075560367711837,1.656582299035143,125.00779334753432,0.6267772210807859,9.69844206672947,18.67731220105292,False,False,False,False,,IO,0,0.3731367326100267,1.2433207832433553,4.090709691696816,0.39760864649124983,61.6250395619376,-0.21875243741775474,0.8422788027644854,116.39179337230837,1.0262046155419071,-0.07169702854302629,True,False,0.0357273521834062,1,0,0,0,0,0,0,0,0,0
33.22800220007614,44.07570604823158,220.416515296845,144.1530943054986,1.2183606253565629,3.0953123353913377,124.3027432898175,24.21600115388737,0.6965972087011529,1.405360250557077,90.1876552360148,0.1967175586421916,6.076784686286414,,False,False,False,False,,NIO,0,-1.1385656323210585,1.3821009355535345,0.6298965504392982,5.3280739065029366,0.9294321957325451,-0.16207991894498086,0.2885264664624563,-75.35524908360662,7.940283170462703,0.0049360645467204645,True,False,-0.0400141793644315,1,0,0,0,1,0,0,0,0,0
36.48027890690146,52.20342043467595,222.9510105859536,160.38003822124472,1.5385128701383664,3.996389667509339,198.6366290419276,17.832941909143443,0.606618977100167,1.7305993299600453,,0.4364124770425982,7.784173905902625,16.894823837394593,False,True,False,False,,NIO,0,-0.34769553299987205,0.3127358299453533,-0.5902394174945798,7.833721636548489,14.192221576315944,0.004821173510990651,0.2319799984143205,70.6383712911956,1.6612275763298925,-0.07855069176627172,True,False,-1.0,0,0,0,0,0,0,1,0,0,0
37.23638254922984,56.347221996387816,218.0786101707409,165.10574114819383,1.6821838602169676,4.67890363217443,171.06443155471553,18.74698941664672,0.5392448009707383,1.8744605411364648,110.0462733739622,0.2079564779823381,7.840853242291893,16.291219513444485,False,False,False,False,,IO,0,0.08884993977290297,-1.3166258143550849,-1.6062760591283336,2.945397909378073,17.281766752409624,0.06390039965456018,0.38590357264639064,82.62100430836735,2.632683149791273,-0.14234169519638817,True,False,0.273373668402949,1,0,0,0,0,0,0,0,0,0
37.51914518657372,56.8920285586089,213.91795879784243,203.2750752849708,1.4361719033746616,4.367564233792349,188.6077551131196,14.34787469994218,0.6469577887579533,1.6867274383900788,110.3514788374806,0.2345150200154371,8.410928359388777,16.289091196966577,False,False,False,False,,IO,0,-0.17643234701609387,0.41574912173333445,2.0740885684428747,-1.205577100179454,56.44536997858427,-0.1307063818284293,0.395780808715009,76.12743699465855,-1.8013176073542976,-0.03680614895173673,True,False,0.6392076615147121,1,0,0,0,0,0,0,0,0,0
15.331387462910754,23.57475373154217,226.2957418290001,102.03195721794911,1.287831754039239,2.3804412555018373,134.79413814138246,15.022666434905318,0.5344017046942507,1.4033105527126333,51.27289412793883,0.3093192728513075,3.6083227219959273,7.64132939511495,False,False,False,False,,NIO,0,-2.207992403095796,-10.670722954186104,-7.230748051053116,11.246308553846603,-37.183529319953536,0.11461978632693715,0.8685690887191231,-161.76325485155792,-1.3936868921962606,-0.16603731266687105,True,False,-0.0607451066156888,1,0,0,1,0,0,0,0,0,0
36.34424147764931,47.07877190860186,212.90242511777,126.26846086427508,1.52291647269119,3.335488904127608,131.8215104629303,19.938565953333047,0.7484196196139872,1.7908134916306158,89.91757928223619,0.1174581183287715,6.3851413853083,13.43554586196625,False,False,False,False,,IO,0,-0.6372844820598127,1.7591323702544415,-2.2920323286990865,-2.2043008652020717,-18.833986138501587,0.0453399840889428,-0.07827244721848681,-22.41603393817735,3.728769123906307,0.060872999705762765,True,False,0.2455012826928704,1,0,0,0,0,0,0,0,0,0
24.11158418497025,31.05628833149402,214.0955589355439,119.12358148519208,1.329140255178663,1.34118768016851,109.0972523897431,24.03477456115928,0.5274871758771454,1.459773321487641,49.97180356526428,0.0628024098219806,3.4455645800369115,7.918738406452906,False,False,False,False,,IO,0,-1.9082063618495477,-3.5286813371757226,-3.292595675700081,-0.9648092523576679,-21.215493053447048,0.09783713404986472,-0.5336799371962915,-160.29690838878895,7.657844702865823,-0.17049119253529843,True,False,0.0759409667281859,1,0,0,0,0,0,0,0,0,0
31.6614055101126,46.93940333691548,207.04585539409584,83.02555040617013,1.7011777151368692,2.991278046616082,154.5861170756226,21.95179174318728,0.8067965534486576,1.925989019504416,90.95146992906857,0.1655856652104198,6.2053059191459,13.033288731099669,False,False,False,False,0.0,IO,1,-0.8523528273722046,-1.7484810741009298,0.11064324778698875,-8.053025815380181,-61.27082767115995,0.265276176410997,-0.16206814134190495,-19.13849677476071,5.713712275356865,0.11748464888746246,False,False,0.0789869621721295,1,0,0,0,0,0,0,0,0,0
30.673861712605337,38.246438350613296,222.0021411584936,184.48405255057756,1.2794299558699225,1.846201529123749,147.5948575125592,19.220978518912087,0.522778139810677,1.4311384131260745,74.65286565473035,0.2282131908508013,5.6060712650050135,10.551306701468263,False,False,False,False,,IO,0,-1.3658068280831646,0.06970046829061616,-2.5134475117331903,6.9219885551747495,42.112082800368626,-0.05697683985984758,-0.6854296998373499,-72.65317081952935,2.915377102103381,-0.17074820396120205,True,False,0.4256823207629499,1,0,0,0,0,0,0,0,0,0
24.71365404852911,34.30185927231543,219.5525362681824,171.99958925671555,1.1390580713296123,1.9527616908775185,150.3831999684087,16.140602317562035,0.615055762662849,1.2631552411041638,62.16771939786841,0.4117146792595818,4.664148201470862,9.295106218100695,False,False,False,False,0.0,IO,1,-1.835646141053889,-3.3231105755288866,-0.9046650556603524,4.489521393730371,31.388561450746607,-0.10630543400070769,-0.009965354273051119,-112.43637141694262,-0.226785483371593,-0.08232703021754384,False,False,0.3064328315570084,1,0,0,0,0,0,0,0,0,0
23.547990999125545,35.75256322570881,225.420746234324,144.02477206261872,1.1938112763203268,2.5220373355309524,99.01096370675184,16.838875657069295,0.6063094887677231,1.3241900951891554,63.17418284798317,0.4728006960271858,4.64568073007506,9.480118086467506,False,True,False,False,,NIO,0,-1.654821082606016,-5.476876644625317,-1.5912597409982112,10.351135635039157,2.736018018763957,-0.08659167303538728,0.3403585563538427,-147.42427893405687,0.4952673190546584,-0.08958908894336215,True,False,-1.0,1,0,0,0,0,0,1,0,0,0
41.558709321812,56.56320009444018,207.8517305164777,115.9464258386164,1.5212404208508117,4.343533669062428,193.39595897411533,12.985970722286982,0.8987720093312258,1.8024669848938597,110.61540791415044,0.0760393344499072,8.18708279038047,15.87962202795124,False,False,False,False,,IO,0,-0.1893307295135777,4.525795361632966,1.8977151654826798,-7.271334903710681,-30.8349367639443,-0.04313847541018201,0.3873682298892702,79.74693480945909,-3.164917791337018,0.2149022014776154,True,False,0.4871600715413014,1,0,0,0,0,0,0,0,0,0
27.704404080173727,38.87916633020227,220.4363352951765,105.31483934757291,1.3170383235029437,2.0723232026241623,146.23047549987402,10.207329914789373,0.7495434918424887,1.430189369880583,63.22887040348327,0.1382456682837854,4.135646317418783,8.75612321914987,False,False,False,False,,NIO,0,-1.5276672890341232,-2.015284560579655,0.03242318062100935,5.36208666927601,-36.450482838386066,0.011996099752839218,-0.26331954498514554,-88.68352349870932,-6.119557018873426,0.05468859464158471,True,False,-0.1962350298693345,1,0,0,0,1,0,0,0,0,0
64.34252152163403,119.32342481980348,215.53462263651775,136.86527172530032,2.699776431937852,9.782026222473467,-734.1038464690922,11.492806568960235,0.6682399296183408,3.0812628275759866,249.9608362249737,0.0238904983054507,18.631139664650224,37.59114889116899,False,False,False,False,0.0,IO,1,5.6024818358526085,-4.33925534757131,-3.7995693614579693,0.20029666266214008,-31.623609592632135,0.013086867389562329,-1.187146237013744,-322.9640946075107,-3.896427595902283,0.03190941825986471,False,True,0.5437132215500751,1,0,0,0,0,0,0,0,0,0
38.30971074889473,55.02260910589099,217.62593753791688,130.54547200658158,1.5887050863777854,4.194749207205095,179.25106014213753,16.19920013808775,0.7748079161604584,1.8056609256262,109.144782906985,0.3062388601885659,8.155913917868851,16.12110971634252,False,False,False,True,,NIO,0,-0.2156638393902868,1.4206918086339684,0.6683737370118905,2.503832636963125,-16.137194985748096,0.029428898433103257,0.2704691721861341,63.21602635696988,0.04484867958636585,0.09072196569105384,True,False,-1.0,1,0,0,0,0,0,0,0,1,0
32.395707063862886,39.675375215538565,210.93752225237773,252.79727745116804,1.2283051494516306,2.9901254820781493,148.36898737969844,14.832030954293293,0.3839211479005467,1.4126916882517015,74.96316355235007,0.3684800114988812,5.337482747672592,10.52374414149654,False,False,False,False,,IO,0,-0.9406829533233612,-0.5315071245479999,-6.10934894419583,-4.158137051847859,108.83195771534605,-0.19048018574256265,-0.056266313552827185,-33.35910692883053,-1.4176643978217154,-0.3061157718436595,True,False,0.2638697196362131,1,0,0,0,0,0,0,0,0,0
39.76595083732473,57.95062269413722,220.92408759823027,135.23727869049884,1.634282610135859,4.276287702587994,188.89634155779575,10.122233181121262,0.6427229908675292,1.7855380265045866,110.71247742048884,0.4847855707963684,7.91915827561595,16.982670646157032,False,False,False,False,,IO,0,0.05923852531172255,1.3747515078284351,0.3471227880038512,5.791955434633621,-12.47571311972166,0.02173711259932487,0.019142577098993918,97.76986167876866,-5.995967145209141,-0.0391065562954338,True,False,0.254176044928664,1,0,0,0,0,0,0,0,0,0
22.54564322504945,33.44337966564342,215.7490499919616,90.02281999823992,1.1080036160299784,1.5666940678533436,121.64705214734244,15.850706483801057,0.9996271266707144,1.3540032727747044,49.17776470758855,0.1701306930405181,3.4281081337090606,7.1841026635364535,False,False,False,False,,IO,0,-2.2794153300190825,-3.066182734937467,3.482075727072875,0.7022219197417598,-48.924975811519175,-0.05136834703064652,0.14130423838237216,-181.3818814863323,-0.5750393404296066,0.2986018687050779,True,False,0.0468468895151012,1,0,0,0,0,0,0,0,0,0
64.54761076638368,113.26319826696444,214.68554405317192,147.65401733466828,2.298980160723524,9.861216938687518,-690.5716878922243,14.72627870213622,0.7198519759604008,2.6381936268704087,249.89454023066975,0.0284432588828556,19.783197570044567,38.07490580193268,False,False,False,True,0.0,NIO,1,4.994700335045219,-0.812996230592006,-2.675998571872057,-0.6266126507150602,-18.556919358031138,-0.26993631385587946,-0.372024258543842,-334.50224542003747,-0.7428819827858195,0.07853278365877459,False,True,-1.0,1,1,0,0,0,0,0,0,1,0
34.83310450512721,50.96157390786469,217.49895494764127,150.41341902997547,1.52187741640035,3.582872725644805,138.360553887687,11.30860457886368,0.7101869753754003,1.7171146877405037,89.75035814522238,0.0977520581963805,6.554930762835969,13.514235395554714,False,False,False,False,0.0,IO,1,-0.4491462790943458,-0.7800696728140437,-0.6329681705460999,2.385366487599015,4.60583636960331,0.007844376430544253,-0.05869546911951584,1.1699729619557218,-4.876451070001778,0.024184597051636003,False,False,0.4027136692925641,1,0,0,0,0,0,0,0,0,0
48.59724371006463,66.4183413646239,211.28026474026035,155.27050558252583,1.5328061481720532,3.5022380725023274,219.80532995409888,14.519283957519718,0.7822192569463293,1.7931465059696143,124.62526409605132,0.559040325641817,9.439062616691247,18.89737943102765,False,False,False,False,0.0,IO,1,0.19204141870724123,9.48035436219132,7.245150588706373,-3.8567115049550864,7.0597729940423335,-0.10547328021170399,-0.9157112249431427,140.71195147316078,-1.581452077599387,0.10147975820142008,False,False,0.1399379605510507,1,0,0,0,0,0,0,0,0,0
27.32896943630976,36.16674586263469,211.607513365696,117.9921806688253,1.1077240643791206,1.653138283546058,133.33566324380476,14.716187997134623,0.8343407864971518,1.2644404825655582,50.16136666920657,0.5231993269056311,3.5029187773728534,7.394250126951573,False,False,False,False,,IO,0,-1.937797328612793,-0.14959878643883684,2.167618319089449,-3.4517754702839625,-22.235987921534317,-0.11784505598419792,-0.1858991588421821,-138.73969742748224,-1.6646332316520809,0.1361195349239256,True,False,0.1715312956214225,1,0,0,0,0,0,0,0,0,0
32.56205736735382,54.91328362687928,215.54318157696625,238.07346768971695,1.5541793001853177,4.264128792377839,161.72165787380595,13.533451440302134,0.400379996066521,1.6992233871339883,90.2719784644062,0.1184954674050267,6.5608660256689655,12.172418877727152,False,False,True,False,,NIO,0,-0.10143690997906375,-4.951144829642949,-0.7910802188416284,0.41691016611963505,90.96268200742466,-0.027231254166611985,0.20153726180736875,56.03658099736316,-2.605878565666071,-0.2827683778146009,True,False,-1.0,1,0,0,0,0,0,0,1,0,0
33.21804120621789,44.33433544536224,209.6078803313881,176.77621119092112,1.416510610476066,2.6326506450672613,128.11689386900667,19.70668065910376,0.4476510277313459,1.656232943748169,90.28468797050684,0.1996495213711518,6.138322369042948,12.931606754473147,False,False,False,False,,IO,0,-0.8545490976780205,-0.1798440473179923,-2.468465379186455,-5.490920767539535,32.4880646608363,-0.018965345141437107,-0.5180361924888675,-45.80672124265777,3.4683123699742104,-0.24167890385404478,True,False,0.0169651565212477,1,0,0,0,0,0,0,0,0,0
68.69918546704008,115.05559283733004,218.19468442751008,123.75594695564716,2.53197116746032,10.083452218119453,-768.7537123001287,8.38839375162675,0.7315436936629219,2.7539111578038784,249.62683041137575,0.1556377896454396,19.429929632617768,37.43714527014064,False,False,False,False,,IO,0,5.605261487433504,0.0022194302251676845,-8.100256002411768,2.8602570638520035,-44.74335240293034,-0.15525702512334805,-0.8890859780574107,-357.3620997413207,-7.00047487417684,0.09523599773211477,True,True,0.0939076311481044,1,0,0,0,0,0,0,0,0,0
42.78140505156461,56.24511078647463,220.6242263310073,193.7073623686181,1.5199673067803048,4.1008356039501095,185.88811753881137,8.056804037156116,0.5927685157153735,1.7254995452217805,109.04248822420752,0.434659566287582,7.388869525859922,16.682364568646353,False,False,False,False,0.0,NIO,1,0.12947274101414635,4.006416875450405,-2.188536749094844,5.4895323235788,45.73113507993327,-0.10618785244192952,-0.2413525097620779,101.12547068746919,-8.052160113932448,-0.08848454780508586,False,False,-0.0690382379849078,1,0,0,0,1,0,0,0,0,0
38.65988541550263,47.40770572586997,210.62019308628075,107.9343234391955,1.4078771507409995,3.050966874377369,135.10799524426366,16.013143137796366,0.8968037893329871,1.6065240961850544,90.17016995066624,0.3592974114184786,6.108435953062211,12.60516298880594,False,False,False,False,,NIO,0,-0.7753189280057105,4.82905369660417,-0.33157223984823503,-4.481497990408286,-36.650775102297345,-0.042951660941835224,-0.19565568793877786,-31.636674883007316,-0.21480596000008134,0.20812418033398938,True,False,-0.0107074508683228,1,0,0,0,1,0,0,0,0,0
26.51251687957891,38.90294832155946,216.77102133164155,173.19762023475505,1.231625340826651,2.999549697023592,132.79723872845972,16.384508757569222,0.6527238415172164,1.3839664320534262,74.67035196536571,0.6048067339862545,5.309135222917832,,False,False,False,True,,NIO,0,-1.386274559151261,-3.97980020415185,-1.6150150211691496,1.6916153036216883,30.902362852256147,-0.10081531258167686,0.4927017876279085,-89.30534470430507,0.07621572458658932,-0.04097050174098016,True,False,-1.0,1,0,0,0,0,0,0,0,1,0
29.218256584794723,35.55775198707571,216.2592749843388,165.19148318051035,1.4787942882236205,2.77398040574212,111.81261224882915,17.616860544075895,0.4098203896430323,1.660202472353159,76.24857061202785,0.1183572238033048,5.744972190076714,10.688867956392984,False,False,False,False,,NIO,0,-1.0331015870710825,-3.2039439076944944,-9.134611291938455,1.1669867166435495,21.572545375920782,0.07791740870422625,-0.16050643440802848,-78.2894170134145,1.3550116470203157,-0.28097510382603513,True,False,-0.0404755100232066,1,0,0,1,0,0,0,0,0,0
32.70502727735545,48.170717784116015,217.8347125485369,220.0772397315588,1.2969644159230511,3.296920149018928,170.14584449972887,13.844105966883625,0.5097979124734004,1.454201823141208,91.13530341500132,0.2098607044918113,6.157769791034196,13.617310082544828,False,False,False,False,0.0,IO,1,-0.7494740795695538,-1.267031398705214,0.12596136394601132,2.7320787623025637,75.3952755672938,-0.1588724910309629,0.01900339313623567,5.7429432443476,-2.3804443950279293,-0.17866956156804958,False,False,0.0349720287353672,1,0,0,0,0,0,0,0,0,0
33.113022809231566,44.726577361808346,215.68969103515587,241.05225493331815,1.713647148060155,3.554909024467712,161.31910629804102,12.328304779630674,0.3,1.9007442865079531,91.2223906478054,0.0465503179496632,6.253030367805822,13.490299607150089,False,False,False,False,,NIO,0,-0.1809960873645938,-3.9654350879778875,-10.037420569009846,0.5663216028650595,94.23965437227847,0.14765320336750154,-0.4113484028771892,48.42527346642913,-3.821487683945694,-0.38380139696844634,True,False,-0.0186588731711647,1,0,0,1,0,0,0,0,0,0
20.93214906372607,31.3439739229905,211.74725002038895,137.01102864300233,0.955018465514608,1.506700283628697,77.08433670371511,15.97073546922021,0.664881169407563,1.09129507326002,49.31852392024262,0.4724407302022791,3.516146138819529,7.871750801214786,False,False,False,False,,IO,0,-2.297465663891813,-4.58104239527297,1.596019585111236,-3.29891965284358,-1.8691151224375062,-0.20085578727951903,0.1031666721792539,-227.58011474291152,-0.4573840705158485,-0.03629224600690795,True,False,0.1935768980325488,1,0,0,0,0,0,0,0,0,0
45.78297431786192,74.02382583320458,219.43436049681225,186.86570859449952,1.6231443966370522,7.545945795529406,249.0292972316396,14.233687458608015,0.6717423809103424,1.8425692482384783,160.28391342491742,0.2795351170986033,12.716659055606314,24.53341146509376,False,False,False,False,0.0,IO,1,1.1262845002421493,1.5609937955929851,3.808158513670989,4.263307059277935,35.153464355173526,-0.1961683378744099,1.9967697507504942,254.58649708630878,-1.7441906114404624,-0.001328834658899436,False,False,0.4857810886821554,1,0,0,0,0,0,0,0,0,0
52.38174996426037,89.60136661662264,215.2538729112403,188.74849595002664,1.8732022571320623,8.070538773462696,288.8698210521942,22.204285618622777,0.6363305935327153,2.1275848319053283,200.3886398460928,0.392520450300351,15.39516798414708,,False,False,False,False,,IO,0,1.9135251266561517,3.857960572902549,10.080748237589631,0.05410430229315466,34.08570031793428,-0.09865832722124779,1.56813367000675,365.7578936019491,6.329933904074036,-0.030278937524168104,True,False,0.2687490060895176,1,0,0,0,0,0,0,0,0,0
30.364009660903108,37.39719344150758,221.79378095657825,156.94185604103035,1.044393738478709,2.1423128393958817,135.9282856550881,14.703091000299231,0.8618318558544608,1.1858278295826497,63.491006141817,0.6348827784330159,4.620800121634828,9.880196794485286,False,False,False,False,,NIO,0,-1.701224150472753,1.5927076007926004,0.6018409945162801,6.7258629427661845,15.827019134997215,-0.22701743886775216,0.016821141040328502,-114.71147999381415,-1.6466195894781634,0.16555240096948498,True,False,-0.0707715449077241,1,1,0,0,0,0,0,0,0,0
41.13117208362282,56.80368610722598,213.7470160553565,111.51385578785776,1.6667215898466357,3.41981278017069,174.16935132489144,15.787259393131688,0.879777975477504,1.9630974691880203,109.78837283039128,0.3461586218086655,7.92640825126577,16.32482876203808,False,False,False,False,,IO,0,-0.1992638105328422,4.152536592557723,2.255607254191311,-1.3756870485151467,-35.230277961093904,0.10426748011335962,-0.5243252036704349,59.62030331252981,-0.36493537380585295,0.19582663672517142,True,False,0.3381880691407346,1,0,0,0,0,0,0,0,0,0
29.675769349546368,38.777127885283726,211.50015394662535,124.66090911786893,1.279271952605903,1.8468198690786304,109.57041198513951,25.0,0.6744417364965832,1.490092124240818,,0.0624060637094381,4.384991993280697,10.861558705633572,False,False,False,False,,IO,0,-1.5671620444113377,0.1718964114684347,0.39720104771864584,-3.5726540794985056,-16.956388053151443,-0.018117159997908194,-0.441000716884381,-128.9221566062866,8.667919294638477,-0.020737334331262236,True,False,0.1335872926993346,0,0,0,0,0,0,0,0,0,0
39.79648238087099,64.94345506567049,222.469395906716,259.69497394852635,1.8407714791789904,4.562951072719924,166.58310747084386,15.220959093077251,0.3797959498784716,2.0426489897958007,110.00028837728055,0.4341164735102595,8.01088009489724,15.89059045175256,False,False,False,False,,IO,0,0.7600612320618546,-2.424302509128566,-0.943561682575762,7.311700727849143,109.35532220219065,0.0924237968364423,-0.5427841110565419,138.95728241032154,-0.8050792966775546,-0.29628123253326594,True,False,0.3321285022919085,1,0,0,0,0,0,0,0,0,0
30.5320111373946,42.60915812484339,216.78246275999336,242.8789270322981,0.823741683417559,2.050817259856051,129.2365956690319,18.224627460796363,0.7925922370738387,0.9420484059848532,,0.4150270559297693,5.24022616258764,10.98612211104534,False,False,False,True,,NIO,0,-1.7057049171183314,1.7851938422333653,5.866767012604413,1.7147081853865132,101.78088388896367,-0.4468012316790997,-0.0692489093430968,-121.80916655124659,1.8743276262250674,0.09627600397967795,True,False,-1.0,0,1,0,0,0,0,0,0,1,0
37.94701005568432,58.14032706825651,217.2410591805754,92.69640733430091,1.872691649497832,3.240977130279218,182.3765019316209,18.58523773354541,0.7833040342762863,2.1064079322193474,109.0982964181217,0.1676110178346806,8.235251796341853,16.950679291373447,False,False,False,False,,IO,0,-0.13757063377854745,0.6312574926347736,2.8630531366870287,2.1161057734469466,-54.27895036637403,0.2982829211282567,-0.7778619383778298,73.41739426222853,2.4411559495184,0.09985907417283924,True,False,0.2485803484347546,1,0,0,0,0,0,0,0,0,0
42.01159327196783,58.1897546845307,219.39113283128333,110.4670068822846,1.828846409648824,4.7679261884750295,202.95916930849583,18.92560657487286,0.7464087355235417,2.04875204361181,125.36059399772115,0.4891767107359743,8.740325677586702,19.126360652430492,False,False,False,False,0.0,IO,1,0.2654185645963936,2.4937408050895513,-1.8507322248377065,4.25148010158361,-38.01874078130582,0.17634829709487865,0.2611282907954289,130.51440076527112,2.8345200271353654,0.06627151764580874,False,False,0.1602171183911349,1,0,0,0,0,0,0,0,0,0
42.356136273214446,57.3523702378545,211.2110391254471,96.4284604335854,1.7839670014252895,5.303297802989992,196.18560244383795,17.15794906164501,0.8472219623962173,2.0024611641460224,124.85204009577258,0.0791168323396351,9.462465593100989,18.99369450957117,True,False,False,False,,NIO,0,0.2597500708818817,2.8692588039636817,-2.621116754557285,-3.9284068418432696,-52.03604190619541,0.13256730338271128,0.8033635918965558,123.22721888894321,1.0661170766476182,0.16703821742522407,True,False,-1.0,1,0,0,0,0,1,0,0,0,0
34.06004730622614,42.79131778709333,215.88878047981208,215.18863415746503,1.2910063317078486,2.0811524914784503,117.1336090200696,16.77536317764204,0.525275785530844,1.5042385252041364,63.31242092090139,1.260834228050137,4.483188886457999,9.787659328996554,False,False,False,False,,NIO,0,-0.9914608166883526,1.4103043961611306,-2.3932270657505796,0.7949733348902441,71.41362814586702,-0.11793950382640328,-0.9037550091695241,-69.19540295694347,0.5189902647433762,-0.16517791978344998,True,False,-0.93974496623098,1,0,1,0,0,0,0,0,0,0
52.4721141021587,90.3060808802668,211.90369421062667,94.3236998295625,2.256095489008505,7.875550158949462,282.9719346398904,16.401337159348465,1.0013133079277707,2.615200332023185,200.10673792760957,0.0044949232387418,15.157809359744578,28.95822142269698,False,False,False,False,,IO,0,2.0575541724655304,3.161290345601124,9.083081834591368,-3.301327961970628,-60.878911822502616,0.2563256218821801,1.1987477147663057,372.9102959912049,0.5459260351331654,0.3358859697397636,True,False,0.5864123957903136,1,0,0,0,0,0,0,0,0,0
21.222548895053094,37.32422371412543,210.98832715610777,206.4382532812911,1.0914067288914648,1.841604824903608,190.15449571013863,13.696024391064906,0.5560858370287197,1.2469557368604962,75.1042398245445,0.2564751229303767,5.2072602690062455,,False,False,False,False,,IO,0,-1.9591584690310484,-6.139293208359302,3.5775785241299047,-4.070182516820751,66.2901455268404,-0.13002312841601005,0.02843248536951548,-83.85637074765378,-2.687605942006588,-0.1423107471500349,True,False,0.1191780766736065,1,0,0,0,0,0,0,0,0,0
19.34955885140784,30.84360431513379,213.046571886726,104.28320468430378,1.219437719234756,1.6809016490808777,94.58549697003582,17.302075211357074,0.8123834390801281,1.3845358699262236,49.96791541771179,0.4246947838384245,3.40019193352347,7.398054520566692,True,False,False,False,0.0,NIO,1,-2.2006556170512828,-6.6926428036382895,-0.048616105686743794,-2.003129003006592,-34.95977988095639,0.044804063034477926,0.16014574660126102,-201.30711916336145,0.8866867108851011,0.11200464218421569,False,False,-1.0,1,0,0,0,0,1,0,0,0,0
42.18567060925464,55.839230346490446,222.37033506480333,220.85536476195765,1.6516027558444275,4.3685100435532185,170.84055982907614,24.114583349698368,0.4468978458379972,1.784526628487225,110.47315986096838,0.6395777204147816,8.320416459892373,17.122947091135426,False,False,False,False,,IO,0,0.27269815026991884,2.6280394709473853,-4.287299109658271,7.230416806949421,72.34233345607655,-0.002305961173992843,-0.14710232884517538,99.05538529247238,8.02445410643557,-0.23317962107614887,True,False,0.0160342762849514,1,0,0,0,0,0,0,0,0,0
31.23744572467602,44.18997397422683,217.06567003989943,152.32378959064386,1.532853765207312,2.52330700035956,223.87708216736297,20.84272763585423,0.5604602969094923,1.7209557441687708,89.89424074691956,0.2704729251698229,6.65438274468993,12.483236710516024,False,False,False,True,0.0,NIO,1,-1.0462836055514861,-1.1127227586550816,-0.3465817502607109,1.97386259586537,8.75425754800537,0.13453123629977704,-0.39521841370822797,32.58064696297038,4.579145232821421,-0.13044339479248956,False,False,-1.0,1,0,0,0,0,0,0,0,1,0
46.39225484520118,75.9801071251476,207.79611231254967,132.3236039468767,1.781875581118216,6.727812979478888,250.42026604921105,17.215672088898547,0.9274552970088004,2.097297997521725,159.2770354546277,0.4195424890932639,12.15113372356486,24.128284251740595,False,False,False,False,,IO,0,0.9681068258903064,3.0346226550529636,7.63405307145085,-7.369171479871966,-18.795795688520116,-0.006786214778363053,1.3701661197637014,241.6451878508642,1.2169928081431678,0.25308575638586295,True,False,0.354550016779594,1,0,0,0,0,0,0,0,0,0
48.45717895248357,67.41750287060042,209.0897221409413,163.12176087366228,1.7235372414837524,5.061278210356844,172.40038668192608,19.42331919242396,0.6608650265498724,2.0204058192430483,125.34107362402516,0.0892682522081237,8.837720869749841,18.468248860427572,False,False,False,False,,IO,0,0.7683373898890946,6.1911697080126515,1.432664387856093,-6.068274916770065,12.751090366118632,-0.0264141564689111,-0.054478145943527956,145.52445376437967,3.3983691617154825,-0.015144225017013069,True,False,0.2251472464998942,1,0,0,0,0,0,0,0,0,0
31.83391919598352,38.27602556467281,220.6511971088337,101.20202413008695,1.3685348112083444,3.0379263770189384,156.8537440795453,16.343156684337764,0.8259883907699197,1.5208318706066983,74.49847378410384,0.4664419480889005,5.418897454088867,11.536060075790653,False,False,False,False,,IO,0,-1.2531520205991271,0.614165420338388,-3.815406758926855,5.566935339906735,-41.59217204997222,0.010298287591792521,0.3698872538379865,-53.186775313710456,0.0523699776151858,0.13338671958268378,True,False,0.2823970029401531,1,0,0,0,0,0,0,0,0,0
61.84022207789464,109.42531006253532,214.3543774925164,123.64606644736652,2.750906603580836,10.413410036733335,-704.764057861425,14.957951383201124,0.7355433083078868,3.243600325736455,249.44113175438648,0.2148061565519048,18.44457398810836,37.65853522623442,False,False,False,False,0.0,IO,1,5.365496535760071,-5.546568948893523,-10.896588055853243,-0.9713042710607454,-43.954601935674205,0.11013895510275384,-0.2688091495767555,-315.09724286859904,-0.4624476169130354,0.09726761755713265,False,True,0.4815246627027866,1,0,0,0,0,0,0,0,0,0
32.13278484616379,45.27037448359917,212.53630896439373,178.39139978889187,1.1728897336284425,2.8464730835245278,158.18123015610195,19.791399376736223,0.684256276599974,1.3252264941970824,74.36806696614737,0.0603065484009674,5.44525014035206,11.433023898749587,False,False,False,False,,IO,0,-1.217187867552526,0.7165080414038236,2.75385652192805,-2.5492646230355263,35.46241117269449,-0.1923157573337515,0.13488682290621057,-48.60062303462405,3.5053421486109464,-0.00805020020457381,True,False,0.1299343955067876,1,0,0,0,0,0,0,0,0,0
35.06453880433369,49.76918764775215,212.2674125504928,133.7556110905815,1.2651058452669055,3.444288359480696,153.78075441258636,21.948668773832765,0.7055116959347559,1.4689595993918183,90.17679166735412,0.1074681326159891,6.58027742003561,12.970529155884254,False,False,False,True,,NIO,0,-0.9098940872450588,1.9690814984808682,3.6205482092279766,-2.8293697998985863,-10.325104279867276,-0.1596456140851683,0.3606159143953822,-25.157599868600016,5.703022322381809,0.015727491729377374,True,False,-1.0,1,0,0,0,0,0,0,0,1,0
29.70117208659674,39.01792551740535,209.37475957231297,121.50229290130775,1.532394027661638,2.9323889286004783,131.20408301021186,12.916535311618487,0.664501176302215,1.7868540329309668,74.93690770093386,0.5422057825347392,5.421088742233279,11.221515439590696,False,False,False,False,0.0,IO,1,-1.032783996210622,-2.722763853904727,-5.67819159152355,-5.717540279738671,-22.117835223146187,0.1314556068532564,-0.0024824659372408853,-58.86916974777566,-3.3452718205392724,-0.026291710375643484,False,False,0.1658372576388628,1,0,0,0,0,0,0,0,0,0
65.49955854280458,108.67133193549232,222.82926632712264,204.49642543298089,2.839532570319368,9.452496892350432,-685.5829941467522,14.065646762307372,0.4328892838654793,3.1089023690156226,249.07439289756283,0.0830287609768057,18.65378532975622,37.40991647603533,False,False,False,False,,IO,0,5.655481424994634,-3.471830034663043,-15.07810169337047,7.493007154908156,35.80890343732912,0.14257299035921367,-1.5808500352384218,-269.64101686750837,-1.3166176729416588,-0.2030062059597708,True,True,0.0346713023261448,1,0,0,0,0,0,0,0,0,0
26.625133561648926,33.48150657424574,214.39167635999797,163.15872160557063,1.14231814584795,1.4637762265513945,136.9280270531849,24.725503175514145,0.5795139862072443,1.295422313273522,62.75210173567415,0.2425036461440539,4.4649071239729725,9.697655020853716,False,False,False,True,,NIO,0,-1.9301045770167617,-0.895471042268472,-0.608547014922955,-0.6678930746621177,22.9017208409376,-0.0847416403625918,-0.38457597185486736,-134.45030317231453,8.345693584732114,-0.11864412312944383,True,False,-1.0,1,1,0,0,0,0,0,0,1,0
25.53847939599236,30.781182252602918,219.80817603651167,108.40955263043163,1.13312580620216,1.2055968399240913,129.45978874898415,16.38504499907589,0.7826787593052541,1.245535173033402,50.766985239342375,0.0252184619929159,3.637294542910929,7.994648497716733,False,False,False,False,,IO,0,-2.1513744470609533,-0.7730149848486221,-0.6935270026718143,4.756677580449008,-31.018136102618328,-0.05105732733385948,-0.37483108874955984,-161.96752320053528,-0.023862763801147935,0.08270446309463775,True,False,0.3608456338813539,1,0,0,0,0,0,0,0,0,0
39.77730872311037,52.46268835953527,214.73199593015423,121.56919742386556,1.6865701648485067,3.184071931330979,166.69839359039892,23.29344789080152,0.7593263659543762,1.823847373161764,89.72607445004307,0.6105253447114523,6.4912617559400125,13.575237961004309,False,False,False,False,0.0,IO,1,-0.346098200088474,3.6010371574881788,-0.34985149459093634,-0.38535128312449274,-24.624605971096557,0.15256894443267344,-0.5822718657757782,38.84486814479911,7.1219436158143665,0.07416980802376616,False,False,0.0607302389054581,1,0,0,0,0,0,0,0,0,0
68.87297866364788,138.15367210052136,222.59859779855628,216.2446721926109,2.94129646648914,13.15625476932327,-827.2650513619154,16.82742926910317,0.4649412624646842,3.153032727037497,314.94283457858774,0.4810802000905281,24.63912449863593,46.6119138558057,False,False,False,False,,NIO,0,7.312079788154171,-9.150749556934343,-5.176263572121826,7.201913002505478,41.3482752435159,-0.07667108723711102,0.11701835212106282,-261.2208016838415,1.6630163843336287,-0.1573568396911989,True,True,-0.0010134771384615,1,1,0,0,0,0,0,0,0,0
57.60264241064503,93.66192047395413,216.89598901946215,191.93702053134456,2.0424369960734183,8.13987266129154,302.2270884051642,16.98472112930174,0.5913486220887698,2.3140074026776607,200.44707678592968,0.21381197263375,16.296151326278146,30.053789404783384,False,False,False,False,,IO,0,2.4323898223665705,6.2435614007238485,8.008475055646215,1.677294445343108,35.329537469235646,-0.029966790743942262,1.0092010674160754,426.12883163434674,1.1786028990804827,-0.0710020586804272,True,False,0.2955830881827284,1,0,0,0,0,0,0,0,0,0
42.55957376852724,65.20057863957959,219.110996270519,137.5482066308398,1.89095994506059,5.201842324582413,224.1843078536892,14.77803644936041,0.612741797619663,2.0868237407532395,125.42267242815372,0.1194690488103116,9.020693953236306,20.05553811420463,False,False,False,False,,IO,0,0.6611752617104847,0.879142780515302,0.482364775378997,3.9569080289641647,-12.42082382417064,0.1617739289868929,0.2158430605129542,187.5985506888065,-1.2610059747100095,-0.06414704252627912,True,False,0.3471293021575369,1,0,0,0,0,0,0,0,0,0
45.65355763561191,84.47493063951232,218.3149356972904,164.72429630055814,1.993724252952769,8.46939811943214,292.69476087035105,19.77022056604092,0.6451795608828662,2.208413476208196,,0.0692009920635833,15.840883564916508,30.82300266349389,False,False,False,False,0.0,NIO,1,1.7348537239841861,-1.8938972032877288,7.0661553257537975,3.121684257023503,10.731155076931287,0.056485787163118584,2.1833369993365457,353.39364468844616,3.8723726058335757,-0.022896508099918944,False,False,-0.2820921673401786,0,1,0,0,0,0,0,0,0,0
52.16445788766212,98.1351446717556,219.14426057132977,220.8788763087428,2.1260588729987395,7.661045956682482,326.0328520869301,21.431110201216,0.4936129617097672,2.391854350769677,198.8983945972842,0.1980936306601364,14.978592347329824,28.51280021862115,False,False,False,False,,IO,0,2.3253253319241005,1.3904216011666861,13.747169822866084,3.9294712519601944,64.67266735621564,0.07440154827113243,0.6600132305406312,440.23361789996517,5.610912417517639,-0.16961650622627988,True,False,0.081995497736841,1,0,0,0,0,0,0,0,0,0
29.038648779975635,43.070197711174245,217.14578323847425,139.0036000222535,1.4081599415728343,3.3314304440201887,175.00974406403816,11.859991079436533,0.6057443337820781,1.6144214191465702,91.03324874322998,0.4996042830525391,6.701986723971786,13.531671576847424,False,False,False,False,,IO,0,-1.0273292985652198,-3.415093887874331,-1.6903923084910275,2.0532844223795337,-4.6369721255330205,0.00616453466716016,0.3899542375260805,-14.56926547239874,-4.401098730788597,-0.08500378064430814,True,False,0.1389593806416868,1,0,0,0,0,0,0,0,0,0
32.76884600200739,42.82798197382774,214.9429297178491,147.87916161877678,1.4294245555596234,2.245867380911265,144.23965099543224,14.590197791118252,0.5907084272110709,1.61636682882074,75.40508591677536,0.2041295364995757,5.521719265451496,11.716059762627673,False,False,False,False,,IO,0,-1.0254818112569306,0.30500789824917973,-1.9544447986801643,-0.14963648668182827,4.231665150690105,0.02707115110271352,-0.6978458526476432,-45.17196006387874,-1.670649064638523,-0.10002452300792297,True,False,0.4685769616127737,1,0,0,0,0,0,0,0,0,0
42.75291661023472,63.48673259844298,221.7358988545772,125.76528990247792,1.6814733201749676,4.679701184658573,205.0297306203564,19.660314097496883,0.8157299889642878,1.854831816515769,,0.6438295929322104,9.077270969089556,18.65883649371601,False,False,False,False,,NIO,0,0.21967001960086394,3.4850531429157456,3.9869799422924004,6.597914836155013,-22.548993753000445,0.0378401492135958,0.2282978398243687,128.43974455459824,3.5632113712570472,0.13521726624757435,True,False,0.0094929339504455,0,0,0,0,0,0,0,0,0,0
41.47904141031544,60.53834556585537,210.4013064864281,156.01681217074835,1.3570897087221214,4.232716547619398,184.7447425793525,15.481805448862689,0.8213681966485366,1.623393857969673,109.54372351821353,0.1759102117256217,7.730857321909523,16.269954539928058,False,False,False,False,,IO,0,-0.2175292434194546,4.600215810347166,6.206158720153574,-4.720730372564077,9.341136649986169,-0.20182500985196672,0.3106952340981777,68.54068690574957,-0.6727913202517346,0.1372669349109884,True,False,0.1900434256890326,1,0,0,0,0,0,0,0,0,0
40.4007533698537,50.00369752357416,215.1922031190792,125.60265889357686,1.6771145203965996,1.872515169411324,132.97522428810018,14.026458125867158,0.6781284312866775,1.9258214150589128,88.85137928876267,0.1181077515993183,6.015473907534115,13.366517892458257,False,False,False,False,0.0,NIO,1,-0.45044368763604165,4.7946687695895065,-1.5755095701069308,0.07866198295218396,-20.20006112321309,0.16333288625718612,-1.7674820602866315,-4.332913176783251,-2.158768139164959,-0.007884596188564519,False,False,-0.0967834189498935,1,0,0,0,1,0,0,0,0,0
17.78778935866669,26.950838033080068,215.52999125587527,137.75722765100963,1.104790465036038,3.028697615855874,123.79855608382788,20.03816861547761,0.6411940306193902,1.2370010813988326,63.00478888987326,0.0956876774274689,4.397499333238315,9.726094742717326,False,False,False,False,,IO,0,-2.1530971412488826,-8.5142915075668,-4.50350948707667,0.4785556363294745,-1.6640044821584752,-0.07905885278279645,1.4503556086959897,-167.78484699677495,3.6290343090954025,-0.0587944054945545,True,False,0.1501313931723746,1,0,0,0,0,0,0,0,0,0
40.36050844255256,59.36088301137603,216.44185383892716,147.8081500361961,1.6247051015859852,4.9815634709589895,204.4237297068233,20.413812818850044,0.7209886468058669,1.8381055050712456,124.8465247573941,0.4298726965949904,9.385854001123157,18.17576501281249,False,False,False,False,,IO,0,0.09899301521322655,1.7520741133543254,1.287496808070891,1.308271601549194,-0.05384026522511931,0.004456162747573211,0.6762816846886297,116.89935363580139,4.30084042069835,0.03948540517525867,True,False,0.3386573898538609,1,0,0,0,0,0,0,0,0,0
31.74099733110703,42.05282051741312,214.2619995453687,175.6793313057318,1.250528966125384,2.346718689834637,131.6782975746694,14.201431637311446,0.5775137338816637,1.3815642322167057,75.42687844889714,0.3745917280006956,5.170528162819977,11.844344325804686,False,False,False,False,,IO,0,-1.177687446969248,0.10887386663907961,-0.930580717332063,-0.8250148484796682,32.602296441594035,-0.12233073376054882,-0.4126965921357155,-71.52447270609204,-2.079431074110188,-0.11446852279583442,True,False,0.0783646253555299,1,0,0,0,0,0,0,0,0,0
61.694755650207405,114.22008045552086,217.63518372095928,205.4172752679519,2.457810548236784,10.950947902092093,-709.0081896856497,16.84946611195178,0.5279751876748838,2.807847229097676,250.45079257243265,0.6153328769371074,19.341949859875424,37.47200350415097,False,False,False,False,,IO,0,5.449946877652955,-6.153507025226766,-7.0999956937078395,2.306421570062213,37.500089843575694,-0.19932149715111125,0.16647215380272584,-311.68943653757674,1.4401727837548624,-0.10960733322669935,True,True,0.0533340354813733,1,0,0,0,0,0,0,0,0,0
31.8551739926639,43.41044291902708,215.452895109899,225.51133102002476,1.126460674245607,2.4460275318055222,140.42614980710223,11.166100816383068,0.5589668186611424,1.2195187099092213,74.94399691800238,0.2256643916909515,5.119462464866553,10.782487862944226,False,False,False,False,,IO,0,-1.153235069025207,0.0894326065839195,0.13802181866075358,0.36498879787396277,82.34264946569024,-0.25113729441575106,-0.3429958730537468,-60.56102158343978,-5.111546276475561,-0.132814732480399,True,False,0.0216249609628368,1,0,0,0,0,0,0,0,0,0
25.50373817177116,39.617466222678814,209.43396572701417,115.3655521159794,1.460698678278126,2.1172077543312238,141.07383782197536,12.418076358085203,0.6047780254042815,1.728651585765027,62.84578020400926,0.0088147796836454,4.489509319547074,10.012175080699349,False,False,False,False,,IO,0,-1.4050478485418707,-4.885993882563483,-0.6786023992435801,-5.644755531692795,-26.859343609232354,0.13189582611494144,-0.36690854750553825,-82.7297695044488,-3.8926854629225165,-0.08907040933399268,True,False,0.2718377242686169,1,0,0,0,0,0,0,0,0,0
53.39831052857148,79.63380694571872,216.4343777047781,259.73545659585454,1.6509748221574398,6.079153675840949,255.26224762131463,16.49666092853352,0.5254789300311593,1.9139701473467292,160.25636501401345,0.2324007105335253,11.628228602453277,23.22743454744418,False,False,False,False,,IO,0,1.430216562616232,7.515519324469508,5.825752659717381,1.2522381253754418,106.88408520803634,-0.22723246258113705,0.16196197740056473,288.35834539581674,0.5587515512600003,-0.1450976059771487,True,False,0.3881763965831566,1,0,0,0,0,0,0,0,0,0
25.26315599275888,35.602900229782136,210.40326719700397,116.59914898899002,1.2936949551179135,2.724996734977336,128.94306575169682,16.125627150319374,0.7243089338594312,1.4971403666270122,62.83168079202572,0.1779883626293957,4.488948710503781,9.172394951499207,True,False,False,False,0.0,NIO,1,-1.6088978935771974,-4.012654977889252,-2.2837212308946064,-4.668018483825904,-24.86172362294026,0.00439322245608631,0.48771193550527325,-113.33113509266846,-0.2119420425678875,0.028787294468535785,False,False,-1.0,1,0,0,0,0,1,0,0,0,0
27.59353636539391,29.07465195551807,207.186798141664,121.15221721126476,1.1511617052851506,2.022206117477648,98.25574217396004,14.33274549652524,0.8094573510675562,1.3801729086357792,62.76302162406091,0.7692620875218911,4.363924523888799,9.164162467357418,False,False,False,False,,NIO,0,-1.8898790950080326,-0.1468769341909848,-5.490854918043446,-7.874238546555262,-19.255547307147324,-0.08369278890081078,0.1251469582471283,-169.4778082472586,-2.0417742280953473,0.11162941317448627,True,False,-0.1834801346490631,1,0,1,0,0,0,0,0,0,0
37.788028776785566,54.37807500458073,217.45201124371545,197.25846463232503,1.7418912404579898,4.163793640295804,217.81445477362345,13.1361043010977,0.4619352548802637,1.938281970246016,110.55976021091296,0.3575168206833953,7.852888288194281,17.571970969118066,False,False,False,False,0.0,IO,1,0.10326057292873297,-0.8437252554538262,-3.7457524670660334,2.3182733440822574,49.380479668104755,0.12081535401076104,-0.1466555114375554,130.67675668378035,-2.9763068903754437,-0.21953295856370042,False,False,0.2824911274199097,1,0,0,0,0,0,0,0,0,0
52.10938132514799,78.86547259255582,216.92137891461903,172.0333262284897,1.7802147818664416,6.755512861210178,239.16218002857715,11.739822520177762,0.703769306682405,2.01274802805101,160.64453852042982,0.2105334791691704,11.734338336213984,23.65748961568028,False,False,False,True,,NIO,0,1.4770662222335393,5.970584175095837,4.5036692046070925,1.737530459986374,19.00636389198769,-0.1070708133665994,0.7815933270383333,276.5032659221411,-4.191925876127744,0.033577313480706694,True,False,-1.0,1,0,0,0,0,0,0,0,1,0
24.499979621725384,32.09821098979808,217.37071512273792,140.94984294164908,1.1301255314831913,2.298255782984431,123.98227092609736,17.820239427652844,0.6670096307100496,1.2757886341693832,63.71886605871664,0.1868446156653576,4.349625474060931,8.372517389749946,False,False,False,False,,IO,0,-1.8843155652075865,-3.270835109183018,-2.5330551583413126,2.3094755007439858,0.5212265006473444,-0.1058070377920286,0.3944600325559211,-143.24717513031143,1.4464513369757164,-0.030772641635360087,True,False,0.0868061826202789,1,0,0,0,0,0,0,0,0,0
32.06756689541641,44.02509892048631,216.8588724054346,109.86791915190832,1.5148257222296808,2.563260773946371,133.14958302601224,18.123610035502587,0.7512263028305204,1.7404205346205066,74.8904624427768,0.498888897172349,5.131479408492558,10.95909244236043,False,False,False,False,,IO,0,-1.0146632975365988,-0.4553880484932975,-0.885199480246321,1.7659115877885938,-33.82012474177375,0.11037595618884355,-0.3935520397204537,-55.2817762538013,1.8641858721981706,0.06058215115698762,True,False,0.0349771205472867,1,0,0,0,0,0,0,0,0,0
42.28187456566551,66.13357318906922,207.28517043796185,122.2206330765209,1.8221261913583784,5.199156388942985,190.23176687868929,11.953691081759215,0.6980591847844617,2.1103042927396305,123.76745836260376,0.2436504347853237,9.496791248423756,18.97777517370239,False,False,False,False,,NIO,0,0.5865482006488014,1.009236750894054,2.2974290854910464,-7.866195727548472,-27.46869766335081,0.10740106223970636,0.303519182903611,146.88414655076414,-4.0951652002272585,0.020557804446251216,True,False,-0.0271180311635319,1,0,0,1,0,0,0,0,0,0
73.61585668999217,142.80746790518336,211.3002514242881,171.13276824636543,2.9793567844214057,14.01639329177118,-843.1761635133871,8.548233808670716,0.4819601080102553,3.404813057861422,314.95027465007,0.0502753876360947,24.65921517507585,47.6420422732918,False,False,False,False,0.0,IO,1,7.765573235203079,-6.885947568757771,-5.882626007533503,-4.112974873343916,-5.4633068912087595,-0.126486633359018,0.42804505647626456,-236.04144892009208,-6.556542260821846,-0.13661571218388485,False,True,0.4986964306934333,1,0,0,0,0,0,0,0,0,0
27.72451091052664,35.54488053475041,224.40895290588327,189.1045803842328,1.1174925049160216,3.3629641795197687,185.7208864077216,17.67608241543192,0.5106416051714251,1.1961389372567794,89.5588964103586,0.6866266165706657,6.115315506474666,14.638269846721386,False,False,False,False,,NIO,0,-1.451034093265907,-2.4139332544734984,-4.207644293559007,9.33190902872343,47.052039557721685,-0.20239934529988335,0.9345302488660865,-42.249476111555396,1.3592731571354477,-0.18358428544926253,True,False,-0.0563486408779472,1,0,1,0,1,0,0,0,0,0
22.156424644793532,31.34764654915278,210.7758566689899,113.68142648965332,1.2187289462424011,2.1109040351490265,134.4878680715534,8.789065799781195,0.7044135363377458,1.409911036674974,62.915762012241615,0.0392667830980959,4.417530542581406,10.15344878549294,False,False,False,False,,IO,0,-1.9412870531983404,-5.3030742773256385,-2.610233483288315,-4.283304876761008,-26.53366273031969,-0.006163951420762315,0.27609212021720886,-137.9036921095156,-7.592214346464694,0.00616364104549616,True,False,0.1766277018272566,1,0,0,0,0,0,0,0,0,0
28.526356172628237,38.54475663422433,216.2088270208521,103.05497448229832,1.1641316865287696,1.5682508334476326,107.84999691138547,16.12691679414216,0.8543171379618264,1.3513772903075896,49.540700092210784,0.1802643692063101,3.6484759270972216,,False,False,False,False,,IO,0,-1.8001870276839016,0.29582826544310237,2.9191160875849818,1.144518749585444,-37.68895288808545,-0.08810292189302782,-0.43741182265223744,-151.75666927470468,-0.2358079436144962,0.15722539408982694,True,False,0.4141265451620361,1,0,0,0,0,0,0,0,0,0
27.79116766829755,39.31384882788649,214.90927435858825,216.34193393209125,1.385067563661189,3.109171800332607,152.38235970027506,22.55809606298969,0.3678718943435495,1.590169958755858,74.98702073537275,0.3616475028453942,5.27649261372485,10.804292266212611,False,False,False,False,,IO,0,-1.0575815386968375,-4.497264228561338,-5.089168672754731,-0.18212098516033848,72.81474616293016,-0.011065703982187092,0.20432647061996256,-39.93776686844615,6.293027921284391,-0.32312453098672533,True,False,0.1961029041387219,1,0,0,0,0,0,0,0,0,0
27.86634086905327,28.52342710748401,214.90381906130835,105.346731748988,1.1404054422026433,1.824520905986831,127.07593963538744,22.693735925083608,0.7518589869702369,1.3040107124865228,62.31500241048334,0.0290093538525869,4.7234836384905226,10.262013715673678,False,False,False,True,,NIO,0,-2.0400019699504846,0.9462611412026938,-4.267671843795995,-0.15174178643431446,-34.49837728279705,-0.0653589351674917,0.10923779078383111,-154.26005370079946,6.2994742389858445,0.05279883795464768,True,False,-1.0,1,0,0,0,0,0,0,0,1,0
41.09305800539188,61.14098955324109,211.03943678456045,107.5329159252658,1.688784524457948,3.992672976115336,178.19554163353803,8.776369723284716,0.8784433007931465,2.010079497186532,109.24200998296897,0.1323388030467852,7.803362572638221,16.315718224836885,False,False,False,False,,IO,0,0.05040086543890062,2.7501513101262063,3.641948169493304,-4.09237301899833,-40.14695263296335,0.0779515478025754,-0.253771082992154,86.2682926247694,-7.342992802616035,0.19654121396694757,True,False,0.2449716459380457,1,0,0,0,0,0,0,0,0,0
31.41759671604285,36.51342236617469,217.42979566992605,112.1253739987038,1.3517464015290093,1.4492228203493434,132.3621184301266,15.901186391960078,0.6770461185690679,1.5569749194609603,63.797384495046,0.7772115935328088,4.583656775758332,9.120921381892696,False,False,False,False,,NIO,0,-1.503287085363683,1.5646845438040167,-2.621487570488476,2.3546577584577335,-29.731324370701685,0.04197989460061757,-0.9159406580446414,-100.34282129744565,-0.42249441444295144,-0.017608665503550225,True,False,-0.1957101438966288,1,0,1,0,0,0,0,0,0,0
36.23502071772501,52.2197619558309,214.88685347403504,138.93419557976543,1.3747340039064848,2.762452854944011,149.17684506109111,12.04411481447818,0.7825303744039661,1.5561043430307249,,0.0024896874019796,6.711048125497918,13.291463098922964,False,False,False,False,0.0,IO,1,-0.7483046252447509,2.256571658828861,4.161182931880674,-0.21582296889189934,-5.752151659980001,-0.08132951450119541,-0.5168799328453115,-15.120093424120114,-4.180281757931018,0.09407249926359529,False,False,0.5472667828684423,0,0,0,0,0,0,0,0,0,0
40.03611104354038,57.30783470087746,214.05052380250044,228.56489358671124,1.3995145681838297,3.896879998920812,187.04528528006864,11.227455857158969,0.5945396378653296,1.6354063321089682,110.0001924101583,0.2504954069807515,8.179113778610457,15.873855880551597,False,False,False,False,,IO,0,-0.1045038233921276,2.539667731792129,1.6397208634193063,-1.075635740460541,81.46560259275032,-0.1813016938626517,-0.16199796442803827,81.08231927685324,-4.9122774643364515,-0.0886339092934878,True,False,0.529631650462467,1,0,0,0,0,0,0,0,0,0
36.4549752339655,58.03423654484867,210.94255096040945,155.56261492192846,1.58048309938727,4.081625202375831,186.0844185124327,15.546120182439704,0.6820950701084685,1.7760116849413177,110.5550197150987,0.1882349804512216,7.694058412895851,,False,False,False,False,,IO,0,-0.20226518772451813,-0.5072594889107904,3.5216330813487815,-4.180042666057659,8.82973023375439,0.018610582653380003,0.14112143132703592,71.26341952703176,-0.6064692816612052,-0.0018809039991347642,True,False,0.1621654643150383,1,0,0,0,0,0,0,0,0,0
27.32491430690321,37.91203699085806,218.01619301193983,166.7578693106824,1.390640225857254,2.771833330308048,137.6587204251585,16.438930058394085,0.4568629722537772,1.5389978040115844,63.58989612523153,0.2670719852953795,4.375577679173195,9.333445835010792,False,True,False,False,,NIO,0,-1.1927673645112584,-4.224806241796983,-4.893124084523315,2.9297286689940734,23.737353470351934,0.020702642690963557,0.030677542476071462,-66.91042201978019,0.15608425711151241,-0.2352430606445604,True,False,-1.0,1,0,0,0,0,0,1,0,0,0
43.86518915964887,65.289953247684,212.9623367739323,282.5085364227073,1.7304900470722837,4.96939712197009,187.6172608504878,18.398635496881436,0.3483485037371689,1.9425986095994592,125.46057556537986,0.5060793812055483,9.512668379420532,19.115328302906057,False,False,False,False,,IO,0,0.8521642602961963,1.1411151729810811,-1.6856940175822928,-2.1987179295254577,131.82368562398946,-0.0357049343674567,-0.24786086685398434,168.3367741291999,2.3847091482531475,-0.32697269544515356,True,False,0.2214163366068488,1,0,0,0,0,0,0,0,0,0
50.26331262352047,71.6097217942244,215.57860520701303,139.9473088062927,1.6364306740510837,4.390168595924083,214.2027270575308,13.139436286068475,0.8414148701837912,1.9047231527122328,125.16490176021884,0.1509491765791502,9.025206275169603,18.55595583244949,False,False,False,False,,IO,0,0.606326572390007,8.882597593069711,7.53980319411545,0.4265176110839093,-9.816150605715109,-0.08212701652498833,-0.529417220037665,172.6471998577442,-2.906819034184844,0.16407583105876478,True,False,0.350137516779736,1,0,0,0,0,0,0,0,0,0
44.416079395883706,66.38402534383675,226.68793354941693,297.8521958981564,1.1953160603911626,4.463807805854354,181.8737701409899,18.82013598964001,0.4264182107293536,1.279895596877982,125.42499587689868,0.4255601297928224,9.431678362621938,18.116270379080746,False,False,False,True,,NIO,0,0.271354483377929,4.865790610040385,6.273377632418601,11.548064302785036,149.34420061059876,-0.4583322870675588,-0.050177589627895536,109.96684765490123,2.729830046989928,-0.25367028502559974,True,False,-1.0,1,1,0,0,0,0,0,0,1,0
26.731764449460968,30.138642728617853,220.94731361905212,100.2881987690388,1.3338023749951862,2.6140994732922618,114.14866696757522,8.0,0.6316708232494854,1.480004918885922,63.92837258856668,0.2454208009671158,4.406247245397072,8.64811392237165,False,False,False,False,0.0,IO,1,-1.5137292044735668,-3.064087658685903,-8.87284445264519,5.872556591433153,-41.529362889113045,0.026059293642861858,0.2615798181916058,-119.50241990218265,-8.325054000949741,-0.06306966991520013,False,False,0.1617027055516828,1,0,0,0,0,0,0,0,0,0
30.25444520374795,38.246646061115605,219.5371222515009,215.0321380802503,1.2202839259800722,2.514844139451677,115.02149881708512,12.988216806267038,0.4920336620094709,1.3654011740376275,63.28687822794292,0.5064191423777953,4.494428093996768,9.554784873761555,False,False,False,False,,IO,0,-1.1645400379028188,-1.4495211497044451,-4.892153655132752,4.4496282963947635,71.90582716908108,-0.15512341806544994,-0.2604906618472471,-86.99000143654426,-3.2909169505005256,-0.19984068050977394,True,False,0.2208936271110842,1,0,0,0,0,0,0,0,0,0
69.51921462837137,119.56592307241289,216.3495344527361,187.74490206683785,2.6634602096461406,10.19125996408968,-711.9920244176064,12.704433821194996,0.4885045445374186,2.967244484701161,249.2329588622309,0.1533894666414195,18.46330572535345,37.53631292673461,False,False,False,False,0.0,IO,1,5.952351997658061,-1.0743977261799103,-7.692432805828403,1.0024467115994184,17.944719148650336,-0.09102557770426545,-1.201552223591138,-269.1509818271222,-2.6387905449674562,-0.14495422655509488,False,True,0.3607990518590848,1,0,0,0,0,0,0,0,0,0
36.78567728790664,52.61080322614458,207.45359473209945,178.89908798387015,1.235732086633989,3.0589894137844675,178.31324566771326,16.313282766955723,0.5627848919095525,1.4827193456954233,89.6872705499599,0.2549923151397826,6.4385571126019165,13.222843644393416,False,False,False,False,,IO,0,-0.7606148486192743,2.8744963886000363,4.6977273967553685,-7.648632686523541,34.25887904733759,-0.21794601358788146,-0.20543755963796517,12.900893486976628,0.08726733429136146,-0.12577402575460828,True,False,0.2949602894462192,1,0,0,0,0,0,0,0,0,0
35.587423454695816,39.7935800677636,210.58634704936205,155.65826441726804,1.3035805956787532,3.034973134281857,120.61895047620403,15.18868814536,0.590563420879653,1.537783549123453,75.46490128664121,0.6077617898510641,5.180752892122386,11.016271769753963,False,False,False,False,,IO,0,-0.930778069970374,2.6060848808994095,-6.108216879829094,-4.509673542649949,11.65582151174192,-0.11712406202972026,-0.0234119735818501,-60.21167493932596,-1.0597046615854886,-0.09939219941275756,True,False,0.0649818617675937,1,0,0,0,0,0,0,0,0,0
35.63908647421198,52.45977778075251,219.67760622681723,147.64650857940697,1.388026977255976,2.838669149310125,144.02167325186656,15.43411562552046,0.7566956496992048,1.5874136842879998,89.6006567885431,0.0105369648110074,6.521212174815344,13.694243466399586,False,False,False,False,,IO,0,-0.7259480956892717,1.5384720774293825,4.136951198439384,4.57411431329993,2.8763698187414093,-0.07236868611372094,-0.46773400668482346,-18.24956850210509,-0.7873409436053169,0.06842127733540782,True,False,0.3714927544586518,1,0,0,0,0,0,0,0,0,0
38.788841607426654,59.910969598204815,211.29792957672532,101.35809356963992,1.7102645118665762,4.2608121592230095,207.10815420973285,15.301121879575446,0.7678807628469387,1.9641446218431,110.89722297817484,0.3302119508943063,8.154558801984065,17.195273126844675,False,False,False,False,,IO,0,-0.058515790518954815,1.041100635156333,3.6992908317404627,-3.8299074130067936,-45.91355902494445,0.12053690137354067,0.14624965951354518,105.3121054212911,-0.8325637694800374,0.0850846862476935,True,False,0.2523141848543014,1,0,0,0,0,0,0,0,0,0
64.42949926214513,125.29006974787892,211.8179720317543,140.89545798572857,2.5564661533496675,11.089063596357333,-733.0533474520824,15.145065991326467,0.748127446948691,2.94524202039199,249.97445376353696,0.1288441060623823,19.651539990692687,37.10992770792801,False,False,False,False,,IO,0,5.741732232951348,-5.013199456320166,0.5211771125173357,-3.5214332010824307,-28.115329137515943,-0.15720670951212323,-0.04871998467663197,-309.2962940756694,-0.2258560010822599,0.11293990522882646,True,True,0.8017782983655657,1,0,0,0,0,0,0,0,0,0
34.63859389331397,38.49999305500595,214.05107714814977,114.01367048446647,1.4206693832588753,2.667142272900583,136.23714629723807,18.160523867832893,0.7357901186392665,1.594290103257204,75.05516076194523,0.0452047557316961,5.287004453831514,11.294451418107716,False,False,False,False,,IO,0,-1.0988458906535548,2.5756475078332244,-5.415292026123055,-1.038813048506654,-29.358859881287856,0.03253213100762653,-0.18773818196586145,-59.82189076150388,1.8900292430082004,0.04445499480309034,True,False,0.2077827264794603,1,0,0,0,0,0,0,0,0,0
65.12990488025086,112.9703976943983,208.85849311869552,116.61284738291648,2.390998031276196,9.869756208295358,-705.3938905836956,16.59732410440953,0.9366652307397828,2.8602426638233447,250.4742245675685,0.1898128052038108,18.712089046912112,37.97913520200266,False,False,False,False,0.0,IO,1,4.97217275326151,-0.10760207861103765,-2.702529799395464,-6.452841875347332,-49.5136566908639,-0.17355315263103366,-0.33620750241225217,-351.36564366776656,1.1252009219206247,0.2951611316619708,False,True,0.3757961460522828,1,0,0,0,0,0,0,0,0,0
22.18019228514759,29.775523806160184,211.3740375846473,272.58938267444137,0.8779292148179364,1.6641474810686152,126.6590241524537,14.862592733581767,0.539860934643267,0.9911714627137704,49.87938138690702,0.7282392296333577,3.590336475769192,7.111942854901376,False,False,False,True,,NIO,0,-2.1204297918722954,-4.30039650936439,-2.0649421090511026,-3.6785896001016454,133.04571441441823,-0.31225023096968785,0.046250265944473457,-161.96443191641828,-1.5422456415294619,-0.15985936730884198,True,False,-1.0,1,0,1,0,0,0,0,0,1,0
40.91873360507494,54.239111399844894,214.8640255483178,152.221326524668,1.563491953519215,3.915996512393861,198.9347248838213,17.60699311921913,0.6917597700695622,1.7801423442348516,110.09951888793604,0.2158657588961606,7.829751258149943,16.49218394271835,False,False,False,False,0.0,IO,1,-0.18724090132850488,3.8743999580558466,-0.4510746793485154,-0.2591160998655937,5.432131316350905,-0.0012918999879816262,-0.04269939190878125,85.47505739515759,1.4563794291857342,0.007907115561401556,False,False,0.2649630743560172,1,0,0,0,0,0,0,0,0,0
38.66805795756425,52.63991700094559,210.07465439668837,105.19761811425288,1.6990342970164911,3.5463536624986345,196.7789180824689,14.708663733675035,0.8699034730779382,2.0164589980444787,110.51015921256256,0.3265481446975238,8.378777683472562,16.481002198456167,False,False,False,False,,IO,0,-0.35470111510442925,2.538796283040071,-0.0709389454824958,-5.042379019040965,-40.96394184454691,0.1667001097084817,-0.20957330866267787,68.14589344028286,-1.46397187067749,0.18467630227388832,True,False,0.4976182389268865,1,0,0,0,0,0,0,0,0,0
24.708762237788147,25.409297977305023,210.5184779096788,80.9786073012583,1.3041792016996272,2.344614410748843,136.35059656387887,13.775896437109482,0.8896809714007055,1.5114767223629149,62.04757767109058,0.3950976940424209,4.498160665153759,8.79435238247824,False,False,False,False,0.0,IO,1,-1.9913127913288444,-2.4773753298074475,-7.957292645772078,-4.538858911080439,-59.04898713457548,0.08898006034490225,0.5703760811577374,-140.57373217401522,-2.611962361426526,0.19102046399514339,False,False,0.2063147259088159,1,0,0,0,0,0,0,0,0,0
22.521677646971483,34.72120210510746,213.58135227462543,135.5022787577541,1.548251539692593,2.511333760219889,127.07178222038952,15.762389077309296,0.486735452598314,1.748612635379267,62.81195539470975,0.3932660767818384,4.447704864461596,9.53424939738281,False,False,False,False,,IO,0,-1.3713161190045318,-8.052378549721539,-5.973565570148786,-1.4985993733211274,-6.849042355359899,0.21291230889279378,-0.013626552603568154,-93.67543596060501,-0.5439368407399972,-0.20683611152757914,True,False,0.2165408260074031,1,0,0,0,0,0,0,0,0,0
34.46073036879656,49.27743223879961,217.4642673853249,161.178615920196,1.3884447625914789,3.111637331170971,147.5124666612403,20.647626252186345,0.6531466837516194,1.577242808659917,90.52420766007424,0.4284055764233686,6.582233787130202,13.515772339302217,False,False,False,False,,IO,0,-0.7758809275383155,0.63296964813253,1.5447969411182143,2.3625968079754216,16.595623734051202,-0.062275147419574184,-0.13430473490620232,-19.283125529463234,4.419603248443671,-0.03553753814914429,True,False,0.3409144978102022,1,0,0,0,0,0,0,0,0,0
61.945647748714805,113.02711261797636,212.44175192297783,95.90917893600816,2.865064453580322,10.02910573036149,-681.4658367267274,11.588957290930573,0.903718164380089,3.320776876447132,250.02863996545815,0.1406769918274742,19.1346781880662,37.77754212479803,False,False,False,False,,IO,0,5.3712924668279785,-5.472814646186208,-7.3632916891448446,-2.884141251378338,-71.71321240175696,0.22317369636956652,-0.660131449851157,-291.2738597855939,-3.8306795132297005,0.2654900467305692,True,True,0.7115593960220672,1,0,0,0,0,0,0,0,0,0
37.754897679875,63.94152473411644,213.6760172021857,133.9836761671707,1.6012946876372671,3.719373843551268,207.7981105352334,23.21880878502377,0.7762118657798598,1.839988053177304,110.81128478988224,0.7085975758395444,7.694625678088425,15.906556762669643,False,False,False,False,,NIO,0,-0.2463279490637329,1.0334401363841437,9.949730060268863,-1.4449692031823815,-12.584062773341998,0.047960449130975524,-0.167776603107479,88.98464074202055,7.060424831993242,0.09187422377433019,True,False,-0.0901501166762221,1,0,1,0,0,0,0,0,0,0
66.4877544469942,115.05350325086346,217.15346795145985,148.24904191936142,2.393563339583805,10.120025759812972,-735.2652525177732,10.643380101041698,0.7292894547219658,2.711667386309172,249.364967157255,0.1631396686223404,18.74538675730799,37.50498519263061,False,False,False,False,0.0,IO,1,5.352897064420695,-0.8301878495137913,-5.119472847681578,1.8282457627154542,-19.30440406882164,-0.24476284157478556,-0.5469373766926644,-346.7400596109773,-4.778675796982991,0.0909103472951841,False,True,0.4708059643791623,1,0,0,0,0,0,0,0,0,0
43.79076568956037,67.66411622073655,214.69306319918985,152.60932990669687,1.677904916515495,4.530052646830724,186.1339154559915,14.618541555181054,0.6673472959848015,1.9186517170188204,124.01742833674368,0.1911143529857798,9.473104382696194,19.440867031827903,False,False,False,False,,IO,0,0.462263756655655,3.1972695571673952,5.296977437782097,-0.453769601306675,3.385813083204937,-0.012736947507590468,-0.21509493814394354,131.52503960465992,-1.446658796331569,-0.011174213193222315,True,False,0.1811902806197309,1,0,0,0,0,0,0,0,0,0
36.73445849201844,48.84568165091987,214.3475460370206,186.39993608862977,1.2823316115316958,2.831586925318698,158.7966353644627,12.199240012495952,0.6424298611438382,1.4887516124651847,90.47518355699208,0.0247158326129919,6.532593667012376,14.538749915956144,False,False,False,False,0.0,IO,1,-0.7632024086977816,2.8374170927853157,0.9631900153415103,-0.7545869984764124,41.769425240251365,-0.17084508325825354,-0.4297069051038096,-6.850172346588266,-4.027115698166746,-0.0461502952576579,False,False,0.3820311731596079,1,0,0,0,0,0,0,0,0,0
49.48498795246063,65.80562923957304,216.5359385465723,129.97412024020764,1.7056990448283893,5.511867532159842,193.99769814029972,24.75170798747751,0.7432328594635486,1.9304679582712023,125.49442411085204,0.0617931609687154,8.682362678265834,19.390064634485803,False,False,False,False,,IO,0,0.6933120278611937,7.628948362691581,0.7075683169132674,1.380678093221377,-20.115357733570846,-0.02971428524902242,0.486955515980136,160.3238125153424,8.716891720144307,0.06660779844325859,True,False,0.1215751188438892,1,0,0,0,0,0,0,0,0,0
23.76294788287573,32.11696621573425,217.9756403242119,119.1986863954623,1.2074384121324313,1.686597126699803,87.435785885885,13.986599884611392,0.6621438812523275,1.3739955058103503,49.86254731832816,0.2233431032969662,3.548731004667744,6.911464247174878,False,False,False,False,,IO,0,-1.889357877821506,-3.9803135633119844,-2.4547012906112897,2.9145846242186337,-21.21103162743627,-0.027517081110790986,-0.21109314753089414,-180.25053770845105,-2.3878512971597328,-0.03567977848116999,True,False,0.2478850077795735,1,0,0,0,0,0,0,0,0,0
29.85668694602519,41.93513852761424,214.4628003472189,131.9120544579324,1.3870608834889593,2.293158043211741,129.15302753242605,13.99663537388587,0.6936132068433333,1.6065049489568988,63.26280991349445,0.3993752286898089,4.416597142263362,9.675526341021811,False,False,False,False,,IO,0,-1.2285608469316993,-1.497443188555735,-0.4469541859520447,-0.6223584025592004,-10.974308614026995,0.024059195903239017,-0.4046572634387342,-78.65931686650268,-2.290917461893276,0.0012133804297230766,True,False,0.1753930453219077,1,0,0,0,0,0,0,0,0,0
49.204201966095134,77.42375740052961,215.22811265514403,146.29087411103387,1.860167549428096,6.627359827572971,233.6901467152161,14.517005040240324,0.7117898059172556,2.122305491719336,160.38663480791664,0.1068346649987457,11.623889601639824,23.758426712519444,False,False,False,False,,IO,0,1.3329395321689534,3.852972749898832,4.765488805402086,0.049521325806381356,-6.195906238110638,0.0008101580205175374,0.8279558665192397,257.97209638534724,-1.433696787140752,0.040414818380966055,True,False,0.3874425008540753,1,0,0,0,0,0,0,0,0,0
45.4196664450629,64.48448283235514,212.6865249152589,118.0120777015608,1.9222604609913725,5.063414486703922,180.9492666740863,16.3824112315758,0.598289270725975,2.16189456257085,124.52126560131184,0.206983362149289,8.791864234970713,18.89195029656496,False,False,False,False,0.0,IO,1,0.7730669892572906,3.1278127105762508,-1.556258114229962,-2.4716446580112574,-32.37631918535763,0.17139258313406014,-0.05806869745872767,154.50187674468356,0.35808316849594135,-0.0776811602084867,False,False,0.1945761566471423,1,0,0,0,0,0,0,0,0,0
30.105231666892145,42.96533173460018,210.91871257868416,93.97461899499676,1.4727224308846372,2.419756018881314,110.41734891716476,14.686232884381957,0.7798194060822157,1.6995251301195209,74.51861518964262,0.0649970825662514,5.494133657535912,10.863891647111538,False,False,False,False,,IO,0,-1.1680397226991621,-1.579610959213376,-0.13210274380217868,-4.168653722887029,-49.138575215250725,0.09799323958288064,-0.35134119465580893,-91.91125332828892,-1.593361099665815,0.08791633809036692,True,False,0.4379262861510128,1,0,0,0,0,0,0,0,0,0
32.07535487852617,46.64685816749072,214.5794964297687,54.27338582883995,1.7767711050890955,3.345021049188587,126.72392999588658,15.468452781510402,1.137136697262313,2.0929917683190014,90.12513841248104,0.2075156939132508,5.998772994793049,12.64326327907385,False,False,False,False,,NIO,0,-0.7535073155308815,-1.8746645256175896,-1.3502265980766524,-0.5229902412659158,-90.39346190268039,0.32171573995744396,0.07198793064604514,-38.04441764431505,-0.7566279725149965,0.44863611835118067,True,False,-0.1122472270434737,1,0,0,0,1,0,0,0,0,0
42.29229579843744,57.81992927569871,218.91215221736977,199.7806304073859,1.6611216941334788,3.996387806295736,174.57147744610722,8.0,0.4334520041010887,1.852909571938331,110.5393943701867,0.1641548550449509,7.795824032950241,16.327741380650085,False,False,False,False,0.0,IO,1,0.3511507385832373,2.3059672213984967,-3.233886540240313,3.769372344597116,50.97356143888007,-0.007989202828625919,-0.6142187577125733,109.89479223514753,-8.079812308039834,-0.2459815226277448,False,False,0.2392606310229099,1,0,0,0,0,0,0,0,0,0
53.587640895816286,86.13754498479074,216.43237872463837,138.5995693767503,2.0611952149859065,6.449385449910664,240.29810059150168,16.22863934400731,0.7486018786284969,2.3123013328590503,159.4052056381875,0.2840654969376935,12.039213817940665,24.36130134830501,False,False,False,False,,IO,0,1.7977868752631876,5.696293250513953,7.984918460839168,1.2368317521467702,-15.629443181417884,0.11176185402790817,0.08712182382077849,306.6992772684288,0.3390674299965486,0.08104236602668236,True,False,0.5043380318229254,1,0,0,0,0,0,0,0,0,0
33.1449435531767,55.11841223161823,217.0356455012448,174.91355257946813,1.527499481679336,4.2406763543832655,164.49398379675367,16.07122648594658,0.5859714867071641,1.7847594872905774,109.87927642329596,0.1365134124708768,8.398614320221352,16.643999877736906,False,False,False,False,0.0,IO,1,-0.3040439702766532,-3.261129743602666,1.8088038356582246,1.9167643295076857,28.562131345462063,-0.01465081300845239,0.4234112600874731,40.450938669809716,-0.09474743275599451,-0.09883988938661403,False,False,0.4882890569093166,1,0,0,0,0,0,0,0,0,0
32.17112825619396,49.47785957141299,214.4919300102367,126.20086012478112,1.515750611980779,3.08293589565432,171.01478855314454,20.15427518964957,0.7866103866278874,1.7105753118231657,89.85314140949669,0.2855585757780745,6.668833295773238,13.701473929957176,False,False,False,True,0.0,NIO,1,-0.8752991558712195,-1.1133700844024546,2.920318289488492,-0.6061142153057801,-18.009515885023518,0.08429550673006214,-0.04262576698661702,-4.788962961206437,3.9131781568181943,0.09711013821031256,False,False,-1.0,1,0,0,0,0,0,0,0,1,0
40.80389693901896,52.83111580347777,217.72977859529763,184.5923196217098,1.2991690148745487,2.7042805108312806,156.68906916434076,21.23624379311761,0.7069836209991791,1.5111362155775687,90.25919565111704,0.4298137892203895,6.32574340593304,13.608175161489688,False,False,False,False,,IO,0,-0.6299802105263936,6.178874266431421,3.3739772398433985,2.622786183736764,39.46249645486975,-0.17982286170400186,-0.7183252060677439,3.113355524247055,5.027407514488253,0.019496954676501366,True,False,0.1905031536417042,1,0,0,0,0,0,0,0,0,0
37.8045564206023,52.36101312377712,217.82620931524016,153.90056609318913,1.3480515016428831,3.2944948227862034,169.537706211973,15.776465957812874,0.8142782161063695,1.5647114679747929,89.9947527964915,0.1506074507871676,6.87534224795268,13.702263737422856,False,False,False,False,0.0,IO,1,-0.6583326517988304,3.334463231115329,3.238992019284929,2.7202510794875536,8.877006922740833,-0.12544636991514535,-0.09378038575423941,13.3930138998671,-0.4360988185793886,0.1265588324612993,False,False,0.4398736867607735,1,0,0,0,0,0,0,0,0,0
36.93702082578067,56.246865670877455,217.2343041289521,129.7022125956809,1.4744810305691276,4.022292204877081,178.34178419624584,19.264916326695825,0.8763259864763169,1.694469565234205,109.67702494956664,0.3426574942551084,7.672276778106952,16.76475587954335,False,False,False,False,,IO,0,-0.46067800917729634,1.386860797620713,4.788625226875439,2.1211362971077676,-16.06214952815438,-0.03731744404659598,0.3946871871174329,40.106327862790835,3.0783441936093574,0.19022895551500119,True,False,0.1456642258385998,1,0,0,0,0,0,0,0,0,0
44.04182956773697,67.66644518817056,214.3659829948942,136.94844500437225,1.7816369555100051,5.517851100916497,226.25764729585788,11.593724878220774,0.7288631676652272,1.959551164886756,160.66000230824653,0.2573214732416067,12.024032989622818,23.86265928552269,False,False,False,False,0.0,IO,1,0.6780979006399271,2.2689262710147062,2.7482107435366174,-0.7887225121589836,-13.084010932234548,0.04917174868354457,0.5113610864515419,191.20522893824625,-4.443092128264448,0.05211322882875724,False,False,0.0305056144674041,1,0,0,0,0,0,0,0,0,0
35.481456053014206,49.86681127459386,219.18950817353837,85.98935856067456,1.8432765585828248,3.439064707555487,160.28235142277228,19.06936937078442,0.8698078432621267,2.027273028914836,89.66813126147188,0.1606787663261946,6.624058692789304,13.541445280709809,False,False,False,False,,IO,0,-0.3941997126720262,-0.43196892351478766,-2.377182946265613,4.073915497732315,-60.02416198278627,0.3185962269430016,-0.2690354496494236,28.070409051755774,2.89153948946457,0.18425646729437095,True,False,0.4667210118419477,1,0,0,0,0,0,0,0,0,0
26.829284347057943,32.62210296550779,218.7270001994757,211.87907456076508,1.3890118596768894,2.97113684489711,114.74650975963355,13.710096803461692,0.3483553159316984,1.5108456175940328,74.80273752920095,0.076770799046567,5.165798823402,12.121629187434843,False,False,False,False,,IO,0,-1.1034588784951784,-5.208454762090419,-11.238657965489509,3.637278264888266,68.5238335183056,0.0017684908876665073,0.1218420190117171,-81.730504265025,-2.5610044539517993,-0.3430176713874991,True,False,0.0731098037799996,1,0,0,0,0,0,0,0,0,0
30.67111197837938,47.37974892376492,215.620962012764,105.76630523593715,1.4223023885540704,3.59634259008358,150.78877041273296,11.261210127479782,0.9385678446874034,1.624963572511118,74.00068349510207,0.0460519264775923,5.5353296266332,11.32101551450057,False,False,False,False,,IO,0,-0.9592784144223399,-2.154488908079891,1.8148176070942696,0.5259809914357447,-38.12931933705431,0.007120395860617412,0.5724670789078257,-32.62423499394367,-4.990930627288268,0.24837829308077575,True,False,0.1672362459183886,1,0,0,0,0,0,0,0,0,0
40.21573152744472,63.17789548477304,215.6782769810687,146.34294820009617,1.6760085182982367,4.598520998671735,181.25701586973733,15.2576452871838,0.756259322783851,1.9687920993707773,124.58051663977012,0.3963311181811726,8.982373813435096,18.77128174822696,False,False,False,False,,IO,0,0.21137687932246424,0.9931852137446171,3.776165290663805,0.5405954609382206,-1.940253044518414,0.03398235372787073,0.15715938953537556,103.91559890268583,-0.8405480313855751,0.0756785298300362,True,False,0.3215825422900642,1,0,0,0,0,0,0,0,0,0
51.23185725281191,81.19869607948796,214.69461480304247,108.4834813625646,1.8097041705440404,6.058515241380373,260.364650530669,21.60188978879112,0.8616765033617773,2.072137501325835,160.24964185352326,0.3278881733825672,12.361408715900806,24.0514422536132,False,False,False,False,,IO,0,1.1071629019980527,7.114365063789073,11.209040388255616,-0.47574116036150826,-43.15709576960505,-0.005903269042585757,0.5324925533808864,264.1892666691125,5.621497126239255,0.18844833738743716,True,False,0.3009825796381558,1,0,0,0,0,0,0,0,0,0
24.895694539258887,32.851555447275786,213.5208429328085,162.82678340007763,1.2003227519021136,1.6204315878243034,118.8308850751617,16.724022146923385,0.5170186382737717,1.3694915605110456,63.21479028205312,0.8435545853524239,4.202474606565234,9.341045740841889,False,False,False,False,,NIO,0,-1.8040191578662028,-3.313893021286848,-2.7287904555106763,-1.543325558737223,22.097218724741936,-0.05116928404563992,-0.380590939547655,-141.1230055566864,0.3607934635390997,-0.1801045597882397,True,False,-0.2977762851575751,1,0,1,0,1,0,0,0,0,0
20.74426792547978,24.78997010679978,218.80232721130568,118.49017320589095,1.144130112672661,1.5834567625948028,131.25067032619833,21.98595259071352,0.5753845177591996,1.2922362625218011,50.391854819662136,1.2233661137097378,3.615856083974094,7.282322018139599,False,True,False,False,,NIO,0,-2.330083197245717,-4.5906878206232165,-4.572454646659814,3.757347286200826,-20.267721141471526,-0.005423665271294453,0.21941803945789218,-176.36921436565248,5.553543670780073,-0.12605662292634168,True,False,-1.0,1,0,1,0,0,0,1,0,0,0
36.280950333471,57.243017536564665,226.20605162665683,127.20624849084334,1.7670807062084828,4.184927272223342,159.5475362282337,13.005069144736783,0.721890744121716,1.9315615471541243,110.33961711756032,0.0487369891922916,7.855947911622753,16.604339262182716,False,False,False,False,,IO,0,0.02245915584861998,-1.9092712867363701,0.07423888511593191,11.075261017171016,-20.368895479525776,0.1616621448867277,-0.027683612328743834,65.08852442319494,-3.1179678655125365,0.039759311265789576,True,False,0.2848090239566307,1,0,0,0,0,0,0,0,0,0
28.326780921436708,36.32558624017543,213.5212651680446,125.26775657463264,1.376416744158008,1.7396814660853004,112.0446059854236,20.19140441819196,0.6974443165993806,1.5845927250773952,64.41732541866635,0.945106876903753,4.640955533366261,9.197142399020423,False,False,False,False,,NIO,0,-1.547824208675089,-1.2827619611131098,-2.282908088808476,-1.5522482196285523,-16.42201815439256,0.07528043512761373,-0.5715543074801122,-124.69578588541819,3.8618667417212933,0.0024239710576634543,True,False,-0.4540105798519275,1,0,1,1,0,0,0,0,0,0
50.66559791202252,75.23383669537134,214.9442965560878,101.64554634214184,2.0987170242223967,6.204028047198464,249.6186989369714,13.391359851052218,0.7424602882014983,2.356125189153667,159.62766342613048,0.5367377162649545,12.023290089133706,23.927242535261392,False,False,False,False,1.0,NIO,1,1.421244777470876,4.831832258196904,1.5318262527551525,-0.23751577096061283,-51.17219909667418,0.22224825054034558,0.29769982051221966,281.9018746612407,-2.5477293639827945,0.07181011162742579,False,False,-1.0,1,0,0,0,0,0,0,0,0,1
32.0688675002351,41.838645122931055,211.913760749495,106.1335160176362,1.4547091292890324,1.7935337332442574,163.4099418685351,16.901314685956812,0.8626772741394949,1.7451593150899514,,0.3587973068086075,5.664516441547731,10.854742646736856,False,False,False,False,,IO,0,-1.3496570537143282,1.3764571993007984,0.8878737103704069,-3.1669809285282327,-36.29898254378753,0.11517290492875687,-0.7576524242900486,-55.37477593192446,0.597837050907394,0.16928348799156945,True,False,0.4480041433713731,0,0,0,0,0,0,0,0,0,0
34.498886476630155,47.52974356812904,215.16618477211568,273.040077282843,1.1607922565813542,2.4347506991332986,158.93217816629846,16.038816756830762,0.4352169527045726,1.2971733268839427,62.3516044663314,0.0555116946258183,4.637152962424897,9.504005902267158,False,False,False,False,,IO,0,-0.8837043904991878,1.2603178196097389,1.0715496702605662,0.06844713358739796,128.86120380975458,-0.2690341211534144,-0.6806334985451481,-17.63316097590524,-0.2033856093370261,-0.25435228602244,True,False,0.4596703886095016,1,0,0,0,0,0,0,0,0,0
64.77495767564847,118.33810218947625,220.00921502641395,100.96420770822576,2.6619720542185408,9.871728296131131,-691.3792072630738,18.64596693569669,0.8226625243893444,3.0438625230322227,249.6971566968743,0.3782024637138765,19.14116695180763,,False,False,False,False,0.0,IO,1,5.3464093185005455,-2.50753288983438,-1.7581906736666184,4.684229482895859,-66.56492242643256,0.02490303847701858,-0.7873791635599456,-303.4418607691546,3.223057864362616,0.1842301654332008,False,True,0.4181500558248054,1,0,0,0,0,0,0,0,0,0
28.052644443396314,40.65799442345327,212.29817763714064,141.4181715186158,1.24430344564926,2.0503374594348083,162.35491261573512,17.00296247964531,0.701242286493689,1.4373580510240982,62.40303874797128,0.4823505451217025,4.686306952080775,9.34404257004454,False,False,False,False,,IO,0,-1.5820037415261177,-1.3701273140025698,2.453492050352132,-2.7740890273430807,-0.14349947074711622,-0.05020971148820674,-0.21951208121473265,-77.48244328969915,0.6689300116839263,0.005941394762340901,True,False,0.2579222382743039,1,0,0,0,0,0,0,0,0,0
32.45862412312881,44.87574756621342,213.348216339884,132.36841917445753,1.4259481171634536,2.0143226314808884,134.2067090034914,13.043261848712731,0.6694327208313178,1.6182947298432315,75.06085407657379,0.4668188959437183,5.51342009757052,10.245810781555342,False,False,False,False,,IO,0,-1.0745451518988385,0.26288843537763285,0.6732349497724783,-1.742560243799943,-11.095189542911584,0.033101980077987925,-0.8699823342035908,-59.65046899926526,-3.2240370989138896,-0.02170294212595847,True,False,0.2818170831635103,1,0,0,0,0,0,0,0,0,0
34.32293438760731,42.37784857540876,210.41536698633664,178.68703007239074,1.3069990849735944,1.8312585602153704,147.57535244725943,19.521227808370256,0.4793327148422664,1.5188482742243374,63.791850383562426,0.085527731049927,4.609160599126777,9.745185772027735,False,False,False,False,,IO,0,-1.142793634333047,2.5001366773773057,-1.0179871907428861,-4.672920184573115,35.47921437197721,-0.07262217664052772,-0.9704078392111166,-52.465733815317094,3.244953820053741,-0.21236313282491986,True,False,0.3401246803646446,1,0,0,0,0,0,0,0,0,0
26.732423581246223,35.699713308397016,211.3658946997788,165.49081687976576,1.00643506085881,1.9523635385929887,106.75638006081388,22.926626377301577,0.7754573002565297,1.1597702567489006,64.05597035350928,0.0750836113575658,4.110003567225029,9.51009192137988,False,False,False,True,0.0,NIO,1,-1.9523457585392714,-0.6666459942156777,1.8725438980023412,-3.692863471693869,25.317175315504443,-0.21631493199838836,0.13094203941034332,-166.6371953572477,6.543891952119772,0.07711663492189313,False,False,-1.0,1,1,0,0,1,0,0,0,1,0
15.494213628550726,22.780954769298823,211.06332984942387,185.76357858263725,1.2034898493876935,1.495483661215668,118.40401013726508,13.664786310975526,0.3378838223453443,1.3627847730043297,,0.1016651928580935,3.437467493956585,7.00338427499327,False,False,False,False,,IO,0,-2.250533688134981,-10.275433585881379,-7.521721622918729,-3.9845517015794485,46.70753535039097,0.038521335258063116,0.035122541668323626,-182.0079946295088,-2.7571614227796353,-0.3629043746102373,True,False,0.0624458232609748,0,0,0,0,0,0,0,0,0,0
22.11728014530753,30.24565546797596,216.74914598336125,90.91948324712332,1.345652418001562,1.6918930062090047,63.16613918287109,8.659071694219872,0.7972591016858068,1.545881693299558,51.591398753309655,0.295742426805685,3.634249763448402,,False,False,False,False,,NIO,0,-1.8598016856052002,-5.78748857774897,-4.675357477172245,1.687012199873152,-49.6010103902223,0.10496966244383277,-0.24158533629347678,-201.84213539621496,-7.711492690097035,0.09967803968301636,True,False,-0.3261656277580455,1,0,0,1,0,0,0,0,0,0
30.06076750794026,39.706942839986,227.98931588991684,216.2575229470868,1.1814576042921463,2.639830033394488,103.16817976693751,17.997278273415155,0.4761841246790511,1.279880193916371,62.753900105316085,0.1395835486004809,4.2595618916682,8.750787399642075,False,False,False,True,,NIO,0,-1.1621277569391844,-1.6563805478988236,-3.4603693228450823,12.901733945117286,73.12217088799133,-0.19441718040858302,-0.1384256744672796,-98.62474677422277,1.7184617445042676,-0.21567041779682822,True,False,-1.0,1,0,0,0,1,0,0,0,1,0
20.15333572793168,27.120798419539707,213.46913533025693,113.9479432092524,1.1015525335857894,1.7930843771077425,119.3335359616153,14.675278423791404,0.708018686892621,1.2622521332020122,48.90735830451223,0.0145379434801423,3.662737763210447,8.022703807662234,False,False,False,False,,IO,0,-2.3026048474661533,-5.331773103293589,-2.5664122904822833,-1.5768468875365613,-24.91293906898241,-0.05332587196938188,0.39577353790425396,-185.79657037755393,-1.7535169460883786,0.00680308897156412,True,False,0.0894652537601908,1,0,0,0,0,0,0,0,0,0
39.66591770840212,55.494536198042674,208.47597087283256,116.83104282656387,1.790891089923404,4.488865817258498,155.75122295598953,17.971247371697974,0.6821246744008119,2.1074163141257167,110.65442375601285,0.4078039094209696,8.138060381131693,16.471316690176394,False,False,False,False,0.0,IO,1,0.12104735872598146,0.9369693110246757,-2.839525814094074,-6.658415812681227,-31.113606412651933,0.16636856233758546,0.15687956427106098,70.22516292290885,1.8611752377478545,0.0008024551985756911,False,False,0.3726093701215852,1,0,0,0,0,0,0,0,0,0
38.67770300289874,53.43292102799074,217.1965528809663,179.38636286638345,1.2108633894618772,4.682441643977255,190.5389922157837,18.224711022924048,0.8754307220940825,1.3792340169915676,108.9416929532619,0.4643408077850735,7.880799981081382,15.365567462311336,False,False,False,False,0.0,IO,1,-0.5292502934830045,3.5022503398092084,2.7851846765038104,2.085886272803691,33.879007358028645,-0.2876474648525047,1.1378672674559946,46.09028834643567,2.0291212674686747,0.18877084865156302,False,False,0.1180774610515887,1,0,0,0,0,0,0,0,0,0
39.79151186845401,53.80811700737252,212.30668636709603,105.25081583648696,1.601122571838868,3.463883152609079,176.12916241624723,14.174430280697608,0.6732017246479164,1.8423034469193804,89.55110019967681,0.5347435969924205,6.132765482778438,13.58916479363162,False,False,False,False,0.0,IO,1,-0.29686342126805726,3.346201077605251,0.41363664868153904,-2.8124567203612685,-41.12751785372026,0.05758086355377201,-0.36207649801750996,52.736737709575664,-1.9905993573817273,-0.011550713376912825,False,False,0.011819891461516,1,0,0,0,0,0,0,0,0,0
35.97854603990171,44.49782806162626,221.03035399558897,300.0,0.851450638798261,2.5703171217524017,129.97359614563445,14.924592114625314,0.5958792158281501,0.9522694391926778,75.3408284535713,0.2552704323207201,5.258059512714296,11.046903815954533,False,False,False,False,,IO,0,-1.1329009743537466,4.101690737863102,0.9850639842732889,5.941705982749198,156.75510694267584,-0.5300875767412867,-0.24332778925425513,-69.17112876829879,-1.3503809359607377,-0.09573543271690066,True,False,0.1756216807936628,1,0,0,0,0,0,0,0,0,0
38.23304827653556,50.40616248257583,214.47980704400567,177.0666712267304,1.3534887948301098,3.6396447625020234,138.62094088651605,15.599521932253657,0.6240095956043195,1.4937742511400984,89.93407453634616,0.1305513353403841,6.905984449839039,13.221575354088433,False,False,False,False,,IO,0,-0.46328434046627637,2.6971303221184115,-1.0212718974667183,-0.6332657200192102,31.31207754491487,-0.1578046369552908,0.015195616832605285,0.14932818722115826,-0.5873929473457817,-0.062108828168747854,True,False,0.727763379480592,1,0,0,0,0,0,0,0,0,0
47.56077342289034,79.6864052524839,210.9452779211633,103.36795317333302,1.9514368502227344,6.703203714384663,232.5162676829052,14.5355587827442,0.8909324153131994,2.257254649360944,159.9006332745307,0.5842086514388987,11.622267924926286,23.63113711927189,False,False,False,False,,IO,0,1.277232875852504,2.513948451303449,7.68657283724977,-4.231281467581738,-48.910040501361564,0.10287403719160793,0.9712520694092541,251.75070801897428,-1.4224687680713846,0.21910018659006347,True,False,0.1012174593247713,1,0,0,0,0,0,0,0,0,0
46.48442353718529,77.0510029897915,213.6446134140002,131.2693997813758,1.862194991388476,6.533426335186414,222.6837536163163,16.120278416454326,0.780444545377134,2.149916290192588,159.37027186332912,0.0201876138078935,11.599091513735267,23.936392104570064,False,False,False,False,,IO,0,1.1550169633789826,2.1054369349382185,6.495726465223669,-1.527488060914834,-20.550532763509523,0.03731461297612726,0.949459633179667,230.8443654411801,0.14617881907771313,0.10760916635624063,True,False,0.3745268300704518,1,0,0,0,0,0,0,0,0,0
24.232743087522923,31.790225130110013,218.4938630215725,130.1801984872285,1.190400955376545,0.9181489611855588,107.97572883968164,11.05730567674016,0.6421555027715258,1.3292226859139602,49.99260854645808,0.5126979496354075,3.41919915629916,7.257405659416429,False,False,False,False,,IO,0,-2.012561288595477,-2.8372838895753496,-1.3252145481097948,3.437301255124254,-9.767757295440447,-0.02068075039160444,-0.8303606593321383,-170.8738992319018,-5.333347412903361,-0.05667941266265153,True,False,0.0319985938319337,1,0,0,0,0,0,0,0,0,0
23.24545686190154,31.719261677870723,214.3740531809348,107.06828680960822,1.2852988565682189,1.727615938762141,127.64181249776163,11.21648607543554,0.664533037005323,1.4867657121900664,63.66077729438003,0.6558822129698079,4.681825966139308,8.521654878405807,False,False,False,False,,NIO,0,-1.891564675521717,-4.48574572756495,-2.8263221332110042,-0.6869220245157521,-33.33316020972492,0.05077098638319222,-0.16740223798796094,-140.24446623168296,-5.158255312043423,-0.03330873616140306,True,False,-0.0090495584150889,1,0,1,0,0,0,0,0,0,0
22.233646656612123,32.75423208499773,214.8937136975277,118.98773772658386,1.6154787780095752,2.4750583583878063,133.87979753806383,16.556919686638405,0.7552950371373772,1.825640289813188,75.01298230389673,0.2257953996788282,5.325990481866054,,False,False,False,False,,IO,0,-1.4940941653893358,-7.6694994382058965,-6.489335443239234,-0.18175953234771214,-22.90341539772605,0.3039309095396143,0.09876364748419242,-97.99218339344975,0.23444779841034347,0.060715708708978244,True,False,0.2511005354067268,1,0,0,0,0,0,0,0,0,0
29.904044535928225,42.100324521380095,213.73850454706263,150.18916884777295,1.2151592367279551,2.8968484082943595,173.48718480373643,11.482287997236083,0.7582711301277311,1.399145796059703,74.50348907657309,0.2445420033061213,5.350859158587477,11.127821172019097,False,False,False,False,,IO,0,-1.33227111438877,-0.883369738986449,0.9440564549124204,-1.342871295676133,7.691508370449071,-0.12774595459439886,0.3246105138178059,-43.722215129345074,-4.818903293746574,0.06502004806684503,True,False,0.2787323984305301,1,0,0,0,0,0,0,0,0,0
38.29778565550786,57.495961025088576,212.024358111231,176.15218440113847,1.8586087341975384,4.095461432371776,167.6119236062605,9.750786052303358,0.4360276438456801,2.1472661934866206,109.24427390512946,0.3957991527171137,8.365914348856057,16.134032492060868,False,False,False,False,,IO,0,0.35642511767261115,-1.717364313598921,-3.6201963896566838,-3.1186141483349274,27.325347237183934,0.18847579243446866,-0.521531605156544,103.4131431816474,-6.328332646658989,-0.24336259068947003,True,False,0.3702282542745507,1,0,0,0,0,0,0,0,0,0
35.26768198080458,52.63705827370151,215.68597065017337,134.29192790258932,1.3699775667088434,3.690747453380226,185.82866358510623,18.54214396373604,0.8127694698753184,1.5528580485835548,89.52897431750036,0.3333489395113843,6.716473240551746,12.935788158727334,False,False,False,False,,IO,0,-0.7406829239350915,1.247584788934418,4.488392997470903,0.5830162001768997,-10.422985217345627,-0.0875628497499723,0.40218594069897495,22.222317769528644,2.318749685838611,0.12437415378952121,True,False,0.4528587649882663,1,0,0,0,0,0,0,0,0,0
27.25725160172729,37.28534326432947,207.69874771363084,157.61161079631384,1.0782515813072011,2.0260946514977123,89.17521527375773,18.73799361147458,0.7192932388736898,1.269207101527371,50.278156775901984,0.0323495303253684,3.3989091951112287,7.885366033726461,False,False,False,False,,NIO,0,-1.7526888749935758,-1.2328258861741332,1.0982886196736814,-7.367293087119862,16.6896619470175,-0.1831869995993174,-0.03708106713824533,-166.12770366006146,2.3815151349956203,0.022591360650523473,True,False,-0.001818008147952,1,0,0,0,1,0,0,0,0,0
40.65855862638791,54.07999393999579,210.35917202304924,82.14413741558297,1.663495337353791,3.715668187470883,159.45555139883098,14.527453864424588,1.0580427699360884,1.9736707692576287,90.211832805994,0.2047297205323857,6.252053231817859,12.850784015451737,False,False,False,False,,IO,0,-0.3078748887136464,4.273419054769654,0.8156658654179907,-4.759569413166247,-64.19292566495568,0.12208738033364153,-0.09695824533687425,35.06539162083152,-1.6390238405546231,0.3731999495983245,True,False,0.1222715109424621,1,0,0,0,0,0,0,0,0,0
32.51557727562322,43.807905626824486,219.3577034997921,154.69036412511036,1.3520212989154912,3.7182162257921143,181.6621081709614,17.174637164606835,0.5349796669413541,1.5143720888101395,89.52987282674468,0.0407152381598223,6.829625440899965,13.566993650928984,False,False,False,False,0.0,IO,1,-0.8669772876851852,-0.8143951997788932,-2.8479976725017053,4.259355728086717,10.448798033210295,-0.08104637948738835,0.5825780423121265,6.612390557105698,0.9346345019786,-0.15445227543996276,False,False,0.26696187901665,1,0,0,0,0,0,0,0,0,0
32.78701652996104,35.05093986020092,216.3353876409796,116.00056092236518,1.3559870084582568,1.6494024381365129,148.22714304506636,16.752486576782,0.684600686343905,1.4593647793048312,61.6043916264153,0.1367734286389478,4.541642897047406,9.158175499063208,False,False,False,False,,NIO,0,-1.4664918498600756,2.733039949816014,-4.518878863046858,1.2589075966751295,-25.99404475227793,0.039090490867092376,-0.7603144925642618,-81.1438271547274,0.4336445407671228,-0.009752081807018032,True,False,-0.1630069779872502,1,0,0,1,0,0,0,0,0,0
50.077023112249535,79.12133718352553,215.2033370508379,105.47322717739516,1.877499068168811,6.467054199782311,233.5948420459953,18.40967754387634,0.8663152215158316,2.19031139992359,160.2179673689458,0.4140100192002517,11.364375460397124,,False,False,False,False,,IO,0,1.2296224622068033,5.290361161739192,7.684245757553796,0.02851428637643494,-46.626324268101484,0.038161981031451075,0.7927515483420109,248.51536330729363,2.4453889688666344,0.19409220570402264,True,False,0.2522788856235018,1,0,0,0,0,0,0,0,0,0
29.699060043896974,41.12761871096871,213.31014974077507,140.6709383657298,1.1689165019378114,1.2569883836178335,121.1013944014269,18.4189996157592,0.8787084460437121,1.3999588968112222,49.40125443582095,0.2217159372824187,3.3456598982066064,6.94822023451205,False,False,False,False,,NIO,0,-1.7478622855725514,1.1826080721564871,4.883515208771733,-1.7560671133167602,-0.26910037839752476,-0.09345735315749049,-0.8120316031313959,-133.7641933988216,2.063155861619876,0.18204618454898047,True,False,-0.0905668363223225,1,0,0,0,1,0,0,0,0,0
65.93947796285234,120.92039681485566,220.514439185838,198.39448137683277,2.391248448619489,9.52037346745632,-723.3521684354399,8.0,0.5955681922630149,2.7242438687872257,250.2827946141612,0.1197144989579404,18.667947402513043,37.18984028373917,False,False,False,False,,IO,0,5.477446876765572,-2.05905609862738,-0.7247211796405679,5.184673952577214,30.374226880612042,-0.27121241948731356,-1.2974006109600715,-323.5416753161305,-7.405676931140096,-0.041788608175988395,True,True,0.5559824675043479,1,0,0,0,0,0,0,0,0,0
30.95054956127734,40.93758864799352,218.43003587303104,183.08870693184448,1.097655131697976,1.9492115471776656,114.8012164281452,15.038004166070422,0.7335951142560171,1.2196169603725735,62.489428225543534,0.1415825863477244,4.285194455593762,9.454406195753428,False,False,False,False,,IO,0,-1.4793764496205997,0.9669797712099033,1.5200620780852319,3.3540258038247828,41.142392303792604,-0.2167446677061533,-0.4449040864240239,-115.73721098156365,-1.2825322637683065,0.03913658909011408,True,False,0.0015799677166169,1,0,0,0,0,0,0,0,0,0
49.20984381637848,75.64884817780285,216.78216478929255,150.04325594481406,1.73382484688021,6.8038947862509005,254.3189987429615,18.071616752712533,0.700299903462263,1.9150280792613767,159.51426364385577,0.2714071207507722,11.278234015769865,24.117656113174498,False,False,False,True,,NIO,0,1.151842211568819,4.848205373049893,5.131096279414692,1.6101791157467176,-1.764777737054203,-0.09044034280054603,1.2237722274171503,262.1919503409378,2.0970996584823602,0.027438466024268138,True,False,-1.0,1,0,0,0,0,0,0,0,1,0
59.61758259012284,90.4672014753795,218.3718360683812,94.73342237424954,2.647067269134568,8.194296804047385,327.24984344104746,14.358173635843942,0.7422933801091235,3.015659642465632,200.06061378301152,0.1587981026400633,15.012761973404812,29.607203759358512,False,False,False,False,,NIO,0,2.8659440605805084,5.889381638214594,-0.31072663965562697,3.1373272897491518,-63.499007392184,0.49065134598905047,0.5386567513404108,490.4353852126463,-1.39092989177208,0.08350131993487175,True,False,-0.0216437801042192,1,1,0,0,0,0,0,0,0,0
72.05912401664213,145.45563153353294,218.8401107407961,143.03836195057832,3.0431457408599454,13.808123748642355,-803.1946216060237,16.79004472952746,0.5951979346022755,3.322412156022843,315.8499584978216,0.0754287799553998,24.047769682485708,47.204532798781294,False,False,False,False,0.0,IO,1,7.584049937391968,-7.450761753313458,-1.0889107579658344,3.4335056367828827,-32.877369971458535,-0.027522931298643805,0.43957270939489135,-212.5075023386172,1.661397374902828,-0.02486783192179587,False,True,0.2917012518153304,1,0,0,0,0,0,0,0,0,0
41.93808364485167,58.09735494306256,213.3493304298533,119.43709102622556,1.7456265172724563,4.825892058107245,211.3271275814134,19.00279992671231,0.6866019395948898,1.968363046143751,125.41065852358712,0.2112295591835175,9.116434274990208,19.19422721548521,False,False,False,False,0.0,IO,1,0.19451085707933324,2.8077002628364482,-1.1050238630782445,-1.7877358899133924,-28.78289693422893,0.1068685725350711,0.4049526451419334,132.45750177308625,2.902388635954985,0.005882710042331429,False,False,0.4109561833268057,1,0,0,0,0,0,0,0,0,0
42.03717880150346,61.54625459607879,211.54206720356672,246.8535714015433,1.616892745545449,5.734121101437163,213.44309956401412,16.32370093300865,0.4602921437084929,1.8399511401031827,125.07430348744518,0.2253043837310568,9.771464196027845,17.918685721525463,False,False,False,False,,IO,0,0.6061797763713904,0.6572659253034345,-2.5219289185643916,-3.6100150378714204,97.09066217607648,-0.10163649957664878,0.8147130332007588,171.8742713635363,0.2774263082932613,-0.2170481003207625,True,False,0.5304326369470601,1,0,0,0,0,0,0,0,0,0
34.652862158293935,55.74088820399231,216.5193003611288,132.3880774987785,1.720532596539434,4.175008490206821,152.78046785289715,22.031677668939466,0.7202685177802123,1.955955773869904,110.22438586740688,0.5610721280828829,7.870790790812962,16.49686551320407,False,False,False,False,,IO,0,-0.1985397544474501,-2.3297298751361666,1.1842512224606523,1.396570846787597,-14.3587699880311,0.15793818256462688,0.22999378420788297,38.29702564226665,5.87957811925213,0.03632312209259969,True,False,0.1368121106417187,1,0,0,0,0,0,0,0,0,0
46.95958046648817,68.87164835649124,216.6443321152195,120.34688674640924,1.760669429398619,4.763992118461495,209.2044934641258,20.507945009124484,0.7675031010132748,1.9910973435503727,124.0350533497186,0.0112581157337463,9.196587391298284,18.274608027298918,False,False,False,False,,IO,0,0.565820423343126,5.800207812657682,5.280500442045302,1.4937220103828395,-29.26475698119941,0.04996083315933442,-0.10654689143985951,163.97875557641697,4.456362913492136,0.08983158672478553,True,False,0.1958777914321624,1,0,0,0,0,0,0,0,0,0
29.77018724844906,35.04121078816129,219.6347912597269,118.70534337548196,1.294833368394424,1.5524439648314017,105.26480850322945,15.525743388114265,0.6658870881034173,1.4248167555356768,62.2280436728554,0.0676627029192172,4.530631503712826,8.923657913941733,False,False,False,False,,IO,0,-1.5730023028916624,0.2982279018264755,-3.2696859237841522,4.562196261256503,-22.890064703163034,-0.0014240459156236174,-0.7283049534523269,-133.7569384870098,-0.8071053424931094,-0.029339919665821057,True,False,0.3262321477682883,1,0,0,0,0,0,0,0,0,0
31.39408159970546,46.443001445709534,213.19277596852055,189.4064595919224,1.4998758272536965,4.548225096117108,170.202261186044,15.207815317100886,0.4577423664122818,1.680249562472691,108.48750321481413,0.3368669033469501,7.939103252305739,16.63050575649905,False,False,False,False,,NIO,0,-0.4472906385154138,-4.229232566992032,-5.1734737547882546,-1.9208801773543485,43.59192205306593,-0.014516790170444605,0.904410001913214,33.179817494930035,-0.9769963050974919,-0.2282447807819053,True,False,-0.2604139876548952,1,0,0,1,0,0,0,0,0,0
35.399128788904065,49.81777859064987,210.1880375274696,90.0624515782268,1.7701613485588668,3.0351499484238085,201.2388356237701,8.0,0.8482797794277193,2.087459345978282,90.9713723650968,0.1652197794776471,6.721532888814455,13.22737426566622,False,False,False,False,,IO,0,-0.5182193777809967,0.16339863325520554,-0.9603399175814218,-4.923031441324042,-55.486247431207616,0.2695129743863025,-0.5227811948065941,57.78962900754823,-8.194139131005699,0.16171044792975553,True,False,0.1905230290860018,1,0,0,0,0,0,0,0,0,0
43.25161974736151,74.4039125875843,216.40217101963967,107.2239469013139,1.9512751999018905,6.015180944236509,236.9347678068238,14.693991212437895,0.7546787556989203,2.2202357344567814,160.78593101597423,0.4122447507180095,12.083847571141838,23.39159843688245,False,False,False,False,,IO,0,0.9463680415233522,0.01277727951072194,6.3148045270700095,1.2376801651057292,-43.81397650135449,0.16682584516000665,0.6838564569492886,226.18996598370853,-1.3075468348025883,0.08013078276247121,True,False,0.3450574866881434,1,0,0,0,0,0,0,0,0,0
31.251159039720317,47.97052409775098,215.5865501618288,183.3117421375999,1.2103301996661848,3.748492225505029,143.19651791411545,10.586924429157891,0.5910977353448534,1.319990070225869,90.25057867018003,0.1887787153480705,6.49661660213587,14.162141596034994,False,False,False,False,,IO,0,-0.8478676437725914,-2.1832364455089,1.088750466781569,0.48750535203598133,38.99855374297593,-0.2264404572064267,0.5897151601288777,-30.12169915029986,-5.650565213025528,-0.09817735475272249,True,False,0.2897651408782085,1,0,0,0,0,0,0,0,0,0
36.72814942246893,47.45318119663151,207.7936740939212,143.17861602096008,1.4830674491791498,3.699289067518383,181.05165157802784,16.88491816800249,0.6579099329742903,1.7160093075102023,90.07945983180308,0.0726962728222939,7.175282420824679,13.960044757165914,False,False,False,False,,IO,0,-0.5869339815469625,1.8679043243721054,-2.5127510452129656,-7.314888459985411,-2.112542964443037,-0.0042657266848860065,0.22456089281815217,31.376302040485598,0.6817426988572031,-0.02922340916543864,True,False,0.8035455176346628,1,0,0,0,0,0,0,0,0,0
37.08382119450131,55.10518401672892,218.30123593835495,165.60208127064922,1.6087698591458863,4.556820546884271,163.04645994315246,16.61148284448001,0.4748995895827241,1.7597596867981329,109.05076675739728,0.443245377474929,8.217435452103922,,False,False,False,False,0.0,IO,1,0.014599965658900885,-1.0634545551200887,-1.9707013342104744,3.1707319985173967,18.05639328080531,0.004874215372735025,0.35372595025629217,67.87533690287047,0.48741230866020757,-0.20729635164056132,False,False,0.2089722978310698,1,0,0,0,0,0,0,0,0,0
29.74250824693793,44.66136232713882,208.82080049337765,212.02357329819228,1.180740537342604,2.4401235463780075,131.05161711620644,18.783423024107112,0.5461884808333143,1.3459548040746214,74.85660426235124,0.1963764492401401,5.1683070306595935,10.512785935998966,False,False,False,False,,IO,0,-1.2390561393720123,-1.554271262448406,2.4033208619908066,-6.263975433015389,69.17654622934072,-0.18022742098485356,-0.24498355213667633,-77.71169239280283,2.4944900012037365,-0.14629749111996804,True,False,0.0758967007328818,1,0,0,0,0,0,0,0,0,0
23.97988357062257,30.32854048658917,211.86434740813505,112.24290604982149,1.324750456451122,2.0438096538779,150.58104335972334,21.586681887792764,0.6193282980464291,1.5075791073649136,64.12594981641854,0.5394079190910924,4.599765143972725,9.74672853565934,False,False,False,False,0.0,IO,1,-1.8935247820165735,-3.7406081850517907,-4.193875446217362,-3.1965563010129756,-28.15119455628765,0.09060240664276176,0.15116486895528736,-117.48283812822004,5.2116827358197,-0.07852956370789699,False,False,0.0617084863178831,1,0,0,0,0,0,0,0,0,0
31.82529866551221,45.73194310018256,218.93262051670425,76.51668963366916,1.7972776129772123,3.21205824092166,158.85535130615918,15.894922281312128,0.8842631218420226,2.0326246771385192,90.08112251619248,0.6036197323738413,6.343626374526375,13.357563083481264,False,False,False,False,0.0,IO,1,-0.6951790662382782,-2.443450453164086,-2.9545642978602515,3.8280062805764885,-68.36877041461113,0.33091966929958705,-0.13160154537904223,-0.6279477920609509,-0.3224879957722475,0.19624130219767744,False,False,0.0713542578863981,1,0,0,0,0,0,0,0,0,0
34.63721789931009,50.53615165246952,223.06692014029343,168.8135222174447,1.4190281374660576,3.5490072722689594,126.76805909746942,25.0,0.6040744913668786,1.538312095110354,89.62760678396955,0.4045436380938372,6.519836227734999,14.250287322177478,False,False,False,False,,IO,0,-0.5980758442656964,-0.16214344577217332,0.7019129282496763,7.958763993890557,23.56412255880869,-0.06614601973970835,0.08777020429637128,-23.916840461387594,8.795359316278578,-0.08315030337241502,True,False,0.2413061879617982,1,0,0,0,0,0,0,0,0,0
30.997535539109325,39.04366089862253,209.36911813491764,98.77665378738858,1.4036803732336778,3.206425867397692,150.8797922864524,16.929805780879615,0.7960320488993138,1.6151236652577694,73.89630126516313,0.9556469842862162,5.1624447203357935,11.558168199270504,False,False,False,False,0.0,NIO,1,-1.217373359084015,-0.4177276630893303,-3.4706646080805115,-5.716448686573784,-44.151639612786894,0.03851082596308597,0.49506420890485137,-55.91886805620999,0.6437241596252399,0.10372404957710624,False,False,-0.4702261296711018,1,0,1,0,0,0,0,0,0,0
23.712209712547484,35.06477316292011,214.32841329378311,133.15682231195643,1.3486903599868274,2.7322586220793625,132.07068235906982,10.759134425133468,0.619252569570763,1.52225650361042,75.90070273380185,0.1567214805526622,5.166030262826891,11.399732761927,False,False,False,False,,IO,0,-1.5036322296858071,-6.1388164481515375,-4.066057270071532,-0.7467120282963435,-8.698582468136976,0.03899073352986804,0.3675130611381201,-100.66553045690361,-5.564591769595054,-0.07540504745234822,True,False,0.0733669586965457,1,0,0,0,0,0,0,0,0,0
29.96799074346076,44.17422137302695,214.87295301929257,138.46897910032752,1.326106125551097,3.3749564341429434,170.7970297306049,13.75171249955952,0.7371921341277812,1.528911999166181,74.95783878684524,0.6643336909779418,5.519054221136498,10.739068654087282,False,False,False,False,0.0,NIO,1,-1.1124859359568362,-2.0204207845803808,0.4201575878243631,-0.2164396468429004,-4.8524288343471085,-0.05938802176762392,0.536592006407854,-26.497914498623828,-2.520575864220863,0.04574505256670258,False,False,-0.0220518322737566,1,0,1,0,0,0,0,0,0,0
33.66548420764241,45.99237852176616,222.29458231289885,139.6614070389779,1.36066169637267,2.9438777672132246,127.87626104731731,14.509013198768711,0.6787906746784297,1.4973262652395152,73.84396802225189,0.1296336716292133,5.535076848191291,11.495720147432236,False,False,False,False,,IO,0,-0.8822244655591066,0.41882862774323826,-0.48330765060790526,7.196790693037656,-4.523013143015845,-0.06945145437655165,-0.17329839522188406,-48.55498397682737,-1.7329945493492485,-0.010766416799388834,True,False,0.0366400185432382,1,0,0,0,0,0,0,0,0,0
36.62532623057746,47.62001916942797,211.98085628859116,133.55758163231283,1.3015361065375044,3.142080242354233,179.0245194745185,18.368508604613517,0.8309584900139115,1.5074726625366954,89.45398338323515,0.0318790535379637,6.680535603100335,,False,False,False,False,,IO,0,-0.9592119737390343,3.7993622847039177,2.0543025435573483,-3.114127156209122,-10.338291958125268,-0.11365876072446057,0.11812428158291643,-4.38246582627994,2.1163765871508957,0.1407694837535476,True,False,0.5099512772363312,1,0,0,0,0,0,0,0,0,0
37.70905962007559,48.356617606121866,213.7342375137292,111.24047968237456,1.839086897512258,4.43548456245159,217.5139606473143,12.211000399082796,0.6197782992672163,2.1003974278172697,109.3099848409634,0.2472204673512374,8.391588102776389,17.152622266705034,False,False,False,False,0.0,IO,1,-0.0645365341385533,-0.005781515178853169,-7.783897753828079,-1.3933798650234053,-36.00860736760218,0.25052595888904516,0.3282122705648449,115.17237993095921,-3.9234770099802674,-0.06306719569852881,False,False,0.4249873674694958,1,0,0,0,0,0,0,0,0,0
30.655891437685227,44.32387898679527,223.0819361338544,204.3565295250764,1.4982765539276426,3.267376111483509,122.9811355237686,14.808096468762416,0.4641207624996338,1.5668720009967665,74.91245662400374,0.6843564512956084,5.411190029975892,11.46106929450912,False,False,False,False,,NIO,0,-0.6326824567847439,-3.954365042037516,-5.101319826347307,7.975042288680868,59.236834286335665,0.0198083061388461,-0.15195759483738458,-30.83942521564616,-1.401095169711697,-0.22338808390650294,True,False,-0.0528560789163205,1,0,1,0,0,0,0,0,0,0
63.72728979094288,108.36044847432125,215.1591822267633,185.1419833750438,2.6672901129166453,10.979315593336532,-633.57976271325,15.355838876815652,0.4927076452954551,3.073777535839086,250.09672625181076,0.0201798818812316,19.104421769594083,37.0875847116212,False,False,False,False,0.0,IO,1,5.518716252270867,-4.4967572326652245,-13.772461316543641,-0.17208833682721547,16.967052647325175,-0.003167744022309016,0.1115705573181458,-230.02990392656744,-0.044410910581527574,-0.14431041540427436,False,True,0.5175314291367993,1,0,0,0,0,0,0,0,0,0
54.382166589849454,95.23519710739266,218.52705982859715,168.33540813583582,2.284487336480748,8.484756537839631,297.772505482889,14.207516769377824,0.6202183759085863,2.513331294154425,199.78134722324347,0.0167407277913392,15.112579894563671,30.40233871406616,False,False,False,True,,NIO,0,2.6389900057910536,1.8941366009366192,7.139798706544639,3.300829363313568,10.953594534250499,0.17204952105653293,1.1039234409110268,440.3940287744424,-1.571432431047624,-0.040436527025102476,True,False,-1.0,1,0,0,0,0,0,0,0,1,0
36.84115385336341,44.25014470103136,210.590300104364,142.27762013793406,1.58257974443277,3.2462697814632,140.85308494891652,19.245661526718877,0.5126410043982921,1.8333896782869927,90.49807348990728,0.7162294081208329,6.639085579485012,14.620762444568168,False,False,False,False,0.0,NIO,1,-0.5251193235525133,1.6431278594666594,-6.446418491629373,-4.520517183915558,-3.245218106795022,0.08326840985922246,-0.30330657341911405,-3.221316984870441,3.050615015917341,-0.1739849619724564,False,False,-0.1018913971089736,1,0,1,0,0,0,0,0,0,0
24.94212846473387,36.86064285693214,213.8228146048152,98.45218772727128,1.3822472836551072,2.498322698377632,145.40589893415662,15.854188057713184,0.7615318023519326,1.5790618962665963,75.05003881105628,0.4708115016992785,5.58149223306864,11.141191450095274,False,False,False,False,,IO,0,-1.603781560633448,-4.361640268377421,-1.0864521439156078,-1.2486576979604536,-43.02786072846905,0.0919541316439012,0.2548427953092727,-96.40471748426424,-0.48270831001056536,0.06605215790925689,True,False,0.2756746127703408,1,0,0,0,0,0,0,0,0,0
41.218917814554,54.43235993168123,208.9205344445241,138.34271462677518,1.6470128811584588,4.334427801424557,177.50159424988016,20.666268540415835,0.6301347752712882,1.822352983820313,110.62969741575488,0.135696989835608,8.010448258567472,16.775206594845645,False,False,False,False,,IO,0,-0.01742585360652822,3.246644406952747,-2.264989720125584,-6.208801330385256,-9.08294166949554,0.04932305261440573,0.17011161704748634,79.42865242595123,4.537986437967994,-0.05232403442371936,True,False,0.4018547413389932,1,0,0,0,0,0,0,0,0,0
46.84377480929972,76.46680977429097,207.92873701614548,116.08843697406914,1.653886229027841,6.943589798108419,237.0986485681327,14.6758992755552,1.0561909825039646,2.000972698151154,159.81627941072998,0.2864964736125405,11.93201988745914,23.784085340154498,False,False,False,True,,NIO,0,0.8665888371063777,4.040878960074423,9.320668283029107,-7.23284383418752,-34.65047665343235,-0.11510388023361129,1.7088658334273603,219.12515442015038,-1.3361301640256151,0.3809881804945576,True,False,-1.0,1,0,0,0,0,0,0,0,1,0
42.50442732149215,53.6231669984542,220.4420629347736,195.1094817051944,1.5790388152038384,4.277507648885781,182.97876785416224,12.625456393347994,0.4393428107294301,1.7574147254509829,111.78320335163428,0.3634225384933706,8.466267906840708,16.54267610880917,False,False,False,False,,NIO,0,0.1858138236271163,3.4215681326958745,-5.476415447945449,5.305313845594327,46.92208993363616,-0.05803385859017385,-0.1329009749754384,103.32111489734956,-3.476098603852771,-0.2414478042223011,True,False,-0.4860027930285706,1,0,0,1,0,0,0,0,0,0
44.60821904452367,64.8548131128606,214.5560186212014,148.6446660579337,1.726833157919197,4.936812748747524,201.4252943115713,10.544011656091817,0.7305449768064701,1.969296708421436,124.68316235384164,0.3796748577551877,9.21002594360081,17.996382719984275,False,False,False,False,,IO,0,0.5486248040141837,3.5428103773787782,1.466912326325776,-0.5939642609793054,-0.9025290667215984,0.019456649312734164,0.08709502712363282,154.64148320950974,-5.509831755509188,0.05273232058072552,True,False,0.4158848342227881,1,0,0,0,0,0,0,0,0,0
30.753573725634,46.01572248616466,215.0771206659949,199.36275679371147,1.3715435392750996,3.256559141726837,161.2776153815208,10.44646279604057,0.5308070464741497,1.5657197940957517,89.44525746335567,0.0098201467638045,6.537874002241266,13.499735243247068,False,False,False,False,,IO,0,-0.8007128385588717,-2.938495147479884,-1.4234069773315383,-0.023644149434346673,54.872833774970445,-0.07436455779521989,0.040684755559806884,-7.767964709135811,-5.78482573689584,-0.15808099617654747,True,False,0.3869203724456168,1,0,0,0,0,0,0,0,0,0
39.50429149591175,60.12076348668728,212.59708311253556,167.04589207971378,1.5528709981868167,3.972843574947515,170.02347309086431,11.144793255635149,0.6259897989425982,1.7452840149759052,109.3815505769766,0.2008711066453133,8.12896980933082,16.521788664915306,False,False,False,False,,IO,0,0.010201721929780905,1.3810495718419205,3.0968640740671916,-2.5332603981798627,19.516688559452945,-0.05017237424585019,-0.22492541526602006,74.45383077579223,-4.979855672773395,-0.05624224314036397,True,False,0.4846254808138278,1,0,0,0,0,0,0,0,0,0
33.27327969367364,42.62469266257392,213.94767233902624,172.2169596153785,1.1571734992261695,2.520146197342433,128.89656551300493,16.036846770528356,0.7212129210010816,1.3335111004624896,74.8614720511889,0.2040463166804624,5.340307792248527,12.149498888422372,False,False,False,False,,IO,0,-1.2448078454357245,2.007929888658605,0.4346346597063828,-1.1368937897267983,29.391489747422895,-0.20267992008551294,-0.1579964570455874,-80.38789877288502,-0.2528426325041728,0.028679738946155053,True,False,0.2670086580539192,1,0,0,0,0,0,0,0,0,0
43.23584058494761,59.70977117361477,218.99489831825196,260.88296235743843,1.7366335964718598,4.809170394098212,197.6282482235034,20.809512466311023,0.3511942937688569,1.8892158812144952,124.02626347411996,0.1913660713839045,8.955062040901428,17.852498443648326,True,False,False,False,,NIO,0,0.6399654701884546,1.6713086832120112,-4.757749236166859,3.8415837191880655,110.99342548776374,0.011557515764452964,-0.15114702768704458,159.12069880326064,4.767680841145651,-0.3258686367082875,True,False,-1.0,1,0,0,0,0,1,0,0,0,0
25.06615916802696,32.99624046467085,218.6474734857014,141.13974918050707,1.1038550903854296,2.751439998495929,124.70484717528409,13.59143167744148,0.7355239175182041,1.2699252648983606,63.19506848881685,0.1882601388807168,4.549455933083669,9.309558270446107,False,False,False,False,,IO,0,-1.7775007821114026,-3.2883357819347268,-2.897544786005753,3.582337717214102,0.3107945246597694,-0.1527755538441653,0.7183077380763541,-132.84624713028376,-2.7683096976109525,0.03861838273747975,True,False,0.2208704568078888,1,0,0,0,0,0,0,0,0,0
35.418976082298144,49.610014803810245,202.21592430888376,67.75913082132689,1.736183873544899,4.00811448858768,173.22301320106766,14.093226380142251,0.9854361193411252,2.169488163277736,108.85988380623772,0.4539794555114292,8.002017038999922,17.14405860891552,False,False,False,False,0.0,IO,1,-0.496748260442833,0.06591884786868718,-1.4218859525939465,-12.895927834449026,-77.87004121381369,0.231374925497281,0.4241850771248159,31.71927724029996,-2.098089184025117,0.2990430231411275,False,False,0.0499031718647652,1,0,0,0,0,0,0,0,0,0
51.21559643019591,78.3629327114673,212.21708126099108,154.27492207177667,1.9584014168123285,6.295044830364552,248.4787928417204,15.135928178762647,0.631984255244711,2.246859389915969,160.0807336108692,0.0775210644646217,12.741843070318058,23.87911425210062,False,False,False,False,0.0,IO,1,1.4801967620776002,5.05969271372129,3.964127269684667,-2.96688138234731,1.2362265772196963,0.07050920003813177,0.3173346870084508,286.10353297211003,-0.7954085347994546,-0.03818204243245904,False,False,0.625830294765613,1,0,0,0,0,0,0,0,0,0
26.930911674882815,35.04164981099456,215.32461554058943,141.5993304678954,1.0976716494143606,1.7180489358373965,89.30476502649606,18.29131249355062,0.7389711785208264,1.2830796479594928,62.0422199002706,0.152765473550216,4.541093427014816,9.3643292335075,False,False,False,False,,IO,0,-1.8571130498541635,-0.9885488675888539,0.0888579875202069,0.2623836871671017,1.0687599141741657,-0.14353209755192564,-0.218684936982112,-175.45989568403974,1.92110167922392,0.04141218488621834,True,False,0.2018499168921685,1,0,0,0,0,0,0,0,0,0
30.45548333772087,46.71121788774594,213.3746415044004,100.35917746730166,1.5740256499819791,4.390652426589262,167.39067482182097,14.089498786581704,0.8537382539688099,1.768148865291676,109.76891144859444,0.2755643917568607,7.834781336286427,16.083370487558913,False,False,False,False,,IO,0,-0.7084784330848606,-3.740592531717134,-1.818094932835244,-1.7294876276996263,-44.47643700129757,0.11024479614020932,1.0630961574532107,6.70233699512454,-2.1296604284180773,0.16560727289415567,True,False,0.2687737396109287,1,0,0,0,0,0,0,0,0,0
24.09244590291885,34.31714050892239,216.8102491701393,119.07384189501468,1.2503761825212565,2.6108716714873133,120.0014434759429,13.866332168333994,0.6754069749959505,1.4476749580497514,63.40408638173647,0.062181532418989,4.59318414532004,,False,False,False,False,,IO,0,-1.6764117262471872,-4.814441520822275,-2.7714874441084234,1.7414261052019526,-22.133991142569926,-0.025843031704875674,0.45533588877629505,-128.39009994673563,-2.4801154548674944,-0.020668819087038104,True,False,0.4089737371958206,1,0,0,0,0,0,0,0,0,0
40.78265547345293,58.895863882980194,216.767313370744,134.8205097239742,1.5701154771549723,5.404799138382702,182.8776962593879,10.61841894656924,0.6128559717202775,1.796277931645642,126.34944547598975,0.0843001247631571,9.235298025127404,17.837073117083424,False,False,False,False,,NIO,0,0.25873353556693385,1.3013327742265517,-1.0656079630602378,1.6279044823147046,-13.640182675632445,-0.0810872413728545,0.9060957974563619,109.82720573146906,-5.473546718262327,-0.06733611698994935,True,False,-0.124537896658128,1,0,0,1,0,0,0,0,0,0
31.096446450217364,37.30271036868264,216.5114122324925,198.30038573002585,1.3980500844482806,1.5813458098782842,142.58396029617782,13.713115555291516,0.3586395394417371,1.5400308271806025,49.31147533737336,0.2133201207423517,3.750684777753742,7.185392376177923,False,False,False,False,,IO,0,-1.1652673856500864,-0.6035453738660905,-5.827492312600192,1.4239448079216572,55.176800893752585,0.022783682487313328,-1.1931082835592877,-59.493444012482,-2.5661138515974073,-0.3332407731602448,True,False,0.4262294478111326,1,0,0,0,0,0,0,0,0,0
65.3599417472317,108.18888555242675,212.1233983527773,112.13900404725676,2.586781338718289,10.409741713311696,-696.2928848302104,20.70984701174133,0.7961486079092459,3.0157145444894256,249.93576680643312,0.0369545791566913,18.921425790415864,37.005322472443936,False,False,False,False,0.0,IO,1,5.196202902885876,-1.1017587456800868,-10.132011962429914,-3.196108303057713,-54.827157493144526,-0.02118137208208193,-0.0674885472619593,-321.9655507654014,5.267184992884591,0.15648335212731812,False,True,0.640475263471955,1,0,0,0,0,0,0,0,0,0
25.61173970059798,30.694596801063778,214.15379613273268,150.9755406190575,1.0213577069572355,2.0027798711319846,129.13539356451807,16.36370403391391,0.6830247385406654,1.1938243374305408,62.52492422836031,0.8501534020758074,4.529649827144527,9.509019416828536,False,False,False,False,,NIO,0,-2.0269266539747144,-1.3797889697276844,-2.251048512738496,-0.9022416466201264,11.081425742720313,-0.18694034470660603,0.2716645304044172,-151.0158620078619,-0.028838178157030825,-0.01592808805799062,True,False,-0.3079283108858574,1,0,1,0,0,0,0,0,0,0
66.12427856090798,119.4398785724228,220.81019002095675,219.049613029118,2.475384829929161,10.39120747187781,-721.2410258783971,14.843942362383984,0.5480974222917757,2.645701432782286,249.6418531991819,0.5238204142987768,19.270197657588493,37.10616589878813,False,False,False,False,,IO,0,5.693976863304407,-3.0574650368471197,-4.764559736671075,5.472526699778683,50.2178114252892,-0.2290342181349514,-0.6887515958778128,-301.81102585580993,-0.5332597167087982,-0.08748209631809678,True,True,0.1941224395403434,1,0,0,0,0,0,0,0,0,0
46.46248065012266,67.92705262985585,211.9200522160439,169.10483722733153,1.5965825964202405,4.880586060999685,199.6844215925408,20.944575890915736,0.7189895065416539,1.8678151852150835,124.59706024293185,0.356434144325563,9.226824438466991,18.51020450747575,False,False,False,False,0.0,IO,1,0.4772672990883325,5.786998947194988,5.382576418711089,-3.227327849517849,19.82508763137355,-0.09696658470681796,0.1172714605661378,146.43499765379102,4.881348585528432,0.04059114669626729,False,False,0.4516397779606723,1,0,0,0,0,0,0,0,0,0
35.5908179223401,53.22006824509743,215.4491895355916,149.3173930751793,1.5984615385291203,4.127305754900595,157.69493071394533,13.659145991759251,0.6124479464790727,1.810710683357001,110.50995084331676,0.3395284153917601,7.724616184153505,16.27389730347117,False,False,False,False,,IO,0,-0.21744021479815606,-1.288494166891887,-1.113170892541909,0.3271494292160355,2.6413838781385266,0.03952956840030075,0.2051766412150693,41.498941810576284,-2.4954390696150117,-0.07165258451003065,True,False,0.1853152910253823,1,0,0,0,0,0,0,0,0,0
40.35227962601708,59.97165670876436,216.36748021333236,143.81071378126003,1.7483832427643062,4.810101476910852,196.6036592780985,21.67982231792986,0.6207360803326711,1.9757355841673756,124.72296642908309,0.3608073924024776,9.369893208050655,18.72591740885481,False,False,False,False,0.0,IO,1,0.23914027746241084,0.9780226048824474,0.24177137089131406,1.2287860031680395,-4.576543745895378,0.10097721522898606,0.33512260135473326,121.77784853340935,5.585280034799052,-0.05961683017484698,False,False,0.4449117039961883,1,0,0,0,0,0,0,0,0,0
41.12253537721627,64.96494158621326,220.5138543321674,138.3591601766175,1.706402007197723,4.935768913357459,181.25983142808488,21.6144279116004,0.7909436734163062,1.8904380061426416,,0.3728119384206357,9.261941248918342,18.48573887179758,False,False,False,False,0.0,NIO,1,0.30312285614726725,1.3986510436454793,4.478801117002433,5.372826311154512,-10.267901903703972,0.046597731301959655,0.3833168343040647,112.2314008258081,5.528299679986333,0.1111159330078364,False,False,0.4264431716605605,0,0,0,0,0,0,0,0,0,0
57.262755304433206,105.69160081221877,215.40482586064337,182.4965467847138,2.440828366723078,10.062339026061776,-719.3209676784941,16.224046505498674,0.4992426383014233,2.717503869119501,250.1717679826565,0.0987374819982889,20.09358779894743,36.96910695503144,False,False,False,True,,NIO,0,4.926302453189517,-7.724097334698875,-9.439153319411659,0.09516401898255822,16.541963052977394,-0.11483428245563188,-0.08808270486001923,-369.4489703578445,0.7458911330632656,-0.14263796498311726,True,True,-1.0,1,1,0,0,0,0,0,0,1,0
26.785246646714494,34.055225261977775,217.5784482807553,81.75390941174085,1.4008287669456434,2.4880012831687868,88.80166867395005,10.00580189051325,0.8570972929110637,1.6148282914918497,74.28342623272817,0.1020252254281247,5.261146667185946,11.29288322197392,False,False,False,False,,IO,0,-1.4900721175663338,-3.1398775833983272,-5.235881680380224,2.502828343775633,-60.15231821254751,0.08850152463905148,0.10683648206449536,-142.70587961573844,-6.316141076901037,0.16255097751991654,True,False,0.1790518524288287,1,0,0,0,0,0,0,0,0,0
38.69897275403033,55.07706639659715,221.60514100880215,193.4233068141356,1.4955381915761332,4.786944805468622,159.4399358311295,25.0,0.4903470755322394,1.6517788623605738,109.77391657410926,0.7387098488093915,7.855644673235889,17.033741608132306,False,False,False,True,,NIO,0,-0.01917516979040438,0.7362583346496407,-1.599606855983808,6.47586904146624,46.004206896092256,-0.10181266256341104,0.6247467778067106,61.208490690896994,8.87148785311205,-0.19212609257989416,True,False,-1.0,1,0,1,0,0,0,0,0,1,0
33.060140624269685,42.659562264516495,215.54022463006373,160.78735132273357,1.4227918025420894,3.148418707538553,154.87852809028666,17.549104225058183,0.6005947887467104,1.6109743969822752,62.500827594507776,0.0039087780689987,4.671678592145814,9.514233097895389,False,False,False,False,,IO,0,-0.8821718404914586,-0.18680252079716553,-3.816745920572032,0.4424310906651385,16.602733903756075,-0.007331545649500226,0.03117882412409756,-21.54794864335696,1.3071033974182562,-0.0889618707836537,True,False,0.5128023705632464,1,0,0,0,0,0,0,0,0,0
39.27597651715898,54.45707964733304,211.84958865081308,88.47222156419167,1.6996971877332898,3.622253220586383,198.6079549821509,14.70445190111764,0.9884419291099864,1.959618966377163,110.45203041453088,0.2394138812578562,7.890757676353576,16.19508978088069,False,False,False,False,,IO,0,-0.352371909337814,3.1339870975355666,1.7186931785479231,-3.267529724381774,-57.69806817948981,0.1669116576977654,-0.13649406566777378,70.18597671440807,-1.467877400211215,0.30323387646666555,True,False,0.3111800578436178,1,0,0,0,0,0,0,0,0,0
28.385147115335347,36.86374716694061,212.33095959783623,108.14181221206726,1.1768171450341685,1.5604115182495764,151.9807867183046,19.824511659100224,0.8691032142463633,1.3910156214366511,,0.1955765334137712,4.710621963702164,9.388426797453189,False,False,False,False,,IO,0,-1.9267020675362647,0.845949790248266,2.733476923380323,-2.728733945818874,-32.12794104367171,-0.05090196373659328,-0.29206060334206274,-119.0892464472442,3.4451495165243067,0.17097303276562625,True,False,0.4607514804409372,0,0,0,0,0,0,0,0,0,0
42.50756187923368,60.735157090256045,213.85958267203517,158.42104153732632,1.4982552335665908,3.72113886887674,209.75442539341847,15.732100161458522,0.714640598874316,1.653487306459796,109.26204344653964,0.1942257665160268,8.42501723868383,15.47468361482173,False,False,False,False,,IO,0,-0.10689685975459287,5.024195109399926,5.095328233894172,-1.2664895831931062,11.330719563173716,-0.08209731695454625,-0.3348414902039414,103.57462940658894,-0.40794785712552795,0.03144740963214809,True,False,0.3850362054496964,1,0,0,0,0,0,0,0,0,0
42.913803688389706,64.62753893311258,219.5455957009088,266.9690181730714,1.3423452636660111,4.062684633984578,195.4597484832896,21.24375339954576,0.5589204676748175,1.5094351915866575,109.66333222764804,0.361681643561446,8.421413387788805,16.430298625230567,False,False,False,False,,IO,0,0.1062284579620148,4.265831902987898,6.468631939324403,4.411749545521758,119.07990967555685,-0.27930572582495583,-0.25135817661446325,108.59096668457721,5.131732500837913,-0.12252338531808427,True,False,0.44356670221316,1,0,0,0,0,0,0,0,0,0
34.026296433883935,45.49260610740674,216.5591666770619,141.2644022487713,1.4546203264972466,3.594312204414903,148.9426262924173,13.350608845280416,0.6206091539950159,1.637135011260193,90.43048775934588,0.321359556351113,6.567819081521852,13.299822815454764,False,False,False,False,,IO,0,-0.6705702860302458,-0.3769252531589018,-3.4847697846983934,1.453654817871751,-3.713290680131337,-0.01650619286360544,0.22085491579302818,-8.310902505206883,-2.863565245506212,-0.06721067636091738,True,False,0.4146472977054179,1,0,0,0,0,0,0,0,0,0
32.449623456261016,47.73265310506629,215.85322845917665,128.28810614940707,1.4401703248459603,3.472501176819309,137.25498107468755,17.27389365109757,0.7109912971878544,1.6656872581255235,90.79620814197888,0.5191099982812032,6.348167780202731,13.033269820996743,False,False,False,False,,IO,0,-0.7988542806565416,-1.2526013470725488,0.271556037584503,0.7523958515032518,-16.208782681848277,-0.006097914984138475,0.2543763587763159,-31.622197446386167,1.0428495284718764,0.022118509612174764,True,False,0.2013692334135335,1,0,0,0,0,0,0,0,0,0
46.38347079909219,69.78822088537137,210.45407807967317,122.69271032815853,1.9080157439074108,4.823812454712187,222.93489210899395,16.99797911638903,0.7056284848509398,2.253716934495284,125.735801936123,0.187859912055085,9.333815102532377,18.37395082383401,False,False,False,False,,IO,0,0.74987141399122,4.218367295799425,4.021644768961352,-4.703245418207274,-27.608750322733712,0.16164259741171771,-0.26958440408249196,194.38578058281573,0.9706007110244315,0.029467664238375768,True,False,0.386831719897503,1,0,0,0,0,0,0,0,0,0
40.59836549215324,56.41120289923428,211.23908480605024,104.99663856530104,1.974197694826313,4.966574218783159,201.2913594877478,18.665337582964938,0.6863693605561055,2.305545210858118,125.29746169252388,0.1610154917673923,9.329644455975398,18.544882749230176,False,False,False,False,,IO,0,0.36579700539831633,0.5320036465428473,-4.815727452903758,-3.9042292999010044,-43.865324118671296,0.3022487119780317,0.33823324592851556,137.94175389970286,2.5874513373946577,0.0070560506355356045,True,False,0.4782408673187597,1,0,0,0,0,0,0,0,0,0
34.88376866651569,51.910324282215285,223.61078631600893,155.0990379826667,1.3753877948623172,2.9591655373486523,207.88045632763811,15.90821852149125,0.6953751228873724,1.5427693964510705,89.95417958659218,0.361022374543429,6.532985438412706,13.996229138003246,False,False,False,False,,IO,0,-0.8108867669070384,1.2472943520832942,4.591447638741556,8.510392601976974,10.647246505223677,-0.06854884539812267,-0.24438976388173428,37.91302951888497,-0.3244079374714133,0.006403572458962281,True,False,0.3305288005942096,1,0,0,0,0,0,0,0,0,0
36.80377387403431,52.12673787055496,214.54594723049135,125.1961243492432,1.6257243709268605,4.006350891298952,174.6980404797849,17.12403702194725,0.6678437335442329,1.8600288588747709,110.47395452343062,0.3307646858117254,8.369314840890247,17.046030208390047,False,False,False,False,,IO,0,-0.30200824361661677,0.3865765235573164,-1.2069322116374224,-0.57300819584853,-21.16292671982285,0.08317960253632517,0.18662084061910011,50.83944995840483,0.9583308121952001,-0.016950933270337476,True,False,0.4911312525973455,1,0,0,0,0,0,0,0,0,0
62.40652258951639,115.40988946841264,213.63128650045456,178.2484852920706,2.571894107828673,10.17196218064968,-694.9000134722321,15.41460110463812,0.5762060454941494,2.9493379143751857,249.5099391515103,0.1096410868041793,19.578925551062,37.03593741922109,False,False,False,False,,IO,0,5.3983667419988235,-5.1598848594713544,-5.300524753064337,-1.6955942276765654,10.524620481477541,-0.07524297728331408,-0.5500578425331355,-302.254870865195,-0.0014752874420480566,-0.061799846042178364,True,True,0.5916159595919245,1,0,0,0,0,0,0,0,0,0
25.577269899505207,35.4895238103989,221.3442095529502,156.59972928926766,1.1689190349490524,1.430513464451259,122.46416418608489,14.996044717646557,0.622523388675875,1.2798293741746931,61.77297324931296,0.970368809509183,4.352945647378156,9.190961313378304,False,False,False,True,0.0,NIO,1,-1.8175020581435164,-2.5586415091145405,0.06854179587109144,6.280532859946874,15.92069807073915,-0.07996034690295772,-0.5541833145937562,-138.7113949051547,-1.3689570392815025,-0.07471047726198077,False,False,-1.0,1,0,1,1,0,0,0,0,1,0
22.181594973838557,32.627953597195074,215.02968532995,91.4440010904892,1.2805607195149211,1.5996759181109617,152.320971945174,12.527075303941144,0.8371936080980269,1.4864580214370362,63.27328860337648,0.0876247115243406,4.831939591435709,9.20370502135571,False,False,False,False,,IO,0,-2.078061012221687,-4.530514382440785,0.2867012542108114,-0.0244872866902881,-48.25846393079533,0.08217124744147841,-0.06952346637353624,-132.46350284389507,-3.8721913498983067,0.13782106981320086,True,False,0.7247878193594034,1,0,0,0,0,0,0,0,0,0
24.21196635277196,27.0675922893669,218.95462082451945,144.8165539646462,1.172660105268614,1.0513735754889364,143.9338347446491,19.16172085873693,0.4947498553673323,1.319494603015691,49.35945408569827,0.1941261640026417,3.607371715248814,7.904772757775063,False,False,False,False,,IO,0,-2.140215011989413,-2.1605078036980423,-4.539018183538509,3.902715319988772,5.347040044241766,-0.01368545201498006,-0.5425667373677658,-146.4823349749996,2.754280621294466,-0.20513284400954734,True,False,0.3034896060359713,1,0,0,0,0,0,0,0,0,0
42.05099087815721,57.305657457015016,214.675278312721,150.40689138862274,1.581311836406928,4.40964328947351,161.54100143638576,21.958816146965752,0.6715666732691081,1.808137292652895,109.95991721988769,0.2909271994046967,7.6828255385192605,16.572753276315808,False,False,False,False,,IO,0,0.04359936896649817,3.7452503768941625,-0.112992252721547,-0.45628340133310985,2.752514610436691,-0.02820317769956282,0.17143481153707363,68.99747747593052,5.838559187878872,-0.01039124035634631,True,False,0.1536557109994392,1,0,0,0,0,0,0,0,0,0
37.832612645009874,51.782157312650725,214.7090123522178,196.16384467707175,1.4091415875620474,3.3341419794289666,148.30003843418262,13.77332656435966,0.5770369106843733,1.565421055010736,90.0755066775216,0.160187245210145,6.30530732398374,13.54639493132052,False,False,False,False,,IO,0,-0.3980906977374748,1.9404496225803314,-0.4158466170671886,-0.4064383970928702,50.16490741478174,-0.11478476697651163,-0.3692467847065104,15.735538851241898,-2.4050150023199315,-0.10854640255528081,True,False,0.1447761063640364,1,0,0,0,0,0,0,0,0,0
46.66258354209234,61.98105518724599,214.1880339947331,129.0879513642121,1.812963821351756,4.999424480029577,179.34041548602937,18.21416201988438,0.7167025644097167,2.060298268086482,125.14647528727728,0.2506486703870084,9.57531040343656,19.018131306710597,False,False,False,False,,IO,0,0.6128805789919919,5.246054704804763,-2.166329829901038,-0.9642926633286208,-20.700072244127625,0.09313612566995633,0.07190275561220094,138.3787384952932,2.1687685865747213,0.039417320682860746,True,False,0.614386660943064,1,0,0,0,0,0,0,0,0,0
38.48990821691034,56.48045263493286,209.93540713608567,152.24504672869855,1.6309096074440346,3.3681380040790145,157.40111023483553,17.728734498640968,0.6417050228399772,1.8827769070902964,110.5806890221856,0.170363272331688,8.439084085012775,16.201793295794534,False,False,False,False,,IO,0,-0.19962389536987593,1.5132403785470956,1.9366298780312547,-5.187282833431027,5.502262565606372,0.06852527328611258,-0.5755639716106855,42.819435393003886,1.5764923786202658,-0.04224927149485014,True,False,0.516092481512004,1,0,0,0,0,0,0,0,0,0
39.58330429919906,43.784696265164186,212.8754179643508,94.09391585961887,1.429123777945414,1.9915733255793584,153.341337010499,16.032391245395434,0.9216090497462004,1.6992135512656543,75.51967328471223,0.087918540377012,5.597515739388273,11.93194328717703,False,False,False,False,0.0,IO,1,-1.032190540384261,7.15612547024444,-0.9184353158777938,-2.2169035344314807,-49.52843651731425,0.028070360010042483,-0.9440166540005293,-36.678143469254934,-0.22933784414512104,0.23082103416390443,False,False,0.5527952659869703,1,0,0,0,0,0,0,0,0,0
53.71281364419094,90.11352490794816,215.57623252314212,121.9778865512712,2.1423243575450552,8.275286176102599,286.0674325950196,9.893617066541132,0.775987473128538,2.48879238885686,,0.4011291629401466,15.913694041395631,29.999127671289894,False,False,False,False,,IO,0,2.2416432897281857,3.396050698556536,6.714647015015871,0.36449556680517503,-33.914684921346705,0.10688255216317888,1.375579717475599,392.68587491195694,-5.93758535355256,0.1120711415603598,True,False,0.3632625465285471,0,0,0,0,0,0,0,0,0,0
44.05770677269612,65.45877003365169,223.97601673430768,186.41242390823635,1.69482437001801,3.643532143333579,201.04732646380276,10.793610595557633,0.5032295251334182,1.8881934600733272,124.75168472928912,0.2771725119333207,9.579645136838804,18.32204377690404,False,False,False,False,,IO,0,0.43564428717868237,3.6096704476915207,3.4062654964441137,8.830154898219376,37.2886759611269,0.009340703750978063,-1.0693832994209886,144.0264943124998,-5.27509035865234,-0.17551047710489143,True,False,0.5735807508718143,1,0,0,0,0,0,0,0,0,0
31.58726455474485,44.77737238823899,214.53852264608443,111.82978272221456,1.3926446727722737,3.074851743039922,151.1247826994656,12.876072195393718,0.8006842017420548,1.559191024461526,75.06761719665037,0.2709758080284634,5.510803603364687,11.13517987810108,False,False,False,False,0.0,IO,1,-1.0556555041382147,-0.7116919927335061,0.35158972951830236,-0.5529429511681485,-31.704623759699388,-0.0038618129454508487,0.1676742774495108,-41.02082832559867,-3.388742662459439,0.10970358533634528,False,False,0.4564484481829859,1,0,0,0,0,0,0,0,0,0
37.49103372036564,51.91450519500164,206.5928740586733,213.14298422740097,1.27618038700293,1.855673142590884,102.8522633257017,8.0,0.5838022215606905,1.4693280257666874,74.588028222502,0.4679000627907078,5.355456566524733,11.865964162103936,False,False,False,False,,IO,0,-0.6920416785629886,3.2051406158805733,3.1909148037878197,-8.511854615939825,68.24576535562457,-0.19078550515693493,-1.4917855445796122,-56.34676106240772,-8.216997693814516,-0.10419384635201068,True,False,0.2801537495527573,1,0,0,0,0,0,0,0,0,0
31.824778499612474,39.99558323776167,215.31645391451457,128.1005434718948,1.393798718874172,2.9223379567699914,165.7353200791411,21.63212291962246,0.61345054429337,1.5977470986817188,74.88052348321266,0.5408640833618246,5.542337975193229,11.037428932008114,False,False,False,False,,IO,0,-1.1629779958259234,0.11227650123167976,-3.1616793532300775,0.22890298279355648,-15.031621920446867,0.01808868953498277,0.14511175931008014,-36.13464552702101,5.35319457974769,-0.07841097695781873,True,False,0.1679014102125776,1,0,0,0,0,0,0,0,0,0
26.04494773412439,34.627672793327484,225.58143370830467,87.68662818383382,1.5003424027320185,1.7087661500972149,118.61811673320165,17.470812916718856,0.7470728530160682,1.6653353643744606,64.75480277529273,0.1234595399779625,4.591483683030373,9.924778899522416,False,False,False,False,,NIO,0,-1.5845910437007864,-3.3636859324944233,-3.5462484343097884,10.509261417539676,-53.86534568398986,0.20633060105105883,-0.5579505598348526,-121.45367133420791,1.136440204674873,0.05175072466426389,True,False,-0.4623356460772759,1,0,0,1,0,0,0,0,0,0
33.89516928558586,39.53586348629498,219.05556184361632,151.81299675039807,1.2057155908695814,2.483761486068633,136.24802612475713,15.880155806403511,0.6262378870404798,1.3647414950986825,63.11788440135424,0.078772194916668,4.403142770229831,9.137327103614238,False,False,False,False,,IO,0,-1.2334474581228851,2.5677416186580437,-2.7884709301825197,3.970581336516858,8.944948532845672,-0.15633919178616318,-0.20813687520376511,-72.00708790405798,-0.40803964489926514,-0.06620204876128,True,False,0.1575962569177662,1,0,0,0,0,0,0,0,0,0
65.59057354668175,118.27641667564856,210.6850172451781,112.98483045657204,2.416064497687933,11.463264365566598,-674.9250774887319,8.0,0.8339283724484432,2.852258324225196,250.19841029406177,0.3391662052456112,19.59514427817001,37.11716815161135,False,False,False,False,0.0,IO,1,5.469434765699897,-2.3641790212037535,-3.2740005388727127,-4.644455740534852,-55.00539491682318,-0.24484382056974674,0.6551917390734125,-275.84055157089665,-7.406730566624162,0.19650580846491827,False,True,0.3671057730153769,1,0,0,0,0,0,0,0,0,0
33.76612123740626,45.65965138649315,218.2938381315383,178.0110338571548,1.3766027275916723,2.32672894795155,185.41593121527683,8.704516579918398,0.5838234907729907,1.5251612830179526,89.58916513671481,0.3638771336122466,6.905190727733259,13.829798705297144,False,False,False,False,,IO,0,-0.9233306407842449,0.7440868257048194,-0.33017196849124275,3.1975458891585617,33.980678237497386,-0.0455450585213506,-0.7406738676808673,5.2601078937409795,-7.5428968502322284,-0.1060710008934137,True,False,0.4401890252119283,1,0,0,0,0,0,0,0,0,0
31.119026508472142,46.187349292279805,212.77468216355064,136.7019079864586,1.5053978321678747,3.51415085914426,155.90285224433933,15.990634447252166,0.6071580171112955,1.7231070640790278,90.6336496715762,0.8934252345535949,6.461673767122735,13.06301371967713,False,False,False,False,,NIO,0,-0.7742503710967209,-2.717644247988634,-1.5645586996449055,-2.3270478895247493,-7.887195470393408,0.05436196046624686,0.2662344363967244,-10.744997299383044,-0.23717412959208417,-0.081512821154336,True,False,-0.3745003608516844,1,0,1,0,0,0,0,0,0,0
44.08457585467354,64.66452335287217,210.3724149940703,144.61713676612482,1.7889894103375767,4.031734914562504,157.5272508191414,23.881959861935908,0.6015443659677836,1.9827924127849588,125.4706413905485,0.0274382558168351,8.948896391321124,19.161270125080847,False,False,False,False,,IO,0,0.4066605692849913,3.794918569711875,2.9545977775146923,-4.772389639938268,-4.397981181046333,0.10912207495687798,-0.6460856395420524,97.88024082343193,7.809447393708886,-0.07743353512221174,True,False,0.2992642608807494,1,0,0,0,0,0,0,0,0,0
36.7469296718128,52.88966303706136,214.28528904508977,94.6823094138227,2.014284246591504,4.274707568887002,183.1425522690712,16.728491939115884,0.6151541877467441,2.235973022643876,110.4491611828601,0.0914988290596049,8.172513933521044,16.675812999511674,False,False,False,False,,IO,0,0.12572777944992616,-2.007594483097691,-5.499720161905586,-0.8492683621562094,-53.279881884863116,0.38885476871140834,-0.06294596407964637,98.04057920967722,0.6190353055394731,-0.06612961448222054,True,False,0.5246317678189727,1,0,0,0,0,0,0,0,0,0
61.70176488853988,113.35786404793994,214.0470758902981,108.49441754982112,2.6480024358259,10.097291134579242,-707.8913427210153,19.455192057649757,0.8648787333321719,2.980174148042877,250.0902689170728,0.327710018619879,18.889798004958923,37.06320303276621,False,False,False,False,,IO,0,5.161932489631756,-4.572667871054513,-4.557967331584038,-1.271180727419022,-58.34329963422343,0.04668048730290453,-0.33844285068720126,-336.6692072486277,4.008023296042925,0.22493218541271176,True,True,0.4200827224649167,1,0,0,0,0,0,0,0,0,0
40.22101624973124,62.85837106947374,206.7568224379341,115.75191824172614,1.899601654762983,4.806912928984737,179.31478281719765,14.080390369300156,0.7943194440415454,2.207235423594625,125.61056027332556,0.2467455208096686,8.733828557711213,18.714278628002837,False,False,False,False,,IO,0,0.40670840752093795,-0.06890244316691252,1.1478800603348773,-8.387983941008741,-33.26337900154451,0.21972504951003802,0.12903445002837444,119.67210738325213,-1.9921158079428185,0.11534193560860806,True,False,0.1558857051408087,1,0,0,0,0,0,0,0,0,0
43.16929627943922,51.78375473928903,208.35143009303096,94.56999406753287,1.540181895235912,2.871325489468705,160.94981308865877,16.220957037155465,0.9564915931018104,1.8316096238054824,90.78150106418504,0.0437063997022946,6.7685015182831165,13.22561285472023,False,False,False,False,,IO,0,-0.500896463110939,7.838906542633367,0.8008845099137076,-6.760270741608309,-51.0436306435124,0.03617676672770287,-0.7075810774002105,19.070213755874903,0.029095962137034803,0.2700644483834369,True,False,0.3487491131791363,1,0,0,0,0,0,0,0,0,0
32.27159250013234,45.38160553528184,212.3201692080503,85.74010161548135,1.438534701593658,3.548216443798601,150.77963130547417,20.858735395571728,1.040146630584888,1.6651248218001655,90.17776390877486,0.2453664838385683,6.394284006282075,13.674488278334527,False,False,False,False,,IO,0,-1.0871019115181568,0.14447214813112197,1.3275100988026125,-2.7701493587418042,-57.67644478912048,0.048121755347991124,0.6791158105003698,-44.215298728638345,4.589785166854348,0.3489079015301123,True,False,0.2539666724834026,1,0,0,0,0,0,0,0,0,0
67.08628201931751,134.9304621518773,214.604167734363,180.0851630094826,2.980707317619512,12.421656864811847,-804.961014762445,14.616193479333823,0.545392445210149,3.3821311420657034,,0.2456403131588893,24.764887920265032,48.19389912247771,False,False,False,True,,NIO,0,6.969505099415866,-9.065476202647275,-4.350342154853877,-0.780021402065131,6.472724472934971,0.029122303645199743,-0.2027735361408105,-269.95702227010713,-0.5932698103838021,-0.07971751584411146,True,True,-1.0,0,0,0,0,0,0,0,0,1,0
36.362433051037655,54.83361012992716,216.4947421317916,106.4057971665044,1.6605109410149632,5.251654905159496,213.4296979001857,13.239580367791469,0.7105628690990933,1.8279307054132,125.48797706002844,0.1150773591034413,9.080500768882525,18.56464769855629,False,False,False,False,,IO,0,-0.07180466045716594,-1.3126920314496857,-1.2209981294238048,1.3673898632049202,-40.81604919045846,0.07335838631539726,1.1531832124498997,110.42956149479518,-2.8958528387797884,0.027657717228342205,True,False,0.2516373968260645,1,0,0,0,0,0,0,0,0,0
61.8487875702662,109.96234773317546,211.55276707073787,195.6469543547719,2.638739225465912,10.016299877355928,-710.2027190419466,21.672282216499056,0.523569952503485,2.983163350124053,249.62151208001308,0.0515408048096931,20.054313085355098,37.76688813692925,False,False,False,False,,IO,0,5.328736591508643,-5.337131894635817,-9.925058730777593,-3.771573847277068,28.184061006542493,0.005094749074876503,-0.6214085890038668,-323.86667588138897,6.247049086985275,-0.11500746449776333,True,True,0.6845934000108969,1,0,0,0,0,0,0,0,0,0
25.38655863531517,31.207329127200246,218.78958210751117,124.94624351940608,1.4610355169868774,1.503123729038764,117.4724157052586,16.18223128445438,0.5833591108377599,1.6213259696073363,,0.056037807670458,4.606919041114584,9.462220320833758,False,False,False,False,,IO,0,-1.6330655718248173,-3.757190130788878,-6.3936375339519955,3.719177960230553,-16.424049447215182,0.17641688530922783,-0.7048976757183603,-126.99158775164379,-0.15851608746216073,-0.11236089726911969,True,False,0.4271415887759048,0,0,0,0,0,0,0,0,0,0
49.922788326416345,76.58155696552036,211.021062624066,125.67950922541957,1.9487181690572115,6.911974729336279,232.7484230542583,20.36482036234465,0.6054876234616495,2.2278833185751914,159.97228020450393,0.2132067850149229,11.86249541689218,24.01202885153159,False,False,False,False,,IO,0,1.4349578195640587,4.01408893045479,2.7174624265394556,-4.1612498961141,-27.189632233989812,0.06959214546208803,0.9890420874718879,266.2741200953794,4.427534485733858,-0.06504999622862184,True,False,0.5117163629646775,1,0,0,0,0,0,0,0,0,0
37.99850934783509,51.444479385609576,222.83952305671644,141.2714251628121,1.7436201600832997,4.077062938876339,206.7095719492829,13.259004426461251,0.5414267688792588,1.859759882570404,109.03471438848494,0.395566650221313,7.817077187736985,16.41739743963424,False,False,False,False,0.0,IO,1,-0.054768270205737345,0.2302903722966647,-4.811493961112667,7.711549373469609,-6.014273011876469,0.15316637242557163,-0.0420372398358122,105.2530812138878,-2.8741884036171985,-0.14133854800922574,False,False,0.1955953237374524,1,0,0,0,0,0,0,0,0,0
24.068779188045617,33.648980160715176,209.3992315899648,162.3003002609345,1.1562677310696547,2.82725438817681,124.78167676453216,21.6266968358439,0.5422169090652379,1.3609865135984969,,0.8145413226396999,4.4400046020159305,9.021291276824222,False,False,False,False,,NIO,0,-1.7180984896542981,-4.61031449318353,-2.9469225945587496,-5.6680709201170885,21.248707810666957,-0.11187361482594183,0.7221949565439378,-127.38705131286588,5.274767180156648,-0.1542010506840541,True,False,-0.253140496368769,0,0,1,0,0,0,0,0,0,0
38.04695504803446,53.1036564600718,210.80292417269067,132.08766756127136,1.5881558362277874,4.592542451725337,183.5819964109164,17.094509098138445,0.6783573432219617,1.7723663365873965,109.43692596382137,0.3895712174717773,8.198752510845697,16.66756997464123,False,False,False,False,,IO,0,-0.18197283752388424,0.973834518279304,-1.6487965731323584,-4.320409631931426,-14.721272173019571,0.022351161666315233,0.6274677207551695,70.59966148867356,0.9445881866887937,-0.005452070928480768,True,False,0.4006596654280349,1,0,0,0,0,0,0,0,0,0
35.71051652842312,54.43796855660802,218.129545314191,287.4681850857842,1.141926535437798,3.784741718085426,173.18727691227207,17.739150504858635,0.517492237242039,1.2748675328564727,109.71784195342022,0.2586845433085522,8.06192405094074,16.355629125040306,False,False,False,True,,NIO,0,-0.5158407716633971,0.46178868369491255,3.6317356285011826,3.018389584018337,141.910571140614,-0.35918275403395916,0.2239304434258682,29.95359277351571,1.5453241732871419,-0.1690575706162708,True,False,-1.0,1,1,0,0,0,0,0,0,1,0
25.86198783766724,36.29001732609249,220.64638065502535,141.6645276961648,1.0906660953744296,1.4660040796253004,119.2573364450981,16.5265172457167,0.7534503104865207,1.2543154317099194,49.857231013699945,1.155856698398516,3.569813875510709,7.047599958130637,False,False,False,False,,NIO,0,-1.9498466368288108,-1.5507379739926854,2.4333090372058663,5.587531326280185,1.4815195077785859,-0.1325681657365052,-0.3584434771001743,-153.90979673078598,0.1441114684145326,0.05513015798558352,True,False,-0.7782410744592552,1,0,1,0,0,0,0,0,0,0
33.47183463726336,50.44779035772206,217.3614763893657,135.0859799817386,1.7275353791996244,3.28441517586543,184.98636096901345,13.978100072013994,0.5623369693873728,1.9571381472696217,90.0229007865657,0.2338447316941168,6.6346355369047805,14.00708663112415,False,False,False,False,0.0,IO,1,-0.4127236872518016,-2.3403676692656887,-1.5772559695596016,2.246559388934429,-10.858113327961576,0.20644453773327176,-0.4012552562221816,51.09598480250571,-2.202165811099043,-0.12336645168023341,False,False,0.4765143860229452,1,0,0,0,0,0,0,0,0,0
45.86643709249408,77.26451766110402,213.87994891661387,83.96670135938719,1.9027487832933112,6.884521279994576,254.9572163497301,15.993268758020111,1.1214353455144588,2.2902444743770967,159.83131924362186,0.5507744873772153,12.358530003925509,24.04950481135117,False,False,False,False,,IO,0,0.9929509806783564,2.373046149778581,8.624813055516356,-1.2862410843282532,-67.24581333264216,0.10927280191532618,1.496791915022877,248.43323544354894,-0.002143383420577294,0.4472697261385077,True,False,0.1526546348042841,1,0,0,0,0,0,0,0,0,0
32.18777737566146,39.65589487767664,215.6118089478495,128.79845079430956,1.4002089560634383,2.760007085346846,153.73733922669712,14.229639048042536,0.6322923323553407,1.5644344251071691,74.95795845773875,0.1965571667635313,5.409211673015732,11.13595052132838,False,False,False,False,,IO,0,-1.102094681264889,0.14258372777673145,-4.22099046056978,0.5220372531811108,-14.561903213490865,0.01270123944045487,-0.09093957658212393,-42.61606662061419,-2.041282810134309,-0.05906945760968196,True,False,0.3435685255730355,1,0,0,0,0,0,0,0,0,0
35.04445460022334,46.06706937350791,210.80798501323875,123.20457051928102,1.5284472357848815,3.306517048438584,170.1246041176869,19.838184250579143,0.7108026462875577,1.7954073861622826,89.96407628186014,0.4746329106347113,6.643872832791627,14.17002830737315,False,False,False,False,0.0,IO,1,-0.7570881614607794,1.114002421478304,-1.8876908536510655,-4.294371043849878,-21.448856322118502,0.07408575042631682,0.03781979148714498,5.031800578493204,3.612632596150121,0.022272675731850655,False,False,0.2564746954629565,1,0,0,0,0,0,0,0,0,0
37.47387664799084,49.11098587980779,214.59385602840172,181.98277738232392,1.4057972390826707,3.1560481651606773,130.39514713377673,15.18777133172535,0.5056988223300947,1.577727503172667,89.70730950803066,0.084702099647811,6.220580079823056,12.5819592322335,False,False,False,False,0.0,IO,1,-0.4827714465668733,2.0444443131463004,-2.0861166773164044,-0.5185059293293364,36.3012207188188,-0.10172007135489336,-0.4448050491234077,-9.842167484115947,-1.001706206616717,-0.18057955194280206,False,False,0.0931297035398663,1,0,0,0,0,0,0,0,0,0
32.13259865979882,43.83667629340916,208.1050510103217,97.80801895579428,1.2541974720081002,2.5647771856581443,122.47762336601724,10.013971088824402,0.9559137637191458,1.4524029518835335,74.48570118443978,0.3347597241351416,5.802403300459284,,False,False,False,False,,IO,0,-1.317992813122504,1.2671618324880214,2.511642934554864,-6.976845643786049,-44.743156114493914,-0.09147450253717349,-0.024749567166012287,-93.43803783489867,-6.2853425291276395,0.2627798781990116,True,False,0.4849850397920898,1,0,0,0,0,0,0,0,0,0
56.32803847415353,90.3695299755976,208.541759311929,132.10772245833363,2.1500938577079527,8.53183683427133,285.9002521280175,9.282305060042866,0.8679251021204374,2.553104554808193,200.48680520638445,0.5016208415055028,15.143117540168308,29.559906025431893,False,False,False,False,,IO,0,2.3760521455058727,5.276809866473286,5.381979213136631,-6.674880304666516,-24.288608885546836,0.08860692551143678,1.4693816266951822,404.6973100535557,-6.531221876191541,0.2051120007369852,True,False,0.2282756284530726,1,0,0,0,0,0,0,0,0,0
37.65510186587544,62.64592302245693,216.25069663239563,135.78756490423942,1.6021778819759962,4.756482140318989,185.4827191501355,9.0931273907183,0.7445373806104169,1.8258361133061245,123.77468961951053,0.1255862958356953,9.21429916216836,18.85576626970776,False,False,False,False,,NIO,0,0.08791240914221662,-0.8927834420047773,4.703506301341747,1.1175185681408664,-12.032895658270292,-0.01592390823420442,0.4646172882619375,96.95434344480107,-7.021302166432525,0.06294318917585506,True,False,-0.0210919837412291,1,0,0,1,0,0,0,0,0,0
24.136943218859575,28.33352172534789,212.12345113018364,120.6435524766568,1.3732413693787624,1.90620109148073,104.30925950488005,18.471883030215764,0.4979796176830651,1.5932336851632674,62.8582485211148,0.212247213701328,4.537380640467911,9.155968122939644,False,False,False,False,,IO,0,-1.746288219697532,-4.38811010082269,-7.929186769325401,-2.942823139099829,-20.30238581343403,0.1105624990737688,-0.1647248504262957,-150.41370418683357,2.116246274163032,-0.19866972385207005,True,False,0.3351595773385071,1,0,0,0,0,0,0,0,0,0
73.87078311362484,143.14685513668238,216.02541577362388,134.34973763145402,2.8710438462783587,12.775197133754524,-807.6618912049755,11.393982754506222,0.6524266994278862,3.2786791042204686,314.83226935190424,0.3393354051150342,24.453144808568695,46.78849947977379,False,False,False,True,0.0,NIO,1,7.253035532243587,-3.8303028356839803,0.5148050826907138,0.6308846595256057,-40.32536343215625,-0.1354823844489763,-0.19254564021650467,-246.96756651860176,-3.7781947659065036,0.029643961010662023,False,True,-1.0,1,1,0,0,0,0,0,0,1,0
51.70765053907724,80.24859696783474,211.1384262463363,227.06917034696147,1.7892698141027683,6.052493938465536,215.0694157373172,17.200343103354268,0.4776339535884982,1.9545540035653557,160.2275418596029,0.1407531515001024,11.868618611032977,24.656943262984218,False,False,False,False,0.0,IO,1,1.520572891355273,5.331114927857357,5.372557635555225,-4.047009145529415,73.87914647772772,-0.10644630237830954,0.025894423279507528,256.3525856295766,1.2743160668757092,-0.1922009361296962,False,False,0.1960335487485752,1,0,0,0,0,0,0,0,0,0
30.92050712760507,40.379725492476496,214.430705764299,76.06831864654295,1.7295772821431503,2.024161601582894,134.869488853148,16.546298069965655,0.919353289521004,1.9676793741695628,74.05637348670447,0.4583065869468509,5.371280865143043,12.178108283697645,False,False,False,True,,NIO,0,-1.111477520600375,-1.073414799643885,-3.386257463592898,-0.6587236845161897,-67.25686879497452,0.3438877287577018,-0.8154238642804907,-62.33408414217584,0.27414231820144863,0.22791448505040102,True,False,-1.0,1,0,0,0,0,0,0,0,1,0
49.47243958739927,84.46610798456042,212.07423604592432,153.27931550758888,1.8035291417121784,5.973849876669409,240.61147266362232,15.741165620360892,0.8213792097779758,2.094246610353822,159.7452485429886,0.1441373963956572,11.643677865910126,23.88938717467446,False,False,False,False,0.0,IO,1,1.2432904225470212,4.611090240124696,12.867465315192845,-3.101085267279217,1.1285370063928895,-0.03845645960453914,0.28299739721973793,256.7704304414284,-0.22132554471637533,0.1492683808181694,False,False,0.3018626263386927,1,0,0,0,0,0,0,0,0,0
21.45656675324657,32.93504621025579,220.5119352884173,90.1713074113886,1.3392461155820707,2.663568110260129,109.73892447738848,17.753620813529476,0.7143158557731604,1.5104653835514998,62.93019859759508,0.6366854654297208,4.528847949838713,9.617737351097146,False,False,False,False,0.0,IO,1,-1.7742054118422526,-6.9159354648554014,-2.9976893410640173,5.4466793189152725,-50.66999818140363,0.08197690973341731,0.6264456559985989,-147.51358051601107,1.3943127973034812,0.017437369447909745,False,False,0.020483899338891,1,0,0,0,0,0,0,0,0,0
71.6552634665675,143.16976166121302,219.21852637821303,257.2149797528311,2.9646945962109728,12.918360295773,-812.3968641041206,16.633214148362104,0.3345436505129016,3.256872197716265,315.37961071055355,0.152053497741071,23.53926347316837,47.27849562583125,False,False,False,False,0.0,IO,1,7.584636659309368,-7.857828394973382,-3.3817155095891565,3.811899873093381,81.29704881677935,-0.10608776820885346,-0.4509011747736924,-221.65658270941367,1.5046439508096086,-0.2855173001876471,False,True,0.0008663966395507,1,0,0,0,0,0,0,0,0,0
40.15650951217569,56.05670101333617,221.12323074636743,143.79460796087704,1.7709484945532472,4.385764667422439,173.32332718183247,8.0,0.5524876032011454,1.9510368575176928,110.1987325729773,0.3296047385974761,8.475311849534878,17.365253418676428,False,False,False,False,,IO,0,0.2905854726389844,0.501134635258282,-4.281251295807067,5.9826600354887205,-4.785464427689703,0.11357365488404536,-0.15150654077789483,103.15890019299663,-8.08777696464253,-0.12744304426537345,True,False,0.4929157867731137,1,0,0,0,0,0,0,0,0,0
40.33587627674837,55.79880933022636,211.1520997763794,115.01315759428864,1.608141145593396,3.1124973928396664,203.81147174747696,14.70549903660604,0.8031641697399808,1.876451042356725,109.33944457582542,0.0894380989076301,8.327847320757112,15.443424776273233,False,False,False,False,,IO,0,-0.37230951422120445,4.302834188649811,3.296079446555062,-3.964291360252588,-31.08240667679486,0.07921903247756457,-0.6221084762955087,73.58297243894359,-1.4694521664663416,0.11779246889512418,True,False,0.4495371465211875,1,0,0,0,0,0,0,0,0,0
20.136743172073302,30.54271132798101,213.7691129309089,78.31023165997402,1.20063743814435,1.7273245235863517,106.76748471950326,17.700412536253722,0.8819325537584733,1.371903702652742,49.6656727417902,0.0967472627291325,3.613695974580778,7.68856172063511,False,False,False,False,,IO,0,-2.2761853053864867,-5.492732980428663,0.5432294548389365,-1.2778329587963526,-60.64967017348178,0.04063957584008082,0.29802362393337245,-195.96878048708686,1.2750914775485782,0.1809338078902092,True,False,0.3561599576346305,1,0,0,0,0,0,0,0,0,0
53.5688827004902,94.42842012003788,209.7446475937443,139.63963164772775,2.0192792999308584,7.945458918252354,303.9266176280343,22.561131243019997,0.8663754717238197,2.3992954051646334,200.37782323527892,0.1376412811487134,14.559632528945944,29.636436842928035,False,False,False,False,,IO,0,1.9784392461918845,4.6903756716294325,14.14053607268957,-5.457488804677951,-15.266459921311878,0.034839957536744404,1.3644526565434871,386.6964760528513,6.695316082595273,0.20029875686920495,True,False,0.39984688706081,1,0,0,0,0,0,0,0,0,0
24.366151970268657,34.3918349738548,215.25599463171207,224.58429256931203,1.030446468371628,1.3074239908437966,114.06427524589384,15.538752155247815,0.4611980496637816,1.1731852602061976,49.18799855133594,0.6938993084545818,3.453419099066775,6.322017989264411,False,False,False,False,,NIO,0,-1.885118822546316,-3.4002734298202135,-0.22993691042894682,0.19478430911070177,84.15868670980217,-0.20533044940926914,-0.5953991367154383,-153.23795293715813,-0.8351415680681971,-0.23659081583158886,True,False,-0.0675373976224335,1,0,1,0,0,0,0,0,0,0
32.96557301404343,47.01094494509898,213.589720340846,148.66049077323274,1.3900712631522698,2.6573839829684527,111.9585792151189,10.547397945658972,0.7452328460219355,1.5813147574089403,74.94660039475333,0.2760638469193639,5.567878756728085,11.06973495128538,False,False,False,False,,IO,0,-0.8812121834030352,-0.286614094858308,0.523293897431877,-1.5081082027392085,4.4722765917612435,-0.040238042954235054,-0.4610178997031009,-64.38094420932231,-5.694476681937971,0.05568406337334986,True,False,0.5198652852534277,1,0,0,0,0,0,0,0,0,0
24.109359144160265,36.45099902198336,210.87794885747195,106.35042552944267,1.3619672362030752,1.865869898475189,123.78683648525649,14.601098802748908,0.8523272824724394,1.616601623713064,62.993949141814525,0.5529888763917364,5.118148879187267,10.374024395455276,False,False,False,False,1.0,NIO,1,-1.7629454061812198,-4.324672408929491,0.3851735384494859,-4.187717828883137,-34.53308218589123,0.10251611850286757,-0.1848867157075036,-132.44541370496844,-1.7567284624717665,0.1555412184660423,False,False,-1.0,1,0,0,0,0,0,0,0,0,1
40.00924206336143,65.76126428868653,212.1279912433159,216.00113983231108,1.7330567960700225,3.9054500320446577,175.28751801342634,9.73554074516801,0.4512496651626632,1.9369027364075488,124.77019893873012,0.1362227895260243,9.47138478430695,18.4219754047998,False,False,False,False,,IO,0,0.4631911020474916,-0.5893214683723045,3.3831645578379153,-3.0188753827747234,66.77414734947732,0.04223523534323692,-0.8408204276207574,120.76266774953271,-6.329537655462655,-0.22726423234853987,True,False,0.6475898562046342,1,0,0,0,0,0,0,0,0,0
23.62898050183264,33.65293221493286,209.35541612383727,116.03595590031972,1.299954639172494,2.433099176468775,123.43758323566156,22.07954030044033,0.6988143226940146,1.506475352040176,64.7897039927971,0.0411299220987262,4.646572193435627,9.845382753282305,False,False,False,False,,NIO,0,-1.7919947142290764,-4.646313599443435,-2.0695390505534803,-5.709190967989741,-24.73867598538388,0.04613256211552641,0.41751687066980114,-135.4267878394836,5.7178928957463135,0.0017898214708257365,True,False,-0.491419993997584,1,0,0,1,0,0,0,0,0,0
57.28048799279177,97.06382181090493,205.3123966592003,113.6939518154917,2.3414592726530645,8.107207024539276,275.09738365538624,20.051424832594204,0.7410763597462684,2.8503466753583204,,0.0391514750827464,15.46312899994988,30.599336098531683,False,False,False,False,0.0,IO,1,2.594785398436943,5.03401028864441,9.490908777596957,-9.91222141104825,-43.52218440433872,0.23758722172158064,0.7798990060219415,413.7135836519829,4.26666248972905,0.08005862464013946,False,False,0.4733150584023725,0,0,0,0,0,0,0,0,0,0
34.270075728187194,53.15203390469203,211.13553164780225,123.14309135445782,1.786279360753258,3.9784230181008593,189.63926066969617,17.4023515474527,0.6548853122729897,2.0477696873299527,110.25942024708615,0.7676416592567044,7.845533961606196,16.49365159869024,False,True,False,False,,NIO,0,-0.2465252193140261,-2.4503038489438964,-0.8374290932195194,-3.985447561990725,-23.423908223791017,0.2329833483642556,0.0915114358104927,70.80791646980502,1.2439416523285125,-0.029453948930124874,True,False,-1.0,1,0,1,0,0,0,1,0,0,0
26.52145715056624,35.36263974435253,219.7325698131688,220.45603453527815,1.1657355557225113,1.113525851171025,83.15291325067598,16.66437944504084,0.4221757216898197,1.320480374296388,49.45063561457339,0.0038174158042875,3.6191360161693176,7.560227809205646,False,False,False,False,,IO,0,-1.624263858659785,-2.670387822067422,-2.3423605597449964,4.6618446170325,79.05275304371744,-0.1205886312494151,-1.1051530939537335,-160.51357816199487,0.32478954551019257,-0.27347204180501566,True,False,0.3652266936155294,1,0,0,0,0,0,0,0,0,0
32.2883156805933,39.84256350957296,208.99684360403532,105.24758802224343,1.4968606538406115,0.912056993557146,110.29403650558876,21.52252440139789,0.6511452834889406,1.7110230885548177,50.35949774036881,0.4471121315425153,3.4104246508729825,6.641851046729444,False,False,False,False,0.0,IO,1,-1.3879592856058687,1.8052046400483839,-0.6554868654012083,-6.082500972368223,-37.041355062161216,0.16474645893759843,-1.5927509674941929,-111.9611978501944,5.214009817870217,-0.04256288803278052,False,False,0.0173744181216376,1,0,0,0,0,0,0,0,0,0
20.280384709940453,30.511664448114438,209.9202751312928,108.7884871229479,1.2823880411437842,1.589557082827223,121.44831165126388,20.84530077904056,0.6509041854617463,1.485130822077273,50.58039332549801,0.2392177705967929,3.4149113248957392,7.141918068413677,False,False,False,False,,IO,0,-2.131905315601891,-6.137497069586441,-1.1931641751389783,-5.131933475425626,-30.712171260060487,0.0944322693028834,-0.014445012665686985,-168.2149270390842,4.438953311144591,-0.04891030778520544,True,False,0.0248522081595655,1,0,0,0,0,0,0,0,0,0
33.57882747678494,47.429826036770365,222.34128117038895,107.5765924973897,1.6713015334485497,4.749376384090144,200.1519113861799,20.63217878662449,0.6777891393178368,1.7953597237475438,109.66900093513752,0.0876185351003916,7.769579108162548,16.953503812165,False,False,False,False,,IO,0,-0.4160822180903314,-2.2150224260907265,-4.5555234506432996,7.226486674799901,-38.354913151675646,0.15086149256445225,1.0677726237193275,65.95722300857992,4.451471238732122,-0.007941848628275738,True,False,0.2193781122443542,1,0,0,0,0,0,0,0,0,0
43.465092975737576,60.30770826702071,213.13018151111703,120.66354982355224,1.9527517209868035,4.836266590696416,184.71664484231556,17.82671943912904,0.6154792861862395,2.182610575525955,124.96809420502198,0.004392957802652,9.442914076222776,18.780339548518533,False,False,False,False,,IO,0,0.5912025741577421,2.1670217362049797,-3.583449153020318,-2.021354426034435,-29.043225351703626,0.23712468888278382,-0.06500635609336669,141.7907513830277,1.7784752321681019,-0.06198389097468526,True,False,0.6286093841485174,1,0,0,0,0,0,0,0,0,0
32.48254086854582,46.427500537157215,216.81579862054912,127.11245858174831,1.6607170371593287,2.031895357562869,140.3550194441435,14.60308680194335,0.6335481770137799,1.9026164554616103,74.42555436055198,0.2980279289808877,5.374716831954442,11.43367072072184,False,False,False,False,0.0,IO,1,-0.8047064073876528,-1.1877054902940927,-0.9644261254954642,1.7151794734322152,-17.362496675326838,0.21558279539777425,-1.179143422148278,-29.052412842864385,-1.628726906666687,-0.05537264491809779,False,False,0.3052409243938244,1,0,0,0,0,0,0,0,0,0
48.343163629968,79.41230714810098,217.61691612481837,124.52762922099107,2.066616749004419,6.3640466908153615,245.68293945823143,19.06849932807023,0.6940440576479533,2.409100645983934,159.42430907697934,0.061487986626486,12.05902225709961,24.066578789841525,False,False,False,False,,IO,0,1.4252209625849643,2.4876704536860785,5.663299375000676,2.434958763541175,-28.305018825912796,0.1893774885494861,0.4529039067164833,278.32639226255577,3.129933002657326,0.023426517669234093,True,False,0.520257564149451,1,0,0,0,0,0,0,0,0,0
27.471806432094628,31.99565439470012,217.11915899316145,125.42417841561844,1.195922231535366,1.4786628151013088,140.94252559085535,19.26416762102046,0.7663681907454566,1.3719226979917971,50.66444600635854,0.3414725099557015,3.589113410065795,8.596001972148215,False,False,False,False,,IO,0,-1.9509569282703008,0.06514771276964737,-1.8479305781656983,2.0603501630998835,-14.75466843778436,-0.02709688243197106,-0.34444034700056814,-132.32520968152895,2.881615834451715,0.06803892495339725,True,False,0.3151890167763249,1,0,0,0,0,0,0,0,0,0
43.16719301520744,66.53467342381936,209.27605519299576,126.05547967638653,1.8361287132759108,5.100617450429692,170.37339878499725,15.23745012163216,0.6543359855714999,2.16833373099657,124.66641372377022,0.2891590372305916,8.755864243370784,18.534740084405698,False,False,False,False,,IO,0,0.6525076346758946,1.5341255315679874,1.9189083442124115,-5.877716890591984,-23.881064803992004,0.10862226990589985,0.1251133687503776,133.00227894975907,-0.802732141780405,-0.022623998605236784,True,False,0.170576162247189,1,0,0,0,0,0,0,0,0,0
67.27583973730832,116.93781375699368,214.56733999444364,155.7471965892769,2.758273997736652,10.42269327096469,-666.5658089274397,14.595004324663034,0.6385526607447997,3.033869294148809,248.92377902553005,2.381915007139346e-05,18.72218323986745,38.30270502149315,False,False,False,False,0.0,IO,1,5.763367676452617,-2.285084006159039,-8.086803413122809,-0.7728544068478982,-13.344679448606797,0.04040871863546158,-0.7412875523746152,-240.8483955107672,-0.7730724911374818,0.0035427031148554944,False,True,0.1031491879417103,1,0,0,0,0,0,0,0,0,0
45.40095425168868,67.37090074980455,208.4162660760211,136.56886394336982,1.6865780111485509,3.56067098635603,256.08924985472163,20.53325307823284,0.7138531057381686,1.962503163142416,125.8638880689936,0.2080939159338042,9.245803387550495,18.816751611103367,False,False,False,False,,IO,0,0.14175896559526072,6.558829055332758,8.792033678304811,-6.718876080337992,-11.453411701857249,0.05804208411576739,-0.7963938828222701,172.43984219873295,4.425904631429667,0.032700887758992936,True,False,0.2800932758386641,1,0,0,0,0,0,0,0,0,0
39.83123111376114,59.87769470658794,227.09037054671552,202.42335481915072,1.8310515786784087,4.322096881771383,176.53805432088052,22.656464435078423,0.4118626111157227,1.9382785778301488,109.52353221688162,0.2938539841131927,7.652772105573459,17.3470994872904,False,False,False,False,,IO,0,0.43479440781102235,-0.6121611183463358,-2.164764508189343,11.94453971059204,53.30279219132967,0.1457325981069717,-0.38978948590443263,119.44021568014259,6.587651717183249,-0.26688436694695766,True,False,0.1308879587677713,1,0,0,0,0,0,0,0,0,0
52.64054615292124,83.28680181094784,208.04805679126585,160.94114020279468,1.7034705899554634,5.872608236198366,204.1801238019345,13.002416876340934,0.7237982392101968,2.0010439480178297,159.86260816723706,0.3665195826092559,11.616977633140756,23.387510955370924,False,False,False,False,,IO,0,1.335289805481134,7.2764740698302575,10.600753681313947,-7.1306202659912685,8.445551108316181,-0.15634222655123242,0.0703584504477961,228.67502875003888,-2.9479758775214826,0.052442542757410227,True,False,0.3838425172608106,1,0,0,0,0,0,0,0,0,0
25.66413417224513,32.43518433562502,210.80931484106827,126.94027507175434,1.1448021613493145,0.9313085034205204,98.34899713303668,14.946493298208102,0.6999155354315562,1.3238729874900173,51.14356286348156,0.030475901148581,3.393952168074088,7.59232610381543,False,False,False,False,,NIO,0,-2.0531815061607754,-1.1839271105994165,-0.2001364008259614,-4.245765273555804,-12.855437501544543,-0.05840834641179038,-0.7680161913529315,-184.18117722995885,-1.449501567435087,0.0007472085575679355,True,False,-0.0100797198765197,1,0,0,0,1,0,0,0,0,0
32.34025727895738,40.081037605975816,210.7899643487169,118.9343075377877,1.4536177313648655,1.9888106358505744,70.22253557071275,17.403732305818792,0.7059540289896342,1.677413577114785,62.895972965922525,0.0727118247627263,4.471260967956949,9.253156608038264,False,False,False,False,0.0,IO,1,-1.1307290479947953,0.4515336716504059,-3.4573979977145797,-4.298762886708204,-24.318725826487565,0.0716586499744507,-0.827464148728652,-128.72539385602727,1.129044875172582,0.014357207653247217,False,False,0.2476996930647475,1,0,0,0,0,0,0,0,0,0
25.354600720407955,35.23149170765685,207.86047692399512,97.38195089789475,1.399802349386952,2.2285884436120047,130.41841424912306,17.946395990994443,0.8441101461391696,1.6127238005149664,62.893061466401626,0.788855818130696,4.60361335427267,9.51973616792502,False,False,False,False,,NIO,0,-1.6896770071850298,-3.4797997136191015,-1.700344553258951,-7.207862280222656,-43.77616431284842,0.12615361998683006,0.08911490519732723,-119.17507942115887,1.598203912356972,0.14792547040359327,True,False,-0.2136243355856862,1,0,1,0,0,0,0,0,0,0
33.04051678850296,45.39415675376397,222.75375427508408,217.7504254733713,1.552882103661026,2.5797061558852703,174.19569520556436,13.910534563034822,0.4070776704927627,1.683191871713228,89.26664445440852,0.1338528430345861,6.278814346409809,14.111188131333064,False,False,False,False,,IO,0,-0.6122972350490764,-1.6811329866348004,-4.271989343122669,7.646116864199115,72.55432710912368,0.07046370182785489,-0.8643109637072777,22.222213501071366,-2.2959763096841463,-0.28026385366506684,True,False,0.1470503207498234,1,0,0,0,0,0,0,0,0,0
45.09125054057073,69.3270705616759,227.05839224816472,249.90691685389845,1.7387585848786355,5.036830566823021,181.76675247662493,23.534082521376178,0.442301265091367,1.900035657614401,124.04010901191388,0.1309080715354547,9.049563441028068,18.93940480267897,False,False,False,False,,IO,0,0.9025424395211658,2.0918893152530487,1.755968137685997,11.895499964171393,99.03325033367196,-0.03719844727579291,-0.24142776007967637,167.05096855183209,7.526781172928114,-0.23260642913511798,True,False,0.2000908432615702,1,0,0,0,0,0,0,0,0,0
41.02379095789847,57.06481870529075,212.7684389083613,150.1490217803351,1.477237101887474,4.40933553901264,172.58552155496986,17.688381062180685,0.7410705767985278,1.6494578174032877,109.90029642906389,0.6275174142983346,8.50003372564803,17.11019134501347,False,False,False,False,,IO,0,-0.11926017518777005,3.607982464654242,1.5711205758997266,-2.357182385991763,3.105037096645674,-0.10071974251412685,0.3683252807335107,65.2855012686523,1.5467072014516212,0.057775909252045454,True,False,0.0345885933871775,1,0,0,0,0,0,0,0,0,0
47.650793244354446,80.41952226344952,209.72684763877655,150.22961148030038,1.830754901504955,6.292790478519799,260.4730831073783,18.125533633882213,0.6989324717307226,2.129176718824264,160.17545047063717,0.1647746446953158,11.718408940886713,23.664889453363028,False,False,False,False,,IO,0,1.1675743983630233,3.203187615884829,9.715820576308985,-5.445711877664735,-1.6373859085964853,0.003441201383753034,0.6936186263625057,269.77150815753714,2.1530854064104332,0.026200164350733912,True,False,0.4366713233784962,1,0,0,0,0,0,0,0,0,0
30.3791315627795,36.95496005764556,205.8480856732656,115.2810505367479,1.2535303969736176,1.7171505479091806,90.5956907030786,23.035536326047016,0.7255265414787898,1.484460268502022,63.21604035654233,0.4778158864403883,4.488955906923054,9.038582771238142,True,False,False,False,,NIO,0,-1.6271943425660438,1.2032999680581185,-0.715402794555466,-9.222532631350049,-26.111247599684816,-0.03222593437209187,-0.4979800254449851,-153.3363281321346,6.695561052199437,0.02985472452198179,True,False,-1.0,1,0,0,0,0,1,0,0,0,0
41.99227895194184,60.15393739632015,214.57811761611853,112.08493272574624,1.922998660470865,4.363248798324283,173.5685757560091,14.20375349902164,0.6306809387241331,2.2899445876658957,124.7122366339068,0.4337803527244271,9.137848326606164,18.758052536568638,False,False,False,False,,IO,0,0.4450265986032834,1.4929737910252143,-2.009463283314126,-0.5680864465670368,-37.07397980905391,0.23569693326242946,-0.36102720127581467,117.3978629193843,-1.8637136310240763,-0.047982053341697695,True,False,0.0498298181943518,1,0,0,0,0,0,0,0,0,0
24.25611971260165,36.5039315703296,212.93731389826632,105.18517828758225,1.2780900024275628,2.474572852632091,121.0376963656872,15.646272494230889,0.7996530511359896,1.4551111358557576,63.01351307976775,0.0507585983280587,4.650256436778333,9.430673910804456,False,False,False,False,0.0,IO,1,-1.7177872302635708,-4.424674818866535,-0.09565017876190751,-2.129999965227057,-35.86758075241404,0.009888342125918825,0.3691365330616905,-131.10282889388085,-0.7056162291806984,0.10323764620909492,False,False,0.3481922453912883,1,0,0,0,0,0,0,0,0,0
37.01097209168096,47.24397607107085,211.27564888297007,124.41248254569028,1.362861922960517,1.980510925401638,124.95330325066364,10.986711083913484,0.839895826448668,1.5785789242041224,73.78394418502026,0.4848098410910836,5.40175764440643,11.157070315587903,False,False,False,False,,NIO,0,-0.9754375906732918,4.27367163761955,1.8700414320765617,-3.8187427207133737,-19.422577978148396,-0.04918881924917118,-1.0237982729469237,-59.92386458023212,-5.267554689011668,0.1495736400472777,True,False,-0.0133798458164496,1,0,0,1,0,0,0,0,0,0
48.65073878104913,64.7209602971177,215.3047222631631,101.14476554189471,1.802723880730614,5.180788184327671,194.12266205052825,15.310598110985689,0.772597344092729,2.0513864086873057,125.26270531835723,0.3040795813073304,9.05793765419075,18.270684137164658,False,False,False,False,0.0,IO,1,0.7014737028479473,6.750100418469579,-0.4735692067701791,0.1491641068120657,-48.97530211525563,0.06572901899875938,0.14599361698912805,161.18829542386084,-0.7231448524073958,0.09603927424018022,False,False,0.3719584361271674,1,0,0,0,0,0,0,0,0,0
73.40776874878225,135.45410736107814,216.89368672134745,137.91989953920208,2.9660419941732696,12.934920336347824,-824.1182710607401,15.358251364707163,0.6608757312393125,3.364404651477345,315.05607660003227,0.2012061089268248,24.89193250659549,47.849325794925946,False,False,False,False,,IO,0,7.213650441227557,-4.078100749345197,-6.712422581168994,1.500592206938876,-36.60758752780728,-0.032852375660797684,0.014866937106008393,-266.992579418809,0.18089449404610392,0.03776971932209716,True,True,0.6904521401125773,1,0,0,0,0,0,0,0,0,0
41.939206356621405,55.339022173695376,218.8215602968889,271.96091311451244,1.6141507607805885,4.065666200142857,186.28626971843016,18.99139741677269,0.3838465918578395,1.7962069634311697,111.14709620510575,0.2557236074642591,8.079107654752018,,False,False,False,False,,IO,0,0.2825162865199365,2.327924855031142,-4.90355474524506,3.6812839154119104,123.41108376415181,-0.04166046929945688,-0.46183444689679654,115.39070403006782,2.902559310971121,-0.29615028762621426,True,False,0.0440864957452049,1,0,0,0,0,0,0,0,0,0
28.79242207150074,38.12917517081885,212.81241706248147,159.72445073591987,1.0660806224973025,0.81676491783467,107.01533829640024,17.67998700027997,0.8153854312055692,1.2365741872801124,50.00512734350592,0.1129948476707433,3.5263892175414298,8.213039061106342,False,False,False,True,,NIO,0,-1.9465415424170938,1.3616358549576653,4.2334016448037275,-2.24655282197358,19.5290551648294,-0.15779408453209087,-1.0116846071952996,-165.85232447511547,1.2980158605810281,0.11709240697603407,True,False,-1.0,1,0,0,0,0,0,0,0,1,0
34.22099695116413,55.344812552600175,209.12743828224183,116.33630939588669,1.4639395835733322,4.045313347948565,192.98380988466064,14.891722771845838,0.8832592999326389,1.701925308772466,109.46042574985648,0.1128876028954439,7.732645704867491,16.50637168260203,False,False,False,False,,IO,0,-0.6158069343059754,-0.48147437346614197,5.720150061517472,-5.980071109823484,-28.846634733577858,-0.01779872496019519,0.6055459421114326,40.69231879079928,-1.3152496451084978,0.1958889681033421,True,False,0.1913982612632507,1,0,0,0,0,0,0,0,0,0
13.924821785152217,23.79808523306328,216.8898622968461,74.8864138434192,1.143268403395816,1.7454342064045505,114.00799000960583,15.598305168728608,0.7966837617975969,1.283962201106217,49.9656956767851,0.4002219702177414,3.697604301347967,7.824214465407023,False,False,False,False,,IO,0,-2.6607383362948607,-9.603297319083426,-1.656093701784016,1.8569432571653124,-62.63219616277445,0.057787449958986103,0.7817687317600053,-223.57213661859888,-0.8775866715781788,0.09252859808118374,True,False,0.3842738919727055,1,0,0,0,0,0,0,0,0,0
59.4548817703506,101.57219554169018,216.10562595052716,175.21618743734376,2.370771544503318,7.475435964859208,294.1338014499205,19.04586566075596,0.568053635894874,2.6744598813747658,199.85599832484635,0.4679519494001028,15.84325949975332,30.27885482148184,False,False,False,False,0.0,IO,1,2.8510338278567335,5.808156506077388,10.970501961720203,0.8716610334211623,17.039640721725306,0.21724485733767418,-0.1621500563012983,455.96834598307856,3.2948013577407114,-0.09086080772433003,False,False,0.2800739239998418,1,0,0,0,0,0,0,0,0,0
41.82995378126699,65.22957003925117,217.7448768269373,92.72808015727205,1.8262621816001452,4.9544543469007385,171.07385290939771,11.456815652440408,0.8010691590501636,2.0350247137447246,125.26135446261478,0.2279325045115331,8.78308744816035,18.33786262982457,False,False,False,True,0.0,NIO,1,0.47984270707996257,1.1403989823021092,2.6546532683635533,2.597402821505767,-56.56132198122717,0.1322139498163919,0.18802131780230624,118.05778341581382,-4.6060729730130205,0.12269193819757562,False,False,-1.0,1,0,0,0,0,0,0,0,1,0
25.053830588227484,36.17994856474879,217.1276665483352,81.15902276711473,1.5978941229225518,2.099804901471609,135.45183103289745,16.816671469810093,0.8290794561942167,1.818383249152906,,0.1324498804180758,4.4682186640476855,9.633601460776244,False,False,False,False,,IO,0,-1.4977327175399553,-4.829432950499047,-3.0206123546407966,2.052326037281972,-60.718493186099764,0.28705131627040226,-0.27208407435544846,-96.74983448493188,0.4937210925015485,0.1344702624675974,True,False,0.2436754815445578,0,0,0,0,0,0,0,0,0,0
22.67281673617428,29.514329055671727,207.44237222645265,86.02533058502588,1.15787288845366,1.2424977544670772,103.38267196391116,18.798039225834977,0.9338224371698628,1.3815901992957815,49.13027648450773,0.1709906303543976,3.504646570146828,8.464166472233552,False,False,False,False,,IO,0,-2.3547338145204444,-2.5274378265002433,0.4432672980125538,-7.601708549552512,-52.640174077795294,0.013095793186338023,-0.0916928080030861,-206.47077383198024,2.362388617805607,0.23217896379655134,True,False,0.1744109502447137,1,0,0,0,0,0,0,0,0,0
31.758497570437584,40.78940771916694,210.31444307924315,202.59595012724296,1.2518567427565948,2.4060692345965218,122.26803384700764,8.870903690371033,0.5685835113658063,1.4298920478467407,61.911516224658,0.015120705547861,4.312593919439036,9.575806126550178,False,False,False,False,,IO,0,-1.089015532493382,-0.3581659639057406,-3.2420692841122545,-4.775805686839362,59.18657590970088,-0.13818539086153736,-0.4607142937916291,-72.90028695174593,-7.398298189745837,-0.12267092472263019,True,False,0.0378226447606292,1,0,0,0,0,0,0,0,0,0
68.81490388921837,140.1320663990952,212.24958262649085,144.62607375521645,2.654841846401144,12.120097292408577,-860.1951879252612,18.73975202280808,0.6660318123183792,3.1121529219149218,315.0854130930391,0.0321078110858388,23.600624284518585,47.70063836977984,False,False,False,False,1.0,NIO,1,6.673179163363456,-5.717606675701646,4.353746898296805,-3.1237978070295185,-27.875745138497308,-0.2393224973480068,-0.14552732082513842,-352.0409119129906,3.491320286632993,0.03848960291799097,False,True,-1.0,1,0,0,0,0,0,0,0,0,1
35.694674549573605,52.39302569806395,209.8782119054652,165.15782623409893,1.2791578708637696,3.374672299497484,143.6112888696621,9.303750146953732,0.6386702950697923,1.4830457040532037,90.88153298670284,0.1529173164793079,6.326468281869133,13.846635922296093,False,False,False,False,,IO,0,-0.6384412680970906,1.1158866002437975,3.035894329136447,-5.2284718828992425,20.059714826487067,-0.19819446108701277,-0.03768835931775438,-10.731070444182421,-6.906198806027756,-0.04888581975799089,True,False,0.191174335064012,1,0,0,0,0,0,0,0,0,0
46.81505568123658,64.66878114289702,217.9521150181786,157.93091050709245,1.5755473055910638,5.402774063229317,227.02368656918,15.52962206459387,0.7086115107157236,1.820825126883619,125.04186397634946,0.2324629434277903,9.21027806069772,18.90352482918249,False,False,False,False,,IO,0,0.5060764175670838,5.982149021790789,1.7837896832783713,2.803684119177092,8.543185303931551,-0.12358437335472572,0.6045759875692589,176.38462024373862,-0.5298166875338666,0.030449616607041596,True,False,0.4735187071318133,1,0,0,0,0,0,0,0,0,0
36.63357609047037,57.1787277019494,217.7460318264132,200.58217395695692,1.478837011823325,4.679977255640265,210.88950598746183,11.346435583619094,0.5324008596923088,1.678204047755133,110.44636165930623,0.2576661195001277,7.762604262895715,16.593239358862373,False,False,False,False,0.0,IO,1,-0.06532286252395395,-1.0769682207777436,1.0475065106403392,2.618443129557363,53.33603403932432,-0.1095715557198933,0.5736570882266188,108.47667705541056,-4.788145231834893,-0.15045108947025887,False,False,0.2140941385573591,1,0,0,0,0,0,0,0,0,0
41.29266178792271,56.78205922134238,218.8991964331092,95.94599456536622,1.785239954921902,4.2599226882154095,197.05568874728743,21.72498631716006,0.7621924427540054,2.079953577383088,110.57429518866935,0.4989644361924595,8.141757680103881,16.77365777956065,False,False,False,False,,IO,0,0.026408703155152282,3.0808582052732945,-0.43340190959406044,3.7682617610279294,-51.64395217548383,0.1790560685784892,0.0425295005975439,102.95454040441369,5.602468693518595,0.08009342784985274,True,False,0.2323624058577546,1,0,0,0,0,0,0,0,0,0
25.857315609158512,35.76012785314328,215.89155330906547,102.86314737626746,1.3663220170085415,1.9435276895476616,105.98758378465156,11.37151578339061,0.7867992450722749,1.5602485135962398,63.18324823164451,0.0347334085373406,4.630893908169843,9.831641273237803,False,False,False,False,,IO,0,-1.6078459880936085,-3.4242434087662907,-2.13892681882313,0.8202292592220317,-38.60166774203957,0.07681645096417,-0.29503080800386394,-136.19130524065918,-4.96591507829601,0.09128623973956163,True,False,0.4588543758860353,1,0,0,0,0,0,0,0,0,0
66.67929084515218,119.18256048083708,215.72904285189625,159.08425856857656,2.4437668213176127,9.925678977380947,-683.7662721443961,9.39924043213847,0.7131944344496502,2.6982914982186905,249.6455772219373,0.4561768650523354,19.694393208240648,36.82391797147447,False,False,False,False,0.0,NIO,1,5.412569144280476,-0.9647244127413188,-1.6957219295061918,0.40164408086656067,-8.692836368138984,-0.2061223396628722,-0.8135380019848348,-289.8342679157331,-6.0149682680337495,0.07530511647391169,False,True,-0.5148541806422734,1,1,0,0,0,0,0,0,0,0
31.265481899832555,38.03862867159266,219.53541720876075,150.53870136754742,1.2270958038635942,2.4638296824377437,161.57669828519883,16.533408566385262,0.7329377390769916,1.3784445882950935,75.11986347615598,0.1191813394114976,5.4125098152121645,11.373651444548228,False,False,False,False,,IO,0,-1.4262020210950253,0.9913450066901355,-2.0074038956510805,4.457467563802595,8.393090769646562,-0.09760789052000929,0.005327876745303328,-64.14366173249888,0.21986485847465786,0.03891567052896194,True,False,0.2401599528951527,1,0,0,0,0,0,0,0,0,0
37.21675373239309,49.71229949267916,217.18935644096308,139.6359084191263,1.5913642600387814,4.321522899167163,184.2277012266216,14.345188079916708,0.6611941147471404,1.7718006377564952,110.70482303962828,0.1783929011216234,7.564606484800353,16.40796105962634,False,False,False,False,,IO,0,-0.2683149921592053,0.6154424997246082,-4.019614843337784,2.069172028899402,-6.849423823292483,0.04229056911610818,0.46099542862241316,63.42201340074878,-1.816087286950351,-0.023323997283786313,True,False,0.0640958218184491,1,0,0,0,0,0,0,0,0,0
45.452310197915935,64.9577604915699,213.4984691308916,106.98447395185752,1.673387180701248,4.432102477816233,185.0960505835708,9.981579085344269,0.9217418403574088,1.8599534912133413,125.30880344365296,0.1719451708772436,9.366405638711807,18.554236578174145,False,False,False,False,,IO,0,0.3221194418321029,5.624620651504841,4.247086005485272,-1.6432518043280595,-41.71378669275239,0.009901834236555107,-0.14335158675830773,117.7888764683972,-6.102050993586996,0.24207002424881485,True,False,0.5776037591412053,1,0,0,0,0,0,0,0,0,0
37.22954962453747,58.72495331226859,222.00264275617795,157.07643173418992,1.6398821084886357,4.406969527220152,205.4712468751121,18.1032607966194,0.5648961724430985,1.7945273761606209,110.41599364702223,0.6613454631735233,8.162916074409749,17.147982189514288,False,False,False,False,0.0,NIO,1,-0.019325623556004118,-0.7323426531478745,2.0500583786394913,6.873376276751998,9.65789571180025,0.04256040858436938,0.24495367626069342,107.22616931038267,1.974728864256079,-0.11757823059611372,False,False,-0.0174545587284973,1,0,1,0,0,0,0,0,0,0
67.29271617504396,116.92096461004706,216.1655084479277,116.6084518410803,2.937462819951441,11.033264207201327,-685.771588953312,8.034003750201283,0.6119018855854331,3.35164866818084,249.79930453599667,0.5062462721133214,19.45125412410573,37.13342687596808,False,False,False,False,0.0,IO,1,6.0939846648818445,-4.074835739500983,-12.011447449652792,0.8132545527835475,-53.72256555073179,0.15553210899391434,-0.5310436700129806,-230.09739037947247,-7.290595162236588,-0.020394362154579238,False,True,0.2211595813641209,1,0,0,0,0,0,0,0,0,0
26.42325455418721,38.09091347847215,213.7694549640953,206.8828027934078,1.008011790237071,2.039446705949042,117.11689483538116,11.8550361096675,0.4796738074674908,1.162894922232872,62.86397484589407,0.9172442447431244,4.769950249972972,8.752615469844999,False,False,False,False,,NIO,0,-1.6397749067643965,-2.683831626704176,0.5692491693071915,-1.3007044553392006,65.53765618850403,-0.27530673752754264,-0.16045071128226462,-127.95503293384219,-4.486593575700377,-0.21610127097520826,True,False,-0.411144991912499,1,0,1,0,0,0,0,0,0,0
34.22839395977229,46.51783848664981,210.59396213164837,122.12833260139747,1.299532886734341,2.698242078686678,168.49780728633988,13.69912691831686,0.8318431041551339,1.510734113596741,89.92821650040301,0.0845514842228508,6.363887087677292,13.897858112692926,False,False,False,False,,IO,0,-1.1221339518709017,2.292703187032224,2.8778113922498605,-4.495078616126364,-21.156914894095607,-0.08409171265513415,-0.12844006434499278,-29.671331403686963,-2.57443021119013,0.14031683151458707,True,False,0.2258213774789741,1,0,0,0,0,0,0,0,0,0
36.68487668503575,50.949930817542096,219.6089496402951,300.0,1.2369322976633574,2.698102101473435,135.72794336770244,19.20888956862056,0.4753940244858194,1.381177306500892,89.96674702093134,0.1351709173323671,5.827950755385424,12.789803071723057,False,False,False,False,,NIO,0,-0.5594532199090145,1.6744653224234156,0.659184111683409,4.499384705725561,154.60584404416042,-0.2557259731706636,-0.8099011096882567,-11.457409281735096,3.009327966701221,-0.21151375509285036,True,False,-0.2704159672357183,1,0,0,0,1,0,0,0,0,0
35.41334429753748,47.61776749298184,221.5205582670884,194.3546579267665,1.4519268519252688,3.5466262206846304,155.81038180785865,21.181873468052608,0.5034554875351841,1.6114300756098972,90.72565498855556,0.527422939195505,6.278441212120691,12.536028461020718,False,False,False,False,0.0,IO,1,-0.522623128219309,0.20167805838017472,-3.1082999892583274,6.4096499282781,48.82246402587603,-0.04786818384215663,-0.005972648341272979,11.962156960924972,4.987155220296437,-0.18314999002161958,False,False,0.1467048260376765,1,0,0,0,0,0,0,0,0,0
27.095629495881465,34.51154575673928,217.24292460354792,222.4628657296556,1.247350192736124,2.0403015284158226,147.38274367826722,20.41112898931029,0.3943407238397923,1.3605617966153374,61.51566816128376,0.3782476413057724,4.610914630692542,9.904133844994982,False,False,False,False,,NIO,0,-1.4822387204975644,-2.8722996605205715,-4.872149619077177,2.167018937742739,80.5272787965919,-0.066494969047314,-0.3503483290531535,-83.4150304580881,4.090216155533042,-0.3001412948943734,True,False,-0.2369431989301975,1,0,0,1,0,0,0,0,0,0
24.603502289926745,35.2124347509784,220.19242822481544,123.01898824024468,1.2314647790407978,2.414932358425621,129.8222148724226,15.386904838151068,0.7049042837879905,1.352181581132871,,0.0163110760289407,4.506559602774702,9.529361125281245,False,False,False,False,,IO,0,-1.7192111175493336,-4.069511531617486,-1.3703170720857543,5.125166298640977,-18.028434118090132,-0.03646096696403256,0.3112201505074008,-122.44732700456211,-0.965171134058906,0.008477191569925768,True,False,0.2913508179643307,0,0,0,0,0,0,0,0,0,0
31.91756128500389,49.58255879510333,208.46190685276156,207.94398263454067,1.383493340843222,2.37154630033626,164.9485267364736,8.0,0.5322541274190183,1.6390749017134718,74.95156458699392,0.0224704541908667,5.224484638942832,11.486359813684388,False,False,False,False,,IO,0,-0.8209595461509082,-1.6638711913503172,2.3827394191950333,-6.638119449359891,63.52994359495443,-0.05849144281324237,-0.8198123921893239,-5.931581798580993,-8.233951083340372,-0.15680010055352844,True,False,0.1383162654920363,1,0,0,0,0,0,0,0,0,0
28.46610832514101,34.56009567181827,215.23964663278983,98.61201975333128,1.5233311475845597,2.9172494190159326,162.67204716011997,17.563412084874233,0.6423174834973124,1.748281630739144,74.16026602833452,0.7117258810896689,5.182358351144316,11.02878621261019,False,False,False,False,0.0,NIO,1,-1.280764536285627,-2.6027592272929034,-7.204964893932832,0.15639205035000714,-44.078685646548394,0.17044524962853447,0.2826448664762897,-49.870407188140234,1.268994184563205,-0.05051083169046433,False,False,-0.094962893984106,1,0,1,0,0,0,0,0,0,0
35.875827513280285,49.7991524171832,214.0459665237122,107.7355328507595,1.5536190252231594,3.17268033062011,158.15476668843235,21.882294956898452,0.7992067284837562,1.795639859334479,90.41529819027448,0.0273734851735222,6.436054842118987,12.80779693419549,False,False,False,False,0.0,IO,1,-0.7033983508068579,1.6519919700323058,1.2097945285643519,-1.05834790806432,-37.11912159537367,0.08885377651846316,-0.16102714805135454,-2.073271339073841,5.663803799905633,0.11111744481123786,False,False,0.2926433723323959,1,0,0,0,0,0,0,0,0,0
38.111187760611806,49.483558289505126,212.86187377531,162.85181165137914,1.4977620843624908,3.810998377870421,135.26517247285224,20.935161631254275,0.6037685918825729,1.6878407594984968,109.5302809511561,0.329028215726318,7.551425816793742,15.907106393191166,False,False,False,False,0.0,IO,1,-0.3636206176401316,2.0306659425286284,-3.1218717785001786,-2.254834295111152,16.723681688118802,-0.03284372297143334,0.06587157214861872,5.823963041250778,4.761353064583229,-0.08153179035068825,False,False,0.0541104672679863,1,0,0,0,0,0,0,0,0,0
38.482353755855655,55.7670666467081,224.25790572463544,106.85072993846552,1.8038418047433729,3.9436006084790463,159.88455409569386,17.85179603897488,0.7346923034115046,1.9539326829894748,,0.0873202727422688,8.103361989277921,16.363905550284358,False,True,False,False,0.0,NIO,1,-0.011163762457648368,0.47586168836892284,-1.0042990679331183,9.128341535420844,-40.59839646483604,0.20493853712081767,-0.22829801899218571,62.37901239259007,1.7243374350263494,0.052284893067640836,False,False,-1.0,0,0,0,0,0,0,1,0,0,0
29.80911317114463,46.06549005938325,215.09443495854703,112.31958060995493,1.5990295170299416,2.757178257830706,173.2666822476898,11.24198894264619,0.6550993138372416,1.7323177554132667,91.10618780357032,0.4215375506426497,6.466731836339633,12.86379857104098,False,False,False,False,0.0,IO,1,-0.9037733856974272,-3.3197901832468446,-0.1554942587617063,-0.0025706488615924172,-31.78407494405417,0.1730920164227714,-0.3339054289752861,-5.117083044755617,-5.002852603794702,-0.03463465154525591,False,False,0.0781768303580652,1,0,0,0,0,0,0,0,0,0
31.821869299878973,39.45988681328048,212.56253973546652,119.92216298141923,1.30199214287331,4.031743823432645,126.99497159429426,13.89877198548634,0.8008171472644655,1.5127804568920218,90.6657919433899,0.4480943508743044,6.288633508883923,13.653526453522826,False,False,False,False,0.0,IO,1,-1.0333958999136148,-0.5987229453300422,-5.228997775096978,-2.529737796954862,-23.695671748534323,-0.09882770606381652,1.0976133515191329,-63.13372498058398,-2.3631156152831263,0.11001923807055791,False,False,0.1561421378554846,1,0,0,0,0,0,0,0,0,0
27.582117873951564,38.01615036173504,214.5336947729164,106.23056832360844,1.363782826329181,2.025647274576605,119.066148228261,23.7352575949827,0.7712692101022013,1.5697285550461617,63.38470506675221,0.2575856388089818,4.366438102774265,9.21877103098279,False,False,False,False,,IO,0,-1.603324160564615,-1.7241502825975026,0.06364902753469437,-0.5377942138576941,-35.25119445220743,0.07340104144680848,-0.21838647063661254,-122.70302375120951,7.398421377815897,0.07579332000710559,True,False,0.1090451094897685,1,0,0,0,0,0,0,0,0,0
38.882510928580864,54.679847751231215,207.8190654813062,152.39124222661422,1.6697181524363474,4.361805635472878,188.76961227378064,10.333081861343466,0.5962099455738085,1.9137713689700704,110.22006421136982,0.5531230094739827,8.135716737189357,,False,False,False,False,,IO,0,0.03201467602130279,0.6400739881163986,-2.6018743187500277,-7.31207367269127,4.780284487991622,0.062447966582582115,0.1376244645385123,95.17641400796147,-5.788698546864254,-0.0858430554092755,True,False,0.1490415238861804,1,0,0,0,0,0,0,0,0,0
23.696346121373796,33.103174629755024,212.1629104027009,132.55106690647926,1.1484112414834249,2.37025234685168,169.3914139152302,11.408635087398457,0.674702236989932,1.3314598510661373,74.90062674703938,0.0163994680625416,5.461491430076036,11.327574064113216,False,False,False,False,,IO,0,-1.9035694620819812,-3.969257341772572,-1.3005161594537995,-2.8976269194744475,-7.805386576548983,-0.08379039664988386,0.4897701467883824,-99.58260326816401,-4.967684993759972,-0.02323807166999381,True,False,0.1097022366268472,1,0,0,0,0,0,0,0,0,0
30.262822974030385,34.35827236309701,217.68046780051705,79.44137724210296,1.3528567384182766,1.0792288712080709,98.49960607091172,19.770206204661136,0.8565615096580741,1.5406655656031378,51.39298822319254,0.0207948393854665,3.5481816188112663,7.693399777212264,False,False,False,False,,NIO,0,-1.757676274366206,1.7999987021533954,-1.769832698014163,2.6146089187668338,-61.46187900207184,0.0923845927096758,-0.9779078628408306,-157.25521478182787,3.413071858473291,0.1598186947756428,True,False,-0.1608235193271159,1,0,0,1,0,0,0,0,0,0
35.23590501568172,53.54002471195574,212.012166335964,233.90107851322773,1.1197550288018352,3.142447795632826,145.1302458183374,14.275363020777888,0.7590065305381145,1.2992298611846118,90.5096611671132,0.0377329252316693,6.514541290082593,13.749741263644498,False,False,False,False,,IO,0,-0.8113276882170585,1.6018400779232067,6.226359627785698,-3.088211295144191,89.45093959402641,-0.3240961717651536,-0.06057361673156603,-24.877132309972097,-1.9573214216967507,0.07003136102005825,True,False,0.3653160093357344,1,0,0,0,0,0,0,0,0,0
36.70032949343295,53.76049736918628,213.36085381810025,300.0,1.2343605176593755,3.67647701335168,156.95108467008998,11.272979511181513,0.4904556913373302,1.458649859968328,89.53542806058032,0.0257771915495491,6.493635162631157,,False,False,False,False,,IO,0,-0.3130680524410358,0.3435675195040844,0.557550951888345,-1.757698193711036,153.68240072246465,-0.3060411320972647,-0.12986128542777564,32.09037892648084,-4.894181122620436,-0.19442975457703832,True,False,0.345958483917738,1,0,0,0,0,0,0,0,0,0
31.77319762173344,42.93582576260589,219.45136087265195,173.72248870728967,1.093582517469848,2.3767072834406866,147.01825939620204,17.729843112265865,0.7983427091757074,1.2283504384582868,74.11391627526254,0.9987206209781994,5.214869214600127,11.341984633316915,False,False,False,False,,NIO,0,-1.4438730741281085,1.5956226819675017,3.098659808854457,4.37405579213808,31.643108621876337,-0.22769696193527134,-0.06039755583084183,-80.30325227957604,1.4139755663101,0.10417559632245554,True,False,-0.5364932630433836,1,0,1,0,0,0,0,0,0,0
36.18295517440194,56.38423255430845,221.6625503507308,183.74298803126405,1.539028250409468,3.7557872109082338,178.91506345207813,17.84422391258056,0.5373084066345643,1.6998571468561643,110.33494527388989,0.0657695755738928,7.839200393271218,16.618004064210087,False,False,False,False,,IO,0,-0.2326311637341611,-0.6133472775347073,2.2305459342275,6.5410643452082695,37.123913999961275,-0.016960087849384964,-0.14794796645233443,61.34264197102618,1.6876411601228334,-0.1469168119229577,True,False,0.2721215100539531,1,0,0,0,0,0,0,0,0,0
42.32749603417614,61.51262648358318,215.37294620469132,97.12176438955066,1.7619326355811102,4.1661856977476575,202.9853669777162,14.472795342491288,0.9118769604941508,1.98060431202332,109.96875631877296,0.4576556914070975,8.011439205071177,15.285554845453316,False,False,False,False,0.0,IO,1,0.10806122215382179,3.669509266073071,3.3320567598288875,0.2390331979043765,-50.7742132465186,0.13992650151636687,-0.15007631245403985,116.28264961325617,-1.6389845379168122,0.23044815086104986,False,False,0.2959143209121577,1,0,0,0,0,0,0,0,0,0
49.22942724036903,69.22953434136039,211.9506120560361,177.429792205309,1.4529793763684915,4.954609040287098,184.01712333943053,11.41690065640194,0.8536148259761537,1.6831434322273051,124.1652314764068,0.5700514764359238,9.766994584608458,19.073262872929742,False,False,False,False,0.0,IO,1,0.5407790783298558,8.20689086817545,5.934367708868756,-3.1990846476238914,27.912002596665502,-0.2528768237789869,0.11439130311240397,136.5224210038479,-4.637974510115027,0.17573777189994044,False,False,0.1229977285601172,1,0,0,0,0,0,0,0,0,0
39.889426315257474,60.734274811502495,213.69425316843265,125.19743589438774,1.6850800499707796,4.761139267541274,184.4032186675809,24.18962625543975,0.7434828213877601,1.970652400716156,110.25015716267534,0.5554589289896987,7.694992076255242,16.574971098110126,False,False,False,False,,IO,0,0.07491181423101995,1.4125816430049838,2.945521272055281,-1.4384506897168592,-22.57429887560697,0.0694974549517644,0.4850161651267566,94.69687557914133,8.073487050481983,0.061781920848039795,True,False,0.1454478015543096,1,0,0,0,0,0,0,0,0,0
37.82656669462706,52.4338495910808,211.59472074157677,105.10084999101517,1.7213325399408186,4.245500191348998,190.9042542049404,15.90219272501357,0.7235849265154289,1.9905932564196875,109.845275490427,0.2939831216811115,7.963057612467819,16.782024432621785,False,False,False,True,0.0,NIO,1,-0.18659627185886346,0.7787105251710713,-2.2639558175339616,-3.5284444199329243,-41.69076126687514,0.15642377311456923,0.28602373847972373,77.50299577329392,-0.24833619279466035,0.03973756313696919,False,False,-1.0,1,0,0,0,0,0,0,0,1,0
24.256944291748567,42.305379412859686,211.27174623111836,114.62405070176035,1.6862227328547352,2.842597071412494,131.99534380188288,21.589312249877977,0.6686451615958869,2.009760540584161,75.34633193939823,0.0933797046882011,5.382940200876979,10.606578202276369,False,False,False,False,0.0,IO,1,-1.1189534909260943,-7.696125836986482,-1.372239788000634,-3.817410526270379,-28.673117054394453,0.30198183844394455,0.01206387231123518,-65.8856173638219,5.316173368006307,-0.022855005766883596,False,False,0.3143780009744209,1,0,0,0,0,0,0,0,0,0
42.74491858318239,64.25806457716571,210.00810530508625,89.83375767004063,2.110596904864914,5.042710094768129,216.79419873119932,19.57453417843776,0.8017785927100042,2.507327234428087,125.23900807748603,0.3272380971292446,9.185819379536143,18.592113412418804,False,False,False,True,0.0,NIO,1,0.653784308126056,1.104874826994795,-0.3727904045297805,-5.145713346089252,-60.10757173949435,0.3828430736147075,0.06566015507500911,179.53875665482056,3.5345198044163446,0.1248290874907596,False,False,-1.0,1,0,0,0,0,0,0,0,1,0
34.1669411816852,48.96153212433108,212.97271617621365,136.8847798628248,1.6843683253583637,3.642793847226948,184.979170824847,13.916393753347064,0.6443832745806907,1.9005961581172,109.64542943265558,0.2299911161328519,8.336613499699558,15.95423527171721,False,False,False,False,,IO,0,-0.4300970370138048,-1.5503259454535154,-2.858166353956328,-2.1415671187155,-8.99419871623607,0.16664401130665474,-0.02184009197139547,49.51461751531545,-2.2661568182377483,-0.041462747238602216,True,False,0.6461675136417663,1,0,0,0,0,0,0,0,0,0
33.29815336953286,49.67744263848309,210.57843219249315,111.62157234654752,1.509467010252834,2.8506671718121823,173.77691426304548,13.948235540040876,0.7353354805959841,1.7526296199854063,90.37822723906478,0.6966258956990153,6.490414624390562,13.872300688106437,False,False,False,False,,NIO,0,-0.8424226042854034,-0.16599606686783375,2.7313102533470968,-4.520811229054431,-32.712023872956834,0.07164123879618711,-0.3147030109548665,0.9520653067390583,-2.288538050309409,0.046105083475552644,True,False,-0.0717321472292543,1,0,1,0,0,0,0,0,0,0
46.04344409701703,65.29196730391754,207.69885828600408,179.91151419307553,1.3505870323850444,3.67044148415774,185.88208216097664,21.78525959173568,0.8307901549779176,1.560660178409582,109.71035163366317,0.2416048952066989,7.994303040236054,15.797441728965753,False,False,False,False,1.0,NIO,1,-0.08516620929473218,8.44133205192339,9.395288594746177,-7.428006610421733,32.73974647180475,-0.23397638313986757,-0.411851398422459,81.67127279593073,5.648069269984422,0.14777533128601306,False,False,-1.0,1,0,0,0,0,0,0,0,0,1
31.34903789976373,44.05974466320316,216.55177853124636,233.8932528176016,1.148242549950527,2.052141697723341,147.52809142974456,21.85006933047991,0.6157290184711615,1.3361515545348566,74.72633213185168,0.8935242597956047,5.548673348995068,10.78567260903884,False,False,False,False,,NIO,0,-1.314686355633414,0.4655332191504087,2.695629956049494,1.4697612717095012,91.32968525584101,-0.1980701346440381,-0.5413886738853768,-68.08797586009445,5.551190529383067,-0.07737772758940831,True,False,-0.3746527073778533,1,0,1,0,0,0,0,0,0,0
37.064887535331664,53.69365232576702,216.67781361156256,169.8318407496971,1.4795015464112249,3.5541839499481616,145.3521648630129,8.492336095517063,0.6075710890013958,1.66983244600683,89.66197415511694,0.3925319625025806,6.867377766695775,13.76715706413599,False,False,False,False,,IO,0,-0.2793485498412253,0.5238682320956443,0.09215137391575468,1.5580316564980592,23.38786191041015,-0.06743411270259081,-0.29298355485015604,23.546740397562516,-7.670390243234182,-0.07703758665950378,True,False,0.3961046730729529,1,0,0,0,0,0,0,0,0,0
41.40131561987343,63.23165892051482,223.2364096105826,213.17887086420257,1.5465478763961906,4.871020036665502,187.38456589617556,18.19912104392877,0.5208451778913311,1.7060004307802918,125.65569051114235,0.521956445353333,9.582978061774664,18.435312733861377,False,False,False,False,0.0,IO,1,0.35151007296251086,1.4130234909446742,2.173595878631211,8.093616630828478,64.37045512252772,-0.12263265072103224,0.2599783731963514,122.74043951666197,2.119355990282884,-0.15858539941477767,False,False,0.1969900840717954,1,0,0,0,0,0,0,0,0,0
50.941538256102575,93.70712670406472,213.6040138219326,163.3584410741228,2.225743739053325,8.04179842523658,314.48792959857553,15.515140781105522,0.5403290880810742,2.4781885939376824,199.88425943384684,0.4106716936784989,15.394329901513352,29.535804671605472,False,False,False,False,0.0,IO,1,2.309654017045392,0.25313652538788745,9.504382155913916,-1.61020387488864,7.210967682732104,0.17712312928773777,1.0597412857563437,427.2687374863321,-0.307117864368573,-0.1230290102752567,False,False,0.368197394340771,1,0,0,0,0,0,0,0,0,0
61.53667389594877,116.5250855603239,218.37847673222288,247.71579197275693,2.5791671486769787,9.142913393839091,-730.9449054865607,11.866707348245976,0.4257407032837746,2.8220316540735726,250.55674452392216,0.2527293982634583,19.33633486853516,37.953359714770095,False,False,False,False,0.0,IO,1,5.47254778873092,-6.435089519237046,-5.062126664488844,3.0488901967426045,79.71389909373292,-0.08234439679479166,-1.6689286316331842,-331.578312508068,-3.5396138391894407,-0.21165630895352266,False,True,0.5360462300648644,1,0,0,0,0,0,0,0,0,0
34.84494313105961,44.53669340806227,215.37505577028057,107.6311528636171,1.399145128477421,4.058190743447447,137.54069667555197,17.04698437886879,0.8094743183523294,1.5804455731373814,91.1509562459494,0.4652340819688313,6.464154389530219,13.973855878295934,False,False,False,False,,IO,0,-0.7742280339989618,1.0081503154443254,-3.215478601742724,0.2733249024433917,-36.9580343119261,-0.051895071603765164,0.8102472738606656,-29.10512893212953,0.8191787394724379,0.12080366342997806,True,False,0.0408697950421649,1,0,0,0,0,0,0,0,0,0
26.82271160723294,43.944899251062445,211.8139523049985,83.7953639699008,1.5062507471829454,2.878291198338578,161.61726849309662,10.601612836054422,0.9713371813124156,1.7116560679115165,89.54667651465448,0.0194901616159575,6.554243056366193,13.8610355962705,False,False,False,False,,IO,0,-1.281513978546895,-4.242060682255669,2.1886968708889682,-3.2692749409926023,-58.892532545587486,0.15351007268427375,0.24459410676737514,-50.993091866028806,-5.692903619924802,0.2785027146897535,True,False,0.4020769040427711,1,0,0,0,0,0,0,0,0,0
42.5043835664717,67.56521822867747,216.26693962283437,109.55833997098766,1.6390825946144902,5.575725102375583,152.5244789292915,14.1341785814156,0.9137993415205458,1.8892373747139863,123.17255030355182,0.7793903237972607,8.768918508837595,19.174354836970146,False,False,False,False,,NIO,0,0.45427656284678225,1.954532769460684,5.292485711101925,1.120398161010712,-39.63524111871929,-0.050011547910323806,0.8402487983034064,97.19189359745849,-1.9320721288284695,0.23521227331926997,True,False,-0.5228747470401535,1,0,1,1,0,0,0,0,0,0
32.84734582321499,46.98936937146608,220.05221813375468,238.30597242067333,1.41173559503265,2.0053034077394734,128.52119672601168,17.576241701527607,0.4560873267060225,1.522286309339896,75.6864610219492,0.0109942020335204,5.5256107707766375,11.134210360530972,False,False,False,False,,IO,0,-0.7956801498286789,-0.8722237457325477,-0.5092449823684788,4.951269747362886,93.79718705382169,-0.035147713197961616,-1.2166648015610866,-40.06837783459167,1.3456149940929798,-0.23275940754958901,True,False,0.4279491483756672,1,0,0,0,0,0,0,0,0,0
51.39735690860101,73.2355747376506,215.4398187749227,118.97544366889018,2.0189061747795543,5.949039536577385,261.2205535323981,14.000834943376006,0.80872820073343,2.346965058568164,159.834962811551,0.1799843032163103,12.17813649131451,23.89770351268169,False,False,False,True,0.0,NIO,1,1.2657933560611945,6.41304221156706,1.370954058486518,0.2636766509384927,-33.259675070339554,0.17256005901840554,0.23093941592187672,279.41847351808366,-1.9586969655137505,0.13680207623639185,False,False,-1.0,1,0,0,0,0,0,0,0,1,0
38.35121025407361,51.67199521821546,212.27091355990052,105.1280880915434,1.5081126018594049,2.3548602469961484,155.49708822577682,15.714086025352035,0.9133159524885336,1.7848885241105636,89.46147947059983,0.0504596017921714,6.495408050804943,13.1759593607332,False,False,False,False,,IO,0,-0.7614832892897164,4.4447748743108875,3.769184100358409,-2.8312821817206952,-39.50886595856217,0.05460278405658925,-0.908515176423621,-9.993952260451266,-0.5120436119081795,0.2247499066485117,True,False,0.3476000470416133,1,0,0,0,0,0,0,0,0,0
25.90367269716294,36.11216009757591,214.11805154266827,155.0172916419291,1.100991254367634,2.209049990377079,127.95825339332062,11.937733352378054,0.6314785028892004,1.2341962983467447,62.61265311834249,0.07138863841905,4.306582923183611,9.533864583857987,False,False,False,False,,IO,0,-1.727007137390866,-2.7267404427438855,-0.37844507978631725,-0.9489260180421013,13.999088503778893,-0.16542381494668135,0.1147775806674729,-125.0176759339381,-4.415367838163544,-0.06501257919292602,True,False,0.0298715915127134,1,0,0,0,0,0,0,0,0,0
28.07261080949404,32.35923429796172,209.4072474880317,124.87171823464176,1.2536427845525615,1.0594972716755071,49.67237506959577,22.292716115493192,0.7152171145975074,1.4926277481712191,49.68434435250142,0.440191654466862,3.4543254635498144,7.236050836337076,False,False,False,False,,IO,0,-1.8280949576059047,-0.00541660873227201,-2.936542782053621,-5.65604282129982,-15.767611152942678,0.006816045796397496,-0.9123731119264933,-212.46299317995073,5.92632133559513,0.017896301959874683,True,False,0.0905424392496908,1,0,0,0,0,0,0,0,0,0
47.76441711713909,79.04087455774025,214.18580054649485,235.86317283454983,1.9932705923368632,5.844799938360659,234.15492763727696,17.9731329335765,0.3988160423792994,2.211776201127065,160.67222777193777,0.3114709482888271,11.235052425730506,,False,False,False,False,,IO,0,1.5386153546873542,1.289290012825525,3.9515786522290313,-1.0002929572745245,82.6055264195185,0.09405829070627547,-0.20364626481528791,277.0729022028023,2.0494785775851216,-0.27087075449159276,True,False,0.184923138401305,1,0,0,0,0,0,0,0,0,0
29.082107324164248,34.977401872497275,212.1918865028213,129.7060124184424,1.0951662833845297,0.9509943131302412,116.76544447654425,23.17825211352822,0.7400104251964962,1.2572296814652903,50.10756862020486,0.7418881886309464,3.4829896226264654,,False,False,False,False,0.0,NIO,1,-2.0264967236644877,2.088229336540202,2.0266749097538437,-2.864166958550612,-10.189713822238872,-0.11321507818762488,-0.780641608028726,-163.3468556568028,6.78576643959396,0.041061127473172365,False,False,-0.1413664440476098,1,0,1,0,0,0,0,0,0,0
27.449973634410785,41.83087280745276,211.78038462560392,187.56789084986065,1.1436024595369934,2.8959420250951453,149.3057975079668,15.35968012368792,0.5404660405847923,1.2786315192521829,75.80848845073616,0.7083463742554833,5.304892985878928,11.84226962275719,False,False,False,True,0.0,NIO,1,-1.3675941219558414,-3.14442109586086,1.0921122293665064,-3.2997027848778373,45.202619816979535,-0.19245800264727064,0.3664749380732033,-71.10417525054365,-0.9461563318302204,-0.15307497332573128,False,False,-1.0,1,0,1,0,0,0,0,0,1,0
36.61520058614899,47.14064798120774,216.52013384525685,146.06499421579565,1.2790853515760436,2.869585460627019,159.24711422668727,13.804840150811565,0.7299452526867272,1.4499282525056147,75.3048251409461,0.0009796187452355,5.481454931608451,11.449130127135048,False,False,False,False,0.0,IO,1,-0.9062238632965949,3.499687656382342,0.9486275825654147,1.4232176207915757,1.9705229694182833,-0.14637730680843597,-0.21853106928082822,-19.358685726830714,-2.440323646547995,0.040191173742226916,False,False,0.3468532201244166,1,0,0,0,0,0,0,0,0,0
27.29220914066956,37.697651359039696,221.65995498257467,174.70542701252052,1.2587207710853197,2.7890135564315144,121.39484496453144,23.033662457972117,0.4658195616716679,1.3793752466085971,62.79387121204123,0.1125957707401944,4.76995569954327,10.347157932621284,False,True,False,False,,NIO,0,-1.3485084705864991,-3.40647749423481,-3.2666959659340336,6.5791714091508595,32.26862360016074,-0.08103802040454244,0.23643663884619315,-97.28580117839172,6.730335867750956,-0.22756479688631975,True,False,-1.0,1,0,0,0,0,0,1,0,0,0
29.556606862639185,43.99673708987813,210.71632040131027,126.83448537183246,1.28416456599358,2.3107173515708106,136.68688374751702,13.68776104050406,0.7814287336716393,1.4748366050919055,74.74764787636796,0.3804540225822737,5.479307015853371,10.897242213983626,False,False,False,False,,IO,0,-1.363023657168692,-1.06276278038154,3.203954971570674,-4.363933720181308,-15.547915609365404,-0.052781539731761695,-0.22428387545939854,-83.3089650050023,-2.6174743744345186,0.0879252342141793,True,False,0.4146861191041943,1,0,0,0,0,0,0,0,0,0
39.78865794840629,59.16694963385101,214.9043505324665,83.84182186012896,2.090199121437608,4.84252774841872,173.35765141180275,15.2868319120435,0.9003980985887539,2.4245733308038138,125.33596200187958,0.2306382149369856,9.53987977210043,17.83101268039537,False,False,False,False,,IO,0,0.4510791120151381,-0.7437206528306106,-3.0679899618333835,-0.24207430002473984,-65.33977529139179,0.4017245661558513,0.11092307259354861,117.73534912359298,-0.7798392800969332,0.22178478565642046,True,False,0.2306097499144105,1,0,0,0,0,0,0,0,0,0
30.207536620456285,39.63463604281934,211.80337127593936,171.98966557959676,1.2056850566422872,0.9842659210392194,105.90956921653604,18.880189641989254,0.5825230207427248,1.3927431846190172,50.5636004871633,0.725286311080913,3.613072149009065,7.857313944794777,False,False,False,False,,NIO,0,-1.592402480774137,0.8415878816155775,1.553043687998219,-3.2685160870068444,30.466968715224084,-0.08681308086823636,-1.2729923227536415,-134.87000323692956,2.5447896841651563,-0.11286322401804338,True,False,-0.1158250939706353,1,0,1,0,0,0,0,0,0,0
48.39557411408478,79.07929969281987,215.14461841393583,219.98528316045795,1.797088474092222,6.139984390905873,216.768498752044,11.049096766810887,0.5294616127884348,2.005506268436409,160.53935862180757,0.4964746337299254,12.306219270576689,23.614083223676637,False,False,False,False,0.0,IO,1,1.4233456365302946,2.550328496152538,5.35245771829986,-0.03727054346674663,67.15966377253946,-0.07978739434787663,0.2311123423735122,249.24203064581172,-4.889716174014509,-0.1411713198985829,False,False,0.2229043452279224,1,0,0,0,0,0,0,0,0,0
51.4396999009995,80.05198970138039,214.8259093343489,268.6068313635829,1.8773707050287924,6.066461874687529,205.0425976038917,18.8451787391746,0.3765965436175028,2.097132153604265,159.85444782973943,0.1548970069397841,12.528088975634027,23.86315387911232,False,False,False,True,0.0,NIO,1,1.7172355371231227,3.988518132814491,2.8514561386174506,-0.36669946980558166,114.67972251180876,-0.0564537899448323,-0.19826629190734568,264.14511990056826,2.9450138931066423,-0.2916241357440614,False,False,-1.0,1,0,0,0,0,0,0,0,1,0
29.111263140460217,41.36725675515383,217.727278835316,99.2165942974276,1.6868010578372663,3.4217799829981685,136.29641259778845,18.33338826465841,0.6600379698887234,1.9079944126888493,90.11335440543152,0.2092414503143302,6.29244989055327,12.615101744939436,False,False,False,False,,IO,0,-0.8317395105654148,-4.411263145117196,-5.7051466339080505,2.6276457401958453,-45.15704179806505,0.24690516585842714,0.24347419321493957,-35.56045481315317,2.098019558305701,-0.029104740215923575,True,False,0.1596758245863605,1,0,0,0,0,0,0,0,0,0
26.91034651784516,33.16919190768359,212.9827600257692,109.58033811412864,1.5694652743438295,2.4710087225672765,155.77369815607943,21.07730127215133,0.6127609098577592,1.7894444077054976,63.36289374025007,0.1966971105433527,4.43359600904878,9.000394876327086,False,False,False,False,,IO,0,-1.394905965875957,-3.534804984289355,-7.246750763787517,-2.0963311654455765,-32.68256904624175,0.23869717503495247,-0.0253878617428116,-67.1109660707919,4.767873162991144,-0.08100428013430949,True,False,0.197878318847593,1,0,0,0,0,0,0,0,0,0
42.42816344750913,61.15153475167492,220.90786494964425,229.00010961937852,1.5428522152370123,4.5004266763326,176.58877596973446,19.560178012040563,0.4673470881477917,1.6531599173330156,109.77193931270662,0.5854628955015976,8.200506036357721,15.748886291710384,False,True,False,False,,NIO,0,0.3258009187353527,2.5803567863781254,0.39734629887917805,5.76600972989101,80.28805092314391,-0.12134651080565195,-0.07948509868685516,109.61517579816159,3.4770320670244708,-0.21229451033547897,True,False,-1.0,1,0,0,0,0,0,1,0,0,0
28.09837069305772,37.60756447317041,213.4734943977766,122.51057452645144,1.2642632322631489,1.7270750911129558,129.99754726046731,21.199913411510284,0.7679528134468256,1.4609383017559243,62.25631194664992,0.800480576434415,4.502281043348192,9.232848368289847,False,False,False,False,,NIO,0,-1.7177922747214251,-0.5823962734032619,1.0080423480768133,-1.5938192817165486,-18.54216560708646,-0.003937450546768417,-0.3783551203836859,-122.14343507101617,4.848024024725493,0.07153736711493464,True,False,-0.2315085791298691,1,0,1,0,0,0,0,0,0,0
24.7080912911297,33.844881060684294,212.94154961985828,91.63817810301052,1.4589817453267442,2.9843871618492,129.73007497603888,15.55831239796636,0.6325044427203026,1.6767609063991586,74.47139391584913,0.0918457063167869,5.399550709585345,11.052724253058525,False,False,False,False,,IO,0,-1.4424830035391523,-5.477079570121479,-6.0087151157531835,-2.135806164486013,-50.44641192022192,0.13743290446801226,0.5455991578189612,-97.46548417024425,-0.7573723462676281,-0.0616512604098044,True,False,0.3328341217614946,1,0,0,0,0,0,0,0,0,0
65.68322663125338,119.15315971593527,211.2776621009936,214.43086941930508,2.516499404669875,10.16236594515688,-698.7153332390953,12.54931872517176,0.538639606203215,2.956103499330043,,0.171983587840222,19.09598236438219,37.5449802057741,False,False,False,False,0.0,IO,1,5.6350996806680405,-3.176787652802801,-4.355367731128865,-4.057853632350486,45.819737515947935,-0.1765106950821611,-0.8463017797755565,-284.6201199111564,-2.8356260185345104,-0.09742317732770922,False,True,0.6385665468702131,0,0,0,0,0,0,0,0,0,0
73.82007703263083,140.1248687825891,216.67830492794997,151.88072336605532,2.909768239248232,12.871161241641191,-833.7978322854782,24.43994165633345,0.6168141391539329,3.274704911749359,315.22606185932386,0.0172532372483252,24.4364231674782,47.86986148217759,False,False,False,False,0.0,IO,1,7.222401980587715,-3.713614501573673,-2.145101763088917,1.2848911948115642,-22.6795641761602,-0.09082196343211457,-0.059488945096537904,-275.87917478401187,9.263735659934428,-0.006220039978686032,False,True,0.7979955469519048,1,0,0,0,0,0,0,0,0,0
49.84741359901548,68.14526794350685,217.2953081621892,138.15615473917327,1.6623819338772343,4.471595405272432,156.55603720288823,9.893217537912133,0.8606956808394423,1.870567926477532,125.78097018366434,0.2352686357748532,9.525266389591277,19.088453132448908,False,False,False,False,0.0,IO,1,0.6726038498176442,8.10453207170086,3.2919715525054016,2.1408030546146506,-11.85570967971745,-0.06901866117521394,-0.5282421465045841,121.00580988238079,-6.144321965659085,0.183900646739952,False,False,0.3491915136130524,1,0,0,0,0,0,0,0,0,0
32.78548052379424,41.1486572855852,215.36976069364124,138.85639074749204,1.1793311002057607,2.361025682255379,128.90414646416684,10.293947684504769,0.7904405415632832,1.32638736682305,74.10947692226542,0.1067070179827239,5.1599558727170205,,False,False,False,False,,NIO,0,-1.3262169049642831,1.964983540843761,-0.0791697432996159,0.28816401923353396,-3.6639607031507353,-0.1647472478354033,-0.21854294206044278,-87.75668924695037,-6.006447445537866,0.09723915255679527,True,False,-0.0887236846954873,1,1,0,0,0,0,0,0,0,0
41.679808865048905,57.01882674408211,224.1113579394559,149.34266845416323,1.6034612833531037,4.800925538478493,180.9077023829988,18.26051216203533,0.6804960907752264,1.762176012688282,109.6485942700684,0.2370175792467701,8.220150101559659,16.804007717806428,False,False,False,False,,IO,0,0.13698870105942465,2.8637503700288107,-1.5036572133384993,8.976389781947006,1.3382715999916854,-0.024150283866806177,0.4496367365159415,96.82606711970587,2.1525363999163645,-0.0006952816167639098,True,False,0.5607197739088318,1,0,0,0,0,0,0,0,0,0
51.9765966749555,67.2158183143666,219.97622378772385,139.30330610406497,1.6978618908383194,4.877964306597609,204.6097928685971,22.4999441927094,0.7928657527697278,1.8768725782150524,124.80063753058398,0.0725095903037688,9.385991352305702,18.80587734872073,False,False,False,False,,IO,0,0.7019423035333607,10.073397684129723,2.0157500891552615,4.820648538823804,-10.81851785269518,-0.03922377416841183,-0.157397665134539,171.7178855545141,6.466262852814289,0.11631152919961141,True,False,0.5906609015371345,1,0,0,0,0,0,0,0,0,0
33.54216277402541,44.21002811658135,215.16298328879603,149.89878425882114,1.515125601228369,3.305844739000482,143.4706079094226,16.75820338365666,0.5258632065419891,1.6831657207993032,90.50666284282576,0.3370722598057486,6.129849592309502,13.451086783981951,False,False,False,False,,IO,0,-0.677472136675208,-0.8233443422477862,-4.685769944913233,0.05772317960159512,4.9469592340254565,0.04533649058410516,-0.05925545476032701,-14.40828880392877,0.5431216625731423,-0.16201327432196266,True,False,0.0091199928791681,1,0,0,0,0,0,0,0,0,0
37.94042913708076,52.22861276866424,213.6890461438993,164.457782709153,1.4189667059048043,3.9991012565852215,145.24077033890052,19.997214798808823,0.7048555151090545,1.5898455004454863,109.66453916415782,0.1766748768931051,7.695720879322083,16.488650235031386,False,False,False,False,,IO,0,-0.40560589168600697,2.0893322472871603,0.11943620576080605,-1.4261304832749033,18.487012141044858,-0.1035033890867656,0.30481225307308346,11.995328582963111,3.8178849439054545,0.01921051702906662,True,False,0.1634249085773357,1,0,0,0,0,0,0,0,0,0
25.085639676704105,30.21400631840757,216.70200008135765,121.22197069490076,1.077556779036349,2.4783914445752115,93.97813415329124,8.016789090112166,0.7220983495729706,1.198929678598547,49.69804412720617,0.1922088404013394,3.437284712928055,7.602276214043128,False,False,False,False,,IO,0,-1.8470460784355418,-2.8888309674829102,-4.8577741258578016,1.6394010278694395,-19.346330529143557,-0.1655976991203807,0.5294679954468515,-169.87437107060794,-8.352097863596928,0.02462198581177033,True,False,0.0621411882134248,1,0,0,0,0,0,0,0,0,0
27.07416738566795,39.76869119848488,212.2117270884957,142.03878058810804,1.3850032671931876,2.5862041955385697,110.62484024760674,14.001820151275451,0.629524523725191,1.5411037838184372,62.038776466878566,0.3440996650774036,4.549660852741865,9.104056604493216,False,False,False,False,,IO,0,-1.263268994665757,-4.0903030530813,-2.2031614878328085,-2.872165656482622,-0.7174975133849273,0.02872716404909048,-0.06958480570682779,-100.33236530867579,-2.290296991680547,-0.063160187758042,True,False,0.1373883659084971,1,0,0,0,0,0,0,0,0,0
30.12257296600709,42.47649098954604,219.14260322298105,94.14571622673866,1.5717289270985813,2.947575154080483,142.5381300968984,8.504208771426963,0.7653187503936126,1.7727269592161288,90.3087839730753,0.1201669828223084,6.388986681604923,13.40882457123768,False,False,True,False,,NIO,0,-0.9472693858742949,-2.76865022675063,-3.230383488036786,4.047184163648012,-49.79491778138525,0.1542198803606254,-0.09084147018622435,-39.78675249470675,-7.746352731817527,0.07522776909849294,True,False,-1.0,1,0,0,0,0,0,0,1,0,0
21.75882770656031,29.787861600443605,217.3829222329477,102.1473885982662,1.4655570697708469,1.9547539781181504,145.00117180415205,19.12164383291464,0.5829349818033323,1.678574661967604,62.89742688960259,0.1594323572874205,4.519745363040285,,False,False,False,False,,IO,0,-1.8198482371616456,-6.364263208083365,-5.6053892729209736,2.319331118521518,-38.52284922020475,0.21713231964457735,-0.027101933799457578,-116.38697158628,2.7563335408895,-0.11431814161199094,True,False,0.3118324907940284,1,0,0,0,0,0,0,0,0,0
31.2071359781648,39.75488370817517,215.4140507941028,115.51360863949664,1.2944133660995203,1.978502182651636,101.32794443721716,9.811074693643942,0.7764731061664176,1.4587005707247755,62.54675362762719,0.4072772749888304,4.225403524872688,9.098047107787233,False,False,True,False,0.0,NIO,1,-1.3515078293601337,0.5248390819770066,-1.1740120843672628,0.3333766244602714,-26.911953277048482,-0.04476422351067466,-0.5704429661396258,-117.62446979245172,-6.4926463283078135,0.08306412882036907,False,False,-1.0,1,0,0,0,1,0,0,1,0,0
47.30185543375663,74.78808674973199,217.0855841452457,119.9097885902254,1.967601115993824,6.33234879131304,248.0195854887632,19.358746677389792,0.7827788157296938,2.201324278967968,159.87025007551335,0.2572734436959292,12.925249057477696,23.48505601191245,False,False,False,False,,IO,0,1.140841410607575,3.000329923569872,4.400361060770976,1.9139997338739363,-31.857014459598886,0.14546761067598024,0.7655465348025405,254.89576849200265,3.3827829189595207,0.10982708352944992,True,False,0.6041947020062628,1,0,0,0,0,0,0,0,0,0
72.9881489975024,140.73109594831885,225.09131953347625,300.0,2.850310594349481,12.720509602947423,-868.1236859800073,18.05610081984561,0.3,2.9882986007408623,,0.1108491229994634,25.103208304022598,47.21914632606308,False,False,False,False,0.0,NIO,1,7.6004170641718565,-6.611173532677242,-6.006900934522832,9.684117426672202,124.02292463722131,-0.2235296239851916,-0.6678595456940002,-275.9535621552285,2.9296058299855403,-0.3199314248678142,False,True,-0.3977146056033056,0,1,0,0,0,0,0,0,0,0
37.563587796217526,48.77275839223933,214.25545456453787,121.21094967325509,1.374510232676135,4.279526609344678,201.2091015494334,20.24729740807092,0.8785458555265175,1.54777004759141,109.43568870204864,0.5237969156001615,8.24119943174232,15.934716771621826,False,False,False,False,0.0,IO,1,-0.7000162336696385,3.3212709640103384,0.14342488068715653,-0.848983232408159,-23.656380834167223,-0.0909103870547574,0.9417238995242165,41.287512857569084,4.029251017581942,0.19048433232924822,False,False,0.1941585913843669,1,0,0,0,0,0,0,0,0,0
49.75887195038003,74.48408274259208,217.7478385165145,300.0,1.7844624931754165,6.854835252815726,239.33736256526137,15.364127567083134,0.3,1.903577722467364,159.56957677362226,0.0504737339823848,11.780630696931222,23.13860843927283,False,False,False,False,0.0,IO,1,1.6592622609031515,2.6244801768237593,-2.031223864287128,2.5573443295535014,146.29017303784738,-0.13812820829351002,0.6603039353993703,293.1869999789503,-0.5436610750670603,-0.36869652500330613,False,False,0.3690630948586214,1,0,0,0,0,0,0,0,0,0
72.7392890101379,142.26973081347538,221.7741373239577,153.5129992598268,2.937669591937772,12.475548756398334,-870.4917677002202,18.28069001643404,0.6075926461665812,3.2132347065963422,315.3987705818133,0.0057570027942648,24.56718734312024,47.07776641146259,False,False,False,False,,IO,0,7.3025734053222635,-5.232492396970613,-0.9478422294510267,6.377799280098486,-21.347768086115423,-0.07845585886324402,-0.5521768722924119,-305.3088792893643,3.1150269914461823,-0.014783484542011727,True,True,0.6676911818222303,1,0,0,0,0,0,0,0,0,0
28.17449409299023,40.18151143049156,217.6397840228552,142.34088045110224,1.0885243916157192,1.6129413051631731,122.15559723811803,18.15115266749237,0.8538022051386632,1.2318342645326328,63.05043456924156,0.0699278189769199,4.776433792229019,10.17431094228196,False,False,False,False,,IO,0,-1.8226092804431895,0.06649066250065161,4.820895271019928,2.5762936194803103,1.6809909299961703,-0.15936533630541017,-0.3655714018944147,-139.48272077518448,1.785479283499253,0.1565264190329101,True,False,0.6513674500383856,1,0,0,0,0,0,0,0,0,0
35.383826530666816,44.71507933506144,214.09682470876805,156.73270760280636,1.3248310832008547,3.0427365778810773,166.687850531696,15.138292562230111,0.7032236158788236,1.5424824926615643,90.40653381838077,0.4126428018934056,6.122890444924019,13.480697952061554,False,False,False,False,,IO,0,-0.9197560498106296,2.3422590732386723,-1.3169946266005255,-0.9995979194036408,12.688954536393908,-0.09800937062873794,-0.028994525538589944,-13.14408364448741,-1.1086507900771156,0.013358464516205926,True,False,0.0026763378926101,1,0,0,0,0,0,0,0,0,0
39.830949634568974,54.42950448092999,216.78016897359956,198.2655820735008,1.5209073785362357,3.061281775956868,127.9411782550552,11.621178068455006,0.4800721026295687,1.6880995429610988,90.26434156151475,0.4626104748859387,6.4869679576112045,13.589288547224106,False,False,False,False,,IO,0,-0.11172060610635977,2.373941812866228,-1.1533091221273253,1.654272668009412,51.19333933845124,-0.05851044871293776,-0.9888577575364241,21.3243087415473,-4.519504298589855,-0.2031606800050727,True,False,0.2882915770985558,1,0,0,0,0,0,0,0,0,0
17.911342533817507,28.2617759032808,217.0940081378152,154.4726687884064,1.1075913550824676,2.299386349898372,57.23443847417783,18.25956562753857,0.5359394407424993,1.249824505884703,49.97346349265616,0.501616457863964,3.313410751710492,6.4349258209244375,False,False,False,False,,NIO,0,-2.070662900588343,-8.841193168830419,-4.166919928226854,2.039565669700579,14.742475893519838,-0.09223168886809918,0.6212289737254073,-226.87970282167973,1.8612718649718545,-0.1633723737156365,True,False,-0.1443154138158468,1,0,0,0,1,0,0,0,0,0
39.85034102517528,59.7676327936593,215.2149648828352,103.46671631230782,1.6636715308336072,5.155683688005936,207.5509370713171,18.45238276310033,0.7646197377039661,1.89891749749458,124.8073131075462,0.0088186794470008,9.118832300015043,18.969062746220477,False,False,False,False,,IO,0,0.0782971330366451,1.354997568721231,1.9388657885063978,0.082137542732994,-44.317706518721536,0.04743294438389101,0.8754614777073302,118.15133341762481,2.336688745682931,0.08294662391884366,True,False,0.1217306946427571,1,0,0,0,0,0,0,0,0,0
38.05741088584115,53.949430207591206,211.87940603290195,296.00309328503346,1.4872066410740614,3.613728940847306,166.6236625207846,19.57609761236104,0.4117743204177042,1.6788144332335233,90.50481736159874,0.3177799862991907,6.39889147793622,13.546682930654896,False,False,False,False,,IO,0,-0.06934334318893541,0.368836146287272,-2.134270092940497,-3.248036014012854,148.77202199372377,-0.10042285630916337,-0.48772303395645533,63.846542945104844,3.440988082182944,-0.27111062891885535,True,False,0.2582328499409447,1,0,0,0,0,0,0,0,0,0
36.72158916761349,48.64584060945567,207.4752722476393,112.08255135172294,1.5169785221090697,3.13025372259464,167.51004666303766,17.24826569631559,0.8693486651443025,1.7720999817087204,90.70426883141212,0.6999010107955806,6.326267900371128,13.167542585980325,False,False,False,False,,NIO,0,-0.7450232994538727,2.7252095854237623,0.5484772864360821,-7.627523884019865,-32.616094186735154,0.060279163556414606,-0.15305225330249073,3.5104249376669827,1.0243006358087712,0.18091772318208776,True,False,-0.0767707858393548,1,0,1,0,0,0,0,0,0,0
28.35697867273382,34.25190108395369,211.5165624308409,125.034081081336,1.2491786078984055,1.9496746372852745,115.1013497049064,11.326000346082694,0.6917346851436565,1.4383123821572394,63.731682552434506,0.3467366198810978,4.478560422102411,9.540025235701188,False,False,False,False,,IO,0,-1.612947845833686,-0.8967016812365216,-3.5868511404622225,-3.5545755250502964,-16.411612445737532,-0.03933834373464817,-0.2827062839472656,-127.53981216653983,-5.012101437200688,-0.0038201963245574344,True,False,0.2573550556910198,1,0,0,0,0,0,0,0,0,0
27.830268135559745,35.83946747527762,212.5719206244856,164.2537614881117,1.3565440319823454,1.483517834493841,155.39444504420743,18.76136064547672,0.5211407004336349,1.5145341292033248,62.26281515880999,0.1703838720998662,4.165077678331062,9.53506080857898,False,False,False,False,,NIO,0,-1.566878867409196,-1.675152198953871,-2.543806430588681,-2.50089773072429,22.635402979210596,0.05910004664794588,-0.804645635891206,-83.07246523892991,2.4293171794064747,-0.17403604607253864,True,False,-0.1573046582922462,1,0,0,0,1,0,0,0,0,0
59.44574189142259,99.41229431016824,213.1244420308732,145.22900252703212,2.1918895818444097,8.322696091219127,280.8024436852596,15.994475679086635,0.6125327391545963,2.6159341428136504,200.5961341007944,0.3902734928636613,15.095738857217508,29.47025603582103,False,False,False,False,0.0,IO,1,2.747277269312889,6.3659854404881955,10.036972524233235,-2.1057382906925852,-12.558668096514339,0.05846836101496278,0.8107435337212356,433.2357383077213,0.2297668333422216,-0.04723334006991475,False,False,0.3995792417482134,1,0,0,0,0,0,0,0,0,0
27.93955727860953,36.86481127850273,218.759511777682,165.03397432591103,1.078338415004756,1.6964218419235142,118.4175803934474,14.069050222706627,0.5474163488347538,1.1958184652641972,49.760003272504576,0.2154764897372925,3.544561382526604,7.665926863389955,False,False,False,False,,IO,0,-1.6981653609038407,-0.8484592747000441,0.033304844680628776,3.6914821923074044,23.90767317944122,-0.19366548044618326,-0.4327735869099072,-131.94503221987668,-2.2802581198725367,-0.1488379994531781,True,False,0.2409356375443402,1,0,0,0,0,0,0,0,0,0
26.959337700086262,38.232827282918976,213.2848131336708,81.8874707426501,1.5226737815600422,3.0993989458713136,151.89272450008156,14.821456651225152,0.8299337801287793,1.7178273961271897,74.52700650520732,0.5302469635504848,5.167707727041848,11.848567711263575,False,False,False,False,,IO,0,-1.2979688725085385,-4.01551823294275,-3.3288831238158423,-1.7978139081580196,-60.73875338365079,0.17312166035626153,0.4856262364463131,-62.208592889216106,-1.4752237113727418,0.13696425145533253,True,False,0.0752308078242758,1,0,0,0,0,0,0,0,0,0
29.89330473364418,41.330264759683566,214.90666504832532,78.70340376425042,1.5823341978508318,2.500668114657533,174.3748031949822,13.23897128643848,0.8098641714644257,1.7537112173922007,74.89893248714324,0.5294108982579196,5.738003903743741,11.13602926226324,False,False,False,False,,IO,0,-1.1860726025824182,-1.6929987673016456,-1.554026419014022,-0.18004349090543315,-64.34220381864338,0.2110993346621679,-0.24859401499341827,-29.587735379618493,-3.0429941178216655,0.11781308928638634,True,False,0.1855216949878159,1,0,0,0,0,0,0,0,0,0
34.55186010642761,48.16062731067029,212.16577972048225,258.20755532918946,1.2680644160622525,3.1792883415198414,151.65940760420332,19.555375115417714,0.4421258299185929,1.4162455226618498,,0.3465313021145327,6.3657868863399365,,False,False,False,False,,IO,0,-0.6755560342596798,0.17588261287885842,-0.7578185139138185,-2.939550279934082,113.24854881697922,-0.20209598805157847,-0.18813196179908642,-6.04587350435466,3.340545372056365,-0.2457349235439938,True,False,0.2275804503147556,0,0,0,0,0,0,0,0,0,0
36.65628393981871,52.25503955793361,213.63774173053943,159.91447834856618,1.4753606579793288,4.172018211424255,168.93614187541695,10.327541065679918,0.6394611822220998,1.6316509347761232,110.3264573335501,0.2108401666427467,7.934661284398627,16.411209965099136,False,False,False,False,,IO,0,-0.2997491565663518,0.22674200195279326,-1.1053322641545194,-1.4812960976350382,13.546960297209182,-0.06762186585796637,0.3495527487875756,45.282244360701924,-5.83786806203492,-0.0453149419673633,True,False,0.3444403669686561,1,0,0,0,0,0,0,0,0,0
29.46386378638518,47.57725978940002,218.3848534417925,190.1150183255645,1.3820813127057818,3.5927590302028385,128.03709231169353,12.026056260774329,0.5705221506483584,1.5370762502677098,89.83199508808586,0.3087365831994231,6.299133449269764,13.927306597532214,False,False,False,False,0.0,IO,1,-0.7366394024973116,-4.578328881505609,-0.6191987127187986,3.281751501426129,45.384950223265065,-0.07624263864748215,0.2993014260286566,-35.20287516511368,-4.196806272414058,-0.11783997614439001,False,False,0.1658643048794113,1,0,0,0,0,0,0,0,0,0
22.897000815981567,31.0212914418068,215.827597870556,87.68734034392287,1.1547664828311726,0.9119137511610084,141.04734013324946,14.68490846131322,0.8940264952689054,1.323022675495245,50.53671529204713,1.0052660447752104,3.581339444706092,6.886840580351364,False,False,False,False,,NIO,0,-2.3651567892293106,-2.246298295538036,2.0734261583974174,0.783897280094294,-50.939099360215835,0.012009103426376955,-0.4096561689833077,-169.75051815498102,-1.7521128236716663,0.1922974699410972,True,False,-0.546563145808016,1,0,1,0,0,0,0,0,0,0
33.45988325414205,46.060837915746944,213.72182362900008,223.90319739491093,1.2941813057224034,2.8794224534953496,148.4282181409708,22.455003392956,0.4974851322810368,1.4472537954571685,75.08825419464031,0.2810421076260139,5.639638032428126,11.53927912939209,False,False,False,False,0.0,IO,1,-0.8790131827288643,0.19567989469901903,-0.45280466864529956,-1.3760851247256767,79.70674143286541,-0.13655411257063022,-0.24164208564023637,-27.712056626982502,6.213417945716248,-0.19204560093244322,False,False,0.3545583750485258,1,0,0,0,0,0,0,0,0,0
50.202331567295225,82.0297001132448,213.7215746198962,125.8481442603278,1.7893339825990895,6.265801775130868,251.06122211788605,20.217122196371395,0.940634365702752,2.070784463880163,159.71582215265562,0.4263008779683889,12.997105296249618,23.66099277073976,False,False,False,False,,IO,0,1.1237024983323771,5.994460172963521,11.844551291613683,-1.4493846372504038,-25.854422722673505,-0.029478423516698493,0.719752143252121,256.3844700608464,4.238904579253518,0.26754195701771877,True,False,0.3441524954332479,1,0,0,0,0,0,0,0,0,0
37.51684049562879,54.88316240656396,223.83534510134967,153.73523244024145,1.4914664022085729,3.680545092818521,244.3340848264784,9.436636787011098,0.6950057890724594,1.6664049547407689,109.64256709893236,0.0052540072764157,8.456114518121582,16.62103154068987,False,False,False,False,,IO,0,-0.3998444585408975,1.6342607486620366,2.7058874101586596,8.719958321733145,7.742868214463385,-0.03212011666764525,-0.02072013284129781,111.61067920590543,-6.741935408599856,0.009408080934166119,True,False,0.2906628678945864,1,0,0,0,0,0,0,0,0,0
39.5944122066752,55.34418742455675,216.3239295706336,154.1157649464332,1.7215194561894809,3.2701576989383736,188.500894823726,21.405388355009944,0.5257098390429868,1.945312719033318,110.23723400925716,0.430719827274897,8.352549252289279,16.21783436247722,False,False,False,False,0.0,IO,1,-0.1190352237061904,2.1773744853574897,-0.15216956472618648,1.1983000710124827,7.070937152155977,0.14351902172953923,-0.7711249414839529,81.2212571052749,5.2637440766045955,-0.15758298209789112,False,False,0.3373541118847739,1,0,0,0,0,0,0,0,0,0
37.47793002805252,58.85716920822254,213.03998123624132,162.495902778371,1.7521863967507434,4.049410515248659,155.95357189799935,21.39768086793473,0.5984088723986083,2.0314799328649853,109.94874710204364,0.044715406530271,8.405396631176684,16.21649152245922,False,False,False,False,,IO,0,0.06790686299797433,-0.9606366891113041,1.1512121178033397,-2.092467111243934,14.750422330020058,0.13796118880372887,-0.21823065312191758,65.61251908057169,5.280620474400969,-0.08334952490051917,True,False,0.7010580539217297,1,0,0,0,0,0,0,0,0,0
36.75900264549173,60.159246204291954,215.2668930514735,135.41405988170658,1.9014146434221104,5.334085193309628,196.0819285001405,11.303966695909429,0.5797571738847324,2.1251066010324298,124.2182821931572,0.0008404538375473,9.26972156710944,19.511547458117523,False,False,False,False,,IO,0,0.44835052685882404,-3.7584658362319487,-2.043442322927099,0.12056774609993681,-13.757310624411076,0.21346882076001283,0.6057844204752367,140.21239257853796,-4.763063319781805,-0.09887853532118451,True,False,0.3485684942976613,1,0,0,0,0,0,0,0,0,0
24.61348373071447,33.35456060694961,216.89825051252592,171.4880409006385,1.3138996862002257,2.169873866696558,90.50435182302694,8.0,0.508807239697674,1.4673471198590162,50.59913896819469,0.4493280558132177,3.699752765606625,6.795456704733255,False,False,False,False,0.0,IO,1,-1.4451104306572051,-5.557329780445656,-6.467980159076383,1.8209905654866816,29.413298385883735,-0.007140023975933385,-0.26573272139241766,-136.92927515535877,-8.316030264961384,-0.18537002939910996,False,False,0.308726067979665,1,0,0,0,0,0,0,0,0,0
32.347044461725744,41.14837405052314,214.28153424556132,153.9874397480188,1.135009732067119,2.7271504842680385,132.08263210834454,15.71111351061103,0.7142240289595563,1.3020211435517153,74.68660956834275,0.1222202521468921,5.508091069350036,11.492683088772772,False,False,False,False,,IO,0,-1.3237236779472277,1.5129234536236709,-0.10892218332332249,-0.8001533711056936,11.457743766363734,-0.2095517419813393,0.14456293998950853,-84.35229547127338,-0.5889537467356991,0.021043104403023483,True,False,0.4460467660335541,1,0,0,0,0,0,0,0,0,0
40.9979489364551,52.32240568904551,216.3480798581242,149.785939650752,1.8298671552574408,4.888802265536899,173.94820794490786,20.48969763719929,0.5158126673962234,2.068222918357453,110.95119049912556,0.3433381649258563,8.052780122035303,17.365662205460644,False,False,False,False,,IO,0,0.31058171698693005,1.2333062976892109,-8.251896306316254,1.2067797697657454,1.1309220108461773,0.16861753578414485,0.32731863671532047,105.595615244224,4.404550285703699,-0.16395385055503275,True,False,0.2073412507287007,1,0,0,0,0,0,0,0,0,0
30.24709122132609,37.672653148481416,211.84265226273843,236.4780918516591,1.290914767630264,2.567823566817302,128.259512178659,22.36504787920081,0.3729450686892716,1.4432392157312246,74.07745934264517,0.0939777718897204,5.419465493992825,11.592760963236412,False,False,False,False,,IO,0,-1.1288056688507364,-1.652142526315263,-5.888516227074703,-3.2461451293325183,93.21784972703546,-0.09141701728053864,-0.2507801383351951,-70.51414230816306,6.090613383205515,-0.31863596551823825,True,False,0.2312161188709751,1,0,0,0,0,0,0,0,0,0
47.643829888359726,82.98823478412442,211.605089864674,140.3157031455819,2.121490407851852,6.6553214206571125,214.1343498928921,12.516690942554998,0.643048529372774,2.398873151915749,159.90159331483565,0.1770399918220236,11.161465232894,23.334451490480408,False,False,False,False,,IO,0,1.71082417916294,0.22768243574561353,5.86348157369946,-3.5872850805602923,-13.58737615217251,0.18890827618949002,0.3983564366371324,272.655947192667,-3.384317031396799,-0.02522477452447147,True,False,0.146596475465625,1,0,0,0,0,0,0,0,0,0
33.37012672444703,47.1743140834268,216.56608648741548,233.26493266673504,1.4279859117607716,3.055507644437429,189.85003267344592,23.00791641865186,0.4295715705373176,1.620387533754745,89.5964536847811,0.0513576567800668,6.66582943206511,12.859209745542298,False,False,False,False,0.0,IO,1,-0.7072983159884743,-0.8323977936270595,-1.368947371736887,1.4619143096905702,88.4248951589461,-0.03602361971725698,-0.27347756760524167,29.26862375710195,6.788912395365962,-0.2585497241160461,False,False,0.5053976222825093,1,0,0,0,0,0,0,0,0,0
45.7629278207067,69.06141637559324,215.2415211615913,199.3965154680517,1.5801875234860183,4.549160464286341,205.97696088876788,8.0,0.5871758697898719,1.8224861453624792,124.45835424149055,0.0015137378224254,8.770995326321774,18.3741873116768,False,False,True,False,0.0,NIO,1,0.6023498759505534,4.403943106805841,5.038501149682787,0.08957861854193538,49.64796058056197,-0.1375995812349058,-0.36561017512526917,164.06111027838472,-8.04677827711745,-0.09019581012747524,False,False,-1.0,1,0,0,0,0,0,0,1,0,0
48.34113786130728,75.14545495714036,213.826166366884,174.20532942421144,1.6284858490751706,6.002996353247745,237.49055930599525,14.52779754468285,0.5636345667094966,1.8142376198620649,159.7498731966627,0.0669995898934225,11.354796313853733,24.07895395575994,False,False,False,False,0.0,IO,1,0.9916291828759624,4.854969769291678,6.521373610120847,-1.3399754205269687,22.997768785893186,-0.16473400043421482,0.6168674850398839,230.84681198074514,-1.4677884202428046,-0.1105419020054007,False,False,0.2472897467988192,1,0,0,0,0,0,0,0,0,0
36.2996286804072,48.96482080452597,215.33740494212523,125.29217979206516,1.4731480679593345,2.411788421150275,173.15275659031485,14.331157323137012,0.5693175891961278,1.6992908168542515,91.05965499505388,0.3985290496232747,6.5969380524019225,13.612971347044526,False,False,False,False,,IO,0,-0.7671950606094704,2.4244047850332535,1.1295211321026528,0.23541754149533745,-19.323366731221796,0.020745050802194243,-0.84467091306395,7.144179763605081,-1.895723442619806,-0.11929533896047761,True,False,0.1169541707884367,1,0,0,0,0,0,0,0,0,0
57.28888070660296,103.57070689207296,212.84290369974863,153.40676304364135,1.8743153667440928,8.524836903978764,299.42134549698784,20.60934809969721,1.000144465238523,2.162504090210641,200.06198470734287,0.0705423144264333,14.830008666916529,29.364151722850156,False,False,False,False,0.0,IO,1,2.251964006316697,6.915721090540039,20.0498411855893,-2.369209712192884,-2.524490127662858,-0.16312633939440002,1.6126336221080848,406.97493482793357,4.779502909068951,0.3363128462884425,False,False,0.2540797026679003,1,0,0,0,0,0,0,0,0,0
36.7526453799463,51.97045302134688,218.4899599454946,119.60566781482858,1.7546642194007993,3.847347024344794,187.51381465484096,21.19320986375912,0.7084617350754355,1.9191330986892337,109.54113624484609,0.4877909109012761,8.060012062667461,16.063621270776515,False,False,False,False,,IO,0,-0.26913589178640507,0.15581988286924542,-1.7517585241895333,3.3698054763387404,-26.87658772339445,0.20574959861356312,-0.012186461193784748,66.63374615698737,5.031826544197823,0.02393688508634284,True,False,0.2495524447672676,1,0,0,0,0,0,0,0,0,0
46.42674429114966,69.6087420004009,214.3087078483014,127.45177848125742,2.0539015884581566,5.953424488097921,255.6999614553365,19.81689462173358,0.7368056513492998,2.281164005547676,159.1042125951941,0.1652780185072628,12.12406392383626,23.59425875650999,False,False,False,False,,IO,0,1.039635238603344,2.6782512258425726,0.41724329188463116,-0.8591849947243588,-23.935707239475406,0.2513793473611339,0.5091675637704762,253.40598183107676,3.827621710053174,0.06302321716004178,True,False,0.2535104959950823,1,0,0,0,0,0,0,0,0,0
35.716654034717784,46.646360525148935,218.72809077680373,214.2100251731345,1.4413918848212393,2.1130113273549296,142.67869487517314,10.597799805016422,0.4335402555486558,1.5743017626244598,,0.0636106998152771,5.42350373179881,11.159626595942552,False,False,False,False,0.0,IO,1,-0.6374676103958273,1.132545616405281,-2.722279189454561,3.6213714735701785,69.10826452920259,-0.036149118018501625,-1.3005282833371656,-11.575442551732237,-5.612021106766562,-0.2540078674800796,False,False,0.359448590887567,0,0,0,0,0,0,0,0,0,0
30.402411190501116,44.492763578427706,213.6183545546286,152.4648197360871,1.3102251589131737,3.154256225385487,171.40442913983182,19.45047612719569,0.6019055299544617,1.4698642818833323,89.6777017164022,0.4052133638885654,6.355017101002638,14.492347728645536,False,False,False,False,,IO,0,-1.1264186478554057,-1.509866228597069,0.9033803216333567,-1.4705299057601167,9.195631137048878,-0.07256917189293377,0.3327621996625356,-27.152940408147543,3.176355537236052,-0.08965591154393393,True,False,0.04452695118609,1,0,0,0,0,0,0,0,0,0
33.39341392076458,47.71717454357506,217.0300197384641,126.08119256573696,1.4373503943435777,3.9413969242238975,173.0622460175555,18.03616787437397,0.7322953944912267,1.565308235986454,89.62067291022407,0.4661363251000632,6.749134409613202,13.033406467188277,False,False,False,False,,IO,0,-0.7485097389235013,-0.5839143120298402,-0.33898009743763424,1.927350777206982,-18.60438591483853,-0.01867337808350067,0.6623124980058113,8.74672244258133,1.8117443284182961,0.04383583577427619,True,False,0.2828671921537489,1,0,0,0,0,0,0,0,0,0
19.232366626085454,34.116327158193656,217.73235588594503,160.16585984756878,1.2193179072421545,2.901711540329087,128.85437470065605,9.315062458881638,0.546320663063049,1.4163867345343155,62.852850092286616,0.6993366509496712,4.487070546124476,8.961521083432105,False,False,False,False,0.0,NIO,1,-1.7029147137499832,-9.529697496022703,-2.6590433315284088,2.6644995366516184,19.057359115844775,-0.051765680566482786,0.7782668578252543,-121.93857073834474,-7.03487044901421,-0.14997266799419107,False,False,-0.0759025399225711,1,0,1,0,0,0,0,0,0,0
33.3466700052983,48.872651123821264,217.3735926004977,110.8518799205638,1.408993993911841,2.571653249679166,153.59211013007769,8.0,0.8362094265276978,1.6133298480677891,88.58165536557712,0.0489193426912335,6.594955186234034,,False,False,False,False,0.0,NIO,1,-0.9545959813091758,0.4954823647777218,3.252374834475823,2.2784407840339043,-33.06129425426481,-0.007095339027370251,-0.45789197817408134,-29.396625962882524,-8.25152498975439,0.1460583084120668,False,False,-0.1819538620190665,1,0,0,1,0,0,0,0,0,0
53.005000647265256,90.19785517125705,219.2970777528592,183.85674656887704,2.386667632957868,7.868220801609487,320.6079560290782,20.151957160083104,0.6074023889992451,2.609409901059852,199.96291816724224,0.1852382902416873,14.92428554969962,30.31777228562112,False,False,False,False,0.0,IO,1,2.434935004156793,1.6320117097914775,4.514326457955292,4.078290341392943,27.239724251013257,0.3137706525774111,0.7344673784169728,444.74031494573,4.3461736348884745,-0.0549274008743309,False,False,0.5517856457081753,1,0,0,0,0,0,0,0,0,0
35.89626436924644,55.48023964846677,217.6985818545628,147.93275734408127,1.753572580215486,3.690256891962521,172.44196920453132,15.279602796083022,0.6718334720054163,1.981025652094302,110.61604020073143,0.5230986572213469,7.9624567864531794,16.47932920182245,False,False,False,False,,IO,0,-0.13311295327876824,-1.4438468064891268,0.15027725355124488,2.5734658503129992,0.940692406805681,0.1783000631227336,-0.3339797520280601,63.8867663001833,-0.8638927791018105,-0.011574899380324744,True,False,0.1952328350440818,1,0,0,0,0,0,0,0,0,0
29.07455310327612,38.25926130622613,215.30959233333957,157.37961747939403,1.2649544846643137,2.459535096484608,133.4262720085469,10.859271630180498,0.6120922540036662,1.3994084771440418,64.05607190216737,0.1678485254473462,4.675569509129551,9.00188672591502,False,False,False,False,0.0,IO,1,-1.3315214635308052,-1.7169575744426133,-2.9058674113703447,0.22818914654337163,14.879147335865383,-0.07809597053629758,-0.11361051153936375,-83.71520301298776,-5.441821077702382,-0.0811526749101692,False,False,0.1199400815271876,1,0,0,0,0,0,0,0,0,0
28.021801938673235,37.46676445490295,215.7825721169196,94.53855238922844,1.5260811979968958,2.6996374189175705,148.27816821478132,15.167312285164924,0.7246480989072873,1.733149197500396,73.8042010838194,0.4072323666360725,5.578448687918469,11.068602208110834,False,False,False,False,,IO,0,-1.273287420380133,-3.087923672196986,-4.386673406470898,0.6990448012674619,-48.180176989608356,0.17174641908105914,0.05597921249235549,-63.5867941635704,-1.1261223343887696,0.031881156014616496,True,False,0.0035009031828275,1,0,0,0,0,0,0,0,0,0
20.040028428655106,33.659663881416435,220.02262380003265,98.83084434539305,1.4489282165006163,1.809572269048066,113.40884295472728,17.45616432445281,0.603926489221686,1.6066218372769767,62.457382069441344,0.0254069345558822,4.349283781272815,9.05424484952115,False,False,False,False,,IO,0,-1.8036593259294391,-8.171525402640658,-1.924935128296795,4.958442183356681,-41.90006896794043,0.19736645398335395,-0.191885960251428,-146.51244376262287,1.092982960893945,-0.09319375533364038,True,False,0.0863542080328246,1,0,0,0,0,0,0,0,0,0
23.436941136733783,29.61046866560587,212.716774074874,130.611591182515,1.2112061380439136,1.5290292322364076,93.84355229377012,15.668595493329812,0.6593659559393593,1.390493754619274,49.39961246751509,1.2776902980978238,3.451128099700129,7.647945640594623,False,False,False,False,0.0,NIO,1,-1.98870526806681,-3.7634450180391177,-3.786942110199192,-2.340657857182748,-9.425776162813435,-0.004498277116163463,-0.24836641274360205,-182.84451207512046,-0.7189204019423894,-0.03927314887071598,False,False,-0.9656773816889596,1,0,1,0,0,0,0,0,0,0
59.406223348126105,109.28473826309488,212.7697249953461,131.20829789129485,2.66492598578136,9.989032551436916,-696.7508426971001,9.792055387495656,0.6645804862333021,3.072872959874,250.06222752659863,0.0777761910273137,18.644603622075834,38.84218830339817,False,False,False,False,,IO,0,5.169304398878592,-6.9084925771435906,-8.718226900503907,-2.5488005180943105,-35.657048960688314,0.06217554275858639,-0.4556276984000238,-324.8607478964432,-5.654143928592495,0.024694447070896075,True,True,0.5141551489103549,1,0,0,0,0,0,0,0,0,0
34.56150212226654,46.10975606880501,216.606990900671,149.55092472919475,1.4586743227039518,3.881698437749959,148.15566293648783,23.54222761425644,0.5898418363913048,1.6535966000206743,89.22986722208356,0.3272335906612763,6.342446693790931,13.77543220284612,False,False,False,False,,IO,0,-0.6429338584400204,0.00726354746587532,-3.194274212769109,1.5004709827896647,4.469651399101622,-0.017807455855606502,0.474777624796233,-6.593764278923771,7.331687861601573,-0.09775115369477327,True,False,0.2059691609175288,1,0,0,0,0,0,0,0,0,0
27.728889021271275,41.97518615961161,216.0790061188653,116.48061290465245,1.4080562456435686,2.8037838060064155,110.83738876722268,20.01687187595157,0.7727640802745669,1.5934252914575622,76.14474165064793,0.1664946530156912,5.063309026595194,11.203505742446318,False,False,False,False,0.0,NIO,1,-1.271113926736922,-3.3927134591577044,0.09605824706454769,0.995399523460037,-26.24626265526416,0.05330029717576523,0.15749382826498204,-100.83063611430083,3.7237230824439855,0.08001497745485575,False,False,-0.0407677482275622,1,0,0,0,1,0,0,0,0,0
38.06162472658404,54.60180423364629,211.41750795313908,133.28880761407515,1.496626742154744,4.371929368366575,168.9700983496145,14.65849019330613,0.7357582562256137,1.7487100522167676,110.02628699460196,0.187383925299447,7.960996648161771,16.167512256256025,False,False,False,False,,IO,0,-0.2645359648348547,1.4396633232879736,0.8252229138307996,-3.7028143016803483,-13.210688295665989,-0.05317923121560897,0.5068260686048882,48.506823387026415,-1.5022882112433127,0.05127116251553354,True,False,0.3643914001225538,1,0,0,0,0,0,0,0,0,0
22.406115354536265,29.9144940282731,214.80728648065056,87.58512058430915,1.4445225449531007,0.5,115.32445969269124,14.819621376390849,0.6867079082120249,1.615102324264428,49.91692882841669,0.3888552689290371,3.626488912559875,6.828299959057575,False,False,False,False,,IO,0,-2.065783574883738,-4.373083004848336,-2.5718739880295836,-0.24733396439930289,-52.16335985922575,0.2437540078204734,-1.1840654999312186,-168.34757210196034,-1.5780307287327098,-0.012563856657359707,True,False,0.377481520933125,1,0,0,0,0,0,0,0,0,0
31.35849195751501,41.420393316373655,215.1405549032392,125.52306555287866,1.359365438915873,2.558284528468476,165.31887168297197,17.437949578852702,0.6354312499807062,1.521481599093745,75.9696297203061,0.7682233991978406,5.302866759554424,11.616844865701518,False,False,False,False,,NIO,0,-1.2323134382301975,0.02486753616623716,-0.9173448793905195,0.05553303194369619,-17.349232933094257,-0.002909088873066068,-0.13498695898486046,-42.83349024453523,1.149903257234822,-0.05699937776639863,True,False,-0.1818821526120623,1,0,1,0,0,0,0,0,0,0
40.99975129310011,59.87702615027074,205.18302670096213,99.27706345426417,1.9676519701744608,5.588284383623614,211.08782670347267,11.481514417038674,0.8194816045779995,2.2851342486116857,124.99119677653574,0.3511317792392716,9.227112167978513,19.08967708918316,False,False,True,False,0.0,NIO,1,0.5290094467505932,0.041529063005896205,-3.2790269225812807,-9.966240696870756,-50.19661397103495,0.26407643483340326,0.7623178861015036,162.52669300792243,-4.574908519019264,0.14150794516468834,False,False,-1.0,1,0,0,0,0,0,0,1,0,0
39.59145013986682,58.96425026346751,214.404625135542,130.3242137667466,1.7570555107596335,4.6344516280146735,130.00931003259524,17.290705746147875,0.7213473909296682,2.0358704839824115,110.26229917052446,0.1358479123347153,7.803926023656443,16.266949501654597,False,False,False,False,,IO,0,0.2395602593886494,0.21489816352468694,-0.7705991363942104,-0.7340843937669206,-18.064617838544308,0.10956810106786641,0.15896421801206273,55.22155331650879,1.19621869288801,0.04099792764097643,True,False,0.2453985027700319,1,0,0,0,0,0,0,0,0,0
71.1593192148894,148.0439124992071,214.73876541399727,191.69956202312068,2.7061644733749706,12.262164165631878,-831.5148611664479,10.677070252556938,0.6539954068261093,3.1613170651161946,,0.0805909694061157,25.67407748009972,47.85666699147131,False,False,False,True,,NIO,0,7.109601812860012,-5.757985479403018,7.10720652981334,-0.6505338514129448,17.56204571606017,-0.2725678341824538,-0.5319021176664673,-283.81688351076184,-4.51396956957819,0.030035361989483644,True,True,-1.0,0,1,0,0,0,0,0,0,1,0
34.15749441487487,54.34247843121821,214.23320019284216,131.52912979964583,1.5659655796781815,3.9786296669265626,170.83696428208563,15.717863132619335,0.7157035044832188,1.7858957091402117,109.17560146773955,0.1121695764511355,7.842499736274036,16.51055346944254,False,False,False,False,,IO,0,-0.4193798969142786,-1.618335604960862,2.3961065308817666,-0.8814740175259317,-14.390016260088828,0.04616454775422074,0.30101889570760054,36.34347741710096,-0.4632780776867804,0.029945449132975366,True,False,0.2746210123288143,1,0,0,0,0,0,0,0,0,0
33.91948256690617,49.74079292591082,218.6277530787441,95.25827110900448,1.516155202292618,2.755392213632512,167.06160149375526,11.325714000572564,0.9544880024456276,1.6450607328868674,89.62981695666419,0.5613072011274199,6.413717872361247,13.887380367697569,False,False,False,False,,IO,0,-0.8845413359608425,0.6854873265630488,3.292491475534085,3.5300459684070518,-48.91746552064029,0.0864910039809208,-0.3589785699666699,-9.579572213097322,-4.916598428402569,0.2649118940559657,True,False,0.1364504598039693,1,0,0,0,0,0,0,0,0,0
41.49477061218623,61.54153137826141,211.74523425559,184.6695239679545,1.6299158901358135,5.439440624145148,199.71729481578743,11.527664070693142,0.4989465687968193,1.812464594527988,126.2324262216787,0.1036593609313389,8.955604035785136,18.898098501016506,False,False,False,False,0.0,NIO,1,0.4877361700700203,0.7620826618580523,-1.1266837874855113,-3.402527669614983,35.350537395627015,-0.0656619004213792,0.6634498079569049,147.41644197232986,-4.53418652213314,-0.17936586237667906,False,False,-0.0270218513989112,1,0,0,1,0,0,0,0,0,0
54.91184703008775,95.46194938015402,210.77768144351512,131.97064568293985,2.1924682248413645,8.107711312910363,286.14624747826343,22.58289045447284,0.8154785339583032,2.5695724517772143,200.28473761394312,0.832001452429232,14.734919098646095,29.91143206006118,False,False,False,False,,NIO,0,2.294764758677075,4.304806374441988,11.435191456398499,-4.435993156834854,-24.12102326881464,0.14673278674199697,1.1436828082116932,397.57795858727206,6.758673791839508,0.15199822431488808,True,False,-0.2800022345065107,1,0,1,0,0,0,0,0,0,0
46.54518970579815,68.76311812481302,206.8230222002084,290.55728956039985,1.4934605109902164,4.447881776107425,197.9552854407572,16.236903577138218,0.41055831614037014,1.704794447120444,,0.8219303786305119,9.361210571542342,18.272557694346258,False,False,False,False,0.0,NIO,1,0.6582423906737829,4.880785139968019,4.079569927683806,-8.330959062753436,140.59925140740205,-0.23515718689016007,-0.5345662257383452,161.10378455847638,0.19747546483043976,-0.2663545970611521,False,False,-0.264508274816172,0,0,1,0,0,0,0,0,0,0
63.85122339140406,117.0346381720724,212.8156055454291,126.32754979771836,2.600363585121105,10.193663177416315,-707.8579357308408,16.82962594160467,0.7325909737342935,2.9458163067966048,249.58983648376463,0.0461414664394985,19.198400781192365,,False,False,False,False,0.0,IO,1,5.379185298630475,-3.6103687057899663,-3.44905706945805,-2.5105755256774955,-41.324423608205265,-0.04305660855448146,-0.5051310256136894,-316.9507993306838,1.4110270870670032,0.09442764058306508,False,True,0.1665238886963947,1,0,0,0,0,0,0,0,0,0
35.99425347168703,55.40634184476128,211.52732639036552,84.50123850428174,1.8007197104463497,3.7120537883726064,226.88809944180488,8.0,0.9362624241413096,2.150772997278882,125.48093886929976,0.1087337324866344,9.333106508375169,19.171025334447425,False,False,False,False,1.0,NIO,1,-0.3104916846781211,-0.3765868428668995,2.1729435235081382,-3.5913195963239275,-61.82601691298534,0.2598188240529713,-0.09740410120926501,102.26083510701798,-8.166821827653013,0.25139812509755877,False,False,-1.0,1,0,0,0,0,0,0,0,0,1
48.90962044977727,79.01598252578783,212.37368906530224,143.65751220795545,1.831088188048865,5.840015478617369,241.60679625829823,13.611992965915809,0.773300278670096,2.0597157245226074,159.30973229742017,0.3314932819362331,12.489159700863066,23.74593244405029,False,False,False,True,,NIO,0,1.1418012879684523,4.602849772095709,8.616911370693089,-2.7979303582906994,-8.112888429936561,0.008768682132727967,0.2720509561332225,248.56995252934718,-2.36384456350447,0.10035642515963061,True,False,-1.0,1,0,0,0,0,0,0,0,1,0
31.147967853810066,41.39145497323603,219.2259592636873,98.32815283322104,1.4402166898527398,2.078777490330524,147.310722663624,17.84484847481739,0.7255937617809689,1.6202475329933417,62.00885890481167,0.1766164332084575,4.738691938217398,9.669870697801588,False,False,False,False,,IO,0,-1.2896762553791723,0.12779762586519894,-0.2682717120734921,4.1430297426489915,-44.32915174319861,0.08905766363135492,-0.5450363213381482,-66.03921122624936,1.549258635752139,0.03269229905060722,True,False,0.1740490873430561,1,0,0,0,0,0,0,0,0,0
42.363262255282415,61.61361532000759,219.1150094519116,184.9436626403632,1.4970261367185558,5.093270147381329,218.79811731691316,16.77654506379002,0.6159325796795386,1.6723032753959164,124.6990820225125,0.2412919046541636,8.790859118111058,18.208632058988,False,False,False,False,0.0,IO,1,0.2212995363788289,3.086494433319409,2.0946022581299033,3.976965995685987,36.623271610801936,-0.14692279447217826,0.6398937047518114,142.35577969553597,0.6796566277272795,-0.06456676793561955,False,False,0.1939060787407058,1,0,0,0,0,0,0,0,0,0
41.18518140603515,51.78253922447133,215.27417025648296,208.0136530195657,1.1889283381434024,2.459474351761064,171.34091095167307,8.0,0.7046570800732831,1.3496034516590665,91.17438952553888,0.1527609257488934,6.690059088935502,13.89002916806518,False,False,True,False,,NIO,0,-0.6682608912620644,6.769340229394523,2.777866970143535,0.1685741604477755,63.02730455673728,-0.28264568506125753,-0.9167792638377543,14.29663347910082,-8.213870393015277,0.016856205269065283,True,False,-1.0,1,0,0,0,0,0,0,1,0,0
35.70182624314638,53.439537835392215,213.82002316432457,109.92295403222784,1.8204760325213452,3.951537876919028,146.26762359740644,16.828551666628325,0.6621905776894965,2.0328734051101542,111.20299618254114,0.4677096504498353,7.978184638778745,16.65647066824498,False,False,False,False,,NIO,0,-0.10586104716135496,-1.7872006357452577,-2.2125340190613514,-1.3060868729174615,-37.17125013268969,0.23992276702357196,-0.10569669419046601,40.181681273288376,0.6886398629437096,-0.020994109585208198,True,False,-0.0024968187842849,1,0,0,1,0,0,0,0,0,0
35.478728964675426,50.2578433619109,220.0479306019451,135.44907049770916,1.6707894013763211,4.507874295407529,204.33265312323212,17.466235214198758,0.5821035088102966,1.8779014974832904,109.74845479973062,0.0937306413431417,7.998453402864069,15.89894462058175,False,False,False,False,,IO,0,-0.2359760362284148,-1.2992957184584384,-3.8563078558864134,4.926566603066789,-11.157467063973769,0.11544921704890077,0.6081892515793417,86.45715699630509,1.3092125931070697,-0.10214916451780853,True,False,0.3927677294424758,1,0,0,0,0,0,0,0,0,0
65.08662748552356,115.56467607533057,215.26881929922644,161.32269043098765,2.4408917798720187,9.59941867025069,-678.9818142957396,21.1350479927948,0.6565186576787695,2.8469327940256486,249.70460889216204,0.3763454648119383,19.36779201582579,37.38799273823919,False,False,False,False,0.0,IO,1,5.136364473331555,-1.0480910423673322,-2.048948923603575,-0.04850470659778239,-5.419198687820398,-0.15547571663154303,-0.805356323200126,-310.0763642872147,5.684516900210493,0.01636224704466349,False,True,0.4210069772124026,1,0,0,0,0,0,0,0,0,0
70.78469763947818,135.27409311701473,211.48886245157445,134.7009538423607,2.8058688918715537,13.092673133913667,-868.1560412417807,13.379075524246629,0.7297571740939659,3.2147052784799723,314.475244124602,0.124340184741194,23.7443915690405,47.715720454659184,False,False,False,False,,IO,0,7.008487268944164,-5.5800753037631665,-4.467468888802927,-3.8967485876906096,-39.05758855460218,-0.15326990673249785,0.421041235073492,-329.619923908951,-1.8252614015546413,0.10496717935324107,True,True,0.5627034371683332,1,0,0,0,0,0,0,0,0,0
28.817056887095504,40.54091594842564,209.05566577229857,147.9451519708664,1.3005011694579478,2.6113898012424013,120.54934333519174,8.0,0.5849174397204039,1.5532707345905892,75.05210097750684,0.2916602007150257,5.6014188032831,10.620483729673388,False,False,False,False,,IO,0,-1.209799514138191,-2.6395929410823804,-2.0629301625101206,-6.030177310666886,4.988472054543649,-0.0661360024787947,-0.10914263534043744,-85.56306054214593,-8.285085620110568,-0.10732839335308197,True,False,0.5512919988999605,1,0,0,0,0,0,0,0,0,0
40.58572790806738,67.64736905058201,214.2022802092389,140.3296583323424,2.0166597185197177,5.440752128142641,176.2985191339349,12.012916992779378,0.5790577268972974,2.2939073206344114,125.09629131577924,0.4354233221681095,9.271451067808158,18.21452488068753,False,False,False,False,,IO,0,0.906953091769535,-2.437734948090835,0.024134023250113046,-0.9607729564862666,-10.56053916418,0.2398480105592986,0.15715316998972995,161.98237880409198,-3.993804331293255,-0.09581376462017277,True,False,0.3301179658952162,1,0,0,0,0,0,0,0,0,0
36.84519824270112,54.86094837701488,219.65086659380103,173.85611440752425,1.7774352248968788,4.6629455227553445,239.527774736624,11.611739844525772,0.4959634843611737,1.9278927151764755,125.40357983557696,0.1402318913148699,9.106997682089508,18.715251522606756,False,False,False,False,,IO,0,0.13817104439654723,-1.9773210660565894,-3.675510528494435,4.51585530946349,25.84728617028756,0.14959454865007027,0.31022508224612366,155.5532701005274,-4.496080433116738,-0.18521818333650414,True,False,0.4046651213930056,1,0,0,0,0,0,0,0,0,0
24.785951626676407,36.38201281634441,223.6372847268657,109.07268733614777,1.2451599484934917,2.516359760649972,120.86033866323773,18.946835511119897,0.7586087539133344,1.365804423823107,75.60770513142707,0.1643772755213912,5.2335059095380485,12.316665365216098,False,False,False,True,0.0,NIO,1,-1.7102485468799795,-3.936037393430542,-0.3066739377274814,8.5696958844417,-32.00832643564303,-0.024502523029295453,0.40179523831120223,-130.5971160754745,2.5959381649185076,0.06225522662845773,False,False,-1.0,1,0,0,0,0,0,0,0,1,0
20.47617435744322,32.331871019353684,214.59205347039745,173.25230947599962,0.8609689800724539,2.406183901265876,148.52213278103494,8.0,0.781798489295059,0.967031466359603,62.87544810523143,0.1412482264399227,4.282175653903707,9.11371095798025,False,False,False,False,,NIO,0,-2.2428374220867635,-5.33552844258017,1.9382270417286591,-0.4561088074781594,34.16742089743133,-0.30549088091870014,0.9365037702316781,-151.19252309990515,-8.42093563358122,0.08107346342269917,True,False,-0.5972217510891836,1,1,0,0,1,0,0,0,0,0
21.710144153534227,30.74672056115616,211.66058540643496,101.52762858554766,1.1695722088336853,0.969460532780262,112.36840642873042,14.018930632568901,0.7347490666354776,1.3327705286758311,50.37724413043728,0.0264523000894303,3.50816998227554,7.747636999792748,False,False,False,False,,IO,0,-2.270581965964302,-3.949950966554141,0.6810088754970494,-3.3865648691296997,-37.45327437562125,0.008488557315663003,-0.4666251614877862,-189.86014731381616,-2.405653557014473,0.033796313072929074,True,False,0.180283303792567,1,0,0,0,0,0,0,0,0,0
38.64818811784622,61.037132857415166,209.1019345755888,160.1039793573476,1.4099780911891482,4.666646717379656,191.59759883279656,16.277539949194505,0.8447755739092998,1.5820727317859278,124.59768357331671,0.5421627186472388,9.032539349588864,18.88006770380068,False,False,False,True,0.0,NIO,1,-0.20385903548931308,1.6946628393513805,6.543368202470255,-6.020600914127925,13.377068356994613,-0.15158557709188436,0.7280728543583863,76.63218332696805,0.12474088558262508,0.16078651747201067,False,False,-1.0,1,0,0,0,0,0,0,0,1,0
38.81078210496405,53.39654552678434,217.1023784207255,123.12437009177552,1.6307550958220711,3.053709995663796,157.10342231339587,16.028849851334538,0.7131801455621091,1.8598420018927708,90.3327519618838,0.2005053262144419,6.22343851453513,13.205240049867228,False,False,False,False,,IO,0,-0.3473285054697968,2.6412334375555417,0.5985475179051107,1.9850760837256871,-23.064822159992787,0.09699227829637391,-0.7111440881314599,29.13842046072726,-0.14281621539456424,0.02801348926390823,True,False,0.0957764023473421,1,0,0,0,0,0,0,0,0,0
75.88744188758174,146.11739331636676,207.471122665624,120.98617704872628,2.969752377088082,12.94543527491796,-864.848971253072,19.585267264705696,0.7588016406048634,3.451413484707262,314.8366867956936,0.0445028707688324,25.62109827785536,47.33056667589244,False,False,False,False,0.0,IO,1,7.455289605182292,-2.9188440928031127,1.0947600186574675,-7.930785812114465,-54.446965478420125,-0.07596571304455102,-0.26720652114643606,-285.8286620521918,4.439687237300541,0.1376790070740227,False,True,0.4704189353487367,1,0,0,0,0,0,0,0,0,0
33.1416290098243,49.78109178427439,216.8367754948545,164.33257506100915,1.2586875623867406,3.575362579585136,157.7249124078154,9.432806665795647,0.7455756138456344,1.4357766266518175,90.28430512347543,0.0828815052540918,6.787216891396219,13.276082668952522,False,False,False,False,,IO,0,-0.8178115584297998,-0.45700537537972963,2.544064125792758,1.7366343676033864,19.906737469311565,-0.18390722377984714,0.38019215114116145,-12.86996096044794,-6.80073044031211,0.056547224610088875,True,False,0.6177934179594617,1,0,0,0,0,0,0,0,0,0
72.69179833445335,142.88252125737552,218.3806944483535,120.97731548934811,3.06499572665918,13.222664594032867,-849.6646221155785,9.59204194717471,0.6862689970872687,3.386059697653227,315.12545790210936,0.2302967561727488,24.941480809022483,47.07109760494174,False,False,False,False,0.0,IO,1,7.5349619149529135,-6.549850147932034,-3.0818151465236383,2.9758798654736722,-54.75443617542555,0.0038391045966030823,-0.08644829142540189,-263.4253061778902,-5.543060745108184,0.06580031523630225,False,True,0.645697298195771,1,0,0,0,0,0,0,0,0,0
30.53118506048417,49.3729191079393,217.38210400668703,158.53431558780483,1.3615806269599644,2.9365270765885296,150.0911241137203,21.748969831380936,0.6203767257805528,1.5295155407360876,90.04326560975372,0.6939962125445409,6.423712941838916,12.669364048613431,False,False,False,False,0.0,NIO,1,-0.9913532301951943,-2.119145746743321,4.18710261460847,2.2882929374700325,14.758906345648626,-0.04738605618765068,-0.0485106949933356,-36.228139587873926,5.492611066681903,-0.07007609646196711,False,False,-0.0676864808377552,1,0,1,0,0,0,0,0,0,0
39.037791896702416,59.0520705787465,211.46437017329544,95.33377106955766,1.4954199180838623,4.809679681330885,218.5059912793915,16.404861463029015,1.0321228923687866,1.702107438663019,125.42810428194318,0.488962823445923,9.414071662005558,18.73778188256684,False,False,False,False,,IO,0,-0.323142079563385,2.7360785797766383,5.968196178568057,-3.6538143810880683,-50.94607109311434,-0.04302963326067877,1.015539502247902,92.73249074079774,0.23637604074665575,0.34715475866767365,True,False,0.2477495023908877,1,0,0,0,0,0,0,0,0,0
27.196130985276536,34.42884141422645,217.80210379001147,137.8907253062818,1.1581022762090347,2.0961766456402096,115.08381353115314,16.413097448836577,0.6322073530219737,1.3103169413651992,48.94015381195192,0.3703736943030328,3.5477756616550478,,False,False,False,False,,IO,0,-1.710312743661371,-1.5255072370256606,-2.259086552901543,2.73451728921151,-3.190047858131294,-0.11154775555818164,-0.01831014412805665,-136.37945799633653,0.062191660414871563,-0.06414670119118149,True,False,0.1167948432932691,1,0,0,0,0,0,0,0,0,0
38.53504265388834,51.75182298256319,216.4828067378577,244.5062629022114,1.2208670033079518,3.771453720481078,152.35659002238958,11.527388687572014,0.6001183433319345,1.3408025990213637,109.33352581398016,0.0558510220532675,7.654069683834847,16.528712887389844,False,False,False,False,,IO,0,-0.3997934209891688,2.6521840165984543,-0.4260552625885481,1.3674180966095264,98.51370738940588,-0.3027294053891372,0.0701266960830349,19.63780884951771,-4.65117679632775,-0.08547894588926219,True,False,0.1200829305662178,1,0,0,0,0,0,0,0,0,0
41.820069205880806,65.84150797560892,211.3666928444175,128.94248197924432,1.674865911171708,4.813066712158805,217.0297625382774,16.403126915800925,0.765101473517516,1.914696817901292,124.85396514714616,0.2021548765541318,9.081945666674915,19.295253880411217,False,False,False,False,0.0,IO,1,0.25706571326972966,2.347860178522282,5.899749295188656,-3.7726552089868335,-19.511959478481543,0.023986375539707616,0.3163828512047404,143.82815275155986,0.31094192341148386,0.08489569529337737,False,False,0.3879637777832771,1,0,0,0,0,0,0,0,0,0
68.14360564715486,119.74457000847532,222.0994239911461,132.28285228044408,2.681488933887693,10.102735729224548,-692.1351249492214,11.416249726639617,0.7377781622942508,2.98300363995072,249.379518631358,0.0046117296538108,19.04264511451076,37.79016372297251,False,False,False,False,,IO,0,5.716358806012591,-1.1604421564795757,-4.724416234920213,6.76094427241452,-36.63283609194653,-0.027267183581703325,-1.0043244782121796,-270.6771255419244,-3.958009007204158,0.10238235505254378,True,True,0.4829321927983301,1,0,0,0,0,0,0,0,0,0
45.39055616492384,78.04345840835235,215.27903233869037,201.12670985491084,1.868008952381773,6.248797993665289,231.15629463181324,20.7474817956226,0.4892812678584508,2.076696913219478,159.78755049797536,0.1834604595644378,12.042198614629266,23.97022934683489,False,False,False,False,,IO,0,1.2611706028661755,0.4315021061581703,6.233477302905058,0.10305883297345986,48.90891703919209,0.022558612367693964,0.5362953263534385,248.93535282532127,4.787341969947814,-0.18268280027579614,True,False,0.4578008322142537,1,0,0,0,0,0,0,0,0,0
20.26367083607377,30.295147764152095,216.7557952963232,184.20392425584632,0.7831960585521721,0.8477369511002397,124.93352607817862,16.464478665979748,0.8684017381845608,0.8892212268558288,49.75202112951453,0.3264389604840896,3.5668049210054584,7.186037223496591,False,False,False,True,,NIO,0,-2.6998871780516716,-3.0505227807906934,5.303696544771611,1.7243042389694665,46.83204279197511,-0.2946988132808618,-0.06852521085434793,-216.19382734932822,-0.016561456533434438,0.16392524010611265,True,False,-1.0,1,0,0,0,0,0,0,0,1,0
36.96655537634936,49.40123963323869,205.43857635963812,132.82831845392542,1.4340370664828346,3.800305141724882,154.65586326045997,17.93576421466132,0.685870813697375,1.6726165708420238,90.81569887026517,0.2328426147203551,6.5481459237648405,13.256868142319298,False,False,False,False,,IO,0,-0.5774605339942561,2.054543436786645,-0.6766659530763448,-9.670331745121985,-12.498346694311635,-0.05513183026026436,0.3141060581435542,5.838890766343212,1.7338345545688725,-0.0011847702229784707,True,False,0.320250941445695,1,0,0,0,0,0,0,0,0,0
19.17780307140812,19.553926519597308,221.43900084538257,97.65973658376122,1.1906798122713218,1.190259239644727,86.68677320188574,13.460214458153825,0.5333603357176419,1.3163287638586323,50.10152023462484,0.0517846463837001,3.322315547061538,6.764744763031439,False,False,False,False,,NIO,0,-2.387927405158596,-5.841067962758039,-9.124796827144248,6.396130829611309,-40.881359617654155,0.05233481757208902,-0.1037389164677438,-226.17430165767342,-2.979801284688733,-0.16855559121477148,True,False,-0.1294740882307699,1,0,0,0,1,0,0,0,0,0
29.52306594665111,37.66903287394184,219.44851404139368,158.33877845518444,0.9585349729849278,2.474628788061413,162.55619422899207,8.0,0.8783176171530811,1.0968401125988017,63.6304494995479,0.2891369648918541,4.668192719845425,9.316460554950837,False,False,False,False,,IO,0,-1.7486986161102631,1.0111840313887868,1.4348145510177162,4.382327693063274,17.401874249786516,-0.3036768218444218,0.40662147081177125,-92.38517241842828,-8.355953736080878,0.1816484910430064,True,False,0.4746254170434163,1,0,0,0,0,0,0,0,0,0
38.48270541169307,55.74658400864077,214.3685244625912,143.99372009367687,1.5852250219516608,3.855449356780996,181.65425114218024,9.262143541830635,0.793851335739423,1.8254823389148005,110.17717266878762,0.4443040124966299,8.042437613135295,16.572999379282077,False,False,False,False,,IO,0,-0.19562535912073364,1.484187915013429,1.1554997374580935,-0.7543113564281043,-2.764050448805648,0.022065869921216397,-0.0930942401576198,67.43487858834594,-6.88957274927408,0.1099298614584473,True,False,0.3164553653898002,1,0,0,0,0,0,0,0,0,0
36.39961572028537,62.29748754777204,218.7525345292885,218.15520647679057,1.6021782131259086,4.504798139241696,198.3722959103557,22.219447324108543,0.5103187012078129,1.8300266013840996,124.69718750013764,0.2985325934507348,9.96991388431224,19.607710548899615,False,False,False,False,,IO,0,0.08560507932036164,-2.1356613817191104,4.382342781825486,3.619440626558344,70.34339370885729,-0.015476473376238697,0.21572711382461662,109.63485598213174,6.104714340737857,-0.17129442882934964,True,False,0.5407190869988696,1,0,0,0,0,0,0,0,0,0
38.30007396907696,65.3261300515913,215.10144131812095,95.71077271799516,1.7528558107523728,5.2402493001861865,191.8978965653882,11.883232626915706,0.9665774260386586,1.992776818166191,125.07672918568792,0.0110218110743104,9.06225401749466,19.01416016163944,False,False,False,False,,IO,0,0.2259497626241458,-1.002104615280885,5.752152692678578,-0.03677175847136027,-52.62704720314565,0.10800578021386675,0.7812421385138135,115.8769100343619,-4.213044279508864,0.28611624755997556,True,False,0.3748360116631066,1,0,0,0,0,0,0,0,0,0
49.000528013521205,76.90092431374109,211.63830887939767,153.72531566457667,1.731790879322077,6.6715538413911695,265.5993147891518,14.516660473253951,0.7988196052549289,2.045954359009549,160.34782184635245,0.2385689506786947,12.245130915793505,23.56757300993101,False,False,False,False,,IO,0,1.1149275466750188,4.840606589756192,6.8194928219600826,-3.5323303050385846,2.0556369052840466,-0.08532115722069511,1.1361293457511126,270.127475514081,-1.4627110969683432,0.12565517161676365,True,False,0.5390639092939944,1,0,0,0,0,0,0,0,0,0
38.81487477079074,57.93917257339537,217.2007245605074,152.92520235513848,1.6872159235564144,4.838466359585593,189.5024298371592,18.621303898316715,0.6984705826562431,1.909881483193178,125.6885573445713,0.2968746584506411,10.017854287493442,18.0303158622406,False,False,False,False,,IO,0,0.10811232870618177,0.1566087353165031,-0.2420012146723991,2.066809689572011,5.029033173429696,0.06519988630017703,0.5221424670963666,102.80434317245977,2.5095307386937584,0.01704219250659711,True,False,0.4262022128572553,1,0,0,0,0,0,0,0,0,0
38.94454252824436,61.934389316698486,209.85721555376364,86.27886518330982,1.739792090270729,5.059460219922528,169.10040282376792,21.92915919744717,0.9385328208432668,2.017464433146694,124.9201091650224,0.2467977576756333,9.146781710523722,18.646723956397715,False,False,False,False,,IO,0,0.06999810242889022,0.494548412608637,4.203714395535457,-5.275309073192858,-61.47445316009947,0.1251616516128149,0.7892868776176867,78.94883455352515,5.812373813090396,0.2567915884731191,True,False,0.4311878070158152,1,0,0,0,0,0,0,0,0,0
24.227307239130383,31.2702219363233,212.37381496482317,104.90672217606748,1.2062987848556712,1.38457888789744,96.42644676208045,15.201652315344647,0.7532648806250207,1.3653363553064592,48.847666990855,0.1078850343228762,3.512557672279637,7.905882223413874,False,False,False,True,,NIO,0,-2.036198299384895,-2.7135573202254974,-1.5658352745684958,-2.6818846245552947,-34.95264288507933,-0.00020265021552590134,-0.3353098957519036,-184.5649008180509,-1.1921091677173923,0.054235952202423166,True,False,-1.0,1,0,0,0,0,0,0,0,1,0
31.212107794314004,41.95973564632405,219.54147226297405,115.64994603922102,1.4604611041451083,2.581652948912444,166.53549200909583,14.38133252133586,0.753297538847362,1.684081415724215,73.95696740322781,0.1893718289892438,5.269411803176952,11.139691831652806,False,False,False,False,0.0,IO,1,-1.142323818632528,-0.6132571835080398,-1.4416532022697837,4.4531679551967045,-27.559630514638087,0.08074880381609839,-0.22058232610675432,-33.46302484992168,-1.8948796837016921,0.06160554743547275,False,False,0.130806169356506,1,0,0,0,0,0,0,0,0,0
41.51301743736512,56.847677469140265,219.6909909020272,137.61003908795698,1.7386446583751998,3.8393502430144726,198.64264322914235,16.286484114042736,0.6009549825967015,1.9368902087221809,109.81559519013624,0.4794788345521604,8.504010450054931,16.770992087502798,False,False,False,False,,IO,0,0.08565644473560266,2.977459653455469,-1.068074420802347,4.557895125706352,-10.201966195825207,0.12098001852030582,-0.4497829781338427,109.90985745591567,0.17175788549905135,-0.08065772583225506,True,False,0.2623402545351379,1,0,0,0,0,0,0,0,0,0
50.95919012058253,81.35747617967422,211.47627746436837,134.59437634486042,1.88035231485449,6.635625979720104,236.8996869468028,13.489448733443131,0.7872775658960618,2.156463472770723,158.79690261975458,0.1556152457828406,11.530819198639412,23.909437275373907,False,False,False,False,,NIO,0,1.4465480642630582,4.987156826739991,7.356388380852195,-3.7064578183725985,-18.31820496189897,-0.0010196127865502724,0.6986593085213917,271.47556133064455,-2.446312963961482,0.11683507913231006,True,False,-0.0025811502045201,1,0,0,1,0,0,0,0,0,0
23.810813463148524,26.655861787863408,211.49377106520703,85.78691234792281,1.1570336654682545,1.222634667533059,137.4651028328095,13.70472318682818,0.7714904450985969,1.3350074732564463,51.15863340066392,0.0942157979256738,3.636725725020948,7.8585002173578,False,False,False,False,,IO,0,-2.308675220924913,-1.6411243330622973,-2.9595989056433787,-3.5519897313226636,-53.05121837473625,0.003331548823741981,-0.16732586963600604,-168.21503233092741,-2.724870469648639,0.07022502144847231,True,False,0.0344721661133971,1,0,0,0,0,0,0,0,0,0
34.71500657931519,48.5028018246594,212.39999742230165,160.12182136248066,1.3994081336704784,3.8300625379751416,172.95884457643766,17.647520470135493,0.7022020209834566,1.5684018389784165,90.35740682543008,0.3232037256332998,6.452437187814633,12.70137098864717,False,False,False,False,,IO,0,-0.6809070419769493,0.3682692083977628,-0.35239667343064696,-2.705137396236779,15.182870247239464,-0.069715376901063,0.4691214938282675,14.768715458942893,1.4319870406219906,0.014297346358099539,True,False,0.3078122109394747,1,0,0,0,0,0,0,0,0,0
41.137298728848776,61.35971879447296,218.8785418905031,169.6137410402593,1.535164915223974,3.9776663326720714,176.66821272730786,16.741166071337947,0.5815020469198595,1.7341922264122618,109.62250430591226,0.154606371241133,7.97423112352163,17.30209106007305,False,True,False,False,,NIO,0,0.0550369298354636,2.769058657395888,3.8058805025483124,3.746562983141274,21.91649666858345,-0.07656641656157737,-0.2743912976262646,85.16103162177208,0.6224132127164665,-0.10036198701056087,True,False,-1.0,1,0,0,0,0,0,1,0,0,0
21.40451641185401,24.061554012251214,210.84414505175917,85.78558799946718,1.205417918696612,1.5082034256065338,106.6818028979784,24.526421226234334,0.719489478124911,1.442193938607442,49.23884278535887,0.1265273387042998,3.365994132342548,6.943758275888145,False,False,False,False,,NIO,0,-2.3781342607484026,-3.66786841983037,-4.732921401136782,-4.199082176039724,-52.79221257785251,0.06517525373895938,0.20234725618225036,-205.29192759218495,8.087693334292315,0.017653933489141793,True,False,-0.0566764460957528,1,0,0,0,1,0,0,0,0,0
32.25769746336373,48.51858672312021,216.5106090990584,173.5891228889677,1.3193944233573611,3.539491208261734,164.5863546389087,16.06612908070913,0.6393482884071132,1.47055217488954,90.6269005501732,0.2646653883334431,6.821045119394578,13.896866164864887,False,False,False,False,,IO,0,-0.8318768742212086,-1.2640782103004256,1.4478069317889677,1.4109810143769437,29.216001627837386,-0.1204748509271738,0.36135174504234735,-7.282959118315887,-0.16925768969945665,-0.04979554918076745,True,False,0.4775828748556634,1,0,0,0,0,0,0,0,0,0
61.94545751471339,91.65848599210784,219.58755642501825,181.77697650951853,2.2925075358673648,8.019545768475833,273.36226100672366,20.60458219237531,0.4999788521898698,2.5594378773877278,199.4803450487645,0.0148963059993446,15.066839994254323,29.86390800266552,False,False,False,False,0.0,IO,1,2.8357638941612877,8.382173493177724,1.237278506161175,4.354148489791498,23.65766099186021,0.14193978587329292,0.4004493222104575,433.81321625352365,4.851509811358024,-0.15906092730600774,False,False,0.5669542073037425,1,0,0,0,0,0,0,0,0,0
38.98518605224013,54.71715846210758,216.41319302041663,190.64011441629415,1.5364230461668422,3.984836674285876,182.090101310187,11.714859293107477,0.4792281473013721,1.768239078422116,109.4025823776308,0.1380960647531235,7.722266155656047,,False,False,False,False,,IO,0,-0.04841090256980605,1.1822277866260862,-1.6139570873094726,1.2849874475857348,43.33058904150545,-0.055262642806666484,-0.14196131290303926,81.20964357702672,-4.417497509103715,-0.203484988204935,True,False,0.1835349664060959,1,0,0,0,0,0,0,0,0,0
29.37499605318124,37.88076998714232,218.362070732888,89.90183515798235,1.3977765090984302,2.572990620876612,146.1702672922658,18.100629160121084,0.7847730068214653,1.5821439384310874,74.51440062164258,0.3227735210190499,5.624308624738372,11.129449047014926,False,False,False,False,0.0,IO,1,-1.41744314213373,-0.9470029826590363,-2.268789935444069,3.2838016014827076,-52.276603423702895,0.07137555963456355,0.1038831405439109,-78.75646183396515,1.7882372916693434,0.09082283130160385,False,False,0.5034253522783848,1,0,0,0,0,0,0,0,0,0
49.82208167836582,76.52179713719822,216.90502530010284,300.0,1.752696967142704,6.631527341423034,208.2606752278292,13.108074613595765,0.3097167527422466,1.897499708936588,160.0630091767874,0.0803952288035666,11.63762329652376,24.127802292525747,False,False,False,False,,IO,0,1.6856906354866983,2.5432743190730918,-0.3058850303811482,1.7135671190581263,146.19112037869888,-0.1750149025970975,0.40499526873393155,264.50495407604905,-2.7962385558582614,-0.35876284771092387,True,False,0.394595466939458,1,0,0,0,0,0,0,0,0,0
39.58893930036791,48.86502245770762,213.8980849636708,129.71793729746173,1.4079797006377948,2.319859111145318,136.21359354864205,17.58181305318623,0.7308115790441889,1.6444424956637853,75.40171018649013,0.1815772646454196,5.435472034074103,11.478762271640448,False,False,False,False,,IO,0,-0.7555584117645591,5.6501279356384515,0.8921810421812992,-1.204326892144735,-14.941222994353495,-0.04667821254617022,-0.9506904407893995,-28.740601314658647,1.3564625690291194,0.0422941647001257,True,False,0.3727467045267815,1,0,0,0,0,0,0,0,0,0
48.52287882132831,72.14227855529114,211.6647147447772,162.49870973823826,1.831156045791973,6.223505197090694,235.93887629268625,18.754058392459363,0.6282875413369263,2.015316234877349,160.6152637053256,0.2358836318190667,12.294163476218433,24.529180755911533,False,False,False,False,,NIO,0,1.1133781997992314,4.371423670654302,2.079159884736171,-3.505867926110824,10.834837878931296,0.014344234525476507,0.6899567256475825,240.326652666187,2.7744830748311635,-0.04488960936686748,True,False,-0.1771584083666165,1,1,0,0,0,0,0,0,0,0
23.73897584979244,36.82155999008469,217.4988134622249,121.75828642742636,1.0223053708015193,2.58911469093499,160.56136039920645,16.199475376005896,0.8962369910319865,1.18169694840552,75.6427104768441,0.6117628439026251,5.518234664659393,11.953974441298689,False,False,False,False,0.0,IO,1,-2.039501463727544,-3.1838388513771427,4.024545203476599,2.4432343581556495,-18.08869848485017,-0.1835559923510821,0.8732255385690846,-120.72928270418785,-0.1947204908449578,0.1971809501800268,False,False,0.0588263939959613,1,0,0,0,0,0,0,0,0,0
39.570902678585945,50.992261719345976,212.52608006306917,182.80655544449056,1.389213055730403,4.449834078211063,145.1100601237793,25.0,0.6259797686269186,1.582996498874118,110.000491600534,0.5857863568109201,7.334681055098225,16.66591077338835,False,False,False,False,0.0,NIO,1,-0.30157044625752927,3.1513130219969483,-2.34658299797524,-2.5928913322461256,36.44586352564582,-0.1534165470088109,0.6295739212962275,21.291137864731624,8.83435136294366,-0.05881130473944807,False,False,-0.1100901097740717,1,0,0,0,1,0,0,0,0,0
37.19088129198024,54.7096731465124,215.60770621375795,133.32581077102387,1.4733871331408694,3.196061850451425,150.36987960592575,21.71191907643381,0.7989226321377844,1.7160543819811795,90.64135793840794,0.1576371193660872,6.640721968396464,14.356837119584153,False,False,False,False,,IO,0,-0.5804693051132426,2.2953105240878386,4.6673303437632185,0.49890785610125477,-11.989577604244687,-0.01519873784178527,-0.2864940674124643,1.2802861844126312,5.50959374683698,0.11184235217267846,True,False,0.4655350513267203,1,0,0,0,0,0,0,0,0,0
29.79190982115605,39.65064117791485,215.1910323409816,138.43270663068918,1.3487506644869405,3.3083196377974886,130.36490705270825,20.708981331316387,0.6404629238143312,1.5254356073523638,74.56064084833062,0.5179667380046177,5.343280092055638,11.296486271411238,False,False,False,False,,IO,0,-1.1581577789087034,-1.946931839063442,-3.5635949495103603,0.10330558836110981,-4.717524772553531,-0.027893404206699612,0.5252568883603876,-71.06830482435441,4.430686875762895,-0.05135903301404299,True,False,0.2031280953775112,1,0,0,0,0,0,0,0,0,0
52.61155470116546,93.8974437586093,210.65236996337,165.09000426831284,2.1040899090435947,7.947384568913962,309.201419278432,19.05714476948005,0.7170622230229214,2.4350136689437325,199.2361980248755,0.087515721053685,15.268601505187656,30.53872018112646,False,False,False,False,,IO,0,2.1424974970825867,2.8365654341564692,11.67043977229298,-4.5557505784487375,9.569027892241138,0.08786011709380714,1.1677286354051253,406.83638732312386,3.2129041470485475,0.052332101094708317,True,False,0.3081912108908489,1,0,0,0,0,0,0,0,0,0
27.79060645962159,34.84886823557503,211.67938358760267,92.31812229204942,1.3396472905377197,1.969126544637888,124.72906861270214,23.053443270920177,0.8105254796380076,1.5907098761582017,62.55557794797013,0.6615136890128664,4.475863593691796,9.664359836453071,False,False,False,False,,NIO,0,-1.7372047425363568,-0.784082741775908,-1.5212042690323315,-3.387222008082091,-48.66186056496261,0.07520826601363195,-0.11279811112274385,-129.17085275716903,6.69900104072677,0.11395069543861125,True,False,-0.0177133677121021,1,0,1,0,0,0,0,0,0,0
19.534112964855364,27.222308486387632,221.08655581575243,129.885992529596,1.0526919818440128,1.4315871513529073,145.92189291304737,10.252122810123137,0.6306166425513129,1.1150025149518168,49.48857823349834,0.5246779746079615,3.405620106168724,7.225397684287317,False,False,False,False,,NIO,0,-2.3709090178421155,-5.577753586868251,-1.6575671583657616,6.043065041991099,-8.718888015150327,-0.08895075728785984,0.11698230806299059,-165.39716749957302,-6.185654923708906,-0.07115959716723153,True,False,-0.1538644875132986,1,1,0,0,0,0,0,0,0,0
30.330267749012187,40.55939741354226,214.61076430913985,121.9576589120428,1.1859521519336436,2.058343428536796,153.24426763812772,21.481132471962304,0.8494832326747606,1.3727440836299265,74.60521120379572,0.1059223209728794,5.450169293255743,11.340617077189922,False,False,False,False,,NIO,0,-1.6627267415871443,1.3485999005715925,3.309016994697089,-0.4585579255139862,-19.301464987819315,-0.09291887536585297,-0.11376279605413897,-93.90729671605902,5.136484497482424,0.15351976517968258,True,False,-0.0371878590879557,1,1,0,0,0,0,0,0,0,0
45.918266823165055,72.33297442294624,212.1558360870604,141.18927422834668,2.152844531038852,4.340309261296526,191.7955401162096,12.035022752001908,0.5509453184340275,2.4702654840291123,124.4493637689538,0.7343058603187071,8.768822877819613,19.00158593875456,False,False,False,False,0.0,NIO,1,1.1290835929792797,1.6809908987560647,2.0842226562231616,-3.0153194494066327,-10.533460916424133,0.3329894012746166,-1.2122560604651023,197.60636220656482,-3.942487222371552,-0.12210292213420293,False,False,-0.1297013235672417,1,0,1,0,0,0,0,0,0,0
49.46931612599809,68.06828368389702,215.86780173832472,153.84018724438312,1.6065806159797489,4.542733244104363,204.7931739311792,13.74264352373308,0.7441889263837568,1.795203556493342,124.74323063052968,0.1363606081889642,9.143694826335034,18.733900934298696,False,False,False,False,,IO,0,0.57281879941867,8.271701446463048,4.394417036837481,0.7169363626574352,4.202313838599878,-0.10548409322790708,-0.33627973832194424,160.20155000579334,-2.3080182479916758,0.0665748548856695,True,False,0.4279104968170187,1,0,0,0,0,0,0,0,0,0
76.9945658563886,138.8882487288309,213.3083762062764,106.75567808785192,2.9232287659643617,13.455331939540052,-814.7793884269373,18.245569776246672,0.8383959584181779,3.265377816227645,315.21902906808486,0.0779417930387308,24.915468520560164,47.45642825899878,False,False,False,False,0.0,IO,1,7.302828015138493,-0.9786068442188167,-4.332333726719554,-2.087971124660072,-68.106043527119,-0.09294602194999868,0.42729801695883296,-249.5734301442037,3.079940233812259,0.21602191755130684,False,True,0.5624252516601649,1,0,0,0,0,0,0,0,0,0
32.298754644793625,44.09029641224674,228.0241406188283,99.59508087945642,1.3692259407217655,2.571749576255196,157.18792180980842,20.93288066204289,0.7990056237685502,1.4706750251144118,76.06258389623034,0.0583122940973328,5.618245438018896,11.682681479663447,False,True,False,False,0.0,NIO,1,-1.2259042794254265,0.9301079249700521,1.6768038575102509,12.938884968828404,-43.3012389181757,0.005709475763734595,-0.12928243092920777,-50.38371438347417,4.645677179108144,0.10662760250642156,False,False,-1.0,1,0,0,0,0,0,1,0,0,0
32.56570122663739,44.47390890933449,213.8407615132866,85.23577521878518,1.4473390569316131,3.0421423241537178,131.35604573417976,11.385693473272152,0.9874667315103116,1.714590075401225,88.8725225059808,0.1683476005120491,6.259449161135865,13.488313429002051,False,False,False,False,,IO,0,-1.0443880392776392,0.20517458401523925,-0.08505184712977609,-1.2511150728987275,-58.34086134249948,0.048649213953124715,0.1213216666822583,-59.76863461911887,-4.877639652651023,0.29657859864869296,True,False,0.060435421650664,1,0,0,0,0,0,0,0,0,0
21.781991001973694,29.35452944461511,214.39362779250732,163.554819746722,1.057881809506935,2.5548138982426383,109.12608046857332,13.949820489289076,0.5854841024034009,1.192496390861205,62.12082643003114,0.6946514433758167,4.68079400229217,7.978056165658758,False,False,False,False,,NIO,0,-1.9542336479705196,-5.606762363644975,-4.450325671808827,-0.6650615168324805,23.38825392855898,-0.16450235686238512,0.7356783469710306,-164.4385542116305,-2.4331622034564777,-0.11287205875994366,True,False,-0.0686945282704872,1,0,1,0,0,0,0,0,0,0
43.65341945721448,60.27804367065851,222.3350907727667,238.6948924144265,1.4720846369977412,4.724470853156904,191.11379837109843,16.390128290005244,0.4931276122977117,1.6650124530105703,109.54503690819848,0.1830968022566308,8.324364558532867,17.339135075746686,False,False,False,False,,IO,0,0.33872942466541645,3.7349660845089545,-0.6289558933976735,7.192763976405956,89.93437811275382,-0.19461931516655073,0.12890461732290515,125.31163369166447,0.3086825127092716,-0.18640786878798915,True,False,0.6208640901654027,1,0,0,0,0,0,0,0,0,0
73.82574691057172,146.94037138657418,208.8290574610228,154.29455487259895,3.4961646012360097,13.503152984363105,-819.3729786845506,15.254535981217144,0.5508497337257321,3.961793107501175,315.2683097424024,0.1592762985801048,24.494403558961658,47.10120428488984,False,False,False,True,1.0,NIO,1,8.151984482846894,-8.787568462387014,-6.316989035931471,-6.59826346643348,-23.74977662606966,0.31544419793810974,-0.5530806947148221,-177.22603201275638,0.2005750587716708,-0.06455441634554515,False,True,-1.0,1,0,0,0,0,0,0,0,1,1
42.95032212620063,66.6842090041916,214.58474954566623,123.01232860213568,1.942221663323308,4.413764001105937,155.96062807721603,19.41612824494075,0.7990663849822655,2.286922365262797,124.87270623387082,0.5138305328078118,8.704061909857703,18.33835988958385,False,False,False,False,,IO,0,0.5736429036282631,1.748204199908585,3.0006016894366923,-0.5661458897983493,-26.628633518510355,0.22999726301105072,-0.46624684659002735,111.44367518694904,3.3655748473299703,0.12145907774561115,True,False,0.1360412732384689,1,0,0,0,0,0,0,0,0,0
40.28546779782371,54.3205390031217,222.38020645760105,122.47929657541776,1.6373693597195855,3.905900551922538,209.4894243198083,25.0,0.7746884401404067,1.8472998853762763,109.60125346339944,0.0340632473021225,7.757058949212609,15.93794485217359,False,False,False,False,0.0,IO,1,-0.27692318702876834,3.7311953075603554,0.6903709811088774,7.26033603567322,-23.97377244212494,0.08996372501036398,0.055796300425564826,87.90375889652375,8.837592609438563,0.09009967189891144,False,False,0.2098931433428852,1,0,0,0,0,0,0,0,0,0
32.58193552971454,47.13289706399205,214.4124948709841,132.92162847361053,1.533696604971014,3.961494428125888,155.19729743143986,17.67728283410352,0.7153384989471123,1.7479567028573562,90.44588592508318,0.524694305855053,6.562943782525776,13.331777048833178,False,False,False,False,,IO,0,-0.6445047992057767,-1.9637187740358186,-2.152565162971726,-0.6939677456962556,-12.15375702332355,0.05751923605191922,0.5564757862963847,0.3055292696722347,1.4665364943306507,0.027732614552387846,True,False,0.1927779909922262,1,0,0,0,0,0,0,0,0,0
56.94500172135357,96.99906221463247,209.41434428033625,217.9037971618637,2.1107093969136708,8.106455876800009,252.32250076125675,13.059214247350734,0.5315564426339305,2.403065617030514,200.4727556625732,0.1375521289606043,14.713403613028346,29.71862608434151,False,False,False,False,,IO,0,2.691882266799692,4.167946509556131,8.278492952934059,-5.813815468434882,60.32374514479355,-0.011977636372807687,0.6615782698691355,399.7365246047041,-2.7127793376851628,-0.128664319717685,True,False,0.4275149557782918,1,0,0,0,0,0,0,0,0,0
31.21969184327307,49.365984149392425,212.49608739036276,133.62141026019376,1.4675583719564531,3.1289491740415687,97.96544316221323,10.813966677444018,0.8150300939993591,1.7008805020064548,89.98691654371132,0.3802370723800743,6.600647066296614,13.131495268057655,False,True,False,False,,NIO,0,-0.7717162420611408,-2.6308264439107276,1.58412350276042,-2.6057350969026345,-10.9771910270604,0.01603144844343629,-0.12203569481266241,-68.45279217009161,-5.4135086478699925,0.1263800559081497,True,False,-1.0,1,0,0,0,0,0,1,0,0,0
28.259573234964236,34.88545011481182,222.2877178970168,177.567963851995,1.3145872199382775,2.351539184532335,95.0122786838344,14.698984345657578,0.5162942833524189,1.407730112658325,62.42758575566983,0.4519694543145766,4.33049095136412,9.108936865077712,False,False,False,False,,IO,0,-1.2869275466976944,-2.7756170757708034,-6.806765493070813,7.20468811484065,34.90035720787668,-0.037104438346458934,-0.2756028966655122,-118.08859820560507,-1.5962440235056157,-0.17658461793012092,True,False,0.0614959674128575,1,0,0,0,0,0,0,0,0,0
31.441844912658578,35.02371271952734,215.1135388864308,92.06314592239444,1.3772668005516984,2.987919626943245,139.60590288309197,12.23900045588484,0.8738424373565349,1.5606474156811871,75.17368808580142,0.1960245746727702,5.221156361997968,11.514871412029912,False,False,False,False,0.0,IO,1,-1.314003620705228,0.5546094855990447,-6.348471712282588,0.031496723643499536,-50.5029805069165,0.0308218187384528,0.39356256683410606,-75.94830266255738,-4.059788561915111,0.18074129519592086,False,False,0.1346181799977423,1,0,0,0,0,0,0,0,0,0
25.994683374744078,31.455500776568048,208.21564945418208,90.94077998720184,1.0766297844423507,1.271420171628694,108.6820392438223,17.870199167901692,1.1286157634709797,1.269779751835255,49.84060477589101,0.1627366172385451,3.5680594346395638,8.51518172050155,False,False,False,False,,IO,0,-2.330489221013474,0.6619463106889754,2.0978751037976444,-6.829315660912073,-47.81559259673375,-0.07284531609259193,-0.09212691827569097,-198.97463474562988,1.4377368536698398,0.4271712901354153,True,False,0.2800990577326064,1,0,0,0,0,0,0,0,0,0
33.86592365933146,40.77603855694445,211.81928739539805,104.01344122043764,1.458884839663878,2.1519759834479726,138.2640086941862,17.808086543136906,0.7549676719857326,1.717813506198804,62.84469360544329,0.6201959894152702,4.415552848283823,9.86028579900745,False,False,False,False,,IO,0,-1.1672973770344992,2.1770245490239937,-2.3301702273653433,-3.2681059837683506,-39.1025352763958,0.08401180005045661,-0.6200200981548938,-63.997330554001906,1.528590181516897,0.06307069717978309,True,False,0.0458523239765074,1,0,0,0,0,0,0,0,0,0
18.288403625633443,26.20964684386337,212.06146915261144,74.98497399892914,1.3256644061891532,1.8706240276868236,99.01025644878072,14.147327181900174,0.7874662203486614,1.4856685049621905,49.64334939442925,0.0549203921930626,3.5257790357023318,8.061299092377284,False,False,False,False,,IO,0,-2.2051444374753633,-7.729269255281686,-4.629517048928097,-2.988068004148545,-64.24118661834136,0.15190057286264969,0.355303406268485,-197.2890859986277,-2.268651622480675,0.0870505791380124,True,False,0.2096317261705531,1,0,0,0,0,0,0,0,0,0
36.30631362026112,50.3550375267039,217.03622325889063,174.06521519851034,1.3399689508985593,2.771885141616059,135.8391890710766,23.939820055135133,0.626071034665666,1.526579318281293,90.59900066460224,0.4674855409025666,6.662200864231489,13.31129498427663,False,False,False,True,,NIO,0,-0.7775885217568334,2.4878839017170975,2.642585486973971,1.9346149672757065,29.488623018069887,-0.11042006939758675,-0.47198928672125984,-31.11112606167177,7.7115724936140815,-0.06262720319761905,True,False,-1.0,1,0,0,0,0,0,0,0,1,0
37.141595635845846,57.526166780534766,222.5250405170588,256.61276568264634,1.5312473424885684,4.108938182970456,173.73827224678217,13.058210723040425,0.4284680018369775,1.6251572871748412,110.14935660966128,0.1526493339423973,8.044986752417786,16.55233268277529,False,False,False,False,,IO,0,0.09491350404194089,-1.4445465545204215,-0.49900080889064213,7.391607082802324,108.76606525190044,-0.08821108753118656,-0.1914039336954776,85.84425685297442,-3.0552981526628784,-0.2530687244910271,True,False,0.3844365787683744,1,0,0,0,0,0,0,0,0,0
31.85183894963984,44.50059305292933,219.93295528683296,173.09345779735563,1.2342453531849369,2.1392441387797136,140.67220573823155,15.522275728407305,0.6095920955454666,1.3276420692897626,75.664112929324,0.8507214261933395,5.407576195464407,11.463241202115144,False,True,False,False,,NIO,0,-1.209976275141142,0.3961550167990282,1.8988362046999185,4.847118651352986,30.13744037532743,-0.13235756682166966,-0.5810742670242242,-65.45621422894689,-0.7628331367211345,-0.08265518838535169,True,False,-1.0,1,0,1,0,0,0,1,0,0,0
38.15288208818532,51.28790199887602,218.13552301775505,217.0119579139937,1.3090939746291412,2.842567801229276,162.61545589910554,18.55665066355927,0.5360657138351875,1.4460443024475111,90.81829675524138,0.3424891165064083,6.569639826942728,13.170221053178617,False,False,False,False,,IO,0,-0.5938761114668849,3.33057166350077,1.4040236767432432,3.0272136830598413,71.74681779806548,-0.17689398738658135,-0.6237545065139547,12.311088791920866,2.3525622671768716,-0.15112460942553696,True,False,0.2060315019790757,1,0,0,0,0,0,0,0,0,0
63.0627066671354,112.2221390322986,211.4098264514681,170.89358574873282,2.438259844706304,9.954759969007878,-720.5957191476627,19.568219575079315,0.4829493135377476,2.722602424590656,250.1891586773872,0.0317534275628509,18.311374552632497,37.28713496472544,False,False,False,False,0.0,IO,1,5.201498292311325,-3.427930027023322,-6.161348417314414,-3.9098733575274025,3.9075772668497564,-0.17072898218084331,-0.5288822054177622,-345.7885765766564,4.126253928271698,-0.1566724775972993,False,True,0.2882242461641058,1,0,0,0,0,0,0,0,0,0
35.19991783350145,56.032162399340216,207.62143801363143,78.41902859556144,2.0461553267092385,4.945847815151788,218.0289340067072,13.695562362489692,0.9583539912993472,2.5618481374034587,124.72678820698596,1.0353739143192924,9.399244485531938,19.177275979166534,False,False,False,False,,NIO,0,0.09012670086997067,-3.3600672815706147,-1.9364265942249546,-7.511820818516128,-69.4097310578769,0.4276244612828233,0.6513017914828261,129.70119246079324,-2.4185760034485675,0.27677797480912003,True,False,-0.5928829451066036,1,1,1,0,0,0,0,0,0,0
34.417446531642675,54.06592189726848,216.80557306322413,136.9920136767861,1.4826480468448573,3.9751909485447454,169.57206456551933,17.713985915972955,0.7409293777038659,1.683975360587744,110.62751921949322,0.3312170872655764,8.041788055272704,17.045146377550054,False,False,False,False,0.0,IO,1,-0.5124722535907288,-0.8496882911231083,3.2198740831438855,1.6942944639176574,-8.578225360836683,-0.019113978489224248,0.4103009091418426,26.643597568448257,1.5206025625555313,0.05440721869945098,False,False,0.4255970115702298,1,0,0,0,0,0,0,0,0,0
29.290121291812245,45.05650927010803,209.16249051153164,130.90683634451574,1.382732106087282,2.325632750012637,122.60565275350191,20.203650803151987,0.7569531370920975,1.578150903909506,75.30966356347855,0.4649161364367658,5.503734906957416,11.283705134757628,False,False,False,False,,IO,0,-1.269693164305892,-1.8392448230400653,3.1605883663911314,-5.921167907211213,-11.825364185211896,0.02770084884257118,-0.32237755565560056,-88.93363864972108,3.910688847507668,0.06421569591469534,True,False,0.2847444054818988,1,0,0,0,0,0,0,0,0,0
56.20812947004448,91.83198438589612,214.46855875396108,190.15561219990065,2.0084215715257616,8.030621825329984,279.1521698106342,13.339567311888244,0.6536466452205625,2.2450724140512346,201.19497263174244,0.4221080199929847,15.527539730718242,29.40242140961064,False,False,False,False,,IO,0,2.3227044418578386,5.448414812481381,7.474987681401899,-0.7461349665471175,33.95922625520086,-0.042727889238953765,1.0327625997506473,393.11546010552183,-2.480975132880216,-0.009604335025928834,True,False,0.0041894735479625,1,0,0,0,0,0,0,0,0,0
34.11029146682543,38.72382670456943,216.42404708367684,116.64044991530062,1.4467015255177371,2.126214908693428,161.49680351405215,19.67232784140153,0.6740693376334845,1.6681042977323577,75.19034735358197,0.0898347995829747,5.3987732546337615,11.10220400839117,False,False,False,False,,IO,0,-1.2035319636048278,2.619393146423892,-3.9540999975085,1.3379753872711433,-26.339720569642395,0.07884985660820143,-0.6019065814705793,-44.047705574570415,3.388066437728554,-0.01812505127813646,True,False,0.3319702829264015,1,0,0,0,0,0,0,0,0,0
29.463176418623508,34.214598632301445,209.29216319986205,106.50972119257187,1.2891411461753588,2.7565212871335643,137.3440709411868,19.6189166006256,0.8446826023359,1.5144335357227867,75.45042733286273,0.5220797621453594,5.5637508884905245,10.529334432747063,False,False,False,False,,IO,0,-1.577737793349715,0.0170937533718174,-4.040325984865774,-5.780259068167794,-35.06793842709166,-0.006198646681876863,0.48150632992888376,-102.10675282136131,3.2854451276797647,0.14941672558007157,True,False,0.1968003659302162,1,0,0,0,0,0,0,0,0,0
53.861078360807205,101.01059021820376,210.9417552049988,137.09089093980472,2.213690901001613,8.462554704783324,276.1097299386046,22.051546699014143,0.6951494321957177,2.6670257781327007,200.13447018623745,0.071473335190753,15.07707240160024,30.03760120491736,False,False,False,False,0.0,IO,1,2.5175170599828793,2.036826863627283,14.350966062070427,-4.280044446701396,-19.83564614604694,0.1247915515498681,1.2288069308199479,407.724743984301,6.256623156120343,0.03349747724735497,False,False,0.6154468340001004,1,0,0,0,0,0,0,0,0,0
39.6748708097056,51.10285456570124,213.98668301609905,116.50239439329032,1.7492289110140502,3.204318383604796,176.52215500897088,9.32625603108583,0.7796040907037098,1.9896259948878,89.9411305017128,0.0199494706336883,6.618238375032596,13.62770155563571,False,False,False,False,,IO,0,-0.21823616466355958,2.7999081202320397,-3.220976680253017,-1.135328057429291,-30.17063161042286,0.1904511763711485,-0.7168469554538932,60.25404609983005,-6.828433701955468,0.09549702654451164,True,False,0.4613318287338849,1,0,0,0,0,0,0,0,0,0
45.81853577752605,65.57958392509906,217.24980630751023,148.72087903512562,1.825253131516455,4.673940402679917,242.85497079897493,12.371267537595733,0.6705993553232475,2.1224625735704152,124.86885226457515,0.093549132683438,9.286345845062671,18.614644789481112,False,False,False,False,,IO,0,0.6163372506733618,4.383118254368462,1.391342072386493,2.0973535648480492,-1.080100062427448,0.1047556179734963,-0.2577668271375009,202.2064984363785,-3.673671324888536,-0.006657515983387152,True,False,0.5242305633751143,1,0,0,0,0,0,0,0,0,0
36.92172475538351,60.07090154711789,219.65665855053348,192.702145422626,1.4164270744536294,4.253376141286227,186.19365268617892,19.29256387746921,0.6486770663901928,1.5505610057563666,110.17105105030024,0.3809034673653563,8.179208327725403,16.6208556111916,False,False,False,False,,IO,0,-0.2257578519278526,0.0878636807128288,5.835974417047382,4.534921835989991,46.0573104498238,-0.14089314239756834,0.34131842527192413,69.24401325295233,3.13688500229836,-0.03549173590658583,True,False,0.4139946655917595,1,0,0,0,0,0,0,0,0,0
39.24018050266749,58.5068334461736,219.1165107378044,212.55751090818256,1.6728253545309542,3.2926122324673823,206.67684921730867,8.0,0.4889628751597207,1.817019948713372,110.28892553929704,0.1886304679824979,8.029063120980599,16.70845061954192,False,False,False,False,,IO,0,0.08673227281205004,0.698743948524708,0.5783655869785136,3.9833757198760793,64.74147345695013,0.05495224568404544,-0.9978236533938585,118.04154285887341,-8.114584751394055,-0.19264100285400287,True,False,0.4159569098337864,1,0,0,0,0,0,0,0,0,0
32.79631648958641,40.522684579281886,217.6679252548093,242.36807512704044,1.188977125762952,2.799726982639147,160.7215590114958,17.9680246951534,0.4033376406449308,1.327396149097777,75.7097639184761,0.1205769277498216,5.729847192531446,11.378431021453562,False,False,False,False,,NIO,0,-1.0401588338498766,0.4126797167093983,-4.086264132841066,2.5758944052961965,98.7755876460414,-0.21053223309530433,-0.12621460148878016,-30.019918412676475,1.7052477323776856,-0.2875157788262768,True,False,-0.0787000409828829,1,1,0,0,0,0,0,0,0,0
