modell,struktur,feature_set,status,schneckendrehzahl_mae_mean,schneckendrehzahl_mae_std,schneckendrehzahl_mae_gap,schneckendrehzahl_rmse_mean,schneckendrehzahl_rmse_std,schneckendrehzahl_rmse_gap,schneckendrehzahl_r2_mean,schneckendrehzahl_r2_std,schneckendrehzahl_r2_gap,schneckendrehzahl_median_ae_mean,schneckendrehzahl_median_ae_std,schneckendrehzahl_median_ae_gap,schneckendrehzahl_rmse_normiert_mean,schneckendrehzahl_rmse_normiert_std,schneckendrehzahl_rmse_normiert_gap,schneckendrehzahl_mae_normiert_mean,schneckendrehzahl_mae_normiert_std,schneckendrehzahl_mae_normiert_gap,massetemperatur_mae_mean,massetemperatur_mae_std,massetemperatur_mae_gap,massetemperatur_rmse_mean,massetemperatur_rmse_std,massetemperatur_rmse_gap,massetemperatur_r2_mean,massetemperatur_r2_std,massetemperatur_r2_gap,massetemperatur_median_ae_mean,massetemperatur_median_ae_std,massetemperatur_median_ae_gap,massetemperatur_rmse_normiert_mean,massetemperatur_rmse_normiert_std,massetemperatur_rmse_normiert_gap,massetemperatur_mae_normiert_mean,massetemperatur_mae_normiert_std,massetemperatur_mae_normiert_gap,duesenspalt_mae_mean,duesenspalt_mae_std,duesenspalt_mae_gap,duesenspalt_rmse_mean,duesenspalt_rmse_std,duesenspalt_rmse_gap,duesenspalt_r2_mean,duesenspalt_r2_std,duesenspalt_r2_gap,duesenspalt_median_ae_mean,duesenspalt_median_ae_std,duesenspalt_median_ae_gap,duesenspalt_rmse_normiert_mean,duesenspalt_rmse_normiert_std,duesenspalt_rmse_normiert_gap,duesenspalt_mae_normiert_mean,duesenspalt_mae_normiert_std,duesenspalt_mae_normiert_gap,vakuumniveau_mae_mean,vakuumniveau_mae_std,vakuumniveau_mae_gap,vakuumniveau_rmse_mean,vakuumniveau_rmse_std,vakuumniveau_rmse_gap,vakuumniveau_r2_mean,vakuumniveau_r2_std,vakuumniveau_r2_gap,vakuumniveau_median_ae_mean,vakuumniveau_median_ae_std,vakuumniveau_median_ae_gap,vakuumniveau_rmse_normiert_mean,vakuumniveau_rmse_normiert_std,vakuumniveau_rmse_normiert_gap,vakuumniveau_mae_normiert_mean,vakuumniveau_mae_normiert_std,vakuumniveau_mae_normiert_gap,innenluftdruck_mae_mean,innenluftdruck_mae_std,innenluftdruck_mae_gap,innenluftdruck_rmse_mean,innenluftdruck_rmse_std,innenluftdruck_rmse_gap,innenluftdruck_r2_mean,innenluftdruck_r2_std,innenluftdruck_r2_gap,innenluftdruck_median_ae_mean,innenluftdruck_median_ae_std,innenluftdruck_median_ae_gap,innenluftdruck_rmse_normiert_mean,innenluftdruck_rmse_normiert_std,innenluftdruck_rmse_normiert_gap,innenluftdruck_mae_normiert_mean,innenluftdruck_mae_normiert_std,innenluftdruck_mae_normiert_gap,kuehlwassertemperatur_mae_mean,kuehlwassertemperatur_mae_std,kuehlwassertemperatur_mae_gap,kuehlwassertemperatur_rmse_mean,kuehlwassertemperatur_rmse_std,kuehlwassertemperatur_rmse_gap,kuehlwassertemperatur_r2_mean,kuehlwassertemperatur_r2_std,kuehlwassertemperatur_r2_gap,kuehlwassertemperatur_median_ae_mean,kuehlwassertemperatur_median_ae_std,kuehlwassertemperatur_median_ae_gap,kuehlwassertemperatur_rmse_normiert_mean,kuehlwassertemperatur_rmse_normiert_std,kuehlwassertemperatur_rmse_normiert_gap,kuehlwassertemperatur_mae_normiert_mean,kuehlwassertemperatur_mae_normiert_std,kuehlwassertemperatur_mae_normiert_gap,fit_zeit_sekunden_mean,predict_zeit_sekunden_mean,r2_durchschnitt_alle_y
Ridge,multioutput,original,ok,2.388283128061734,0.1638874353055803,-0.014007778285526573,2.9983886787968586,0.1687376937940328,-0.015740187895112445,0.8304008117084031,0.018386563834001463,0.0034763385578543415,1.9972822593010526,0.24334622664718114,-0.016614361282556445,0.4094533343291552,0.023042446711312295,-0.002149445287796259,0.32613866808599756,0.022380106126684673,-0.001912871258523352,3.358920584150809,0.11531046180177013,-0.009225248400592356,4.184953196070026,0.13071672807162807,-0.0086547446041223,0.4746876002270943,0.029346631768274498,0.0060011444427696126,2.8843412677759117,0.0922833351696779,-0.004054701919892434,0.7217098314551377,0.022542557434939412,-0.0014925410098717284,0.5792576153384799,0.01988569287468255,-0.0015909263870801382,0.11104677608862672,0.0034568660962643358,-0.0010953556871183129,0.1405508610846068,0.0037086022390030227,-0.0011463467192818766,0.9499308172729928,0.00588200902406542,0.0017986807158857365,0.0910167454135898,0.005711060693627945,-0.0005204405693653158,0.22127678589870822,0.005838652124154203,-0.0018047553434449026,0.17482691680211976,0.005442330364686481,-0.0017244774168655441,11.095576545735108,0.426179072272925,-0.05563066449798271,14.023392273825149,0.5290041605878966,-0.07588939852757193,0.36665981162218786,0.03438977399734398,0.010077023167654298,9.175362252357274,0.5722892118902885,-0.021087376072967956,0.7933840898214596,0.029928812962265617,-0.0042935004742240546,0.6277406869102139,0.024111405340013287,-0.003147347179418225,9.298820091917202,0.1941785764429196,-0.038044666370337765,11.622394484764822,0.19348833093373763,-0.04855394332881957,0.5168968485019854,0.03641289424443723,0.007505398559556342,7.87549234590495,0.34119871397142487,-0.01956097121846323,0.692148313800306,0.011522808158970527,-0.002891532381511519,0.5537725169619496,0.011563914341170317,-0.0022656735418715712,1.9629747595020581,0.06832902918420139,-0.008795485414167414,2.469267482379569,0.06988128477270752,-0.010271868038591148,0.26585747775691126,0.04662325661953981,0.009061979639700235,1.671331988541897,0.1290306223302864,-0.0043864322775044595,0.8546832743456731,0.02418788799156878,-0.0035553838826767326,0.6794410515997855,0.02365060845483457,-0.0030443661235095565,0.003235530853271484,0.0004023075103759766,0.5674055611815959
Ridge,multioutput,nur_dn,ok,2.386562222443335,0.16421345036796295,-0.013466050590060785,2.998649548996502,0.16773685317019874,-0.013618645626658044,0.8303441746512977,0.018588289546692414,0.0032660256873217053,1.979247764836692,0.26302521475492313,-0.004197039303811323,0.40948895818733816,0.022905774126647474,-0.0018597321622491059,0.32590366501634815,0.022424626023413895,-0.0018388941211442966,3.3596008175952483,0.11834918231393074,-0.008152106681851734,4.186867814333721,0.1337045282495149,-0.007502945339482814,0.4742152826904064,0.029674621912133582,0.0057111959393306155,2.885955073630117,0.07945308493158748,-0.0002500319729219491,0.722040014078372,0.023057814036812344,-0.0012939091938852787,0.5793749239776774,0.020409730866488555,-0.0014058593402881403,0.1693947860783437,0.006526154918419347,-0.0010451570706681013,0.21215797241473489,0.006832227529016124,-0.0010722157197119164,0.8862984589093881,0.010409610573498347,0.003053011983302212,0.14104708417132691,0.007218804899349265,-0.0011501989077884744,0.33401171559140913,0.010756343550533657,-0.0016880469206453919,0.2666873295699809,0.010274476965001226,-0.00164544703299635,11.219862708181065,0.36385632772397675,-0.049738099924054424,14.14971530672474,0.4815382632504655,-0.06838209269412943,0.35487447725606575,0.03728419715876438,0.009823841054175164,9.235168128757199,0.5172210340355213,0.1014590753549669,0.8005309115407375,0.027243393698418383,-0.003868768933568467,0.6347722711335003,0.020585448638977807,-0.002813970854352421,9.374036544050657,0.24306191531201712,-0.03394923230758451,11.726399706993114,0.2138475991676713,-0.045008840667808414,0.5079679034445235,0.04032131683666603,0.007540133200162891,8.093714804026153,0.2964668651239393,-0.07745798329982634,0.6983421355025465,0.012735263406191527,-0.0026804109269537024,0.558251881397777,0.014475063211183869,-0.0020217782082093683,1.962894992769132,0.06785695276649521,-0.007656019823869764,2.468586506575914,0.0679736759100188,-0.008322935550971966,0.26631028894536596,0.04538279291003425,0.007865258054784219,1.6722538049176159,0.1303720101548887,0.006191239089089251,0.8544475693709097,0.023527610641881896,-0.0028808032583076404,0.6794134420787563,0.02348720946249955,-0.0026499648734752412,0.0012136936187744141,0.00010924339294433593,0.553335097649508
Ridge,multioutput,nur_wandstaerke,ok,2.927093418313698,0.1718535303808878,-0.016736488324854637,3.6364335729165376,0.1947001204900238,-0.016276184726214726,0.7510929288079695,0.019857948391015415,0.004221214349111602,2.583817614791557,0.20752749067480608,-0.011973877460637716,0.4965833355849713,0.026587818348126055,-0.0022226398309975193,0.39971741105372116,0.023467938472515354,-0.002285497873585285,3.4424076768015555,0.10672328178429058,-0.010426826834750713,4.297938333849351,0.11966071213056038,-0.00908195493798214,0.4458845265991286,0.029691420467650713,0.006430067879845902,2.9394368382447738,0.1301448354955688,0.018502187651557644,0.7411945140604835,0.02063590877543077,-0.001566214927738896,0.5936552567797825,0.018404803614341467,-0.0017981427951418993,0.11275156161870059,0.0038066459664483354,-0.0010053524188585738,0.14291504231440552,0.004281699952083217,-0.0010624107176099018,0.9482288807229817,0.006259542282655679,0.001790571236398586,0.0952801939580562,0.0058881672273659764,-0.0017516315378944824,0.22499884366324235,0.0067409107014243025,-0.001672610378071926,0.17751085242393208,0.005993007641574823,-0.0015827804271266455,11.105104534444237,0.4588142292661736,-0.04132466753992148,14.032037634402736,0.5602834937547383,-0.05753378732841341,0.3659856031096316,0.03457750119917313,0.008344523809924398,9.126470168195032,0.6400531305231277,-0.015349750948628227,0.793873207675335,0.03169846504003837,-0.0032550178018433407,0.6282797401223194,0.025957764182559333,-0.002337974514521335,9.335437760438872,0.17247464316199282,-0.03435102754568575,11.644489771918273,0.18369524060775677,-0.03948730219139307,0.5152404241901608,0.03391685354221052,0.006608659057509625,7.946101511856128,0.38824329404397595,-0.11822994240055174,0.6934641541605899,0.010939600372923767,-0.0023515868149308616,0.5559532085187364,0.010271380273175994,-0.002045706315012774,1.9704849841979812,0.0667080598948402,-0.008327112615705845,2.4777046682177657,0.07540090053950402,-0.00979494709947204,0.26067522522623376,0.050493635369417776,0.008967848291500102,1.6628884823710028,0.09254430182817619,0.010230008249981104,0.8576036228578982,0.02609838303123516,-0.003390308064540881,0.6820405526582928,0.02308954516390672,-0.002882249058485331,0.0003328800201416016,0.0008827686309814453,0.5478512647760178
Ridge,multioutput,residualisiert,ok,2.3879863316883214,0.16383925259902157,-0.01411308058307048,2.998372699969994,0.16836821979121466,-0.015767641080818517,0.830399703674483,0.018392164129972213,0.003482277082576757,1.9911793673354807,0.2594003148674834,-0.01189860689603206,0.40945115229585677,0.022991992157681006,-0.002153194234190192,0.32609813822888806,0.02237352640271593,-0.0019272511076559584,3.3589080301428824,0.11546797382401497,-0.009237985681176397,4.184955004331884,0.13087844385160533,-0.008661770529729829,0.4746874706500706,0.029365661068666553,0.006002571447654648,2.8845387145013435,0.0931428944807744,-0.0063165805864286995,0.7217101432962261,0.022570445887412582,-0.0014937526553424618,0.5792554503558576,0.019912856374416078,-0.001593122975714012,0.11104184072889818,0.0034590861417192835,-0.0010970053095677307,0.14055201610311618,0.003730051605635645,-0.001151327973459404,0.9499299088780893,0.005888643875597345,0.001802233904602546,0.09122010782252206,0.005910333545946793,-0.000661405265778181,0.22127860430651758,0.005872421016577939,-0.001812597600017618,0.17481914679964836,0.00544582550174241,-0.0017270745062802628,11.095916040862988,0.42672871417673336,-0.055815992347703514,14.023595067379034,0.5294568503138395,-0.07609395372251093,0.36664513825900913,0.03435258364427944,0.01009185607137647,9.170810314860647,0.5713439083304591,-0.020982577931377477,0.7933955630210983,0.029954424228011856,-0.004305073340045817,0.6277598941054325,0.02414250174900376,-0.00315783224355215,9.299019196199804,0.19371087132442225,-0.03811797087882063,11.622503107933095,0.1931947809402988,-0.048663699771505975,0.516890612934225,0.03637195074681873,0.007511728749883484,7.873169820187831,0.3387318746938932,-0.017969551908038284,0.6921547826344916,0.011505326379872316,-0.002898068705574186,0.5537843742168083,0.011536061104081504,-0.002270039044350969,1.9629819644175839,0.06834102668425628,-0.008800459257506388,2.46928751925302,0.06981874583719781,-0.010292076941990747,0.26584765487661727,0.04657677819696165,0.00907190540794195,1.670980614686325,0.12961712291216806,-0.0037829203245642873,0.8546902096739561,0.024166241498203064,-0.003562378755387785,0.6794435454247101,0.023654761128736455,-0.003046087711284673,0.0009866714477539062,0.00023250579833984376,0.5674000815454157
Ridge,einzeln,original,ok,2.388283128061733,0.16388743530558025,-0.014007778285525685,2.9983886787968586,0.16873769379403294,-0.015740187895112445,0.8304008117084031,0.018386563834001474,0.0034763385578543415,1.9972822593010549,0.24334622664717884,-0.016614361282558665,0.4094533343291551,0.023042446711312326,-0.002149445287796148,0.32613866808599756,0.022380106126684684,-0.0019128712585232965,3.358920584150808,0.11531046180177011,-0.009225248400591024,4.184953196070026,0.13071672807162815,-0.0086547446041223,0.4746876002270944,0.029346631768274522,0.006001144442769557,2.884341267775915,0.09228333516967673,-0.0040547019198955425,0.7217098314551377,0.02254255743493943,-0.0014925410098719505,0.5792576153384797,0.019885692874682535,-0.0015909263870800272,0.1110467760886267,0.003456866096264345,-0.0010953556871182712,0.1405508610846068,0.0037086022390030323,-0.0011463467192818766,0.9499308172729928,0.00588200902406542,0.0017986807158857365,0.09101674541358955,0.005711060693627986,-0.0005204405693649689,0.22127678589870822,0.005838652124154223,-0.0018047553434449026,0.17482691680211976,0.005442330364686491,-0.0017244774168654886,11.095576545735108,0.4261790722729241,-0.05563066449798271,14.023392273825149,0.5290041605878949,-0.07588939852757193,0.366659811622188,0.03438977399734407,0.010077023167654131,9.175362252357276,0.5722892118902901,-0.02108737607297151,0.7933840898214595,0.029928812962265513,-0.0042935004742239435,0.6277406869102137,0.024111405340013253,-0.003147347179418003,9.298820091917204,0.1941785764429193,-0.03804466637033954,11.622394484764822,0.19348833093373644,-0.04855394332881957,0.5168968485019854,0.036412894244437166,0.007505398559556231,7.875492345904954,0.3411987139714236,-0.019560971218471224,0.692148313800306,0.01152280815897045,-0.002891532381511519,0.5537725169619497,0.011563914341170298,-0.0022656735418715712,1.9629747595020586,0.06832902918420158,-0.008795485414167858,2.469267482379569,0.06988128477270752,-0.010271868038591148,0.26585747775691126,0.04662325661953988,0.009061979639700124,1.671331988541897,0.12903062233028637,-0.0043864322775044595,0.8546832743456731,0.02418788799156878,-0.0035553838826767326,0.6794410515997856,0.023650608454834625,-0.0030443661235097785,0.009246253967285156,0.0007349967956542969,0.5674055611815959
Ridge,einzeln,nur_dn,ok,2.386562222443335,0.16421345036796292,-0.013466050590060785,2.9986495489965015,0.16773685317019874,-0.013618645626657155,0.8303441746512977,0.0185882895466924,0.0032660256873217053,1.979247764836692,0.2630252147549237,-0.004197039303811323,0.4094889581873381,0.022905774126647474,-0.0018597321622490504,0.3259036650163482,0.022424626023413892,-0.0018388941211444076,3.3596008175952483,0.11834918231393102,-0.008152106681851734,4.186867814333721,0.1337045282495149,-0.007502945339482814,0.4742152826904064,0.029674621912133606,0.0057111959393306155,2.885955073630117,0.07945308493158748,-0.0002500319729219491,0.722040014078372,0.023057814036812344,-0.0012939091938852787,0.5793749239776773,0.020409730866488594,-0.0014058593402880293,0.1693947860783437,0.006526154918419333,-0.0010451570706681013,0.21215797241473494,0.006832227529016135,-0.001072215719711972,0.8862984589093881,0.010409610573498347,0.003053011983302212,0.1410470841713269,0.0072188048993493585,-0.0011501989077885022,0.33401171559140913,0.010756343550533662,-0.0016880469206453919,0.2666873295699809,0.010274476965001198,-0.00164544703299635,11.219862708181065,0.36385632772397697,-0.04973809992405265,14.14971530672474,0.4815382632504655,-0.06838209269412943,0.35487447725606575,0.03728419715876436,0.009823841054175164,9.2351681287572,0.5172210340355196,0.10145907535496512,0.8005309115407375,0.02724339369841838,-0.003868768933568578,0.6347722711335003,0.02058544863897782,-0.00281397085435231,9.374036544050657,0.2430619153120178,-0.03394923230758451,11.726399706993112,0.21384759916767196,-0.04500884066780664,0.5079679034445235,0.04032131683666607,0.007540133200162891,8.09371480402615,0.2964668651239399,-0.07745798329982456,0.6983421355025465,0.012735263406191527,-0.0026804109269537024,0.558251881397777,0.014475063211183912,-0.0020217782082092572,1.962894992769132,0.06785695276649521,-0.007656019823869764,2.468586506575914,0.06797367591001865,-0.008322935550971966,0.266310288945366,0.045382792910034185,0.007865258054784219,1.6722538049176152,0.13037201015488853,0.006191239089089917,0.8544475693709096,0.02352761064188186,-0.0028808032583075294,0.6794134420787563,0.02348720946249955,-0.0026499648734752412,0.0070819854736328125,0.0012482643127441407,0.553335097649508
Ridge,einzeln,nur_wandstaerke,ok,2.927093418313697,0.17185353038088783,-0.01673648832485375,3.6364335729165376,0.19470012049002383,-0.016276184726214726,0.7510929288079694,0.01985794839101542,0.004221214349111713,2.583817614791556,0.2075274906748059,-0.01197387746063816,0.4965833355849713,0.026587818348126048,-0.0022226398309975193,0.39971741105372116,0.023467938472515357,-0.002285497873585285,3.4424076768015555,0.10672328178429079,-0.010426826834750713,4.297938333849352,0.11966071213056059,-0.009081954937983028,0.44588452659912853,0.029691420467650782,0.006430067879845847,2.939436838244771,0.13014483549556385,0.01850218765156031,0.7411945140604835,0.020635908775430794,-0.001566214927738896,0.5936552567797825,0.01840480361434149,-0.0017981427951418993,0.11275156161870059,0.0038066459664483354,-0.0010053524188585738,0.14291504231440552,0.004281699952083234,-0.0010624107176099296,0.9482288807229817,0.006259542282655679,0.001790571236398808,0.0952801939580562,0.0058881672273660215,-0.0017516315378944547,0.22499884366324235,0.006740910701424335,-0.001672610378071926,0.17751085242393208,0.005993007641574823,-0.0015827804271266732,11.105104534444237,0.45881422926617327,-0.04132466753992148,14.032037634402736,0.560283493754738,-0.05753378732841341,0.3659856031096315,0.03457750119917316,0.008344523809924453,9.126470168195034,0.6400531305231267,-0.015349750948628227,0.793873207675335,0.03169846504003836,-0.0032550178018433407,0.6282797401223194,0.025957764182559313,-0.002337974514521335,9.335437760438872,0.1724746431619935,-0.03435102754568575,11.644489771918273,0.18369524060775672,-0.039487302191394846,0.5152404241901608,0.03391685354221049,0.006608659057509736,7.946101511856126,0.38824329404398045,-0.11822994240055618,0.6934641541605899,0.010939600372923764,-0.0023515868149308616,0.5559532085187364,0.010271380273176037,-0.002045706315012774,1.9704849841979812,0.0667080598948402,-0.008327112615705845,2.4777046682177657,0.07540090053950389,-0.00979494709947204,0.26067522522623365,0.05049363536941774,0.008967848291500158,1.662888482371003,0.09254430182817558,0.010230008249980882,0.8576036228578982,0.026098383031235125,-0.003390308064540659,0.6820405526582928,0.02308954516390672,-0.002882249058485331,0.010107612609863282,0.0003502368927001953,0.5478512647760175
Ridge,einzeln,residualisiert,ok,2.3879863316883214,0.16383925259902185,-0.01411308058307048,2.998372699969994,0.1683682197912148,-0.01576764108081896,0.830399703674483,0.018392164129972213,0.003482277082576757,1.9911793673354836,0.2594003148674824,-0.011898606896036723,0.40945115229585677,0.022991992157681027,-0.0021531942341902477,0.32609813822888806,0.022373526402715966,-0.0019272511076559584,3.3589080301428824,0.11546797382401479,-0.009237985681176397,4.184955004331883,0.1308784438516051,-0.00866177052972894,0.47468747065007066,0.029365661068666598,0.006002571447654592,2.8845387145013404,0.09314289448077055,-0.006316580586425591,0.7217101432962262,0.022570445887412516,-0.0014937526553424618,0.5792554503558576,0.019912856374416053,-0.001593122975714012,0.11104184072889818,0.00345908614171928,-0.0010970053095677307,0.14055201610311618,0.00373005160563563,-0.001151327973459404,0.9499299088780893,0.0058886438755973375,0.001802233904602546,0.09122010782252214,0.005910333545946851,-0.0006614052657783059,0.22127860430651758,0.005872421016577919,-0.001812597600017618,0.17481914679964836,0.0054458255017424025,-0.0017270745062802628,11.095916040862992,0.42672871417673386,-0.055815992347707066,14.02359506737903,0.5294568503138396,-0.07609395372250738,0.3666451382590093,0.03435258364427948,0.010091856071376304,9.170810314860642,0.571343908330462,-0.020982577931370372,0.7933955630210983,0.029954424228011863,-0.004305073340045817,0.6277598941054325,0.02414250174900378,-0.00315783224355215,9.299019196199804,0.193710871324423,-0.03811797087882063,11.622503107933095,0.1931947809402988,-0.048663699771505975,0.516890612934225,0.03637195074681877,0.007511728749883484,7.873169820187831,0.3387318746938996,-0.017969551908038284,0.6921547826344916,0.011505326379872316,-0.002898068705574186,0.5537843742168083,0.011536061104081547,-0.002270039044350969,1.9629819644175839,0.06834102668425646,-0.008800459257505944,2.46928751925302,0.06981874583719781,-0.010292076941990747,0.2658476548766172,0.04657677819696166,0.009071905407942005,1.670980614686325,0.12961712291216806,-0.0037829203245649534,0.8546902096739561,0.024166241498203064,-0.003562378755387785,0.67944354542471,0.0236547611287365,-0.003046087711284562,0.008922004699707031,0.0038997173309326173,0.5674000815454158
RandomForest,multioutput,original,ok,2.9830702121861368,0.13640761873916057,-0.15709552627518564,3.7416023165356203,0.17651252610053358,-0.19588956212144382,0.7366543169439661,0.01628443838064451,0.028533588002788712,2.5114814375559362,0.09294940062698416,-0.14816053730675316,0.5109449468885867,0.02410416063594738,-0.02675024586975422,0.4073614783683439,0.018627523081184053,-0.02145261803328935,3.5456829143471444,0.10862410847035286,-0.1804119815585259,4.42225592402585,0.09479375350166187,-0.23315932749786406,0.4137661984823812,0.018070712292481226,0.06376281643251158,2.9497673836472615,0.13214257613434124,-0.10620636728616573,0.7626335177600815,0.01634751469309851,-0.040209142388664465,0.6114654330925092,0.018732607831724753,-0.031112677896938834,0.14275569433255192,0.008801598597800797,-0.005276483944681193,0.18120801862228464,0.010366266735053408,-0.007175142500760179,0.9170571093846147,0.00934320108973503,0.007700618353534638,0.11867305241984624,0.009543143581979968,-0.003908782731869981,0.28528553742317747,0.016320171695856898,-0.01129621304829792,0.22474797355834292,0.013856830427524421,-0.008307052686232747,11.345603820385927,0.4399023493238404,-1.6901624048065909,14.347802857551917,0.56688353168196,-2.0909691940855826,0.33659817258914443,0.04510284319347493,0.18204370317014013,9.35785170574074,0.5555016302488266,-1.5069412952492112,0.8117378654752233,0.03207186720846013,-0.11829817340207616,0.6418861702466271,0.02488781018270819,-0.09562222428098421,9.63652563586917,0.25558445381832495,-1.2095452980733654,11.983258386518743,0.2756146955714529,-1.5071855251254291,0.48617270141988955,0.0427541108323865,0.12411595866134406,8.26234791234297,0.23276380844461853,-1.0129530230709891,0.7136388372408748,0.016413678527985864,-0.0897574007806452,0.5738838910091625,0.015220817790672803,-0.07203203605108988,2.0358171836426484,0.05161371288126624,-0.09070071390486456,2.5802064148693864,0.05446788997084298,-0.12057399838474891,0.19939824189104258,0.025076612571286586,0.07517738534511528,1.693145466588231,0.09266389699198893,-0.04783013346909293,0.8930823747871681,0.0188528763607733,-0.04173406910178801,0.7046538736289973,0.017864964991150794,-0.0313940809162544,0.5182772636413574,0.042176103591918944,0.5149411234518398
RandomForest,multioutput,nur_dn,ok,2.856460454257621,0.172560745225715,-0.14629999522275172,3.5975893171419493,0.21821537614073874,-0.17723441118577643,0.7561884999836337,0.02387464403402638,0.02532653044879929,2.3718759185417406,0.17305699419228546,-0.11582713678711087,0.491278849826033,0.029799009712966444,-0.024202739668494178,0.39007192951531156,0.023564514169438607,-0.019978404160841623,3.5499928281312108,0.1090409087803292,-0.18965157696888602,4.4189829204146704,0.10913416892667928,-0.23420330847940374,0.4146530609575998,0.020259491195628615,0.06395800800628476,2.9513440167968383,0.15510943057189305,-0.11306159999880361,0.7620690768275533,0.018820569543294922,-0.04038918056422569,0.6122086928148892,0.01880448650452472,-0.03270607847608653,0.1849023089244975,0.008217573089021503,-0.007005927984287702,0.23144194370757593,0.010508930827679477,-0.009473075569559175,0.8644240541271989,0.01598609163972555,0.013179993513602772,0.1557164087040378,0.005302252208706903,-0.004805929804936521,0.3643715095771193,0.016544775455918165,-0.01491397276709544,0.2911016574948883,0.012937367633285481,-0.011029809526871548,11.43060517904948,0.4756211971370985,-1.625921199422942,14.46015550548259,0.612593149236065,-2.013750981890519,0.3252269480171385,0.0606390010526868,0.17838171072639342,9.53069122755339,0.4669867225158726,-1.4558490729698281,0.8180943020332938,0.034657923607020746,-0.11392949428337429,0.646695186799829,0.02690863118011317,-0.09198772919825915,9.772778525503673,0.2625935351163493,-1.224324188541253,12.139190931438835,0.3025319929944185,-1.5017242347106006,0.4727650104813498,0.04377981182023926,0.12543047179262046,8.483596227843547,0.18512332925684016,-1.2051540919479704,0.7229250861437586,0.018016684005711575,-0.08943216462068226,0.5819981576462624,0.01563822952179897,-0.07291216313080617,2.0364750864038053,0.0537046751049589,-0.08982723757604072,2.5765673042452972,0.05323581697962909,-0.12014989219571603,0.20157605035849055,0.026846235407544314,0.07488269957127866,1.6965481692032374,0.08873902940279217,-0.05702267392716043,0.8918227757335633,0.018426421071551728,-0.04158727396156958,0.704881592371547,0.018588706121923954,-0.031091746068324655,0.4922163486480713,0.044967937469482425,0.5058056039875686
RandomForest,multioutput,nur_wandstaerke,ok,3.270479929695715,0.1385752817855123,-0.1660843010951525,4.071628061262981,0.17294580332045686,-0.2001999021453278,0.6880374706726704,0.019104313296712607,0.03213451774769238,2.817273308770763,0.11847143593757041,-0.11869292123521147,0.5560125335389283,0.023617096852236643,-0.027338856381577514,0.44660951448356767,0.018923534358276695,-0.02268010526588049,3.5874210911583546,0.09221396537413225,-0.16560516849935913,4.473713001021639,0.07724619174675305,-0.2218880654198605,0.4000469602649187,0.01478455502363798,0.06173461567413652,3.09085846068574,0.15719766590720521,-0.2030509274680239,0.7715074708548686,0.013321376229118402,-0.03826537377919925,0.6186633278216427,0.015902621197883837,-0.028559191141733442,0.13945583753951105,0.005249318987634848,-0.006270880310959709,0.17845637053675872,0.006457804039077376,-0.007840390193347646,0.9194652112984985,0.008230946649625297,0.008263406485936153,0.11585736512381598,0.009174859532190242,-0.0071815749071081625,0.28095346973187396,0.010166868496597491,-0.012343548298372697,0.21955283139090667,0.008264285432173097,-0.009872584410061835,11.403655271331973,0.41365538476656494,-1.6392088072628965,14.423023701316174,0.5471448044179275,-2.0386993294828493,0.32963502387708077,0.04405830506457532,0.17894471081295293,9.599446559783344,0.6162599367339909,-1.6850170968160931,0.8159935419549363,0.03095513369214551,-0.1153409660343313,0.6451704752615848,0.023402868188700184,-0.09273948572379576,9.615140875755639,0.22095724663494817,-1.1620210116122909,11.972985391648091,0.21863726914302442,-1.4502927357742639,0.4871440149827169,0.04078329991593016,0.1196742494307807,8.392975009390927,0.3512994789951835,-1.0703156223658166,0.7130270497054644,0.013020502562498428,-0.08636926520596422,0.5726103646568254,0.013158664153140936,-0.06920182281218146,2.033654058388173,0.05377510122137811,-0.09433399535515896,2.577678668277689,0.05658983336153151,-0.12314839534765154,0.2009311961543812,0.026992296761643747,0.07665012763627249,1.7083107804090545,0.08944118615955211,-0.08839802297049815,0.8922074502400607,0.01958734094918723,-0.042625140661033845,0.7039051548334404,0.018613082591549108,-0.032651662328035846,0.45531511306762695,0.04385395050048828,0.5042099795417111
RandomForest,multioutput,residualisiert,ok,2.899922246740483,0.1694782723255156,-0.14961770744522163,3.6544103959223206,0.2151199458786845,-0.18433071084138808,0.748533631171262,0.022901086596020515,0.026576331157336597,2.3887627183609688,0.17911435411173143,-0.0769763699727748,0.49903821082259936,0.029376304594399216,-0.02517179467324926,0.3960069758866745,0.02314357847958255,-0.02043146361288678,3.566217852621155,0.11343946700153622,-0.19241252869508507,4.44047293039794,0.1115150975430484,-0.23799747536260352,0.4088697308380135,0.022917721813298216,0.06532180364833096,2.987427129751535,0.14486271743465653,-0.14780499350181087,0.7657751042922236,0.0192311690195424,-0.04104349792776474,0.6150067550969213,0.019563033270460863,-0.03318221426820045,0.1719219174467905,0.008037265302687753,-0.006199382903975564,0.21624703640522144,0.0109137753712757,-0.008839540604924423,0.8816849633680217,0.014117079550730027,0.011436175801804227,0.1440796455670874,0.005074234444977129,-0.004031214742331535,0.340449349129665,0.017182144012071483,-0.013916564571606338,0.2706659285087459,0.012653499380010064,-0.009760022193826046,11.391965869269864,0.4669417721813201,-1.7089101573595613,14.41073590661475,0.583406657875038,-2.1166004474225844,0.330117930002233,0.05537262086416922,0.18558755303339314,9.442645242650698,0.45470386515411276,-1.4694225042028517,0.8152983506185791,0.03300667564708373,-0.11974828106523538,0.644509138444179,0.026417586108118247,-0.09668289264887953,9.719288812506898,0.252683366766957,-1.2309699852445917,12.08420711686784,0.28229823336405785,-1.5370738197740383,0.4777430081086843,0.04038680810471277,0.12725829233713626,8.468593693005648,0.29964286092130743,-1.2146754086374054,0.7196506357203533,0.01681170317079387,-0.09153733801909614,0.5788126854352725,0.015048049389684166,-0.07330794017899589,2.043024054064817,0.05489975746667741,-0.09107101438792053,2.586275066067491,0.052883818230592045,-0.12362329988120502,0.19557748531269203,0.025942323608776123,0.07721021346470153,1.7130136490932373,0.09149101222024321,-0.05550650358683007,0.8951829065091749,0.01830458435457415,-0.04278951854420632,0.707148375198454,0.019002357908664395,-0.03152225238071038,1.0275613784790039,0.08919816017150879,0.5070877914668177
RandomForest,einzeln,original,ok,2.5243171386870022,0.1726675363765314,-0.4490584885002553,3.1666270392756237,0.193345001743586,-0.5365966642134841,0.8108870275842064,0.02096887988437658,0.05995115568651366,2.1092449509250963,0.20002714427881327,-0.418934033210681,0.43242759318599616,0.026402766325663237,-0.07327645508596137,0.3447151720684746,0.023579097333085067,-0.06132243518842906,3.42733567713712,0.09579990888618271,-0.5745086036964979,4.287735580011434,0.10676571287522751,-0.7018832037054712,0.44887815433704936,0.02001353933672121,0.1682832826821764,2.801073943506026,0.08424948292433523,-0.4503705068899393,0.7394350134381932,0.01841212100453768,-0.12104221598539266,0.5910560376659996,0.016521029712014877,-0.09907602023666406,0.11649009782003758,0.002749619926987701,-0.023489155389762706,0.14756189262112387,0.0029179463278109544,-0.029174848610392018,0.9448009748032737,0.006585758612000808,0.020381361417526334,0.09727917458084608,0.0030495081577934765,-0.0205873565946348,0.2323146302225584,0.004593879965305041,-0.04593153453327348,0.18339663119621466,0.0043288746521490664,-0.03698024165780975,11.321058241052322,0.48268399729839445,-1.9814373634325086,14.236861344659582,0.6386760234875954,-2.367950854687619,0.34641983667143555,0.054559491237836495,0.20215096792215864,9.57358397010762,0.6680638220046643,-1.8182714143063423,0.8054612649558333,0.036133582067107005,-0.1339686216362137,0.6404974854164178,0.02730821447409404,-0.11210132672815332,9.563531981348481,0.26935086972868105,-1.6514396252821593,11.94568887414427,0.27651178722583475,-2.019311012860056,0.4894101497851219,0.04238075132477469,0.16073397258575572,8.109864262640773,0.2582596421643642,-1.3641583375573498,0.7114014605389931,0.01646710301609101,-0.12025600356463528,0.569536900811846,0.016040648985691783,-0.09834816340818642,2.0163459052901818,0.07093008418040307,-0.31504144175211835,2.5365235056352846,0.07503802796891239,-0.3908746769020648,0.22561577305133648,0.04569531968609845,0.22233280281259896,1.7217672696711,0.106877215730027,-0.28970025815986666,0.877962485118039,0.02597278257724765,-0.13529277451607835,0.6979143137972915,0.024550907112946923,-0.10904474825538213,3.0384757041931154,0.27304463386535643,0.5443353193720706
RandomForest,einzeln,nur_dn,ok,2.517686234323207,0.17124824305421946,-0.431900406941538,3.1588726408933225,0.19785952831267942,-0.5121380179750799,0.8117663470365881,0.021626608316101095,0.05743172502413363,2.0937243247131327,0.21373004048321975,-0.40799010509983935,0.4313686696729098,0.027019260101038153,-0.06993643638648095,0.34380967041667976,0.023385281772306955,-0.058979365474156054,3.4381089810696692,0.10222574243265561,-0.5572301347110376,4.302302626631222,0.11216656136936957,-0.6812785274469286,0.4450995180584637,0.02182096347889526,0.1645191767447255,2.823663360523855,0.07654617671672088,-0.4521104928158479,0.7419471516314322,0.019343516237364276,-0.1174888674213741,0.5929139316497787,0.017629187205900055,-0.09609628776295093,0.17242309200305703,0.005949879182932975,-0.029340060557418307,0.21665318514768436,0.0073317452275146015,-0.03646111397955856,0.8814078941814649,0.011160624383917699,0.03795082486911283,0.14512142392084376,0.004981014046803244,-0.026137761936965015,0.3410887709562941,0.011542761150328547,-0.057402694294605094,0.27145495458890706,0.009367215055996784,-0.0461916365941783,11.358620231156817,0.4867112007514165,-1.8714674077032853,14.416218660036984,0.6407229643257806,-2.313373720855891,0.3292966871295121,0.06214719910055335,0.20131227066432822,9.650675918808648,0.5969630759634557,-1.8250108441818718,0.8156085415658675,0.03624938930276802,-0.13088087875598553,0.6426225835915977,0.027536056574187458,-0.10587969279463005,9.692851059350755,0.2598684104450312,-1.6390520356573557,12.085048427859459,0.29135221632277036,-1.9938939589995144,0.47748712741134075,0.04288763260621342,0.16094897909902756,8.384178484031366,0.37674333185555714,-1.5256902357433386,0.7197007383033445,0.017350894905015624,-0.118742342073072,0.5772382382512882,0.015475940206234851,-0.09761044543775471,2.0230752547688122,0.07231150875915886,-0.29522302589456917,2.539315411591519,0.0744924008789655,-0.3665589896261978,0.22398955853574293,0.04448288937919139,0.20992057510669093,1.7179148554033354,0.09716205383238007,-0.2566125740809013,0.8789288426881958,0.025783925618195924,-0.126876427819253,0.7002435318701226,0.02502905720833263,-0.10218503432064452,2.5254923820495607,0.25236949920654295,0.5281745220588522
RandomForest,einzeln,nur_wandstaerke,ok,2.973895431154223,0.11514945538834653,-0.4960604326784446,3.7160579537125438,0.15510681409736823,-0.6001310938095834,0.7400335874835291,0.017453385487644302,0.07867246452007937,2.5640081659163854,0.12510176550538452,-0.4590488863407898,0.5074566651307263,0.02118104389148895,-0.08195257643966875,0.40610859053834975,0.015724555254745583,-0.067740916854867,3.4763599794723334,0.08622755556699588,-0.5300502834742598,4.357221461146215,0.09077719809488578,-0.6578029024488239,0.4307323988429747,0.021499534209115843,0.16179908811846205,2.8901685972143185,0.17866613492967942,-0.4747635122645053,0.7514180969310713,0.015654845650018925,-0.11344041369515423,0.5995104502526871,0.014870243866403276,-0.09140902725224997,0.11714979480865777,0.0034329179631980163,-0.022660969601798656,0.14845655775304953,0.0035850362327248054,-0.028148428189690516,0.9441111010924041,0.006891150728262581,0.019933130933775245,0.09884330303966501,0.0047770925561718336,-0.02203043489832457,0.23372314969601068,0.005644115509404298,-0.04431558561683882,0.18443522767426157,0.005404627529767525,-0.0356763841938747,11.369812398415622,0.5097558126230362,-1.9044407485936983,14.287911583709223,0.6598429440434151,-2.26187771072966,0.3417694425074194,0.05543727859249479,0.19478195905507273,9.659854752509906,0.3604429291452691,-1.8549981249121608,0.8083494710797657,0.03733111670577267,-0.12796745279415944,0.6432557889716064,0.028839823027984778,-0.10774518464851945,9.585890672905204,0.2254856138574475,-1.6306410512112786,11.954678106542897,0.23556051892607305,-1.9668162899657755,0.48874716239809646,0.04052162567697162,0.15706155465029792,8.007562106163274,0.3300208336078267,-1.252958611200591,0.7119367961839175,0.014028332645766821,-0.1171297859868099,0.570868427691273,0.013428341949866052,-0.09710954618593659,2.017677509952607,0.06907266826466243,-0.30625300034403713,2.5429608780695916,0.07477269990083221,-0.38148029882665524,0.22165910377650597,0.04611898213772368,0.21810877419506544,1.7196081757042911,0.07495728506788128,-0.2746495049090747,0.880190641682525,0.025880945032866257,-0.13204111471363567,0.6983752198113777,0.023908002961000985,-0.1060028202614921,2.4403680324554444,0.24272475242614747,0.5278421326834882
RandomForest,einzeln,residualisiert,ok,2.5215503216517563,0.1730404367007564,-0.4435328955301099,3.1620172675683196,0.19763145668999954,-0.5256537635630942,0.8114217529388542,0.02135657384278851,0.05879844578018478,2.1148609107157754,0.23266727817516994,-0.4288358115393245,0.43179809294495036,0.02698811514407094,-0.07178211674676632,0.3443373416462311,0.023630019777598706,-0.060567872418841984,3.4447548825944367,0.09748901639383496,-0.5843395225337944,4.3047014447078045,0.10453008650804223,-0.7119455325381008,0.444528514833684,0.019080034011551776,0.17116449055477395,2.822303534694524,0.0952599766506132,-0.457067227351752,0.7423608362077302,0.018026579409909316,-0.12277749982385078,0.5940600406370456,0.016812322215788163,-0.10077139661119017,0.12140978091272511,0.005346284143575312,-0.022976098088857685,0.15356468744789747,0.004958096957832507,-0.028942038361124384,0.9401372175529266,0.00777243418211927,0.021270292536573865,0.10042751683361957,0.006535989716030299,-0.018815555242303314,0.24176515322489184,0.007805798915332981,-0.045565008826602665,0.19114195309598453,0.008416942896418419,-0.0361725079331634,11.338738985028105,0.4999517569545049,-1.988466630558186,14.348483977275958,0.6173966755269154,-2.4349560023596997,0.3361267236456357,0.05380316677311698,0.2090639870605469,9.557878326624628,0.5080180090783177,-1.8094673721010555,0.8117764003419493,0.034929686762453054,-0.13775948885729206,0.6414977869620557,0.028285151117561552,-0.11249901286512498,9.595812299394487,0.24522870628437407,-1.6649729638493023,11.981422723693786,0.268902374333408,-2.047791088062313,0.48654988280942196,0.04009739457770451,0.16309635769352931,8.235954530901024,0.3251501998543899,-1.5516740907469453,0.713529518035554,0.016013939745010558,-0.12195207712796063,0.5714592901898498,0.014604102086937076,-0.09915411415109188,2.020004166041604,0.06808539865457412,-0.3087890223050598,2.5351073343679706,0.07160440492405612,-0.3832479076477773,0.22660008853865854,0.042731347103699524,0.21815057836413088,1.7009591143776792,0.08917617618703648,-0.2519382355408202,0.8774723082115601,0.024784308583325185,-0.13265293409156032,0.6991805412512825,0.023566281041835228,-0.10688060914784236,2.788794469833374,0.2508358955383301,0.5408940300531968
kNN,multioutput,original,ok,3.1478970208976755,0.13263860562148894,-0.6006911167956317,3.8996661533873804,0.15313039756770788,-0.7398947835528276,0.7135239139762882,0.02096602798720347,0.10001138492160977,2.7065483331177034,0.13296714577690713,-0.4978973656865713,0.5325297952751483,0.020911148816238935,-0.10103839716337826,0.42986986325220566,0.01811283497584468,-0.08202905194151405,3.7160501523199665,0.12265650770559235,-0.6369242051933517,4.6958421857104655,0.1282312983715482,-0.8114469185611415,0.33903786497003463,0.024159531396454863,0.21172252636911248,3.13646111751344,0.16583644537037676,-0.5672615713093792,0.8098144264962329,0.02211393638091598,-0.13993686222811286,0.6408458597883936,0.021152544211535687,-0.10983980925078407,0.15349409805089137,0.00650536192443071,-0.02664925201324614,0.19600449251331578,0.007606347637500202,-0.034155386983997976,0.9033744627769206,0.003403259484161948,0.0315713747596702,0.12550319473707577,0.010379515252910419,-0.01959062324208191,0.3085804227051013,0.011975082505123209,-0.05377266417739057,0.241654020537639,0.010241741435360845,-0.041955351867578206,12.204063582653333,0.5131194749988741,-2.255257740520914,15.418620671144577,0.6949069682464875,-2.828278367823664,0.23282604927422373,0.07101933996627793,0.25914194900015197,9.660576290854829,0.24888954548045678,-1.5180126589175202,0.8723201981813796,0.039314890559104615,-0.16001200100533386,0.6904541845926374,0.029030124786675618,-0.12759292294174152,10.451972681704078,0.1937849134458893,-2.0141976212829213,13.082141913758653,0.19536073435406992,-2.54655534217434,0.3891264249308789,0.025225290368141348,0.2167672156092777,8.750482868706076,0.21172575499246254,-1.5633986522067982,0.7790806342336591,0.01163431537650952,-0.1516549785326614,0.6224461987597666,0.011540470533617824,-0.11995148581981474,2.1745470673584966,0.07713122643517353,-0.38829398477116484,2.7372409829230193,0.07732124830161799,-0.4910954835761614,0.0985241150844716,0.04643506698830567,0.2965106545685413,1.8352885199439768,0.11948468361812924,-0.34409816423828987,0.9474364776809535,0.02676306967410314,-0.16998202864388,0.7526722078556288,0.026697297734785515,-0.1343995240212431,0.002670764923095703,0.015180206298828125,0.44606880516880293
kNN,multioutput,nur_dn,ok,3.248975739091499,0.11878022456795008,-0.6440763456230729,4.050988292509798,0.17433439085283703,-0.8073474989178284,0.6909103311147514,0.023390296369250017,0.11263672080316778,2.7569280139524084,0.11007956690996214,-0.49615634386346397,0.553194012312666,0.023806719298172907,-0.11024959096592324,0.4436729497188959,0.01622036507329276,-0.08795364294922742,3.750831540587175,0.14962401771084333,-0.6656650529213928,4.759043880463563,0.1865653278623614,-0.8552144027825799,0.3209187644548196,0.04018497307088322,0.22534382683960563,3.1362649957830997,0.21893446223611823,-0.5898468942473243,0.8207137800447437,0.03217384401177051,-0.14748471812536246,0.6468440319752833,0.025803185733388637,-0.11479626907192642,0.21755598782537064,0.008529796850084684,-0.04211346064090454,0.2724140781972877,0.010578522550965273,-0.05174263108731597,0.8129572959582246,0.013861810245712647,0.06611444690018753,0.18592375766476238,0.013656678211729865,-0.039325975230194155,0.4288761462711306,0.016654337451732375,-0.08146120922056588,0.34251010180604896,0.013428918306089117,-0.06630148788687651,12.296193292924341,0.5866026782957771,-2.1990527769536072,15.509937535974881,0.7454104023714831,-2.8477927415503625,0.22291129928844372,0.08199413252408923,0.2631888030375654,10.224560240551673,0.6267126698288992,-1.8234909490701519,0.8774865193021238,0.04217216077830165,-0.16111604154953896,0.6956664930627721,0.0331874929345878,-0.12441308435542975,10.45092757963406,0.1284017213573158,-1.976754752741444,13.162732341941743,0.11061429234683774,-2.5169173219658045,0.3806952121433379,0.04031976465509014,0.21692438064274844,8.768634546718836,0.27325393046227464,-1.4793069989347076,0.783880034998148,0.006587411572584121,-0.14988994588481863,0.6223839598092249,0.007646706110605859,-0.1177216511365401,2.1997658803439393,0.07282505519430613,-0.3904002191807254,2.7462118814216594,0.07297903824019762,-0.4775359681457654,0.09309943603748032,0.03421167734567033,0.28975802437293513,1.8639261364505906,0.10439683913837437,-0.3251866515732833,0.9505415592313945,0.025260108030751686,-0.1652886970670907,0.76140115188916,0.025206810145935496,-0.13512855128724377,0.004634046554565429,0.011833095550537109,0.42024872316617623
kNN,multioutput,nur_wandstaerke,ok,3.5061327134974567,0.126711868538618,-0.6502040159907594,4.402047910218902,0.17611753214189244,-0.8284900384502891,0.6352386224396375,0.022538659553449723,0.12630179679795284,2.962813716181798,0.15350426281233234,-0.5463019311649688,0.6011339381921186,0.024050221133524244,-0.11313676945914858,0.478789738066285,0.01730349285237871,-0.08879042407819238,3.835357642592038,0.1157967285754556,-0.678451490935251,4.866913577829171,0.14175038133936702,-0.8798644901804105,0.2898005060295339,0.03236957369424269,0.23689801739136673,3.155627895299554,0.20567631357815952,-0.4642706049230836,0.8393162870400326,0.02444534957313398,-0.15173571200456482,0.6614208542175909,0.019969551282372308,-0.11700133507662136,0.16931664166088586,0.010962047975413296,-0.03093369288850284,0.21524173969361815,0.015767571060671205,-0.038031093232741814,0.8835773635811102,0.009750519979521775,0.03844188304789098,0.14093201351607776,0.010748363467018013,-0.027041260152242202,0.3388666564054688,0.02482373582638212,-0.05987439713862325,0.2665643026073742,0.017258142171087357,-0.04870057775188752,12.174541849179883,0.4866313334607808,-2.2361445027259474,15.479093094867798,0.6769156771183744,-2.8856785012927038,0.22721737437535836,0.06549864999583727,0.26463050587874937,9.960930907220682,0.4396025151352456,-1.818554822978891,0.8757414715735885,0.0382970195719945,-0.16325945723837132,0.6887839700550679,0.027531538021439997,-0.12651157696814253,10.356730345437203,0.15924166365446532,-1.9194053939579412,12.960813575886352,0.24611419142082727,-2.4554929393573843,0.4008024849918613,0.015685255662547522,0.20736426689119353,8.76127858816705,0.1985425935908221,-1.520149282805349,0.7718551692415192,0.014656835372224765,-0.14623194039340492,0.6167742330958982,0.009483316809601804,-0.11430632548814934,2.2201413381836073,0.07255484410642252,-0.417425626894357,2.780229469338086,0.09012186736774036,-0.5084621887729854,0.06933902668065425,0.06261004879296168,0.3118055898282357,1.9184182529486062,0.13344338656355212,-0.402254250517019,0.9623160079831898,0.03119372576752161,-0.1759931362165249,0.7684536737997949,0.025113282450371987,-0.14448280882314857,0.0026926517486572264,0.00982670783996582,0.4176625630163593
kNN,multioutput,residualisiert,ok,3.390965882835019,0.08731695340664962,-0.6264106466504344,4.29196315300913,0.1240021225420717,-0.8127295808103758,0.6530674601852143,0.019813276053764685,0.1208614102038863,2.84999370186951,0.12981831521797702,-0.5531790993244949,0.5861010069323715,0.01693345592510613,-0.11098455617977954,0.4630628100824926,0.011923810268041098,-0.0855412541222711,3.8931827586718533,0.12827303807102738,-0.7056163993453723,4.85298077453345,0.14930708248002023,-0.8646710175801795,0.29372170628106326,0.03678520889538057,0.23266783518725037,3.3065379833911805,0.16867970040472324,-0.5772771878213319,0.8369135263287074,0.025748529143146653,-0.14911554445769049,0.6713929979488584,0.02212113453823455,-0.12168601864454631,0.1865419021727743,0.016997950592424163,-0.03206232303122489,0.2377233614378615,0.02072456236386779,-0.04091601426633584,0.8581485985338313,0.013289073140309414,0.04570336869077529,0.156953316316437,0.015994467919897254,-0.03040985313809963,0.3742606836136131,0.03262779405010879,-0.06441628360562257,0.29368295739842665,0.02676078854965192,-0.05047744093524151,12.254176678651984,0.47860153934744926,-2.3463803703607304,15.414200600883735,0.5290145857605945,-2.931256485126239,0.23357995223828545,0.058307842984650894,0.2671264047722489,10.214895695441168,0.3894044608667066,-2.0350387713032205,0.8720701293426586,0.02992940277434465,-0.1658380663590162,0.6932893711352857,0.027077246308731488,-0.13274825507008414,10.649819403044646,0.22822930595706137,-2.053472441382244,13.34627061455397,0.19418015345096026,-2.579784283023834,0.3633035388410188,0.04291963655297429,0.22511605810104646,9.001396677725408,0.253510016402573,-1.8397310822600241,0.7948102874579914,0.011564008256710482,-0.15363386123265033,0.6342285620882786,0.013591737011255886,-0.12229041869136636,2.22647499374421,0.07554625149287784,-0.42731781810530967,2.7937419350447557,0.06695824126439115,-0.5384489873612983,0.06118606728672833,0.03890069163305127,0.328945846565945,1.8547462497945637,0.08654842666375077,-0.32407141866441225,0.9669930543206448,0.023176140007775996,-0.18637241484368483,0.7706459310225309,0.026148693104827953,-0.14790677582346845,0.0004017353057861328,0.015768098831176757,0.4105012205610235
kNN,einzeln,original,ok,3.1478970208976755,0.13263860562148894,-0.6006911167956317,3.8996661533873804,0.15313039756770788,-0.7398947835528276,0.7135239139762882,0.02096602798720347,0.10001138492160977,2.7065483331177034,0.13296714577690713,-0.4978973656865713,0.5325297952751483,0.020911148816238935,-0.10103839716337826,0.42986986325220566,0.01811283497584468,-0.08202905194151405,3.7160501523199665,0.12265650770559235,-0.6369242051933517,4.6958421857104655,0.1282312983715482,-0.8114469185611415,0.33903786497003463,0.024159531396454863,0.21172252636911248,3.13646111751344,0.16583644537037676,-0.5672615713093792,0.8098144264962329,0.02211393638091598,-0.13993686222811286,0.6408458597883936,0.021152544211535687,-0.10983980925078407,0.15349409805089137,0.00650536192443071,-0.02664925201324614,0.19600449251331578,0.007606347637500202,-0.034155386983997976,0.9033744627769206,0.003403259484161948,0.0315713747596702,0.12550319473707577,0.010379515252910419,-0.01959062324208191,0.3085804227051013,0.011975082505123209,-0.05377266417739057,0.241654020537639,0.010241741435360845,-0.041955351867578206,12.204063582653333,0.5131194749988741,-2.255257740520914,15.418620671144577,0.6949069682464875,-2.828278367823664,0.23282604927422373,0.07101933996627793,0.25914194900015197,9.660576290854829,0.24888954548045678,-1.5180126589175202,0.8723201981813796,0.039314890559104615,-0.16001200100533386,0.6904541845926374,0.029030124786675618,-0.12759292294174152,10.451972681704078,0.1937849134458893,-2.0141976212829213,13.082141913758653,0.19536073435406992,-2.54655534217434,0.3891264249308789,0.025225290368141348,0.2167672156092777,8.750482868706076,0.21172575499246254,-1.5633986522067982,0.7790806342336591,0.01163431537650952,-0.1516549785326614,0.6224461987597666,0.011540470533617824,-0.11995148581981474,2.1745470673584966,0.07713122643517353,-0.38829398477116484,2.7372409829230193,0.07732124830161799,-0.4910954835761614,0.0985241150844716,0.04643506698830567,0.2965106545685413,1.8352885199439768,0.11948468361812924,-0.34409816423828987,0.9474364776809535,0.02676306967410314,-0.16998202864388,0.7526722078556288,0.026697297734785515,-0.1343995240212431,0.011968374252319336,0.07968034744262695,0.44606880516880293
kNN,einzeln,nur_dn,ok,3.248975739091499,0.11878022456795008,-0.6440763456230729,4.050988292509798,0.17433439085283703,-0.8073474989178284,0.6909103311147514,0.023390296369250017,0.11263672080316778,2.7569280139524084,0.11007956690996214,-0.49615634386346397,0.553194012312666,0.023806719298172907,-0.11024959096592324,0.4436729497188959,0.01622036507329276,-0.08795364294922742,3.750831540587175,0.14962401771084333,-0.6656650529213928,4.759043880463563,0.1865653278623614,-0.8552144027825799,0.3209187644548196,0.04018497307088322,0.22534382683960563,3.1362649957830997,0.21893446223611823,-0.5898468942473243,0.8207137800447437,0.03217384401177051,-0.14748471812536246,0.6468440319752833,0.025803185733388637,-0.11479626907192642,0.21755598782537064,0.008529796850084684,-0.04211346064090454,0.2724140781972877,0.010578522550965273,-0.05174263108731597,0.8129572959582246,0.013861810245712647,0.06611444690018753,0.18592375766476238,0.013656678211729865,-0.039325975230194155,0.4288761462711306,0.016654337451732375,-0.08146120922056588,0.34251010180604896,0.013428918306089117,-0.06630148788687651,12.296193292924341,0.5866026782957771,-2.1990527769536072,15.509937535974881,0.7454104023714831,-2.8477927415503625,0.22291129928844372,0.08199413252408923,0.2631888030375654,10.224560240551673,0.6267126698288992,-1.8234909490701519,0.8774865193021238,0.04217216077830165,-0.16111604154953896,0.6956664930627721,0.0331874929345878,-0.12441308435542975,10.45092757963406,0.1284017213573158,-1.976754752741444,13.162732341941743,0.11061429234683774,-2.5169173219658045,0.3806952121433379,0.04031976465509014,0.21692438064274844,8.768634546718836,0.27325393046227464,-1.4793069989347076,0.783880034998148,0.006587411572584121,-0.14988994588481863,0.6223839598092249,0.007646706110605859,-0.1177216511365401,2.1997658803439393,0.07282505519430613,-0.3904002191807254,2.7462118814216594,0.07297903824019762,-0.4775359681457654,0.09309943603748032,0.03421167734567033,0.28975802437293513,1.8639261364505906,0.10439683913837437,-0.3251866515732833,0.9505415592313945,0.025260108030751686,-0.1652886970670907,0.76140115188916,0.025206810145935496,-0.13512855128724377,0.009237241744995118,0.07402048110961915,0.42024872316617623
kNN,einzeln,nur_wandstaerke,ok,3.5061327134974567,0.126711868538618,-0.6502040159907594,4.402047910218902,0.17611753214189244,-0.8284900384502891,0.6352386224396375,0.022538659553449723,0.12630179679795284,2.962813716181798,0.15350426281233234,-0.5463019311649688,0.6011339381921186,0.024050221133524244,-0.11313676945914858,0.478789738066285,0.01730349285237871,-0.08879042407819238,3.835357642592038,0.1157967285754556,-0.678451490935251,4.866913577829171,0.14175038133936702,-0.8798644901804105,0.2898005060295339,0.03236957369424269,0.23689801739136673,3.155627895299554,0.20567631357815952,-0.4642706049230836,0.8393162870400326,0.02444534957313398,-0.15173571200456482,0.6614208542175909,0.019969551282372308,-0.11700133507662136,0.16931664166088586,0.010962047975413296,-0.03093369288850284,0.21524173969361815,0.015767571060671205,-0.038031093232741814,0.8835773635811102,0.009750519979521775,0.03844188304789098,0.14093201351607776,0.010748363467018013,-0.027041260152242202,0.3388666564054688,0.02482373582638212,-0.05987439713862325,0.2665643026073742,0.017258142171087357,-0.04870057775188752,12.174541849179883,0.4866313334607808,-2.2361445027259474,15.479093094867798,0.6769156771183744,-2.8856785012927038,0.22721737437535836,0.06549864999583727,0.26463050587874937,9.960930907220682,0.4396025151352456,-1.818554822978891,0.8757414715735885,0.0382970195719945,-0.16325945723837132,0.6887839700550679,0.027531538021439997,-0.12651157696814253,10.356730345437203,0.15924166365446532,-1.9194053939579412,12.960813575886352,0.24611419142082727,-2.4554929393573843,0.4008024849918613,0.015685255662547522,0.20736426689119353,8.76127858816705,0.1985425935908221,-1.520149282805349,0.7718551692415192,0.014656835372224765,-0.14623194039340492,0.6167742330958982,0.009483316809601804,-0.11430632548814934,2.2201413381836073,0.07255484410642252,-0.417425626894357,2.780229469338086,0.09012186736774036,-0.5084621887729854,0.06933902668065425,0.06261004879296168,0.3118055898282357,1.9184182529486062,0.13344338656355212,-0.402254250517019,0.9623160079831898,0.03119372576752161,-0.1759931362165249,0.7684536737997949,0.025113282450371987,-0.14448280882314857,0.0060824394226074215,0.07167305946350097,0.4176625630163593
kNN,einzeln,residualisiert,ok,3.390965882835019,0.08731695340664962,-0.6264106466504344,4.29196315300913,0.1240021225420717,-0.8127295808103758,0.6530674601852143,0.019813276053764685,0.1208614102038863,2.84999370186951,0.12981831521797702,-0.5531790993244949,0.5861010069323715,0.01693345592510613,-0.11098455617977954,0.4630628100824926,0.011923810268041098,-0.0855412541222711,3.8931827586718533,0.12827303807102738,-0.7056163993453723,4.85298077453345,0.14930708248002023,-0.8646710175801795,0.29372170628106326,0.03678520889538057,0.23266783518725037,3.3065379833911805,0.16867970040472324,-0.5772771878213319,0.8369135263287074,0.025748529143146653,-0.14911554445769049,0.6713929979488584,0.02212113453823455,-0.12168601864454631,0.1865419021727743,0.016997950592424163,-0.03206232303122489,0.2377233614378615,0.02072456236386779,-0.04091601426633584,0.8581485985338313,0.013289073140309414,0.04570336869077529,0.156953316316437,0.015994467919897254,-0.03040985313809963,0.3742606836136131,0.03262779405010879,-0.06441628360562257,0.29368295739842665,0.02676078854965192,-0.05047744093524151,12.254176678651984,0.47860153934744926,-2.3463803703607304,15.414200600883735,0.5290145857605945,-2.931256485126239,0.23357995223828545,0.058307842984650894,0.2671264047722489,10.214895695441168,0.3894044608667066,-2.0350387713032205,0.8720701293426586,0.02992940277434465,-0.1658380663590162,0.6932893711352857,0.027077246308731488,-0.13274825507008414,10.649819403044646,0.22822930595706137,-2.053472441382244,13.34627061455397,0.19418015345096026,-2.579784283023834,0.3633035388410188,0.04291963655297429,0.22511605810104646,9.001396677725408,0.253510016402573,-1.8397310822600241,0.7948102874579914,0.011564008256710482,-0.15363386123265033,0.6342285620882786,0.013591737011255886,-0.12229041869136636,2.22647499374421,0.07554625149287784,-0.42731781810530967,2.7937419350447557,0.06695824126439115,-0.5384489873612983,0.06118606728672833,0.03890069163305127,0.328945846565945,1.8547462497945637,0.08654842666375077,-0.32407141866441225,0.9669930543206448,0.023176140007775996,-0.18637241484368483,0.7706459310225309,0.026148693104827953,-0.14790677582346845,0.019675540924072265,0.0945404052734375,0.4105012205610235
MLP,multioutput,original,ok,2.5381374312783267,0.16066986387822915,-0.07899329570471281,3.1699946094399953,0.17085455887592674,-0.09161818676439015,0.8108164558749141,0.015998783612944333,0.012246500069071353,2.109445075036293,0.2008161408553213,-0.03996852582337285,0.432887461128448,0.0233315211305948,-0.012511177193652967,0.34660244069476664,0.02194072168040276,-0.010787149959798514,3.8244151150763495,0.1117223041208721,-0.14599721593975268,4.833545904404579,0.12670032154253788,-0.2369445191218773,0.2997136738764436,0.024334016017319732,0.07112088792561727,3.2355979946745324,0.13946011769797606,-0.1480385943663296,0.8335619149275972,0.02184991406633804,-0.04086191193733146,0.6595337770343963,0.01926690251938123,-0.025177731069428777,0.12511679725805833,0.006183417459422953,-0.004710982676650238,0.1586524508603742,0.008009517047311086,-0.0063395619131059455,0.9366113791733973,0.004862552667568796,0.005649529614338733,0.10419927333038101,0.0036389114945466717,-0.003515293830982008,0.24977509301920026,0.012609813807992499,-0.009980713553177895,0.19697810846237201,0.009734886935110479,-0.007416753601289933,11.136894386178607,0.41027782676256846,-0.2780772869874397,14.078834983072355,0.5091077889788705,-0.34348617606628373,0.3608882326725264,0.04604600953483443,0.03462757322418364,9.366562580872195,0.41226223172223725,-0.35133055999344975,0.796520803289529,0.02880316059716416,-0.019432991807072142,0.6300782751765593,0.023211780274271572,-0.015732434130673822,9.425225238129077,0.21978009809469856,-0.2081865549998838,11.798605329948339,0.21137821668034695,-0.2937513938976224,0.5021721747049396,0.03747242043515461,0.027861317155495446,7.95378926093268,0.3498433493095624,-0.20109792452949193,0.7026421960658731,0.012588204301721247,-0.01749377309720901,0.5613003210578196,0.013088561440804483,-0.012398131313470007,1.974118497444212,0.06696412161347463,-0.01847203430727906,2.4863989641955024,0.07096261004291006,-0.02695023669818708,0.255523180668389,0.04910037969318112,0.019132289592353302,1.654331735711286,0.10105038614058098,0.015163855409046967,0.8606129644571409,0.024562165233367957,-0.009328238722602689,0.6832982143011999,0.023178175362813365,-0.006393693222070951,1.495073413848877,0.0004520893096923828,0.5276208494951017
MLP,multioutput,nur_dn,ok,2.486570929029064,0.17562439496118148,-0.04677386035058895,3.1183551413591593,0.1713678300051506,-0.05206863197565692,0.8165903840841328,0.019405045083358066,0.00788774647854118,2.035083540279576,0.1816095735490208,-0.0006271854703898683,0.42583568944247485,0.023401612302150297,-0.007110377359397346,0.3395606330615664,0.023982879409500373,-0.006387335042793596,3.8105387627317446,0.12033783148246266,-0.12036250796714176,4.782569668164101,0.16641707133444886,-0.17635030417284092,0.31326023763044,0.0530446080796803,0.053637264062032286,3.217113267934221,0.15643915638698253,-0.092022568170532,0.8247708845046331,0.02869920662836321,-0.03041222741061056,0.6571407514872429,0.02075268037846694,-0.020756935924649667,0.17645198303203652,0.006680119690091901,-0.0031156991873093343,0.2209519900167031,0.007262636586210208,-0.004449387787882009,0.8766723263759673,0.011369142740092222,0.006942143335342044,0.14464216783995446,0.006358707738904659,0.0016726678443180487,0.34785661084913944,0.011433959696480058,-0.007004910687290755,0.27779785459499146,0.010516871992355941,-0.004905212936262393,11.191634548185988,0.3526568471692509,-0.19596574344582685,14.124817252451413,0.4926644040755363,-0.2489454571773937,0.35642646699680547,0.04920530792101517,0.026702116640068996,9.16944390939133,0.2761604625603747,-0.13688868911494723,0.7991222851725771,0.02787286358269172,-0.014084278689581287,0.6331752414998907,0.01995182950368705,-0.011086911067170857,9.5114841621638,0.20245000450468845,-0.20983790511097666,11.90476081774619,0.18405125437023293,-0.27916800718092105,0.4927931989356761,0.042598962186404216,0.027330598387665828,8.035548640574998,0.21189304151364802,-0.09187814471655464,0.7089640725067602,0.010960802056080417,-0.016625288849948627,0.566437297685065,0.012056502593374143,-0.012496474146040826,1.9904322177018094,0.07543765290781695,-0.033707326363338064,2.495653003259606,0.07420280420085267,-0.03758103859020734,0.25000258229598915,0.049487819945453385,0.02546676700220718,1.7094900183435804,0.09792988430036809,-0.02999329326639022,0.8638160489608128,0.025683688021882308,-0.013007859757921736,0.6889448540216916,0.026111104064786138,-0.01166705845811955,1.5140198707580566,0.002008342742919922,0.5176241993865017
MLP,multioutput,nur_wandstaerke,ok,3.03138969978571,0.16100356785317077,-0.07896586021644492,3.7717968256042482,0.16602537927067088,-0.09618228984725885,0.7321767692842204,0.018485308592717086,0.015602727429285923,2.572510878127685,0.16551048913837524,0.02690799851619685,0.515068242345246,0.02267205903169179,-0.013134441028231136,0.41395988085386176,0.021986291558045684,-0.010783403430127403,3.848381855579741,0.05208092653895884,-0.11364895644917006,4.845471461211751,0.060577411044389746,-0.18756992528293814,0.29607173475513415,0.01826681164303177,0.05771688835952121,3.2437163781886027,0.11029535534770886,-0.032457402791757684,0.8356185189539926,0.010446786634529337,-0.032347090354349795,0.6636669253490479,0.008981538132793584,-0.019599160459191634,0.12552624188957323,0.010571233412021097,-0.004705964098624504,0.15765287519833734,0.011787654202741405,-0.005714107950881925,0.936808266644174,0.010702314393831642,0.005832546263796368,0.1087533004507737,0.014474343958305375,-0.006548894759459925,0.2482014072512778,0.018557938493865864,-0.008996027714752192,0.19762271918454016,0.016642861767947215,-0.007408852583773995,11.066894881852516,0.46177497609928597,-0.21648551963129314,14.061076536590779,0.5938047027358915,-0.28511914112418246,0.36309685566204647,0.04180160005738348,0.02890785486464198,9.170251797447886,0.4771829524583866,-0.2548034869834801,0.7955161056654937,0.03359495294809378,-0.016130832387375005,0.6261179999490476,0.02612527068779809,-0.012247833020601395,9.411573651751464,0.1382361004733888,-0.15552791352452466,11.76697545906217,0.13359148488517605,-0.225778549825149,0.5051338639782867,0.031811123024012206,0.021965206126570047,7.997195843778272,0.31602253497644534,-0.16420518119222027,0.7007585427594669,0.00795577203325542,-0.013445787161897038,0.560487328304532,0.008232372767454033,-0.009262151894430137,1.9988862628312982,0.0707915202287579,-0.03465869481605299,2.502009100088597,0.08130163592720503,-0.036458860605864896,0.24612225863223075,0.05257883408749511,0.024927475388118125,1.7421282570601246,0.08236117191522269,-0.07499675732671784,0.8660160737408844,0.02814079434479104,-0.012619442236976308,0.6918710380111939,0.024502946212500366,-0.011996353971901685,1.4793676853179931,0.0008740425109863281,0.5132349581593488
MLP,multioutput,residualisiert,ok,2.5376258531810874,0.13307535372790016,-0.09584423007230036,3.1768365787194215,0.15154880557080716,-0.09646370477427801,0.8098268071031308,0.016573850119496452,0.01299748689352298,2.149273548633476,0.12648211210580715,-0.10365298756631036,0.4338217853388646,0.020695170106987945,-0.01317287042899995,0.3465325807199188,0.018172476332449512,-0.013088276332160198,3.8474581121154103,0.10246722003251804,-0.16783090342743945,4.834673447569783,0.17435737472252175,-0.23437453326301227,0.29954982288030785,0.031187428085302456,0.07035372856198191,3.259107410909041,0.12793607144404387,-0.14382580488733643,0.8337563636943081,0.03006853974905142,-0.040418708877669296,0.6635076225543173,0.017670830863482777,-0.02894302692305517,0.12252985133385637,0.005547772729010824,-0.005336626870252159,0.15450965409315992,0.006355447227821776,-0.00585477359051248,0.9395412349960477,0.007270999703376004,0.0055333444480941685,0.10206879015100745,0.004930309556527965,-0.004040492547474961,0.24325286507832047,0.010005722659178208,-0.009217485202693887,0.19290534024890235,0.008734157221797812,-0.00840173893121321,11.127429898615688,0.3928086691913951,-0.3075109363841264,14.0683937314763,0.5199546252683,-0.37324053590830886,0.36217518511539193,0.04131361806439023,0.03687659021152606,9.183006807474834,0.3535621930121768,-0.21094729361739617,0.7959300815345944,0.02941682861478025,-0.021116367358474775,0.6295428145901255,0.022223449390493723,-0.01739766524456743,9.448875631780723,0.15946299484496007,-0.27053914524324796,11.850634022481511,0.14787102663227125,-0.36575587317472547,0.49764872239558233,0.03867254843577883,0.0340061977317222,8.040901686279629,0.41203271020784915,-0.4464814349380237,0.7057406601434153,0.008806161404830157,-0.02178185495358065,0.5627087726559958,0.009496497743228962,-0.016111414342591113,1.9997372696354216,0.07513624895483532,-0.04128303050944715,2.514007883039795,0.07164287776267525,-0.05356359852195025,0.23906646442924656,0.04725255401457161,0.03499600231281247,1.6590259300652128,0.1486209001380747,-0.007305140781453057,0.8701691916894554,0.0247976251202816,-0.018539875528738037,0.6921655955214793,0.02600677963688458,-0.014289223805241336,1.4237400054931642,0.00040116310119628904,0.5246347061532846
MLP,einzeln,original,ok,2.4998976374587483,0.164759832514344,-0.17675274641689098,3.1199707302306967,0.18374377518098006,-0.2152065989792855,0.8163252449992882,0.02098668259378961,0.026086622312327723,2.116117289030581,0.20995897861322446,-0.15284243001147524,0.4260563106898247,0.0250916440360453,-0.029388137750394505,0.3413804989251063,0.022499238762327855,-0.024136964591685905,3.6835617490856465,0.1566515046891955,-0.34002906985561365,4.577710216989408,0.18500580831575605,-0.40098538738704637,0.37186862243859753,0.035810684852872865,0.10826074988730805,3.1931803552621405,0.215664864603116,-0.34771486234062365,0.7894421548743662,0.03190489940560655,-0.06915133402658868,0.6352431208988628,0.02701510046817289,-0.05863920364170183,0.1208385172072152,0.003661499314534005,-0.012835476172330773,0.1525254031564196,0.0033350068119606785,-0.016058659434597777,0.9410797920999396,0.006470311504814159,0.012646706193381818,0.09975185473663539,0.0022839383004107094,-0.00900802777215945,0.24012895202428303,0.005250480734207172,-0.02528201192158286,0.19024258189554963,0.005764495454799756,-0.020207581020674853,11.292384559165058,0.5496505619453517,-0.4920376602200669,14.273707255985576,0.6806110229558362,-0.5936017433467526,0.3426728104488098,0.06161876682645219,0.057652440610180544,9.26165942616045,0.4282306335507356,-0.4669724172592886,0.8075458504291768,0.03850608657494091,-0.03358347036619913,0.6388752500427117,0.031096898831163903,-0.027837405072110744,9.55570593887063,0.27018317067314424,-0.4506067637542479,11.952018510165482,0.2735080804107619,-0.604005736044174,0.48911263632838164,0.039264231182820415,0.053612012584542734,8.131497435127548,0.32034675586389444,-0.32316071925688394,0.7117784092740231,0.01628822330159427,-0.03597034606566696,0.5690708366017667,0.01609021499345721,-0.026834978982029356,2.007962968594641,0.06927044034000292,-0.09453610525666845,2.5420676374476487,0.08142707978999962,-0.12193971704481132,0.22198337276271557,0.05242465726640543,0.07559884708921422,1.6543898841312452,0.11913442358654484,-0.07523758469914488,0.8798814658540705,0.028184214011621366,-0.042206782934755216,0.6950127424467982,0.02397645746669237,-0.03272161827798126,4.293336391448975,0.0047661781311035155,0.5305070798462886
MLP,einzeln,nur_dn,ok,2.516817688681697,0.14283574465555937,-0.15891812853412235,3.148181469391104,0.15317220493328232,-0.18692739867150276,0.8130302102539689,0.018696346711964535,0.023071614957423825,2.1423751816549155,0.20272744868966855,-0.2067626001680467,0.4299087069101019,0.020916857937726418,-0.025526392627067296,0.3436910637425523,0.019505333756154083,-0.02170150857151565,3.54655367942899,0.12015664277149722,-0.1893230438555955,4.420744566613143,0.14639058269648694,-0.2146205848247531,0.4142458310644644,0.025544639184691506,0.05894865592996662,3.0109672479960468,0.21440612984075808,-0.17742320441596204,0.7623728788825386,0.02524556854392432,-0.037012071304914795,0.6116155995796866,0.02072143375086421,-0.03264942179040542,0.18088010256684878,0.008097843617076904,-0.016618678774408674,0.2268236331729821,0.009256610033198302,-0.020362685571249456,0.8705366179649718,0.0064423572038595995,0.02347148432528723,0.1532221617840336,0.009969644741505582,-0.01650801341992192,0.357100654717241,0.014573179421724538,-0.032058071937102806,0.28476928152668923,0.012748871081042367,-0.026163680511858356,11.431190368652942,0.4159963210949875,-0.44083022952651696,14.475984819814377,0.5815861328037084,-0.5795164280902103,0.32403729656428376,0.0556997386633485,0.0572512167321495,9.219393087809589,0.3915787290882866,-0.30505673358331364,0.8189898575378679,0.03290367805573702,-0.0327865829365066,0.6467282943469795,0.0235353084429547,-0.024940305711300126,9.669689469210624,0.26922171587411586,-0.3948727785605364,12.067415250225048,0.24038073289001724,-0.4972483489651136,0.47846173214201226,0.048507454806770184,0.046206180566986,8.21557477618421,0.36634711864285063,-0.3240212458423297,0.718650629895598,0.014315390787845392,-0.02961262472439241,0.5758588963625371,0.016032957487801616,-0.02351585365688491,2.006090126591627,0.08842546964915636,-0.09224120783366363,2.533976493340443,0.09350812713045671,-0.11773390302966735,0.2267716436165424,0.057663894604549286,0.07297642887277717,1.6610268787220797,0.13157280367763058,-0.04144383407951513,0.8770808921664907,0.03236580599067925,-0.04075103181852224,0.6943644988899984,0.030606554565107063,-0.03192728941009737,4.500473546981811,0.0050926685333251955,0.5211805552677072
MLP,einzeln,nur_wandstaerke,ok,3.0070320793308665,0.14258257781022976,-0.19896824809581037,3.7228043355549296,0.1374768627171831,-0.23784352151801258,0.7387902161937736,0.019969919036782253,0.034429547708994646,2.6382527215093083,0.13342167982314312,-0.19282001796874493,0.5083779361318997,0.01877353667678913,-0.032479385885760326,0.41063365801221147,0.01947076185101887,-0.027170664425384072,3.643656363253565,0.08464809501977325,-0.24069203454458377,4.549661837282764,0.11228606660003033,-0.285990723587882,0.37959237836562176,0.019009910531272857,0.0791563906602028,3.1196417389677578,0.10163651613156409,-0.2292969559311162,0.7846051135880547,0.019364125332815847,-0.04932010162316014,0.6283612973912382,0.014597860364863382,-0.04150818409316792,0.12069289272067059,0.004062164211716121,-0.011624915904996078,0.1531292975448788,0.006588209752247888,-0.014358695650467074,0.9409382027832744,0.004052150755971987,0.011126493577247043,0.10091000885707987,0.003557271889695336,-0.011905923637833424,0.24107969546526475,0.010372173230062122,-0.022605667433944238,0.19001331742799615,0.006395283768629619,-0.018301730832170793,11.326822583546866,0.5111001262197687,-0.4877313095689697,14.379532431132253,0.6746142572638796,-0.5883843788509946,0.33372302403683296,0.051176318824447425,0.05672570080861383,9.228126000426865,0.23270086467447607,-0.4332559506493183,0.8135329902470266,0.038166814992324924,-0.03328829399938982,0.6408236074797641,0.028915878592754844,-0.02759377000685259,9.587341819825847,0.26375403202710246,-0.3932903223103903,11.959813976464336,0.20483485562462847,-0.5358882015083051,0.4886787535633929,0.03496514376554818,0.04795325031764802,8.274422161417789,0.4767312758138411,-0.4116984495799958,0.7122426525812959,0.012198527602376802,-0.03191374338099284,0.5709548478257398,0.015707340579851667,-0.023421613659555973,2.0103007897933254,0.0844489037146269,-0.0881165591085793,2.536127274227667,0.09797973938033115,-0.11356845013888028,0.2251738785597735,0.062355752508534645,0.07106353420687733,1.691878080557636,0.12124763229623405,-0.07152417763324515,0.8778253382276038,0.033913557389261634,-0.03930925082831538,0.6958219284467698,0.029230152689721824,-0.03049963189505045,4.392971849441528,0.007688093185424805,0.5178160755837782
MLP,einzeln,residualisiert,ok,2.538783241919919,0.1523586453380811,-0.16158840035312005,3.162671898340121,0.16118341744281442,-0.18537194811447932,0.8116475560151996,0.015540251031051748,0.022826273479043535,2.1317713018370923,0.23618229899245766,-0.169295032854049,0.4318874878770231,0.022010851420707283,-0.02531398373509769,0.3466906311693422,0.020805760036614974,-0.022066154992303355,3.570740697927326,0.14042364031282162,-0.25487243346896316,4.48789131900725,0.19405953371725854,-0.3436696521997069,0.3961835328633427,0.03796733317479954,0.0924740746534255,3.018083842030984,0.13907555592694607,-0.21964670616758308,0.7739525714340871,0.033466246050939515,-0.05926703481372608,0.6157867356058263,0.02421654843778271,-0.043953643537562814,0.12093001910450976,0.007167494519171742,-0.012805643624522037,0.15290203977849676,0.009328412090224605,-0.015864479325181757,0.9407147213003446,0.008304569830389845,0.012627742604945369,0.10248789951968815,0.010992474656803095,-0.012942904709353817,0.2407219113312688,0.01468622126491987,-0.024976303723387078,0.1903866382576433,0.01128417241922276,-0.020160614034892332,11.406957095219312,0.5057376067248622,-0.5797642656180102,14.466937455052683,0.674129922304428,-0.7695524744233424,0.32613721906342547,0.04299038624331225,0.07241927672831489,9.227232031359666,0.41686610680103675,-0.4794840712335873,0.8184779959913477,0.0381394133734106,-0.04353801687697334,0.6453572784607292,0.0286124899714041,-0.03280060453324862,9.659122846731867,0.30422512167972887,-0.5711045965607244,12.06850533716197,0.2639886961807219,-0.7416891971676414,0.4787858989486614,0.04390838308428347,0.06563134571927176,8.249383175685574,0.4863841079640103,-0.4686337268779486,0.7187155478293573,0.015721315531265552,-0.04416980750880728,0.5752296224258433,0.01811751487719166,-0.03401098491634169,2.031076098358219,0.06267691437020638,-0.14392286422027545,2.553224264305795,0.0731448925807606,-0.17960668884644626,0.21496317529544057,0.05235625583651501,0.10941473771373189,1.7133903689834828,0.11323380483203827,-0.11077461724267224,0.8837430897736407,0.025317514906219148,-0.062166951945495375,0.7030128499959709,0.02169425174958705,-0.04981577156900496,4.64260721206665,0.006360673904418945,0.5280720172477357
SVR,einzeln,original,ok,2.7829312699515882,0.14035341287455025,-0.20986364810316882,3.517769684536811,0.19949758191610972,-0.19590066155959907,0.7674661042058469,0.014132346728173279,0.026514397192557437,2.3325961441361707,0.11814151976476651,-0.2209545023541546,0.48037885712454775,0.027242949082549248,-0.026751761584509204,0.3800309465375179,0.01916635201178154,-0.028658516181699012,3.4837321214401626,0.10982583704957442,-0.2166493552009543,4.3467692879239,0.11271086444981751,-0.17565955634693609,0.4334605151759492,0.024693579062525076,0.048522175772785114,2.962049181173177,0.1696729390745814,-0.258254683318623,0.7496155830626485,0.01943738320935803,-0.030293105529515474,0.6007818019471486,0.018939850132828454,-0.03736193985963232,0.12225341514592539,0.0033853852294917957,-0.01986615043222542,0.15480397168390875,0.0040868774525442296,-0.027577052983052408,0.9394349360950359,0.0057236696726493475,0.02035614936726149,0.10072501612670856,0.005203314945858444,-0.0009829601128844706,0.24371622510338034,0.006434191153880664,-0.043416038874176194,0.1924701318787833,0.005329794188596026,-0.03127634994122794,11.414468267911971,0.4017411952601401,-0.3667827422712513,14.315096597152898,0.5239157482959645,-0.30131183651960747,0.33970486974602193,0.0410072072801588,0.031013036329981813,9.622553223129788,0.4760732858760934,-0.44509279322257456,0.8098874839033854,0.02964093216452125,-0.01704694645216076,0.6457822287718875,0.022728813850566996,-0.02075101276901814,9.848151930203143,0.14810591276622564,-0.309912199612123,12.391533324851276,0.1830241010698266,-0.2728620089958973,0.451796931185649,0.025996044513102036,0.02679638824769337,8.55532350103068,0.21023246460764947,-0.3673695630154832,0.7379528295515139,0.010899632008391629,-0.01624974781868238,0.5864868690762962,0.008820149575836083,-0.018456197358372117,2.0307521942368036,0.06636422311048944,-0.17439419535752831,2.5387489523132576,0.06041441529066461,-0.1386147730063585,0.2246895049855481,0.03290147016571886,0.08454744244204779,1.7065252795884682,0.07544058048357573,-0.1692482334265326,0.8787327751199058,0.02091113686417844,-0.04797849115624697,0.7029007376237631,0.022970533533621055,-0.06036276060761725,0.24759960174560547,0.5878267765045166,0.5260921435656752
SVR,einzeln,nur_dn,ok,2.8297439002743436,0.13558228675493403,-0.21979289469873375,3.574821867370548,0.18763407749576813,-0.20739562798021005,0.7599283541675582,0.01133219881417585,0.028344508197061247,2.3904152921354593,0.15370081651679637,-0.22406259812943796,0.4881697771801169,0.02562289512620668,-0.02832148880573454,0.3864235759220651,0.01851481756863333,-0.03001443216239902,3.4851439149588925,0.1191913846714711,-0.2057170461228215,4.354610714080383,0.11963214207559338,-0.16829075774219238,0.4315076672503695,0.02358340131175096,0.046697055028253054,3.0408306909075407,0.16976405703027392,-0.28192792649108744,0.7509678644585498,0.02063098176941927,-0.029022330409724018,0.6010252706825717,0.020554971611852775,-0.03547662488177228,0.18148851806621127,0.004892313628441872,-0.028903012682903823,0.22991643293459724,0.0066939141900782375,-0.03476070260612571,0.8663417865846027,0.013258198612438567,0.039060038372307204,0.15272594328368108,0.0059526742023940015,-0.05076167390259252,0.3619698158550483,0.010538589416187441,-0.05472564514303618,0.28572714279591926,0.007702232679018621,-0.045503568600783084,11.60491556396668,0.36747561217602254,-0.33858917033854574,14.507783523450701,0.4750562073036734,-0.2904707776254938,0.32172876088002955,0.04007867877252647,0.03057651757068447,9.828820972379933,0.37718429381426827,-0.40053409316668187,0.820788893395197,0.02687666645032474,-0.016433605295080866,0.6565569294783169,0.020790212411160885,-0.019155939981359005,9.978948320508811,0.12739946436496677,-0.33193051784721916,12.516610787978587,0.15916652863510827,-0.2906625235045972,0.44069141445909843,0.025368171606687778,0.028630622075932755,8.640092379514432,0.35495709104341233,-0.353975877439046,0.7454015661532074,0.009478842294731121,-0.017309821637216505,0.5942761848769178,0.007587018712440332,-0.019767453989621098,2.038469717620088,0.06841647438015513,-0.1711316633239237,2.5491120224450348,0.05610423648199478,-0.1343725016751831,0.218375332448222,0.03086828863227479,0.08243446532978149,1.715691076330047,0.11114684393078095,-0.17200544389148553,0.8823197266250405,0.01941926214283022,-0.04651012113239816,0.7055719906176705,0.02368087570896431,-0.0592335060489122,0.4495401382446289,1.0936727046966552,0.50642888596498
SVR,einzeln,nur_wandstaerke,ok,3.305211974836957,0.132386865424376,-0.24253077441602633,4.1189251993570135,0.19681453466902735,-0.2205449279040903,0.6813593376704379,0.00892687686983519,0.034912502352319796,2.8512418311346828,0.1900766181417907,-0.2424483594431086,0.5624713262344099,0.026876558077524048,-0.03011712815562917,0.45135244584257317,0.018078457890638392,-0.033119466787048246,3.539560772028249,0.1148784121804886,-0.20530696363993517,4.443676509802566,0.11962399660185888,-0.1663277143306532,0.4078778258607431,0.027398819965579597,0.047389167961484735,2.976087187949375,0.17547023190248331,-0.2241049198688727,0.7663275727772563,0.020629577053953966,-0.02868379670019261,0.610409648214135,0.019811184404755513,-0.03540590472177507,0.1241886714872569,0.0038401099076412542,-0.020087791925575263,0.15772911553540536,0.005591647480205655,-0.028083007675337446,0.9370886527135609,0.006650596792549923,0.021163807272861934,0.10292280691664686,0.005856802788724195,-0.003238005426215246,0.2483214365176377,0.008803231604207004,-0.04421259057976701,0.19551691010408465,0.006045691725425541,-0.03162529207428766,11.474125616609708,0.44027035173788387,-0.3483732046438899,14.382560768913057,0.547907329025617,-0.2806929982384556,0.3337891878762575,0.03685197668000262,0.02901809918357745,9.741730895853157,0.6361171490864161,-0.5156206352642396,0.8137043207615683,0.030998274102113775,-0.015880419985280114,0.64915738867425,0.024908630199335906,-0.019709479167923427,9.907976894546444,0.13594408221738766,-0.3119784508541237,12.433413693005537,0.2015264548229541,-0.2694953073110238,0.4482569563942401,0.02270286210185007,0.02645039264139093,8.496456977322413,0.3250433927793893,-0.3771814241454621,0.7404469305938856,0.012001502450696045,-0.01604925067523144,0.5900496244317145,0.008095876232839713,-0.01857924879281725,2.031251705658088,0.06937756101651496,-0.16936644468022788,2.546541612682878,0.06844695121793831,-0.13830336615436867,0.21985066244135004,0.037439604372740645,0.08470564462668567,1.6918963668475093,0.09659034745815911,-0.16200584359315084,0.8814300351486788,0.023691424604008745,-0.04787070444224728,0.7030736326463408,0.024013534960809456,-0.05862251397895779,0.45864229202270507,1.0437636375427246,0.5047037704927649
SVR,einzeln,residualisiert,ok,2.8801430189989583,0.1464025511338331,-0.2538673378232654,3.6372667283310767,0.21558163004394826,-0.2311360715517825,0.7514997239679164,0.014612206179348431,0.03190274514701652,2.386292184174134,0.11813832191562523,-0.25765332711609235,0.49669710944788303,0.029439351164115477,-0.031563431335591585,0.3933059682399699,0.01999240896950569,-0.034667562842690514,3.5233162111997403,0.12140540213868169,-0.2581501886841937,4.395271453929828,0.12612711611606797,-0.21377889438459086,0.4207206636862047,0.02768530910036229,0.058676268958177125,3.010277934030955,0.21191244857090674,-0.27198862598068274,0.7579799514111929,0.021751062783576913,-0.03686691884149518,0.6076082168221149,0.020936786676021182,-0.04451890390084634,0.12476307332372757,0.006310446275210548,-0.02425522636401102,0.15922350314201622,0.0066584634392294634,-0.03502132552172878,0.9359443168798787,0.006391143136061785,0.025728971054668648,0.1048419531724982,0.007722254077869403,-0.0051168970539400005,0.2506741313636597,0.010482777390953437,-0.055135957827363746,0.19642122183300412,0.009934875237260249,-0.03818630842711909,11.51915268227833,0.43716292631219433,-0.38820906488234996,14.424858924389747,0.5540236154277216,-0.3193905334599947,0.3301039448152173,0.03249145192789366,0.03239336388419428,9.995879823786037,0.6182121086614714,-0.7138248169165422,0.816097371096945,0.03134430765986268,-0.01806976248961667,0.6517048291804611,0.02473282524109835,-0.02196322327636846,9.956561435351777,0.17100495564276552,-0.390251333341169,12.516853507066822,0.18255670967596527,-0.3386853084953714,0.44028831975543825,0.03379766358316726,0.03313280340554281,8.387398037663774,0.3333798130791325,-0.3044481565745478,0.745416020800042,0.010871797454542177,-0.020169721952846942,0.5929429789843631,0.01018385599067293,-0.023240632787373205,2.023757971897057,0.06397935564568176,-0.19861007530608488,2.5373340743829695,0.051566299507064886,-0.15580366424349945,0.2257669277155084,0.0238078009869621,0.09415423865594882,1.7161206036369017,0.11968466091996549,-0.20603752727361035,0.8782430458739302,0.017848553882107595,-0.0539280522911848,0.7004798395665481,0.022145063491089224,-0.06874456116720984,0.2615795612335205,0.6369276523590088,0.517387316136694
HistGradientBoosting,einzeln,original,ok,2.5518301402210843,0.1861668800526106,-0.3444836729231069,3.1921060575378943,0.20321763351850702,-0.4179660278520845,0.8077411869757384,0.022691395197599655,0.048558375677960064,2.119965969773914,0.19767679488105805,-0.2828787265960335,0.43590695163498366,0.027750951111522097,-0.05707651744770453,0.34847228677985126,0.025422537884509426,-0.04704192938619217,3.40879716023212,0.11038642498875884,-0.35851834073067623,4.263382230512808,0.11210031563327114,-0.447238098666523,0.45505929544237605,0.022397053037446366,0.11135149747718426,2.844344277743386,0.0690030639565826,-0.29663484481130276,0.735235193048678,0.019332091928227654,-0.07712777603153198,0.5878590055167511,0.01903652548572955,-0.061827743140662306,0.11480966141357149,0.00401502789895343,-0.013095330936562982,0.1443876013892221,0.003890744281750577,-0.016026804178799647,0.9472168117565749,0.005755188562033592,0.01185949856631896,0.09685517969710289,0.0033575668378095116,-0.011996609077418174,0.22731717267671772,0.006125408146032595,-0.02523186047773826,0.18075102971031443,0.006321074534287284,-0.02061668436295286,11.209625949091484,0.4347025649312716,-1.200413604393317,14.167554271109235,0.5816058135589539,-1.4774774253508856,0.35298604225950647,0.04801761443005244,0.13104132882943004,9.21101145816046,0.5662066218408854,-0.900821481107478,0.8015401645264054,0.03290479150944229,-0.0835894097130625,0.63419311869774,0.024593628423615142,-0.06791431319428598,9.491109423709847,0.2219932061592384,-0.9937855775647542,11.85634422845327,0.22298777251983226,-1.2280182361143375,0.49731257145791596,0.03730174729569667,0.1015935154372396,7.856588281563177,0.2453464787774601,-0.6097606514770062,0.7060807199684356,0.013279588035839337,-0.07313215469985512,0.5652239211400243,0.013220358637770784,-0.05918290010652871,2.000803013481578,0.05854376851492254,-0.1998606859064893,2.523595088717228,0.07166630078714353,-0.2507122684617258,0.2335648318813091,0.04305460337303254,0.14695070536287447,1.66862758515643,0.08647813334437014,-0.15162308808312264,0.8734875945756089,0.024805732491147866,-0.08677860298917606,0.6925344795919766,0.020263653137589755,-0.06917743284697453,0.41486272811889646,0.024672698974609376,0.5489801232955702
HistGradientBoosting,einzeln,nur_dn,ok,2.5295873559850426,0.17542247007118464,-0.30769155275928384,3.1633037041677845,0.18600648633839578,-0.36952398220270677,0.8111921789791113,0.021303420195099905,0.04305469541022777,2.126126906991618,0.24784830199555827,-0.2752957595122061,0.43197376588514613,0.025400634873217018,-0.0504613787056446,0.34543486130042167,0.023955304992588418,-0.04201767873295115,3.430989501887006,0.12929064719827688,-0.36286170237471227,4.285432678613585,0.12642001025475624,-0.4462446243046059,0.4494324997901498,0.024361038326039426,0.11171803312846001,2.849059586111295,0.16335461275860041,-0.2774220657103994,0.7390378700289766,0.021801573403305078,-0.07695644789936373,0.5916861525372683,0.022296624795187465,-0.06257677106360549,0.1723973573409106,0.00739388963011648,-0.015630898009133143,0.21513271789566119,0.009050832739401032,-0.018757015873168692,0.8830898077566118,0.011610498952015037,0.021145676247356526,0.14643609836848043,0.004578041113271344,-0.015446185344452495,0.338695017520736,0.014249213151927108,-0.029530179704607973,0.27141443912509555,0.01164059842833044,-0.02460856408477957,11.259754387852595,0.4733239163419148,-1.0862601442146342,14.25778552280463,0.606830188903504,-1.3555395870110427,0.34409195247069974,0.05751719754897129,0.12251573123302317,9.660937882911503,0.5436447911572582,-1.1432197165355564,0.8066450662578803,0.03433187974054059,-0.07669068371317544,0.6370291732688502,0.02677866077087398,-0.06145599431284943,9.588428754636801,0.23501210017055646,-0.9809722949024255,11.999921850558879,0.22767686278070978,-1.2135087042289143,0.4849515674461754,0.039773185085273874,0.10195287994046953,8.068170817437256,0.4000788319434778,-0.7594318667850999,0.7146311963070353,0.013558837369664501,-0.07226806872844094,0.5710195780409807,0.013995672670459229,-0.05841983084394242,2.0042081281165087,0.05834125788245861,-0.18334087749603412,2.517157292907777,0.06393755068700756,-0.22497967950832853,0.2375783506479837,0.0385560171153901,0.13238241271595022,1.693404487775047,0.10568644724197052,-0.14521706562394532,0.8712592914690178,0.02213059361319285,-0.07787182657024916,0.6937130860193776,0.02019355848333331,-0.06345946019129256,0.454390811920166,0.03522548675537109,0.535056059515122
HistGradientBoosting,einzeln,nur_wandstaerke,ok,2.970543262169295,0.13608798695864954,-0.30396595304082297,3.6884233548617247,0.18346590288321307,-0.3578676250478803,0.7439547921410188,0.018845302396557257,0.04891850727354308,2.5966644724145937,0.09692471570602725,-0.298234800236461,0.5036829453583926,0.02505369840890131,-0.04886961232227799,0.4056508257469404,0.018583874871326116,-0.041508919065504635,3.469894882974156,0.0949509229934424,-0.3316134213894073,4.340760662445771,0.09684512350260445,-0.41082298625004166,0.4350044721260414,0.022820967754979233,0.10516424017101705,2.934299279704544,0.1664315716092814,-0.31692756665642063,0.7485793745609213,0.016701280632230798,-0.07084786239493535,0.598395521725309,0.016374619122254193,-0.05718789559796211,0.11552077011474418,0.004504108326893534,-0.01144345270266399,0.14530526071337047,0.004738851215216473,-0.014158024346836107,0.9465202060477498,0.006223815841987446,0.01075813349541288,0.09662881277749864,0.0042905342284981106,-0.009596655895148756,0.228761893144672,0.007460628541607219,-0.022289739799300767,0.18187056641472052,0.0070910601772454325,-0.01801604354529776,11.274818592789277,0.4475637013098126,-1.1685755783178404,14.238419992096599,0.5902032598432795,-1.4356230403158925,0.34647674748703433,0.04914100146220205,0.12835739863090573,9.508353333459759,0.3121218143482058,-1.1746662165734083,0.8055494466207275,0.03339119857571327,-0.08122146602813785,0.6378814421271407,0.0253212570016735,-0.06611305264003653,9.541389418569889,0.23131816794270738,-0.9765608880309316,11.862051882623337,0.22409217622108513,-1.166976187598717,0.49661716996335875,0.04029294323548443,0.09722969204100856,8.017094073256128,0.38275473181587094,-0.7484144052551835,0.7064206278260415,0.013345358575686283,-0.06949691834590199,0.5682182450468478,0.013775687970563708,-0.05815711838554216,2.00686509088166,0.06035946120515803,-0.19392846453735446,2.530803838483572,0.07256599093587587,-0.2441240049244442,0.22912542269507008,0.044263371071658,0.14386770857897918,1.679105545525123,0.08341143212371965,-0.16484989267993977,0.8759827466392082,0.025117140683132786,-0.08449821874871744,0.6946327359366663,0.020892115701799503,-0.06712412334523143,0.41970105171203614,0.02544708251953125,0.5329498017433788
HistGradientBoosting,einzeln,residualisiert,ok,2.5332706413559776,0.17655340442905693,-0.3113144260317382,3.165524610388723,0.18757851637722206,-0.37310727312651437,0.8109182940669871,0.021505471467373777,0.04347375991866931,2.1238591146736128,0.25171556770579817,-0.2930795461806597,0.4322770479325424,0.025615307822596373,-0.05095070499846299,0.3459378426140451,0.024109742890187486,-0.04251241030386055,3.44190797707265,0.1292743334365029,-0.3862288031383634,4.292145782854908,0.12581778586747538,-0.4691738889050736,0.4475724707635239,0.027187487566418575,0.11726708395296204,2.87986051859819,0.138421015961917,-0.3467266486595637,0.7401955683600105,0.021697717699147922,-0.08091067986203737,0.5935690818119321,0.0222938114298501,-0.06660650940561763,0.12113787210189661,0.005772488413902785,-0.017769125863733512,0.15145971871942607,0.0061526062417904545,-0.021811795511554127,0.9418918614053684,0.006897596743170608,0.01635692428166191,0.10550897648038052,0.00746621401585304,-0.016683710266079024,0.2384511876535742,0.009686379176746475,-0.03433948371594259,0.19071387241932858,0.009087939220073782,-0.027974891288568393,11.187446111525443,0.4743658456912167,-1.1588139828958806,14.16987102711432,0.5825812083972626,-1.4189453038137998,0.35248471675681103,0.05168561122157448,0.12657738131358698,9.552326201476536,0.47859095875546426,-1.1699402861629533,0.8016712367604656,0.03295997521470399,-0.08027791039362187,0.6329382775083818,0.02683760871672852,-0.06556078295037582,9.498266672351248,0.2703885616649366,-1.0338673954771096,11.888658470870222,0.27976134140067077,-1.283833294123708,0.49429732176065205,0.04193789720364049,0.10636703288703703,7.9183874476839025,0.32119915911814556,-0.782309526881412,0.7080051296440791,0.01666062367533758,-0.07645610815337922,0.5656501566791026,0.016102446640629816,-0.06156989210877528,2.0084691567483994,0.060387536177711025,-0.19542569350417072,2.527467253047682,0.06749871653065309,-0.2472831205510042,0.23128215838856053,0.04063289136267851,0.14521764476426074,1.673369315988318,0.11081272771163429,-0.13570948651915238,0.8748278601047075,0.023363213775023935,-0.08559167796567624,0.6951879484752163,0.02090183324339431,-0.06764235661276308,0.36474008560180665,0.02432241439819336,0.5464078038569838
XGBoost,einzeln,original,ok,2.565247978380712,0.16532808908926985,-0.30470487857690465,3.2081385928455335,0.1767235824788473,-0.3762888989137192,0.8061276939106661,0.01767805560342527,0.04412775214004794,2.1619466287568136,0.17646081894747898,-0.2633508669243039,0.4380963192396189,0.024132982028731806,-0.05138518078753307,0.35030459711800027,0.02257683862488178,-0.04160982510437444,3.409185775289746,0.11598491100426606,-0.36427042167826595,4.2551926575625405,0.09902628664189606,-0.4467813267408056,0.45718339923538986,0.019258722488461336,0.11097491219884159,2.930753350401852,0.16524447370737863,-0.37891834067826524,0.7338228725192208,0.017077429852516594,-0.07704900411364468,0.5879260235440983,0.020002004001104565,-0.06281970963985761,0.11431160545910761,0.0042682469064383105,-0.012276085479068555,0.1443344159777212,0.004239652141255258,-0.015688406199821925,0.9472765748031652,0.005612453115442078,0.011620812960694615,0.0948945742160265,0.005333411086187276,-0.010067655874433923,0.22723344002063292,0.006674712569571622,-0.024699102324817895,0.17996691341283308,0.006719730847541652,-0.019326902142498464,11.138327184044291,0.45831475467950766,-1.211704340062946,14.0924381438406,0.6139912023762158,-1.5156897261514857,0.359585210783094,0.052859681965960276,0.13363658476392237,9.232447290689946,0.4849128861415212,-1.1228472828703087,0.7972904124621223,0.03473701952735602,-0.08575129971076667,0.6301593368061826,0.025929506027713982,-0.06855309515714825,9.425626757970727,0.21179313518021398,-0.9781577250829994,11.771324619432079,0.23020822736545138,-1.2095175787683754,0.5044782342112961,0.037552260536441576,0.09943149689278441,7.993876497716085,0.3123843042403391,-0.8304938054824174,0.7010175482527347,0.013709587693209214,-0.07203038528366545,0.5613242327639418,0.012612913937969107,-0.058252214802588465,2.0025040864060633,0.060017545553303894,-0.21411781341321867,2.522758576637942,0.060769737734905724,-0.2718055068834899,0.23413160572281533,0.03860550088629582,0.15830735461718215,1.6816312761191288,0.0969354649796831,-0.18148166503048602,0.8731980540993117,0.02103412400601691,-0.09407956904875203,0.6931232690153074,0.020773769029775496,-0.07411222768275816,0.13447937965393067,0.01579604148864746,0.5514637864444044
XGBoost,einzeln,nur_dn,ok,2.610421081235761,0.15393146141128075,-0.29261249590820215,3.2766417542761888,0.1689614918246428,-0.3675247117737852,0.7976481957712862,0.01890849197608681,0.04432022905767763,2.1514621721303357,0.1999786379029156,-0.22376693713747509,0.447450959636382,0.02307300807598712,-0.05018836275239735,0.35647333625338673,0.021020540325111976,-0.03995851604004369,3.4244341384722725,0.1270161856862027,-0.3598669547200175,4.289618178762018,0.1271807959817828,-0.45707914163146857,0.448500035843528,0.020976224529584954,0.11417976451032935,2.841862443166812,0.19924127165594685,-0.2859051476823766,0.7397596741842817,0.021932773565672848,-0.07882489834731865,0.5905556571640782,0.02190438594384941,-0.06206031634503184,0.17970742392636882,0.0078555498474123,-0.02018198364809462,0.22406741164636496,0.009020702828135163,-0.02482586372975637,0.8733063844556342,0.011252707669642868,0.028118503434328646,0.14813860874314375,0.008290669535740541,-0.014469848150076375,0.35276138681145763,0.01420177801084811,-0.03908469354714933,0.28292307042235976,0.012367414957750521,-0.03177358317301532,11.251872751756974,0.4964129082473757,-1.1700220076598704,14.226387224132534,0.6499477537754237,-1.4608270362593334,0.3474231499704327,0.05416048205365263,0.13040453844050187,9.642848957851271,0.5209985454416716,-1.2229440531687068,0.8048686836161141,0.03677128878603071,-0.08264740127910974,0.6365832637087434,0.028084938058859504,-0.0661948854808081,9.50860242216875,0.21090427526092342,-0.943677586368679,11.878518640422325,0.23855324141416992,-1.1651758533296004,0.4954303921603872,0.037729927123436,0.09703125706104765,8.098253124199777,0.40934322540298357,-0.8222945026883632,0.7074012724478763,0.014206558210776132,-0.0693897030616264,0.5662656814590801,0.012559979674281177,-0.0561988195317602,2.01448017088952,0.06003438639861902,-0.20648150059810422,2.532668503509945,0.06761147771761886,-0.2593442364929186,0.2282237792255514,0.0389441352376472,0.15206111603852593,1.7187164439625413,0.11426527414072216,-0.19091736826117667,0.8766281599132542,0.023402243609249133,-0.0897663711242983,0.6972685303825762,0.020779598122378614,-0.07146908396207052,0.1423616886138916,0.019524812698364258,0.5317553229044699
XGBoost,einzeln,nur_wandstaerke,ok,3.050596178521003,0.11052706572000723,-0.3158231068584856,3.7810319431485495,0.12980574629927957,-0.3873957788169191,0.7310441935608694,0.011863385066515204,0.05392097575914545,2.6670903501812395,0.17228655737262344,-0.265909599631609,0.5163293695960844,0.017725985964785338,-0.0529019117712507,0.4165826751615175,0.015093331932814666,-0.04312810579757437,3.487385986753748,0.09616125736334111,-0.35664717585073724,4.361230385422284,0.09890350060671083,-0.443642911537236,0.4296269617153232,0.024123928846554055,0.11340884262220463,2.928493721511077,0.20043166716194236,-0.30536825342560947,0.7521094499589417,0.017056254970837684,-0.07650777342324389,0.6014119238137691,0.016583345522091644,-0.06150505420560004,0.1253332618167277,0.005922430238434968,-0.014957282347396295,0.15694358522931764,0.006181660405924112,-0.01846294157654546,0.9377795406549818,0.006145909243793806,0.014602420352434309,0.10444524745639831,0.005216802322084932,-0.010589056392789065,0.24708473387479524,0.009732120711212055,-0.029067202710585466,0.19731890026851046,0.009324000705206186,-0.023548054690458342,11.287966505736367,0.5300298407932893,-1.2740461090590358,14.193519325569676,0.6652014740123225,-1.503039801650628,0.3510321086402236,0.04710636857702977,0.13295817804978882,9.634861192338082,0.5252792063164136,-1.3483159248832202,0.8030091572421487,0.037634279616653936,-0.08503562060542247,0.6386252953078045,0.029986841600437717,-0.0720801281807587,9.492363458964629,0.22736833006838186,-0.9932470615022435,11.80035210006266,0.26115850272061086,-1.2056461881106308,0.5017993581023635,0.04097095728112391,0.09965670385016556,8.054259800716645,0.33748876263191624,-0.7835509260711024,0.702746221444706,0.015552769055432807,-0.07179983240410759,0.5652986026859124,0.01354046332489514,-0.05915082986617426,2.015313232093372,0.06052114683122212,-0.2121008924160419,2.5366219606196547,0.06666110603706388,-0.26766677860815546,0.225624740936673,0.04194442204692363,0.15704798416055366,1.7098864558366387,0.08663002090008992,-0.19247328284931342,0.8779965631711532,0.023073293106487317,-0.09264703820337716,0.6975568764133402,0.020948079667341996,-0.07341411431340295,0.13424367904663087,0.017518281936645508,0.5294844839350724
XGBoost,einzeln,residualisiert,ok,2.5552452251332243,0.15728424864378043,-0.30627274817545436,3.205290059952966,0.17491334714277246,-0.3781177130935469,0.8064264203156155,0.018116861720870108,0.04432777709550473,2.1527688369914593,0.21445762295178972,-0.2967371539423205,0.4377073298804152,0.02388578029017211,-0.05163491961195349,0.34893864323129514,0.02147838954304394,-0.04182392991322054,3.4168694713567866,0.12381927928986304,-0.3716640416705461,4.27774876868988,0.11978310812614426,-0.4733643735898214,0.45134847857983107,0.024394245167052173,0.11773320562927181,2.8826867106394047,0.16694063866057077,-0.3329749002978901,0.7377127528589298,0.02065701639341478,-0.0816333436180825,0.5892511038338142,0.02135306824245983,-0.06409476529483671,0.12145626378288617,0.00404102354370912,-0.01640228434023905,0.15283503371302296,0.005735088233743155,-0.02058446601076111,0.9409276712883342,0.0061843539862176024,0.015624191564975631,0.10333044588595583,0.006792383942970752,-0.013255187251721645,0.24061642007572365,0.009029058103345696,-0.032407232820584025,0.19121513358046688,0.006362000877068222,-0.025822999106494327,11.218511488743323,0.5103326190706919,-1.2848981169473284,14.201004813153833,0.6118120371133244,-1.5707768350429152,0.34988479061170985,0.05038620316591708,0.13902860748857027,9.485105366268375,0.6383704130264265,-1.2464444665214955,0.8034326543987469,0.03461373159424323,-0.08886789481809321,0.6346958248655196,0.028872456291715854,-0.07269408878551575,9.434243001345115,0.24257540726504714,-1.0117947844779938,11.840220067158535,0.2572293118139843,-1.3079700035749493,0.49857810710316725,0.03954989782270295,0.10753980319431072,7.965493784972898,0.3739287751727551,-0.8655739642199274,0.7051204779919458,0.015318773998374136,-0.07789352131030347,0.5618373557981579,0.014446090203530213,-0.060255402181227935,2.0166186756509505,0.05811810535025341,-0.21857279211063352,2.5360173703934974,0.05472272847974843,-0.28059659969518114,0.2261553747839228,0.03518588484625135,0.16388650441370015,1.7025127537012146,0.11495678498576602,-0.18701657352393197,0.87778729740395,0.01894108317221631,-0.09712241476837868,0.6980087273295436,0.02011631908409259,-0.07565422173865433,0.14425535202026368,0.017068815231323243,0.5455534737804301
LightGBM,einzeln,original,ok,2.560889854402777,0.18247558223457905,-0.2992305446082444,3.2024424030473293,0.20170023633702105,-0.36485870210459437,0.8067675517747043,0.0200196068408541,0.04286947906812044,2.1187167586681306,0.1995103138872555,-0.24686198538158677,0.43731846014405207,0.027543738704453372,-0.04982429836137181,0.34970946133496994,0.02491846240881044,-0.040862262150795525,3.428307570611172,0.11954776080389047,-0.3362210734185904,4.283411894272816,0.11442228744408262,-0.41792920590672766,0.4498951336951671,0.023621656153929447,0.1052320255380923,2.8909702945333264,0.09299341902841675,-0.32088407529562923,0.7386893786940307,0.019732524096931006,-0.07207335485576516,0.5912236440984943,0.020616429923669626,-0.05798250132318472,0.11472687485149553,0.004227881534937204,-0.011405296774009407,0.14454977594365026,0.004383386739142456,-0.013914456610042591,0.9471413803936304,0.005487216648129171,0.010466091969440594,0.09550714487346953,0.004403341658960591,-0.010325382771290595,0.22757249280696445,0.006901001683686522,-0.02190627800098524,0.18062069436956724,0.006656181470480234,-0.01795597261303511,11.184660929239957,0.4505135340788346,-1.0895699623932096,14.109049095170331,0.5870043599711885,-1.323041009131341,0.3586091275294324,0.043689026867900736,0.11757888318886012,9.266233839470065,0.5076346973160398,-0.8891961439213443,0.7982301896746878,0.03321021838105765,-0.07485205193791622,0.6327807037010313,0.025488146035430634,-0.06164324979510427,9.514350211040545,0.23406488020134947,-0.9295917674371346,11.904539653388305,0.2595836250161149,-1.172153700898047,0.49286585112961667,0.0426371033714646,0.09813358417631224,8.032795578112353,0.2749371478915905,-0.725497672092005,0.7089509015085135,0.015458980383138398,-0.06980525473084453,0.5666079794580774,0.013939262891446504,-0.05535996693260392,1.9982220570681446,0.0612165113789319,-0.17481716891051424,2.512533602907162,0.06687300517676992,-0.2150465598360305,0.24030006233100068,0.04067617173900779,0.12672851103468472,1.6754744919575502,0.11471617061574337,-0.14790727525020309,0.8696589016621281,0.02314663738848487,-0.07443369307253489,0.6916411376214862,0.021188764993148715,-0.06050916371048354,0.09184341430664063,0.024728965759277344,0.549263184475592
LightGBM,einzeln,nur_dn,ok,2.5569643065340157,0.17849868359042054,-0.28045674281756305,3.2091922877875403,0.20360144521920687,-0.3459837349936725,0.8058547121559627,0.021240111653598622,0.041063327074210676,2.1039653052757936,0.22419479995387837,-0.24333228521751904,0.43824020949321446,0.027803363589503163,-0.0472467745488081,0.3491733971898179,0.024375385915207496,-0.03829855325088277,3.4400403594407947,0.11622236038883184,-0.3308091995610831,4.292487613889681,0.12514408467387078,-0.4085741216840888,0.44755877982742065,0.025497539527236435,0.10330158344219231,2.8612039869232775,0.16672101728483657,-0.26498975977697814,0.7402545183188114,0.021581535569478196,-0.0704600378265785,0.5932470046122219,0.020042952978855402,-0.057049204727842695,0.1748835376011638,0.007448353865181006,-0.017270646305478726,0.2174548192719059,0.007946219683962821,-0.019877278985076186,0.8806452666097473,0.01037137677344377,0.02240684580265473,0.1494340620008285,0.008705922766228606,-0.01815343686150317,0.342350826706829,0.012510161361828283,-0.031293870220986564,0.27532856652999615,0.011726344405185423,-0.027190108088838094,11.281248265685011,0.4557945947825116,-1.035394185415118,14.286784559003845,0.6014964479616299,-1.2969040915102017,0.34158116044173414,0.05559365836470533,0.117733241727344,9.64229524689635,0.6037519100887623,-1.032500461259854,0.8082857087993828,0.034030119287728415,-0.07337333593306694,0.6382452057642569,0.025786926063676698,-0.05857821398430696,9.578342216814024,0.20145965796172327,-0.858635954412815,11.982208944274017,0.23765641741598076,-1.0928397890805535,0.48657919161294005,0.03838724769870343,0.09235069729857526,8.180494520621021,0.3762516983747571,-0.7230219584898627,0.7135763398199628,0.014153149662396879,-0.06508187432955581,0.5704188945798169,0.011997524498052222,-0.051134336284505366,2.007507057108343,0.06430848347668217,-0.16434066990175644,2.5212956336240846,0.06848079848916121,-0.20340135093867984,0.23499290866653952,0.04135934903251708,0.12074119977381573,1.6825682425674173,0.14976600179636035,-0.12137347554739852,0.8726916881692587,0.023703140101338584,-0.07040295709846534,0.6948549385941571,0.02225898393684289,-0.05688295126473608,0.0868560791015625,0.027397775650024415,0.5328686698857241
LightGBM,einzeln,nur_wandstaerke,ok,2.9876005133277586,0.12599691655004291,-0.27925342173949463,3.716024597262558,0.1586023046838662,-0.3440725831542033,0.7402303366261945,0.014554734031269813,0.04746873321543177,2.6452277050651958,0.16327576185241663,-0.27612832519127295,0.5074521100476029,0.021658380364201393,-0.04698579187547636,0.40798012628449615,0.01720586058819715,-0.03813423038268088,3.4601831843620516,0.10051032222379316,-0.2757102370594078,4.323536553535544,0.10414877225129412,-0.3428404171370705,0.43939696874704437,0.025649713417178775,0.08880086194930448,2.921385383173347,0.18949426958162652,-0.2580699241681117,0.7456090166725134,0.01796082043123604,-0.05912403032377045,0.5967207052960436,0.01733335698467427,-0.04754719572621757,0.11862657001547158,0.0049598573654380355,-0.01194929270491453,0.14929468388945938,0.006113570854636406,-0.014971588315394663,0.9436772117550175,0.00574753855206904,0.011503274761463844,0.09923247807717368,0.005963230698691183,-0.010199394665462672,0.2350426567855534,0.009624923665630399,-0.023570577345911448,0.18676019437127778,0.007808570419782101,-0.018812414688194,11.267777258757956,0.4311013209614209,-1.0816982952080672,14.21401919884828,0.5824917337119478,-1.3201368943358105,0.3488905430844277,0.0459757500097446,0.11839019475590679,9.54313601848921,0.2799306428777854,-1.1267109279953171,0.804168953173477,0.03295491311629125,-0.07468774943330114,0.6374830732957992,0.02438988530544121,-0.06119790423369409,9.552478621873977,0.20728069727690507,-0.8770254186070847,11.873281262048726,0.22695071828482025,-1.0697634406108474,0.49593180851198343,0.03678149679981862,0.08961041932379582,8.190436430083503,0.2577410088044768,-0.777315670207182,0.7070893709189124,0.013515593295557026,-0.0637076088369406,0.5688786402329151,0.01234418477979108,-0.0522294838163192,1.9963987132304062,0.06091210491448712,-0.1589953962295012,2.519149724025671,0.06958359058559588,-0.20588724474466602,0.23630155962773172,0.04148583580864029,0.1219892707152084,1.6357041410282769,0.09148451113016699,-0.09299176390810904,0.871948928198899,0.024084847618498686,-0.07126339521338676,0.6910100267788508,0.021083401311157907,-0.05503280095211205,0.0891343116760254,0.022862768173217772,0.5340714047253998
LightGBM,einzeln,residualisiert,ok,2.535654738998576,0.1752605622245175,-0.27721594458586507,3.176716235428956,0.1935763218912159,-0.33448762272387667,0.8096748931382978,0.021050880089312836,0.03946779431453251,2.1021511600128107,0.19134233078535814,-0.25061878276408134,0.43380535152496524,0.026434354894021423,-0.045676890852949514,0.34626340972148223,0.023933195214713144,-0.03785599700350878,3.4282197003640094,0.12449289142563019,-0.33288994138706673,4.281783751631013,0.11916666658124325,-0.4158098259837004,0.4503297278880586,0.023964271051733255,0.10466847278358882,2.8824716286590872,0.12759204516652953,-0.2838159522430348,0.7384085997948298,0.02055070889064742,-0.07170786036744603,0.5912084905667105,0.021469235013793685,-0.05740803594104271,0.12118378439489486,0.005268902014438031,-0.015655121912195508,0.15270567771150473,0.005588589247562736,-0.01979897552091353,0.9409739078051803,0.006578148523930917,0.015142475285438883,0.10350946680374921,0.008479050907112139,-0.013558678264620164,0.240412767959815,0.008798416863944752,-0.03117059286259155,0.19078615461347162,0.0082951160453457,-0.024646701079246908,11.173377758356212,0.495554135446819,-1.0485440035253166,14.163639437928401,0.6009721531750812,-1.3097456949856738,0.35349051521273234,0.04678959986888967,0.11714375928909809,9.40629163595047,0.48784466147153377,-0.9827991041981026,0.801318679859976,0.03400045691118627,-0.07409985942226949,0.6321423497216871,0.028036352334134026,-0.0593221749510231,9.525212258814502,0.24939114593740747,-0.9629670654919202,11.900965401487408,0.276280170964675,-1.1975184951208888,0.4933033927347343,0.041385290726206087,0.09990505431100355,8.05413418614921,0.340799669990102,-0.8373792303539895,0.708738044129636,0.016453309575778816,-0.0713158040048556,0.5672548468536917,0.014851987803681523,-0.05734756564141408,2.008912858664954,0.06128160468734673,-0.17715560098457628,2.522944014993629,0.06888018945908361,-0.2180173485611121,0.23391752956338988,0.0428307151278413,0.12900798864108579,1.6815861136697088,0.1288927338962003,-0.13598848057943225,0.8732622395559939,0.023841380605598747,-0.07546196702546215,0.6953415262506417,0.021211295627181274,-0.061318561151690765,0.11079788208007812,0.034079122543334964,0.5469483277237323
