modell,struktur,feature_set,status,schneckendrehzahl_mae_mean,schneckendrehzahl_mae_std,schneckendrehzahl_mae_gap,schneckendrehzahl_rmse_mean,schneckendrehzahl_rmse_std,schneckendrehzahl_rmse_gap,schneckendrehzahl_r2_mean,schneckendrehzahl_r2_std,schneckendrehzahl_r2_gap,schneckendrehzahl_median_ae_mean,schneckendrehzahl_median_ae_std,schneckendrehzahl_median_ae_gap,schneckendrehzahl_rmse_normiert_mean,schneckendrehzahl_rmse_normiert_std,schneckendrehzahl_rmse_normiert_gap,schneckendrehzahl_mae_normiert_mean,schneckendrehzahl_mae_normiert_std,schneckendrehzahl_mae_normiert_gap,massetemperatur_mae_mean,massetemperatur_mae_std,massetemperatur_mae_gap,massetemperatur_rmse_mean,massetemperatur_rmse_std,massetemperatur_rmse_gap,massetemperatur_r2_mean,massetemperatur_r2_std,massetemperatur_r2_gap,massetemperatur_median_ae_mean,massetemperatur_median_ae_std,massetemperatur_median_ae_gap,massetemperatur_rmse_normiert_mean,massetemperatur_rmse_normiert_std,massetemperatur_rmse_normiert_gap,massetemperatur_mae_normiert_mean,massetemperatur_mae_normiert_std,massetemperatur_mae_normiert_gap,duesenspalt_mae_mean,duesenspalt_mae_std,duesenspalt_mae_gap,duesenspalt_rmse_mean,duesenspalt_rmse_std,duesenspalt_rmse_gap,duesenspalt_r2_mean,duesenspalt_r2_std,duesenspalt_r2_gap,duesenspalt_median_ae_mean,duesenspalt_median_ae_std,duesenspalt_median_ae_gap,duesenspalt_rmse_normiert_mean,duesenspalt_rmse_normiert_std,duesenspalt_rmse_normiert_gap,duesenspalt_mae_normiert_mean,duesenspalt_mae_normiert_std,duesenspalt_mae_normiert_gap,vakuumniveau_mae_mean,vakuumniveau_mae_std,vakuumniveau_mae_gap,vakuumniveau_rmse_mean,vakuumniveau_rmse_std,vakuumniveau_rmse_gap,vakuumniveau_r2_mean,vakuumniveau_r2_std,vakuumniveau_r2_gap,vakuumniveau_median_ae_mean,vakuumniveau_median_ae_std,vakuumniveau_median_ae_gap,vakuumniveau_rmse_normiert_mean,vakuumniveau_rmse_normiert_std,vakuumniveau_rmse_normiert_gap,vakuumniveau_mae_normiert_mean,vakuumniveau_mae_normiert_std,vakuumniveau_mae_normiert_gap,innenluftdruck_mae_mean,innenluftdruck_mae_std,innenluftdruck_mae_gap,innenluftdruck_rmse_mean,innenluftdruck_rmse_std,innenluftdruck_rmse_gap,innenluftdruck_r2_mean,innenluftdruck_r2_std,innenluftdruck_r2_gap,innenluftdruck_median_ae_mean,innenluftdruck_median_ae_std,innenluftdruck_median_ae_gap,innenluftdruck_rmse_normiert_mean,innenluftdruck_rmse_normiert_std,innenluftdruck_rmse_normiert_gap,innenluftdruck_mae_normiert_mean,innenluftdruck_mae_normiert_std,innenluftdruck_mae_normiert_gap,kuehlwassertemperatur_mae_mean,kuehlwassertemperatur_mae_std,kuehlwassertemperatur_mae_gap,kuehlwassertemperatur_rmse_mean,kuehlwassertemperatur_rmse_std,kuehlwassertemperatur_rmse_gap,kuehlwassertemperatur_r2_mean,kuehlwassertemperatur_r2_std,kuehlwassertemperatur_r2_gap,kuehlwassertemperatur_median_ae_mean,kuehlwassertemperatur_median_ae_std,kuehlwassertemperatur_median_ae_gap,kuehlwassertemperatur_rmse_normiert_mean,kuehlwassertemperatur_rmse_normiert_std,kuehlwassertemperatur_rmse_normiert_gap,kuehlwassertemperatur_mae_normiert_mean,kuehlwassertemperatur_mae_normiert_std,kuehlwassertemperatur_mae_normiert_gap,fit_zeit_sekunden_mean,predict_zeit_sekunden_mean,r2_durchschnitt_alle_y
Ridge,multioutput,original,ok,2.388283128061734,0.1638874353055803,-0.014007778285526573,2.9983886787968586,0.1687376937940328,-0.015740187895112445,0.8304008117084031,0.018386563834001463,0.0034763385578543415,1.9972822593010526,0.24334622664718114,-0.016614361282556445,0.4094533343291552,0.023042446711312295,-0.002149445287796259,0.32613866808599756,0.022380106126684673,-0.001912871258523352,3.358920584150809,0.11531046180177013,-0.009225248400592356,4.184953196070026,0.13071672807162807,-0.0086547446041223,0.4746876002270943,0.029346631768274498,0.0060011444427696126,2.8843412677759117,0.0922833351696779,-0.004054701919892434,0.7217098314551377,0.022542557434939412,-0.0014925410098717284,0.5792576153384799,0.01988569287468255,-0.0015909263870801382,0.11104677608862672,0.0034568660962643358,-0.0010953556871183129,0.1405508610846068,0.0037086022390030227,-0.0011463467192818766,0.9499308172729928,0.00588200902406542,0.0017986807158857365,0.0910167454135898,0.005711060693627945,-0.0005204405693653158,0.22127678589870822,0.005838652124154203,-0.0018047553434449026,0.17482691680211976,0.005442330364686481,-0.0017244774168655441,11.095576545735108,0.426179072272925,-0.05563066449798271,14.023392273825149,0.5290041605878966,-0.07588939852757193,0.36665981162218786,0.03438977399734398,0.010077023167654298,9.175362252357274,0.5722892118902885,-0.021087376072967956,0.7933840898214596,0.029928812962265617,-0.0042935004742240546,0.6277406869102139,0.024111405340013287,-0.003147347179418225,9.298820091917202,0.1941785764429196,-0.038044666370337765,11.622394484764822,0.19348833093373763,-0.04855394332881957,0.5168968485019854,0.03641289424443723,0.007505398559556342,7.87549234590495,0.34119871397142487,-0.01956097121846323,0.692148313800306,0.011522808158970527,-0.002891532381511519,0.5537725169619496,0.011563914341170317,-0.0022656735418715712,1.9629747595020581,0.06832902918420139,-0.008795485414167414,2.469267482379569,0.06988128477270752,-0.010271868038591148,0.26585747775691126,0.04662325661953981,0.009061979639700235,1.671331988541897,0.1290306223302864,-0.0043864322775044595,0.8546832743456731,0.02418788799156878,-0.0035553838826767326,0.6794410515997855,0.02365060845483457,-0.0030443661235095565,0.0034648418426513673,0.0010305404663085937,0.5674055611815959
Ridge,multioutput,nur_dn,ok,2.386562222443335,0.16421345036796295,-0.013466050590060785,2.998649548996502,0.16773685317019874,-0.013618645626658044,0.8303441746512977,0.018588289546692414,0.0032660256873217053,1.979247764836692,0.26302521475492313,-0.004197039303811323,0.40948895818733816,0.022905774126647474,-0.0018597321622491059,0.32590366501634815,0.022424626023413895,-0.0018388941211442966,3.3596008175952483,0.11834918231393074,-0.008152106681851734,4.186867814333721,0.1337045282495149,-0.007502945339482814,0.4742152826904064,0.029674621912133582,0.0057111959393306155,2.885955073630117,0.07945308493158748,-0.0002500319729219491,0.722040014078372,0.023057814036812344,-0.0012939091938852787,0.5793749239776774,0.020409730866488555,-0.0014058593402881403,0.1693947860783437,0.006526154918419347,-0.0010451570706681013,0.21215797241473489,0.006832227529016124,-0.0010722157197119164,0.8862984589093881,0.010409610573498347,0.003053011983302212,0.14104708417132691,0.007218804899349265,-0.0011501989077884744,0.33401171559140913,0.010756343550533657,-0.0016880469206453919,0.2666873295699809,0.010274476965001226,-0.00164544703299635,11.219862708181065,0.36385632772397675,-0.049738099924054424,14.14971530672474,0.4815382632504655,-0.06838209269412943,0.35487447725606575,0.03728419715876438,0.009823841054175164,9.235168128757199,0.5172210340355213,0.1014590753549669,0.8005309115407375,0.027243393698418383,-0.003868768933568467,0.6347722711335003,0.020585448638977807,-0.002813970854352421,9.374036544050657,0.24306191531201712,-0.03394923230758451,11.726399706993114,0.2138475991676713,-0.045008840667808414,0.5079679034445235,0.04032131683666603,0.007540133200162891,8.093714804026153,0.2964668651239393,-0.07745798329982634,0.6983421355025465,0.012735263406191527,-0.0026804109269537024,0.558251881397777,0.014475063211183869,-0.0020217782082093683,1.962894992769132,0.06785695276649521,-0.007656019823869764,2.468586506575914,0.0679736759100188,-0.008322935550971966,0.26631028894536596,0.04538279291003425,0.007865258054784219,1.6722538049176159,0.1303720101548887,0.006191239089089251,0.8544475693709097,0.023527610641881896,-0.0028808032583076404,0.6794134420787563,0.02348720946249955,-0.0026499648734752412,0.0031384944915771483,0.0,0.553335097649508
Ridge,multioutput,nur_wandstaerke,ok,2.927093418313698,0.1718535303808878,-0.016736488324854637,3.6364335729165376,0.1947001204900238,-0.016276184726214726,0.7510929288079695,0.019857948391015415,0.004221214349111602,2.583817614791557,0.20752749067480608,-0.011973877460637716,0.4965833355849713,0.026587818348126055,-0.0022226398309975193,0.39971741105372116,0.023467938472515354,-0.002285497873585285,3.4424076768015555,0.10672328178429058,-0.010426826834750713,4.297938333849351,0.11966071213056038,-0.00908195493798214,0.4458845265991286,0.029691420467650713,0.006430067879845902,2.9394368382447738,0.1301448354955688,0.018502187651557644,0.7411945140604835,0.02063590877543077,-0.001566214927738896,0.5936552567797825,0.018404803614341467,-0.0017981427951418993,0.11275156161870059,0.0038066459664483354,-0.0010053524188585738,0.14291504231440552,0.004281699952083217,-0.0010624107176099018,0.9482288807229817,0.006259542282655679,0.001790571236398586,0.0952801939580562,0.0058881672273659764,-0.0017516315378944824,0.22499884366324235,0.0067409107014243025,-0.001672610378071926,0.17751085242393208,0.005993007641574823,-0.0015827804271266455,11.105104534444237,0.4588142292661736,-0.04132466753992148,14.032037634402736,0.5602834937547383,-0.05753378732841341,0.3659856031096316,0.03457750119917313,0.008344523809924398,9.126470168195032,0.6400531305231277,-0.015349750948628227,0.793873207675335,0.03169846504003837,-0.0032550178018433407,0.6282797401223194,0.025957764182559333,-0.002337974514521335,9.335437760438872,0.17247464316199282,-0.03435102754568575,11.644489771918273,0.18369524060775677,-0.03948730219139307,0.5152404241901608,0.03391685354221052,0.006608659057509625,7.946101511856128,0.38824329404397595,-0.11822994240055174,0.6934641541605899,0.010939600372923767,-0.0023515868149308616,0.5559532085187364,0.010271380273175994,-0.002045706315012774,1.9704849841979812,0.0667080598948402,-0.008327112615705845,2.4777046682177657,0.07540090053950402,-0.00979494709947204,0.26067522522623376,0.050493635369417776,0.008967848291500102,1.6628884823710028,0.09254430182817619,0.010230008249981104,0.8576036228578982,0.02609838303123516,-0.003390308064540881,0.6820405526582928,0.02308954516390672,-0.002882249058485331,0.0034772872924804686,0.0,0.5478512647760178
Ridge,multioutput,residualisiert,ok,2.3879863316883214,0.16383925259902157,-0.01411308058307048,2.998372699969994,0.16836821979121466,-0.015767641080818517,0.830399703674483,0.018392164129972213,0.003482277082576757,1.9911793673354807,0.2594003148674834,-0.01189860689603206,0.40945115229585677,0.022991992157681006,-0.002153194234190192,0.32609813822888806,0.02237352640271593,-0.0019272511076559584,3.3589080301428824,0.11546797382401497,-0.009237985681176397,4.184955004331884,0.13087844385160533,-0.008661770529729829,0.4746874706500706,0.029365661068666553,0.006002571447654648,2.8845387145013435,0.0931428944807744,-0.0063165805864286995,0.7217101432962261,0.022570445887412582,-0.0014937526553424618,0.5792554503558576,0.019912856374416078,-0.001593122975714012,0.11104184072889818,0.0034590861417192835,-0.0010970053095677307,0.14055201610311618,0.003730051605635645,-0.001151327973459404,0.9499299088780893,0.005888643875597345,0.001802233904602546,0.09122010782252206,0.005910333545946793,-0.000661405265778181,0.22127860430651758,0.005872421016577939,-0.001812597600017618,0.17481914679964836,0.00544582550174241,-0.0017270745062802628,11.095916040862988,0.42672871417673336,-0.055815992347703514,14.023595067379034,0.5294568503138395,-0.07609395372251093,0.36664513825900913,0.03435258364427944,0.01009185607137647,9.170810314860647,0.5713439083304591,-0.020982577931377477,0.7933955630210983,0.029954424228011856,-0.004305073340045817,0.6277598941054325,0.02414250174900376,-0.00315783224355215,9.299019196199804,0.19371087132442225,-0.03811797087882063,11.622503107933095,0.1931947809402988,-0.048663699771505975,0.516890612934225,0.03637195074681873,0.007511728749883484,7.873169820187831,0.3387318746938932,-0.017969551908038284,0.6921547826344916,0.011505326379872316,-0.002898068705574186,0.5537843742168083,0.011536061104081504,-0.002270039044350969,1.9629819644175839,0.06834102668425628,-0.008800459257506388,2.46928751925302,0.06981874583719781,-0.010292076941990747,0.26584765487661727,0.04657677819696165,0.00907190540794195,1.670980614686325,0.12961712291216806,-0.0037829203245642873,0.8546902096739561,0.024166241498203064,-0.003562378755387785,0.6794435454247101,0.023654761128736455,-0.003046087711284673,0.0010384559631347657,0.0,0.5674000815454157
Ridge,einzeln,original,ok,2.388283128061733,0.16388743530558025,-0.014007778285525685,2.9983886787968586,0.16873769379403294,-0.015740187895112445,0.8304008117084031,0.018386563834001474,0.0034763385578543415,1.9972822593010549,0.24334622664717884,-0.016614361282558665,0.4094533343291551,0.023042446711312326,-0.002149445287796148,0.32613866808599756,0.022380106126684684,-0.0019128712585232965,3.358920584150808,0.11531046180177011,-0.009225248400591024,4.184953196070026,0.13071672807162815,-0.0086547446041223,0.4746876002270944,0.029346631768274522,0.006001144442769557,2.884341267775915,0.09228333516967673,-0.0040547019198955425,0.7217098314551377,0.02254255743493943,-0.0014925410098719505,0.5792576153384797,0.019885692874682535,-0.0015909263870800272,0.1110467760886267,0.003456866096264345,-0.0010953556871182712,0.1405508610846068,0.0037086022390030323,-0.0011463467192818766,0.9499308172729928,0.00588200902406542,0.0017986807158857365,0.09101674541358955,0.005711060693627986,-0.0005204405693649689,0.22127678589870822,0.005838652124154223,-0.0018047553434449026,0.17482691680211976,0.005442330364686491,-0.0017244774168654886,11.095576545735108,0.4261790722729241,-0.05563066449798271,14.023392273825149,0.5290041605878949,-0.07588939852757193,0.366659811622188,0.03438977399734407,0.010077023167654131,9.175362252357276,0.5722892118902901,-0.02108737607297151,0.7933840898214595,0.029928812962265513,-0.0042935004742239435,0.6277406869102137,0.024111405340013253,-0.003147347179418003,9.298820091917204,0.1941785764429193,-0.03804466637033954,11.622394484764822,0.19348833093373644,-0.04855394332881957,0.5168968485019854,0.036412894244437166,0.007505398559556231,7.875492345904954,0.3411987139714236,-0.019560971218471224,0.692148313800306,0.01152280815897045,-0.002891532381511519,0.5537725169619497,0.011563914341170298,-0.0022656735418715712,1.9629747595020586,0.06832902918420158,-0.008795485414167858,2.469267482379569,0.06988128477270752,-0.010271868038591148,0.26585747775691126,0.04662325661953988,0.009061979639700124,1.671331988541897,0.12903062233028637,-0.0043864322775044595,0.8546832743456731,0.02418788799156878,-0.0035553838826767326,0.6794410515997856,0.023650608454834625,-0.0030443661235097785,0.01215672492980957,0.001857900619506836,0.5674055611815959
Ridge,einzeln,nur_dn,ok,2.386562222443335,0.16421345036796292,-0.013466050590060785,2.9986495489965015,0.16773685317019874,-0.013618645626657155,0.8303441746512977,0.0185882895466924,0.0032660256873217053,1.979247764836692,0.2630252147549237,-0.004197039303811323,0.4094889581873381,0.022905774126647474,-0.0018597321622490504,0.3259036650163482,0.022424626023413892,-0.0018388941211444076,3.3596008175952483,0.11834918231393102,-0.008152106681851734,4.186867814333721,0.1337045282495149,-0.007502945339482814,0.4742152826904064,0.029674621912133606,0.0057111959393306155,2.885955073630117,0.07945308493158748,-0.0002500319729219491,0.722040014078372,0.023057814036812344,-0.0012939091938852787,0.5793749239776773,0.020409730866488594,-0.0014058593402880293,0.1693947860783437,0.006526154918419333,-0.0010451570706681013,0.21215797241473494,0.006832227529016135,-0.001072215719711972,0.8862984589093881,0.010409610573498347,0.003053011983302212,0.1410470841713269,0.0072188048993493585,-0.0011501989077885022,0.33401171559140913,0.010756343550533662,-0.0016880469206453919,0.2666873295699809,0.010274476965001198,-0.00164544703299635,11.219862708181065,0.36385632772397697,-0.04973809992405265,14.14971530672474,0.4815382632504655,-0.06838209269412943,0.35487447725606575,0.03728419715876436,0.009823841054175164,9.2351681287572,0.5172210340355196,0.10145907535496512,0.8005309115407375,0.02724339369841838,-0.003868768933568578,0.6347722711335003,0.02058544863897782,-0.00281397085435231,9.374036544050657,0.2430619153120178,-0.03394923230758451,11.726399706993112,0.21384759916767196,-0.04500884066780664,0.5079679034445235,0.04032131683666607,0.007540133200162891,8.09371480402615,0.2964668651239399,-0.07745798329982456,0.6983421355025465,0.012735263406191527,-0.0026804109269537024,0.558251881397777,0.014475063211183912,-0.0020217782082092572,1.962894992769132,0.06785695276649521,-0.007656019823869764,2.468586506575914,0.06797367591001865,-0.008322935550971966,0.266310288945366,0.045382792910034185,0.007865258054784219,1.6722538049176152,0.13037201015488853,0.006191239089089917,0.8544475693709096,0.02352761064188186,-0.0028808032583075294,0.6794134420787563,0.02348720946249955,-0.0026499648734752412,0.009964990615844726,0.004807090759277344,0.553335097649508
Ridge,einzeln,nur_wandstaerke,ok,2.927093418313697,0.17185353038088783,-0.01673648832485375,3.6364335729165376,0.19470012049002383,-0.016276184726214726,0.7510929288079694,0.01985794839101542,0.004221214349111713,2.583817614791556,0.2075274906748059,-0.01197387746063816,0.4965833355849713,0.026587818348126048,-0.0022226398309975193,0.39971741105372116,0.023467938472515357,-0.002285497873585285,3.4424076768015555,0.10672328178429079,-0.010426826834750713,4.297938333849352,0.11966071213056059,-0.009081954937983028,0.44588452659912853,0.029691420467650782,0.006430067879845847,2.939436838244771,0.13014483549556385,0.01850218765156031,0.7411945140604835,0.020635908775430794,-0.001566214927738896,0.5936552567797825,0.01840480361434149,-0.0017981427951418993,0.11275156161870059,0.0038066459664483354,-0.0010053524188585738,0.14291504231440552,0.004281699952083234,-0.0010624107176099296,0.9482288807229817,0.006259542282655679,0.001790571236398808,0.0952801939580562,0.0058881672273660215,-0.0017516315378944547,0.22499884366324235,0.006740910701424335,-0.001672610378071926,0.17751085242393208,0.005993007641574823,-0.0015827804271266732,11.105104534444237,0.45881422926617327,-0.04132466753992148,14.032037634402736,0.560283493754738,-0.05753378732841341,0.3659856031096315,0.03457750119917316,0.008344523809924453,9.126470168195034,0.6400531305231267,-0.015349750948628227,0.793873207675335,0.03169846504003836,-0.0032550178018433407,0.6282797401223194,0.025957764182559313,-0.002337974514521335,9.335437760438872,0.1724746431619935,-0.03435102754568575,11.644489771918273,0.18369524060775672,-0.039487302191394846,0.5152404241901608,0.03391685354221049,0.006608659057509736,7.946101511856126,0.38824329404398045,-0.11822994240055618,0.6934641541605899,0.010939600372923764,-0.0023515868149308616,0.5559532085187364,0.010271380273176037,-0.002045706315012774,1.9704849841979812,0.0667080598948402,-0.008327112615705845,2.4777046682177657,0.07540090053950389,-0.00979494709947204,0.26067522522623365,0.05049363536941774,0.008967848291500158,1.662888482371003,0.09254430182817558,0.010230008249980882,0.8576036228578982,0.026098383031235125,-0.003390308064540659,0.6820405526582928,0.02308954516390672,-0.002882249058485331,0.0056650638580322266,0.004750347137451172,0.5478512647760175
Ridge,einzeln,residualisiert,ok,2.3879863316883214,0.16383925259902185,-0.01411308058307048,2.998372699969994,0.1683682197912148,-0.01576764108081896,0.830399703674483,0.018392164129972213,0.003482277082576757,1.9911793673354836,0.2594003148674824,-0.011898606896036723,0.40945115229585677,0.022991992157681027,-0.0021531942341902477,0.32609813822888806,0.022373526402715966,-0.0019272511076559584,3.3589080301428824,0.11546797382401479,-0.009237985681176397,4.184955004331883,0.1308784438516051,-0.00866177052972894,0.47468747065007066,0.029365661068666598,0.006002571447654592,2.8845387145013404,0.09314289448077055,-0.006316580586425591,0.7217101432962262,0.022570445887412516,-0.0014937526553424618,0.5792554503558576,0.019912856374416053,-0.001593122975714012,0.11104184072889818,0.00345908614171928,-0.0010970053095677307,0.14055201610311618,0.00373005160563563,-0.001151327973459404,0.9499299088780893,0.0058886438755973375,0.001802233904602546,0.09122010782252214,0.005910333545946851,-0.0006614052657783059,0.22127860430651758,0.005872421016577919,-0.001812597600017618,0.17481914679964836,0.0054458255017424025,-0.0017270745062802628,11.095916040862992,0.42672871417673386,-0.055815992347707066,14.02359506737903,0.5294568503138396,-0.07609395372250738,0.3666451382590093,0.03435258364427948,0.010091856071376304,9.170810314860642,0.571343908330462,-0.020982577931370372,0.7933955630210983,0.029954424228011863,-0.004305073340045817,0.6277598941054325,0.02414250174900378,-0.00315783224355215,9.299019196199804,0.193710871324423,-0.03811797087882063,11.622503107933095,0.1931947809402988,-0.048663699771505975,0.516890612934225,0.03637195074681877,0.007511728749883484,7.873169820187831,0.3387318746938996,-0.017969551908038284,0.6921547826344916,0.011505326379872316,-0.002898068705574186,0.5537843742168083,0.011536061104081547,-0.002270039044350969,1.9629819644175839,0.06834102668425646,-0.008800459257505944,2.46928751925302,0.06981874583719781,-0.010292076941990747,0.2658476548766172,0.04657677819696166,0.009071905407942005,1.670980614686325,0.12961712291216806,-0.0037829203245649534,0.8546902096739561,0.024166241498203064,-0.003562378755387785,0.67944354542471,0.0236547611287365,-0.003046087711284562,0.0026938915252685547,0.0038404941558837892,0.5674000815454158
RandomForest,multioutput,original,ok,2.8458099889616486,0.13960898113077624,-0.35214755950724985,3.5627884318812226,0.17208612775591534,-0.4441440388466411,0.7611545859759736,0.016271634352834262,0.057194604760711254,2.416410533175039,0.13243862793134403,-0.31805989983751015,0.4865265178123835,0.023499701456225458,-0.06065132880008994,0.3886175255021057,0.019064694057352824,-0.04808849280806893,3.5074073416558607,0.11931316955583086,-0.4400110876317207,4.37606436313171,0.11078983230474175,-0.5637787603019779,0.42595713815988495,0.020682939760525366,0.14133861224185978,2.9272084736250634,0.10625360682098967,-0.3401535993660363,0.7546676213531958,0.0191060944898224,-0.0972256211748368,0.6048646765674862,0.02057597384156652,-0.07588145267461865,0.13558824593436292,0.007628739544327855,-0.012965247584299885,0.1717128512531883,0.009124653030384537,-0.016840612552174894,0.9255166651977245,0.008087974649812577,0.014903946944914814,0.11254993860648735,0.00689067511542935,-0.011005855702021491,0.2703367843469572,0.014365432409474771,-0.02651308280400727,0.21346387374986567,0.012010335289309169,-0.02041188713961617,11.4240193154727,0.5037465567913731,-3.3548985898347183,14.47786414107009,0.620386762997073,-4.20589126873743,0.3246420732396169,0.04702481776686362,0.3372579369482477,9.416565979617483,0.6073600346429638,-2.818885055638228,0.8190961815680902,0.03509885323656115,-0.23795149925054948,0.6463225865560702,0.028499844806209772,-0.18980594082841562,9.611819834836814,0.2802338166388747,-2.4225172803347883,11.96404217912023,0.310403704822229,-2.9947351349966542,0.4877857411851137,0.043676338745702405,0.22654659646770708,8.320784324922368,0.27821415109096265,-2.1605322675861007,0.7124944546813297,0.01848546796201964,-0.1783454241450495,0.5724125867484057,0.016688760987305797,-0.14426814138289462,2.0262886219518252,0.049236490018246495,-0.22644508568117927,2.5645597917761824,0.052019886891943645,-0.291018304487781,0.20908275980709976,0.023738607909375018,0.1711167010825612,1.6813809216100786,0.08515989748823594,-0.16794688151445336,0.8876666362520845,0.018005553297552223,-0.1007296613870482,0.7013557690842965,0.01704214096138745,-0.07837904506925597,0.6182824611663819,0.05191049575805664,0.522356493927569
RandomForest,multioutput,nur_dn,ok,2.736598990724759,0.1626252140999667,-0.33356721982473303,3.440943201467251,0.20781223003395977,-0.41443629391525105,0.7768522285305083,0.022906756357246705,0.05207987308153117,2.3016028317544572,0.1542263302886,-0.28619456854510306,0.46988760231156723,0.028378379061891813,-0.05659450477871608,0.37370391283750165,0.02220773998717978,-0.04555120266627588,3.50529390608554,0.10827770214901225,-0.43973024155537166,4.368251412259007,0.1118131468936122,-0.5514141179576182,0.42804930291061716,0.019581783573482472,0.13821930701117058,2.9065703309250637,0.1430591960622568,-0.32940733287067303,0.753320250619683,0.019282568673608436,-0.09509329531018185,0.6045002072036041,0.0186728688487358,-0.07583301978542456,0.18089487143691768,0.007986515885156142,-0.017602826629411483,0.22659320758504414,0.009952253857068443,-0.022670713229076878,0.8700862561663566,0.01483678056983241,0.02661713120403275,0.15366608564850207,0.0043031461276354255,-0.01501330319628455,0.35673788331125855,0.015668368937380446,-0.03569172411075949,0.28479253295378815,0.012573601840350971,-0.027713077452749646,11.519450352779259,0.5190674029980057,-3.2575204353409184,14.581442146936103,0.6766408085224029,-4.052224810330554,0.3141776952989714,0.061087549881988036,0.33054927760828917,9.535967427634562,0.4542922917226226,-2.8121996497584254,0.8249561860737702,0.03828146867199991,-0.2292577024246003,0.6517216701155812,0.029366633339654113,-0.18429669763226247,9.777672390751622,0.2758677636218308,-2.443440136418203,12.166121686015604,0.3129291168134901,-3.0119805695087702,0.4704352064194094,0.044140263315872424,0.2319999025453826,8.430403519181164,0.3429841253205516,-2.132827538631485,0.7245288930351972,0.018635863790839036,-0.1793724412914699,0.5822896019423387,0.016428749486433823,-0.14551415997028694,2.0278085601365925,0.05434340485271873,-0.22728739943757348,2.559092059094119,0.05180095458060349,-0.28780478546019594,0.21233713719972255,0.026967871019415203,0.1690703757533676,1.7010504908920765,0.09553177755543667,-0.18087643816594956,0.8857740994146216,0.017929774636045726,-0.09961737161517559,0.7018818626540819,0.01880978854257418,-0.0786705936699964,0.7330199718475342,0.08909878730773926,0.5119896377542642
RandomForest,multioutput,nur_wandstaerke,ok,3.1694722329274825,0.13177877215421044,-0.39525181709581414,3.9382498553938996,0.16289800857503933,-0.48822254878030646,0.7081720088936749,0.016871280483882475,0.06958946321196702,2.776146433975003,0.07896623650546078,-0.3513232264722861,0.5377987003871002,0.02224499219807388,-0.06667059274416309,0.43281612654586504,0.01799541801698456,-0.05397471500408607,3.556204303850849,0.09115432703191936,-0.4315155358707341,4.434110795840605,0.08064859513288504,-0.5514567586393468,0.41062664639261126,0.015086640964090644,0.1405526678245388,3.014258299966059,0.12345078644117129,-0.3843863217712622,0.7646779319120449,0.013908132605905059,-0.09510064884504388,0.6132798835510049,0.015719882855653382,-0.07441636502792792,0.13224771208456115,0.005046492826860613,-0.01374024964560873,0.16821742636859005,0.006205753403088228,-0.017381349509656474,0.9284558248599561,0.007224543787319327,0.01505311908294682,0.10816105474840984,0.008228632672373743,-0.011258520350827361,0.2648337488063305,0.00977005161347763,-0.027364394101887762,0.20820469150248688,0.00794496528994159,-0.021632014600009825,11.516318248509112,0.5028260957209258,-3.2925005806100334,14.556675725799408,0.6301764818736876,-4.0910890306393775,0.3173036185346029,0.04753242368999456,0.33172322269520077,9.730317476103881,0.6749146722026382,-3.0813751319748004,0.8235550069504886,0.03565271403207122,-0.23145647526459912,0.6515444689329376,0.028447769020669936,-0.18627572597107311,9.586117786831798,0.21876291770112735,-2.3312631371844885,11.960409303409511,0.23870140872293988,-2.9010134655367175,0.4881278423803016,0.04212158338941365,0.22043973628363123,8.48955960136834,0.3185189019208833,-2.3084297168503944,0.7122781060794374,0.01421538201666742,-0.17276401873256964,0.5708819530041109,0.013027985309512092,-0.13883368453395817,2.0229721585346367,0.05576874734763865,-0.22517743119447964,2.558910645143558,0.056960211606237175,-0.2875995418736075,0.21256863880141302,0.0256151657534843,0.16885003386471564,1.703216751477258,0.08952149381661756,-0.19296774207314749,0.8857113069183107,0.019715539329148227,-0.09954633100824406,0.7002078473492569,0.01930313987017039,-0.0779402740186661,1.6485766887664794,0.13920125961303711,0.5108757633104267
RandomForest,multioutput,residualisiert,ok,2.7825944719344347,0.16135180030946608,-0.33782507597027367,3.501100963429633,0.2083357141333102,-0.4229133197314088,0.7690843814442931,0.022360105777252743,0.05395017374883082,2.3538790075293825,0.17458305600268334,-0.2956124129441866,0.4781026133925058,0.02844986489408662,-0.05775210869783609,0.3799849541443055,0.022033845413007853,-0.04613264609561318,3.527569002739803,0.11847275926267928,-0.45079872073219107,4.390341856764648,0.11579681479598383,-0.5604504917083419,0.4221362799169894,0.02351172069662128,0.1411569427320461,2.9521713205574542,0.15555748114141796,-0.3592635120549348,0.7571298251200396,0.01996956615140432,-0.09665164960258443,0.6083416256135139,0.020431042143980695,-0.07774181777357592,0.1598007457118249,0.007227556462036008,-0.014626865952449053,0.20151295206583048,0.009673451731721261,-0.019630189493319183,0.8972820184237392,0.011839139338233134,0.02053373998552388,0.1324586767691443,0.007252318801815237,-0.009763811236330022,0.31725268707706944,0.015229435744638102,-0.030904863934269944,0.2515829154119787,0.01137873116876922,-0.023027862374894043,11.459144695229703,0.48995862809972784,-3.391601536758957,14.513957974585827,0.6109246788181536,-4.226801833905414,0.32076361689665955,0.05386209582509059,0.34013982840540835,9.410872210872856,0.5058312384797976,-2.8428238160656303,0.8211382176669808,0.034563528623406156,-0.23913453038805998,0.6483098316465581,0.027719782247740073,-0.19188243798193277,9.693780730561814,0.28571959353045795,-2.486937281853642,12.08662156094889,0.30386846622456565,-3.096201705919558,0.4775813431713664,0.040366777435360435,0.23542179499720867,8.54001382154662,0.26596002448065836,-2.394893195947433,0.7197944230785999,0.018096274979318438,-0.18438806157776144,0.5772936029493259,0.017015455390113364,-0.1481045449299208,2.0333053815481437,0.05179370382702186,-0.23133134815364276,2.5683187379400296,0.05189502771014822,-0.2951536787761935,0.20669117168392356,0.025883236919195616,0.1737046188713078,1.6918031529480384,0.09494983210217765,-0.1660320254466059,0.8889677137733862,0.01796233600534289,-0.10216103132274212,0.7037844679230709,0.017927264945274343,-0.08007031863077929,1.7136313438415527,0.13834776878356933,0.5155898019228286
RandomForest,einzeln,original,ok,2.514833850155873,0.1867110342015247,-0.8526677405280156,3.164357566336796,0.19949903646951828,-1.0458142099667609,0.8111793861690408,0.021231440890343612,0.10500902519448707,2.1243184850562358,0.18665085941358298,-0.7681455168238891,0.43211767897489206,0.027243147713149486,-0.14281407823735737,0.3434201551359019,0.025496846373011108,-0.11643842304467172,3.4317721902851965,0.09815216786341724,-1.0622123603736298,4.30037480139218,0.11054513048755452,-1.3039364718254607,0.445606125781036,0.021132862004770613,0.2870496509191536,2.819931942727044,0.1253397153800549,-0.8640824719411342,0.7416146914190576,0.019063894804673034,-0.22486841004412828,0.5918211298919662,0.01692668500861246,-0.18318224067469102,0.11776769318855049,0.0030964744672093356,-0.042523041771270365,0.14897557886848636,0.0032309836031586027,-0.05272719364966033,0.94367665732312,0.007270062726058133,0.03330533129695967,0.09758191289031945,0.0026246915332392615,-0.03657540056061956,0.2345402725748829,0.0050867113974349355,-0.08301125905754714,0.18540801835273613,0.004874946424618793,-0.06694631350653273,11.433338787832849,0.5203112690394467,-3.5932807953374484,14.34053810591339,0.6853665309114698,-4.361358671012566,0.3368461551491177,0.05787940282462426,0.3439502464925292,9.463906688335245,0.5879125417284609,-3.026466792189968,0.8113268566227312,0.03877513305651594,-0.24674718584638078,0.6468498427970495,0.029437006007542083,-0.20329259551577172,9.58541593887632,0.27818436941747393,-2.9695224675037313,11.991472834318625,0.28247750248860165,-3.6452173872017006,0.48550793914349716,0.04250547105446469,0.26715202894819706,8.189156227763444,0.2389754403504196,-2.5758820152201043,0.714128032148253,0.016822379182731998,-0.217083585598004,0.5708401558615717,0.016566710282489787,-0.17684393447228808,2.0274696167983786,0.06865535934405843,-0.5702596625288117,2.546661099829986,0.07235625325552605,-0.7047034706859108,0.21948788029716199,0.04397632702664342,0.3736678112076159,1.7195071923704215,0.0947066436446587,-0.5017532812569572,0.8814713930278316,0.025044544543316397,-0.2439177910317658,0.7017645447838272,0.02376356054752384,-0.1973829887103592,9.169392538070678,0.7848410606384277,0.5403840239771622
RandomForest,einzeln,nur_dn,ok,2.504567572069392,0.1700152570090557,-0.8208803523383366,3.157074871247828,0.19234365362376357,-1.0060835810650866,0.812021471310846,0.020950079149295062,0.10158592167450864,2.098682799600745,0.19930714782159747,-0.7368065732446165,0.43112317022151825,0.026266024438467345,-0.13738855132224365,0.3420182148793283,0.023216907921730586,-0.11209760753402162,3.445922723772111,0.1066122037318721,-1.0368990291257685,4.325700544159754,0.11169128142088816,-1.2755796751662136,0.4389898689101484,0.02324581471968847,0.28401207057294714,2.814438237130554,0.08011515004891728,-0.8364614011634528,0.7459822044324472,0.019261552546149138,-0.2199781811744791,0.5942614389371024,0.0183856478152839,-0.17881686807133224,0.17387457718933014,0.005832114145219322,-0.05474061491835368,0.21879102781499263,0.006712395897530439,-0.06834162952960224,0.8790279756483983,0.011452964419490437,0.0647511976088817,0.14640474969657297,0.008547759535095232,-0.04734220816707756,0.34445449173899584,0.010567686163026141,-0.10759390592625012,0.2737401058453249,0.00918181121830111,-0.08618109653530098,11.446479285991623,0.4879610678694391,-3.4319812069196534,14.522374647162886,0.6600696655763849,-4.279181333018485,0.3194402333337917,0.06313930329617734,0.3443029766074647,9.627586439912639,0.5456013688809466,-3.1069503433849803,0.8216143973231926,0.037343943649037606,-0.24209794041165977,0.6475932764804213,0.027606768757549884,-0.19416694855057237,9.771591401889342,0.27625861903698956,-2.988632215772201,12.178414351842672,0.2988171959963127,-3.64654698456229,0.46935206380966416,0.044100186486898466,0.27220469556438914,8.391128551334749,0.4486353323615653,-2.5820410255717086,0.725260958009886,0.017795456746413172,-0.21716276709303672,0.5819274608884636,0.01645202609409817,-0.17798197707258923,2.036856875433082,0.06323525503920639,-0.5496298265994852,2.55417099736533,0.06815561103186732,-0.6781480893509761,0.2148815237643948,0.04290355009974865,0.36308433127789325,1.7177405682661955,0.09048835249642986,-0.47582573652985505,0.8840707808468146,0.023590583530307144,-0.23472622291174672,0.7050137403465964,0.021887509237723344,-0.19024241935239738,8.046980142593384,0.7604854106903076,0.5222855227962072
RandomForest,einzeln,nur_wandstaerke,ok,3.003967098430773,0.11889136216033712,-0.9919073840187962,3.7532970524819005,0.16317865607367393,-1.2035949065734384,0.7346688087189154,0.020209479616584074,0.1439393151132654,2.5754569358341612,0.1287415228223061,-0.9032832119497485,0.5125419541949326,0.022283316800517736,-0.16436026161752681,0.4102151109912488,0.016235541777398537,-0.13545268116979897,3.497601705649513,0.0824955754089463,-1.0252562264181404,4.389082631282282,0.07625560333971725,-1.2665627532087766,0.42233694633520213,0.020807000699840594,0.28735376799208845,2.894890220485453,0.20400631364909938,-0.8718486520701587,0.7569126672766746,0.01315054578997407,-0.21842318141193517,0.6031736603056801,0.014226650821351036,-0.17680902597941162,0.11834227358038855,0.0037444172685680626,-0.04113478223005464,0.15016043228980253,0.003820663939907965,-0.05139992991049476,0.9427760041530299,0.007523735428372106,0.03298887934941308,0.09762763013573497,0.0038350298006479123,-0.034998701825613515,0.23640565109200273,0.006015076891724009,-0.08092167631165648,0.18631261119098147,0.005895037652978884,-0.06476070178631349,11.53231454581449,0.5442574952079315,-3.5277965251636303,14.447129004547111,0.7120945148658505,-4.247401037723364,0.327031824604482,0.05925300541428053,0.3395276924582279,9.828402126281896,0.404275516549197,-3.2313764809627585,0.8173573178295829,0.0402872890889753,-0.24029994602024285,0.652449471626318,0.03079178197632125,-0.19958777309655917,9.599536647618512,0.22030402298538296,-2.92721076670397,11.986318918429301,0.23627220773172625,-3.5517046365107223,0.4860387827543976,0.040737299315331085,0.2613704502151105,8.172937481798707,0.2938007785199277,-2.5701540218518364,0.7138211010595743,0.014070715840333887,-0.21151462192236625,0.5716810862531863,0.013119762733285188,-0.17432414628225817,2.0360655037882815,0.06894934890300909,-0.5637044762930321,2.561236240561631,0.07674049661758907,-0.6986836525935105,0.21040068919722624,0.047873302002136985,0.37358934400830446,1.7387495745797072,0.09864643273747263,-0.49398889065013996,0.8865162612300269,0.026562055100174047,-0.2418341618280072,0.7047398242506574,0.02386531864406885,-0.19511405345894484,7.882890033721924,0.759676742553711,0.5205421759605422
RandomForest,einzeln,residualisiert,ok,2.5100884836552773,0.1829852432783668,-0.8449450190960381,3.1590795417911286,0.20028125804553787,-1.0353192958542774,0.8118325539956361,0.02105708535977963,0.10394470725751981,2.09406379921266,0.21655450770573487,-0.7388345709534954,0.4313969236024559,0.027349966163589316,-0.14138091595014562,0.34277213836942233,0.024988060595073715,-0.11538382526594496,3.4433910330079227,0.09708211788705325,-1.066950370271638,4.31669029594808,0.10197633664157703,-1.3122025556784687,0.441351390289819,0.020842399190149574,0.2898817287881343,2.815294035812957,0.08987873247494658,-0.8532957852237812,0.744428355580727,0.017586176303983063,-0.22629392514665114,0.5938248400005994,0.016742151143618326,-0.1839993270708149,0.12074165423316627,0.004608930252219264,-0.043727927801605254,0.15312286699140265,0.003792715238956709,-0.055174297318735716,0.940506117180275,0.00749932118076157,0.03565523539853532,0.10182395571121616,0.0069563354890033674,-0.03770932911733893,0.24106957149879613,0.0059710757474491696,-0.08686386608161922,0.19009008530175617,0.007256086976432587,-0.06884323043830637,11.416248570835284,0.5448233475881878,-3.5946369572957533,14.440788531887458,0.6588137842180092,-4.451618547661457,0.327693907628164,0.054886487877156415,0.35253486736029443,9.487547207327726,0.400920719595363,-3.069838306171115,0.8169986007637053,0.03727289120545027,-0.25185370705638366,0.6458829507646008,0.030823795505353097,-0.20336932141061442,9.633341922177806,0.26146405176367793,-3.0240484656379873,12.033546186121283,0.2792222285384893,-3.714377234903921,0.48213653775357124,0.03990949404508609,0.2721627918718321,8.283612082034317,0.35173077352562915,-2.7073111059569435,0.7166336259434309,0.016628517893779744,-0.2212022611456742,0.573694291347407,0.015570965413783874,-0.180091120559146,2.029811977852513,0.06151491204923014,-0.5687731777731104,2.5469428750180905,0.06921767188357138,-0.7053870619129268,0.2193467609572865,0.04252543541961283,0.3739782762368897,1.6999391301810796,0.07350733826158302,-0.4730328121438201,0.8815689233853636,0.023958192812317376,-0.24415440127848442,0.702575302156098,0.02129204990001982,-0.19686847431800047,8.734384965896606,0.7609106540679932,0.5371445446341253
kNN,multioutput,original,ok,3.1478970208976755,0.13263860562148894,-0.6006911167956317,3.8996661533873804,0.15313039756770788,-0.7398947835528276,0.7135239139762882,0.02096602798720347,0.10001138492160977,2.7065483331177034,0.13296714577690713,-0.4978973656865713,0.5325297952751483,0.020911148816238935,-0.10103839716337826,0.42986986325220566,0.01811283497584468,-0.08202905194151405,3.7160501523199665,0.12265650770559235,-0.6369242051933517,4.6958421857104655,0.1282312983715482,-0.8114469185611415,0.33903786497003463,0.024159531396454863,0.21172252636911248,3.13646111751344,0.16583644537037676,-0.5672615713093792,0.8098144264962329,0.02211393638091598,-0.13993686222811286,0.6408458597883936,0.021152544211535687,-0.10983980925078407,0.15349409805089137,0.00650536192443071,-0.02664925201324614,0.19600449251331578,0.007606347637500202,-0.034155386983997976,0.9033744627769206,0.003403259484161948,0.0315713747596702,0.12550319473707577,0.010379515252910419,-0.01959062324208191,0.3085804227051013,0.011975082505123209,-0.05377266417739057,0.241654020537639,0.010241741435360845,-0.041955351867578206,12.204063582653333,0.5131194749988741,-2.255257740520914,15.418620671144577,0.6949069682464875,-2.828278367823664,0.23282604927422373,0.07101933996627793,0.25914194900015197,9.660576290854829,0.24888954548045678,-1.5180126589175202,0.8723201981813796,0.039314890559104615,-0.16001200100533386,0.6904541845926374,0.029030124786675618,-0.12759292294174152,10.451972681704078,0.1937849134458893,-2.0141976212829213,13.082141913758653,0.19536073435406992,-2.54655534217434,0.3891264249308789,0.025225290368141348,0.2167672156092777,8.750482868706076,0.21172575499246254,-1.5633986522067982,0.7790806342336591,0.01163431537650952,-0.1516549785326614,0.6224461987597666,0.011540470533617824,-0.11995148581981474,2.1745470673584966,0.07713122643517353,-0.38829398477116484,2.7372409829230193,0.07732124830161799,-0.4910954835761614,0.0985241150844716,0.04643506698830567,0.2965106545685413,1.8352885199439768,0.11948468361812924,-0.34409816423828987,0.9474364776809535,0.02676306967410314,-0.16998202864388,0.7526722078556288,0.026697297734785515,-0.1343995240212431,0.003532695770263672,0.03124723434448242,0.44606880516880293
kNN,multioutput,nur_dn,ok,3.248975739091499,0.11878022456795008,-0.6440763456230729,4.050988292509798,0.17433439085283703,-0.8073474989178284,0.6909103311147514,0.023390296369250017,0.11263672080316778,2.7569280139524084,0.11007956690996214,-0.49615634386346397,0.553194012312666,0.023806719298172907,-0.11024959096592324,0.4436729497188959,0.01622036507329276,-0.08795364294922742,3.750831540587175,0.14962401771084333,-0.6656650529213928,4.759043880463563,0.1865653278623614,-0.8552144027825799,0.3209187644548196,0.04018497307088322,0.22534382683960563,3.1362649957830997,0.21893446223611823,-0.5898468942473243,0.8207137800447437,0.03217384401177051,-0.14748471812536246,0.6468440319752833,0.025803185733388637,-0.11479626907192642,0.21755598782537064,0.008529796850084684,-0.04211346064090454,0.2724140781972877,0.010578522550965273,-0.05174263108731597,0.8129572959582246,0.013861810245712647,0.06611444690018753,0.18592375766476238,0.013656678211729865,-0.039325975230194155,0.4288761462711306,0.016654337451732375,-0.08146120922056588,0.34251010180604896,0.013428918306089117,-0.06630148788687651,12.296193292924341,0.5866026782957771,-2.1990527769536072,15.509937535974881,0.7454104023714831,-2.8477927415503625,0.22291129928844372,0.08199413252408923,0.2631888030375654,10.224560240551673,0.6267126698288992,-1.8234909490701519,0.8774865193021238,0.04217216077830165,-0.16111604154953896,0.6956664930627721,0.0331874929345878,-0.12441308435542975,10.45092757963406,0.1284017213573158,-1.976754752741444,13.162732341941743,0.11061429234683774,-2.5169173219658045,0.3806952121433379,0.04031976465509014,0.21692438064274844,8.768634546718836,0.27325393046227464,-1.4793069989347076,0.783880034998148,0.006587411572584121,-0.14988994588481863,0.6223839598092249,0.007646706110605859,-0.1177216511365401,2.1997658803439393,0.07282505519430613,-0.3904002191807254,2.7462118814216594,0.07297903824019762,-0.4775359681457654,0.09309943603748032,0.03421167734567033,0.28975802437293513,1.8639261364505906,0.10439683913837437,-0.3251866515732833,0.9505415592313945,0.025260108030751686,-0.1652886970670907,0.76140115188916,0.025206810145935496,-0.13512855128724377,0.0049362659454345705,0.022175407409667967,0.42024872316617623
kNN,multioutput,nur_wandstaerke,ok,3.5061327134974567,0.126711868538618,-0.6502040159907594,4.402047910218902,0.17611753214189244,-0.8284900384502891,0.6352386224396375,0.022538659553449723,0.12630179679795284,2.962813716181798,0.15350426281233234,-0.5463019311649688,0.6011339381921186,0.024050221133524244,-0.11313676945914858,0.478789738066285,0.01730349285237871,-0.08879042407819238,3.835357642592038,0.1157967285754556,-0.678451490935251,4.866913577829171,0.14175038133936702,-0.8798644901804105,0.2898005060295339,0.03236957369424269,0.23689801739136673,3.155627895299554,0.20567631357815952,-0.4642706049230836,0.8393162870400326,0.02444534957313398,-0.15173571200456482,0.6614208542175909,0.019969551282372308,-0.11700133507662136,0.16931664166088586,0.010962047975413296,-0.03093369288850284,0.21524173969361815,0.015767571060671205,-0.038031093232741814,0.8835773635811102,0.009750519979521775,0.03844188304789098,0.14093201351607776,0.010748363467018013,-0.027041260152242202,0.3388666564054688,0.02482373582638212,-0.05987439713862325,0.2665643026073742,0.017258142171087357,-0.04870057775188752,12.174541849179883,0.4866313334607808,-2.2361445027259474,15.479093094867798,0.6769156771183744,-2.8856785012927038,0.22721737437535836,0.06549864999583727,0.26463050587874937,9.960930907220682,0.4396025151352456,-1.818554822978891,0.8757414715735885,0.0382970195719945,-0.16325945723837132,0.6887839700550679,0.027531538021439997,-0.12651157696814253,10.356730345437203,0.15924166365446532,-1.9194053939579412,12.960813575886352,0.24611419142082727,-2.4554929393573843,0.4008024849918613,0.015685255662547522,0.20736426689119353,8.76127858816705,0.1985425935908221,-1.520149282805349,0.7718551692415192,0.014656835372224765,-0.14623194039340492,0.6167742330958982,0.009483316809601804,-0.11430632548814934,2.2201413381836073,0.07255484410642252,-0.417425626894357,2.780229469338086,0.09012186736774036,-0.5084621887729854,0.06933902668065425,0.06261004879296168,0.3118055898282357,1.9184182529486062,0.13344338656355212,-0.402254250517019,0.9623160079831898,0.03119372576752161,-0.1759931362165249,0.7684536737997949,0.025113282450371987,-0.14448280882314857,0.002467918395996094,0.022084426879882813,0.4176625630163593
kNN,multioutput,residualisiert,ok,3.390965882835019,0.08731695340664962,-0.6264106466504344,4.29196315300913,0.1240021225420717,-0.8127295808103758,0.6530674601852143,0.019813276053764685,0.1208614102038863,2.84999370186951,0.12981831521797702,-0.5531790993244949,0.5861010069323715,0.01693345592510613,-0.11098455617977954,0.4630628100824926,0.011923810268041098,-0.0855412541222711,3.8931827586718533,0.12827303807102738,-0.7056163993453723,4.85298077453345,0.14930708248002023,-0.8646710175801795,0.29372170628106326,0.03678520889538057,0.23266783518725037,3.3065379833911805,0.16867970040472324,-0.5772771878213319,0.8369135263287074,0.025748529143146653,-0.14911554445769049,0.6713929979488584,0.02212113453823455,-0.12168601864454631,0.1865419021727743,0.016997950592424163,-0.03206232303122489,0.2377233614378615,0.02072456236386779,-0.04091601426633584,0.8581485985338313,0.013289073140309414,0.04570336869077529,0.156953316316437,0.015994467919897254,-0.03040985313809963,0.3742606836136131,0.03262779405010879,-0.06441628360562257,0.29368295739842665,0.02676078854965192,-0.05047744093524151,12.254176678651984,0.47860153934744926,-2.3463803703607304,15.414200600883735,0.5290145857605945,-2.931256485126239,0.23357995223828545,0.058307842984650894,0.2671264047722489,10.214895695441168,0.3894044608667066,-2.0350387713032205,0.8720701293426586,0.02992940277434465,-0.1658380663590162,0.6932893711352857,0.027077246308731488,-0.13274825507008414,10.649819403044646,0.22822930595706137,-2.053472441382244,13.34627061455397,0.19418015345096026,-2.579784283023834,0.3633035388410188,0.04291963655297429,0.22511605810104646,9.001396677725408,0.253510016402573,-1.8397310822600241,0.7948102874579914,0.011564008256710482,-0.15363386123265033,0.6342285620882786,0.013591737011255886,-0.12229041869136636,2.22647499374421,0.07554625149287784,-0.42731781810530967,2.7937419350447557,0.06695824126439115,-0.5384489873612983,0.06118606728672833,0.03890069163305127,0.328945846565945,1.8547462497945637,0.08654842666375077,-0.32407141866441225,0.9669930543206448,0.023176140007775996,-0.18637241484368483,0.7706459310225309,0.026148693104827953,-0.14790677582346845,0.006170082092285156,0.03787727355957031,0.4105012205610235
kNN,einzeln,original,ok,3.1478970208976755,0.13263860562148894,-0.6006911167956317,3.8996661533873804,0.15313039756770788,-0.7398947835528276,0.7135239139762882,0.02096602798720347,0.10001138492160977,2.7065483331177034,0.13296714577690713,-0.4978973656865713,0.5325297952751483,0.020911148816238935,-0.10103839716337826,0.42986986325220566,0.01811283497584468,-0.08202905194151405,3.7160501523199665,0.12265650770559235,-0.6369242051933517,4.6958421857104655,0.1282312983715482,-0.8114469185611415,0.33903786497003463,0.024159531396454863,0.21172252636911248,3.13646111751344,0.16583644537037676,-0.5672615713093792,0.8098144264962329,0.02211393638091598,-0.13993686222811286,0.6408458597883936,0.021152544211535687,-0.10983980925078407,0.15349409805089137,0.00650536192443071,-0.02664925201324614,0.19600449251331578,0.007606347637500202,-0.034155386983997976,0.9033744627769206,0.003403259484161948,0.0315713747596702,0.12550319473707577,0.010379515252910419,-0.01959062324208191,0.3085804227051013,0.011975082505123209,-0.05377266417739057,0.241654020537639,0.010241741435360845,-0.041955351867578206,12.204063582653333,0.5131194749988741,-2.255257740520914,15.418620671144577,0.6949069682464875,-2.828278367823664,0.23282604927422373,0.07101933996627793,0.25914194900015197,9.660576290854829,0.24888954548045678,-1.5180126589175202,0.8723201981813796,0.039314890559104615,-0.16001200100533386,0.6904541845926374,0.029030124786675618,-0.12759292294174152,10.451972681704078,0.1937849134458893,-2.0141976212829213,13.082141913758653,0.19536073435406992,-2.54655534217434,0.3891264249308789,0.025225290368141348,0.2167672156092777,8.750482868706076,0.21172575499246254,-1.5633986522067982,0.7790806342336591,0.01163431537650952,-0.1516549785326614,0.6224461987597666,0.011540470533617824,-0.11995148581981474,2.1745470673584966,0.07713122643517353,-0.38829398477116484,2.7372409829230193,0.07732124830161799,-0.4910954835761614,0.0985241150844716,0.04643506698830567,0.2965106545685413,1.8352885199439768,0.11948468361812924,-0.34409816423828987,0.9474364776809535,0.02676306967410314,-0.16998202864388,0.7526722078556288,0.026697297734785515,-0.1343995240212431,0.030929422378540038,0.16761140823364257,0.44606880516880293
kNN,einzeln,nur_dn,ok,3.248975739091499,0.11878022456795008,-0.6440763456230729,4.050988292509798,0.17433439085283703,-0.8073474989178284,0.6909103311147514,0.023390296369250017,0.11263672080316778,2.7569280139524084,0.11007956690996214,-0.49615634386346397,0.553194012312666,0.023806719298172907,-0.11024959096592324,0.4436729497188959,0.01622036507329276,-0.08795364294922742,3.750831540587175,0.14962401771084333,-0.6656650529213928,4.759043880463563,0.1865653278623614,-0.8552144027825799,0.3209187644548196,0.04018497307088322,0.22534382683960563,3.1362649957830997,0.21893446223611823,-0.5898468942473243,0.8207137800447437,0.03217384401177051,-0.14748471812536246,0.6468440319752833,0.025803185733388637,-0.11479626907192642,0.21755598782537064,0.008529796850084684,-0.04211346064090454,0.2724140781972877,0.010578522550965273,-0.05174263108731597,0.8129572959582246,0.013861810245712647,0.06611444690018753,0.18592375766476238,0.013656678211729865,-0.039325975230194155,0.4288761462711306,0.016654337451732375,-0.08146120922056588,0.34251010180604896,0.013428918306089117,-0.06630148788687651,12.296193292924341,0.5866026782957771,-2.1990527769536072,15.509937535974881,0.7454104023714831,-2.8477927415503625,0.22291129928844372,0.08199413252408923,0.2631888030375654,10.224560240551673,0.6267126698288992,-1.8234909490701519,0.8774865193021238,0.04217216077830165,-0.16111604154953896,0.6956664930627721,0.0331874929345878,-0.12441308435542975,10.45092757963406,0.1284017213573158,-1.976754752741444,13.162732341941743,0.11061429234683774,-2.5169173219658045,0.3806952121433379,0.04031976465509014,0.21692438064274844,8.768634546718836,0.27325393046227464,-1.4793069989347076,0.783880034998148,0.006587411572584121,-0.14988994588481863,0.6223839598092249,0.007646706110605859,-0.1177216511365401,2.1997658803439393,0.07282505519430613,-0.3904002191807254,2.7462118814216594,0.07297903824019762,-0.4775359681457654,0.09309943603748032,0.03421167734567033,0.28975802437293513,1.8639261364505906,0.10439683913837437,-0.3251866515732833,0.9505415592313945,0.025260108030751686,-0.1652886970670907,0.76140115188916,0.025206810145935496,-0.13512855128724377,0.02584109306335449,0.14237074851989745,0.42024872316617623
kNN,einzeln,nur_wandstaerke,ok,3.5061327134974567,0.126711868538618,-0.6502040159907594,4.402047910218902,0.17611753214189244,-0.8284900384502891,0.6352386224396375,0.022538659553449723,0.12630179679795284,2.962813716181798,0.15350426281233234,-0.5463019311649688,0.6011339381921186,0.024050221133524244,-0.11313676945914858,0.478789738066285,0.01730349285237871,-0.08879042407819238,3.835357642592038,0.1157967285754556,-0.678451490935251,4.866913577829171,0.14175038133936702,-0.8798644901804105,0.2898005060295339,0.03236957369424269,0.23689801739136673,3.155627895299554,0.20567631357815952,-0.4642706049230836,0.8393162870400326,0.02444534957313398,-0.15173571200456482,0.6614208542175909,0.019969551282372308,-0.11700133507662136,0.16931664166088586,0.010962047975413296,-0.03093369288850284,0.21524173969361815,0.015767571060671205,-0.038031093232741814,0.8835773635811102,0.009750519979521775,0.03844188304789098,0.14093201351607776,0.010748363467018013,-0.027041260152242202,0.3388666564054688,0.02482373582638212,-0.05987439713862325,0.2665643026073742,0.017258142171087357,-0.04870057775188752,12.174541849179883,0.4866313334607808,-2.2361445027259474,15.479093094867798,0.6769156771183744,-2.8856785012927038,0.22721737437535836,0.06549864999583727,0.26463050587874937,9.960930907220682,0.4396025151352456,-1.818554822978891,0.8757414715735885,0.0382970195719945,-0.16325945723837132,0.6887839700550679,0.027531538021439997,-0.12651157696814253,10.356730345437203,0.15924166365446532,-1.9194053939579412,12.960813575886352,0.24611419142082727,-2.4554929393573843,0.4008024849918613,0.015685255662547522,0.20736426689119353,8.76127858816705,0.1985425935908221,-1.520149282805349,0.7718551692415192,0.014656835372224765,-0.14623194039340492,0.6167742330958982,0.009483316809601804,-0.11430632548814934,2.2201413381836073,0.07255484410642252,-0.417425626894357,2.780229469338086,0.09012186736774036,-0.5084621887729854,0.06933902668065425,0.06261004879296168,0.3118055898282357,1.9184182529486062,0.13344338656355212,-0.402254250517019,0.9623160079831898,0.03119372576752161,-0.1759931362165249,0.7684536737997949,0.025113282450371987,-0.14448280882314857,0.026053333282470705,0.14779119491577147,0.4176625630163593
kNN,einzeln,residualisiert,ok,3.390965882835019,0.08731695340664962,-0.6264106466504344,4.29196315300913,0.1240021225420717,-0.8127295808103758,0.6530674601852143,0.019813276053764685,0.1208614102038863,2.84999370186951,0.12981831521797702,-0.5531790993244949,0.5861010069323715,0.01693345592510613,-0.11098455617977954,0.4630628100824926,0.011923810268041098,-0.0855412541222711,3.8931827586718533,0.12827303807102738,-0.7056163993453723,4.85298077453345,0.14930708248002023,-0.8646710175801795,0.29372170628106326,0.03678520889538057,0.23266783518725037,3.3065379833911805,0.16867970040472324,-0.5772771878213319,0.8369135263287074,0.025748529143146653,-0.14911554445769049,0.6713929979488584,0.02212113453823455,-0.12168601864454631,0.1865419021727743,0.016997950592424163,-0.03206232303122489,0.2377233614378615,0.02072456236386779,-0.04091601426633584,0.8581485985338313,0.013289073140309414,0.04570336869077529,0.156953316316437,0.015994467919897254,-0.03040985313809963,0.3742606836136131,0.03262779405010879,-0.06441628360562257,0.29368295739842665,0.02676078854965192,-0.05047744093524151,12.254176678651984,0.47860153934744926,-2.3463803703607304,15.414200600883735,0.5290145857605945,-2.931256485126239,0.23357995223828545,0.058307842984650894,0.2671264047722489,10.214895695441168,0.3894044608667066,-2.0350387713032205,0.8720701293426586,0.02992940277434465,-0.1658380663590162,0.6932893711352857,0.027077246308731488,-0.13274825507008414,10.649819403044646,0.22822930595706137,-2.053472441382244,13.34627061455397,0.19418015345096026,-2.579784283023834,0.3633035388410188,0.04291963655297429,0.22511605810104646,9.001396677725408,0.253510016402573,-1.8397310822600241,0.7948102874579914,0.011564008256710482,-0.15363386123265033,0.6342285620882786,0.013591737011255886,-0.12229041869136636,2.22647499374421,0.07554625149287784,-0.42731781810530967,2.7937419350447557,0.06695824126439115,-0.5384489873612983,0.06118606728672833,0.03890069163305127,0.328945846565945,1.8547462497945637,0.08654842666375077,-0.32407141866441225,0.9669930543206448,0.023176140007775996,-0.18637241484368483,0.7706459310225309,0.026148693104827953,-0.14790677582346845,0.02870965003967285,0.2089406967163086,0.4105012205610235
MLP,multioutput,original,ok,2.693917906730661,0.12245954166072805,-0.05447146200705877,3.3847774360924063,0.15380784225690666,-0.08483845326499395,0.7843069075191478,0.015046529472392631,0.012416145042787319,2.3320569110981855,0.11218430178945628,-0.10476062749752524,0.462217729466027,0.02100365916647388,-0.011585351763874319,0.3678754782927253,0.016722804487617347,-0.007438502520468238,5.298513242562349,0.2489331383562559,-0.2781303787474023,6.647361112045701,0.33242368031686603,-0.35237093037338774,-0.3268034125486111,0.12127618326499276,0.14674996989640346,4.541358688846034,0.24036802143832103,-0.3027732662950626,1.1463606982035324,0.05732762758696509,-0.06076760070059617,0.9137471603848499,0.042929391300099456,-0.04796455763396368,0.12662291061834693,0.0031469061135905676,-0.003502619150710415,0.15942438458513056,0.0033599483333230347,-0.004426760906510507,0.9354357861710143,0.00899202422999064,0.0049276065929737545,0.1045549959454946,0.005520408929033193,9.600906391149522e-05,0.25099038983220284,0.005289747513790703,-0.0069692879700327115,0.19934926379355958,0.004954343680051487,-0.005514361861005707,11.1831824717362,0.47007674762354057,-0.21301998374981856,14.169521215019426,0.6006254156169127,-0.27664046367821093,0.35254171322624683,0.052686226348104374,0.029035502817996883,9.302938529564655,0.4191778177374325,-0.24461200697223617,0.8016514458749867,0.03398083996996244,-0.015651144758518254,0.6326970588426366,0.026594949729506854,-0.012051767690802073,9.55250950906252,0.23155707163709066,-0.17912336705093423,12.004266450067371,0.19719851426616247,-0.28237565525435926,0.48430661312803436,0.042917908194607564,0.027817326756585437,7.96114699307662,0.5270004728485944,-0.011558229135422593,0.7148899301873801,0.011743760660694146,-0.016816313875661404,0.5688804796572692,0.013789915399295787,-0.010667331644013345,2.0153624942298514,0.07445448405811622,-0.03509331632248758,2.530799544252784,0.08727069586999024,-0.03585906569410824,0.2285785109059776,0.05612122490506675,0.024920875399799675,1.6745882825537488,0.10901338204355347,0.0036419866418690994,0.8759812602845475,0.03020685471818927,-0.012411836263636289,0.6975739274312666,0.025770801534706594,-0.012146788760708849,6.169742631912231,0.0008344173431396485,0.40972768640030166
MLP,multioutput,nur_dn,ok,2.661426382639689,0.14671932842153457,-0.04998103913815699,3.328086769169925,0.1405176319892465,-0.05266065441976542,0.791168979751797,0.018179499279563277,0.008537572369347934,2.2110838656396874,0.18493982849683552,-0.03983507749386206,0.45447617722468525,0.01918877741131311,-0.007191222636546368,0.36343850753887924,0.020035667376131328,-0.006825300293144765,5.229259407332552,0.08845801725835124,-0.1669516687613637,6.677381298629358,0.20218714927527362,-0.2867297770197901,-0.3366194671290068,0.057969208042943705,0.12052761270798085,4.350596021941419,0.12831583514114508,-0.1261486044539195,1.15153778448968,0.03486788181117111,-0.049447553975143554,0.9018040940207493,0.015254894794601686,-0.02879139982642287,0.1776718976343524,0.00798947685854905,-0.002172599817870907,0.2236720162417552,0.00937962150584022,-0.0036476794002294755,0.8739535151431722,0.008905319021722558,0.005821554115053695,0.14619582769900571,0.006814902199523592,0.0016612017403695722,0.3521388945434202,0.014766843004322485,-0.005742738019839155,0.279718431816563,0.012578263460140853,-0.0034204408356715565,11.355617145661125,0.45179127950110526,-0.14113664351208932,14.301573038856171,0.601014407290442,-0.17668675716724458,0.3410060341923161,0.0447129209274755,0.019756919364513736,9.399719867262593,0.21751537489996475,-0.08602988211493567,0.8091223783011964,0.034002847469918614,-0.009996187746975083,0.6424526817443034,0.025560435455071556,-0.007984913012973105,9.654967548414165,0.21251187338938973,-0.14135517395364694,12.103763436555358,0.13316953272707877,-0.20579691555262514,0.4760432925861986,0.038735336155673955,0.021326614996979576,8.11757159577851,0.45435295771418643,-0.004964301193226106,0.7208152729828037,0.007930643521646701,-0.01225582114527024,0.5749821619969528,0.012655716945576248,-0.008418122911523773,2.0143791856611806,0.07902747469891253,-0.023467593265529718,2.5316861696795834,0.07253490252592666,-0.027962643719353864,0.22849038857525614,0.04602019619749991,0.01979012212410977,1.7147343875529568,0.17099394286514033,-0.016208392508560987,0.8762881464069714,0.02510638010567445,-0.00967866141030116,0.6972335765405021,0.02735364286004629,-0.00812279738680488,6.064476728439331,0.004182672500610352,0.3956737905199556
MLP,multioutput,nur_wandstaerke,ok,3.1383950844950874,0.11098795897677852,-0.07449193767183715,3.9028817747128057,0.13624916414323404,-0.07913749419068372,0.7131770808333768,0.017803814661205685,0.013858297480958348,2.6529767853233883,0.17038403632649826,-0.015735875377152375,0.5329689134198191,0.01860588487160145,-0.010806841386498123,0.428572299807501,0.01515627049781437,-0.01017245445063919,5.325918135174907,0.16507010281266316,-0.18081082463539477,6.728486926137674,0.28602559081822176,-0.27034591101494865,-0.35766078021333225,0.09079474457479716,0.11570918863874366,4.529014601120127,0.12179006056282175,-0.1649245486550024,1.1603511288898207,0.049326114599113194,-0.04662209891771507,0.9184732300687424,0.028466917190635155,-0.03118145978201592,0.12540363440415433,0.005687992983400209,-0.004576609407044713,0.15813989036106255,0.0071517497374130904,-0.00560234811362309,0.9367237573430998,0.007187126104618436,0.005472965009553743,0.10702453961411418,0.006218789674578623,-0.006127744182728656,0.2489681414360431,0.011259384561821219,-0.008820078187368602,0.1974296916207724,0.008954913515780991,-0.0072052025301718725,11.224518800627743,0.5345445314370095,-0.14355044760935165,14.187730513884915,0.6548157587204263,-0.16214404474511035,0.3517360632441666,0.04364906259919518,0.01800699860191879,9.353573741593816,0.33247209581070153,-0.23260774182094224,0.8026816508157448,0.037046699870390526,-0.009173422724555902,0.6350356931070003,0.03024226365932708,-0.008121475816703083,9.537546213297553,0.2532236644710027,-0.09813810878228146,11.950127284634942,0.22037320806630017,-0.14538344971902717,0.4889249053288166,0.043009178868556645,0.01631861993916295,8.22978563749043,0.3943732210200586,-0.1856613370759348,0.7116657811435895,0.01312388291154618,-0.008658018767939923,0.5679893706911957,0.015080225732114753,-0.0058444175683631805,2.031971802017096,0.06378978280201972,-0.03662770524323511,2.5489409379049492,0.058620441052356566,-0.04110369484070686,0.21807366281508353,0.04025258545491599,0.027724307111416352,1.7244374987453568,0.13711335135485309,-0.023531645783249955,0.8822605094296764,0.020290191670095513,-0.014227150661015542,0.703322878351131,0.022079446971249098,-0.012677884138695417,6.273965978622437,0.001078653335571289,0.3918291148918685
MLP,multioutput,residualisiert,ok,2.7690711416661085,0.19699186727867368,-0.0856458907529345,3.4701088764374575,0.22262617572445353,-0.09897881318541257,0.7732856554796534,0.02252850086520764,0.014543719861061621,2.356164995058772,0.24064334497924922,-0.1620226090707737,0.47387040245651146,0.030401338760358134,-0.013516328077576467,0.37813823803683183,0.026900774226957382,-0.011695613643542324,5.685876756183247,0.16713799285792916,-0.2369319555473357,7.211713345847895,0.24155114318755483,-0.3485834551480611,-0.5597458326877376,0.08603069325060339,0.15732018442592693,4.757073454389624,0.2347734800144263,-0.24860976025633175,1.2436852168913863,0.04165634038664858,-0.06011443733688715,0.9805493545861468,0.02882353206925271,-0.04085974530491321,0.12520652513384983,0.0051228987980192426,-0.003119317753930498,0.15797972328388238,0.006686835127097125,-0.003845062428550705,0.9364594585148132,0.009716447644685825,0.004553564967045176,0.10544331244574037,0.006626905823860555,-0.002617786214695425,0.24871598178528234,0.010527444466298495,-0.006053488745667773,0.19711937188692485,0.008065255322965814,-0.004910909840467104,11.35574326718842,0.4316850343635131,-0.26633689259652193,14.289650783805945,0.582470067874758,-0.29649329631259924,0.34242359564580566,0.03815107716987138,0.030194205196091894,9.438633462865367,0.41009114116640344,-0.2526202195900584,0.8084478676487847,0.032953687355064355,-0.016774333872995872,0.6424598171656897,0.024422909335375827,-0.015068212383459567,9.635027521072923,0.14164049777463028,-0.1764048030633969,12.146613245513223,0.08468969799265239,-0.2934740437887111,0.47273708718068114,0.032357320464927966,0.02843366269161557,8.18200883555048,0.5659527791529901,-0.1500505435885291,0.723367107121262,0.00504352452833283,-0.01747725606963213,0.5737946737973856,0.00843511479747626,-0.010505433036768541,2.048165229998882,0.09592812282906059,-0.04353392307456927,2.569789141967686,0.09840698483590617,-0.049852704500635614,0.20432932374607024,0.06491176166412015,0.03411134653608944,1.7589331500623218,0.15001441849630423,-0.09033786018526269,0.8894766621712152,0.03406143911836791,-0.017255430212254397,0.708927881514667,0.03320343490789645,-0.015068321347928348,6.238025283813476,0.0004040241241455078,0.361581547979881
MLP,einzeln,original,ok,2.570048343824336,0.13892777812999907,-0.22334731223344795,3.208229951557697,0.16885109979889715,-0.2640141493765893,0.8056751232342414,0.021660102723174042,0.03243152469556276,2.1245223154526096,0.14448347574551798,-0.16433840911181385,0.43810879498353417,0.023057933184814885,-0.03605318901340604,0.3509601244186434,0.018971670480391084,-0.03049981556898612,5.76359443086606,0.3200375611340728,-0.2896288768852626,7.222190685930057,0.41660017498636015,-0.4039568640751279,-0.5655541027629499,0.148206126443253,0.18057619794174418,4.826037188780029,0.3037320989279186,-0.2066848716236791,1.2454920708729067,0.07184415882020674,-0.0696637755854912,0.9939520396983937,0.0551915979663253,-0.049947513897574014,0.12700571477636693,0.003713994968091138,-0.013226032845484847,0.1601587687597463,0.004100507578528742,-0.016097412316778525,0.9351826370277916,0.00589359884613998,0.013229578858212188,0.10708308895868184,0.0025317288396183545,-0.011723585694518146,0.25214657036727645,0.0064556497948734855,-0.02534302266991334,0.19995193298435399,0.005847142187826758,-0.020822455413331886,11.474685902711437,0.6123387057279733,-0.5344451080778132,14.50038472065059,0.7224705334135781,-0.645459310685423,0.3220034476246741,0.06072634272318329,0.06273102056399527,9.444964388506483,0.5893974054453431,-0.5139048024055892,0.8203703004962243,0.040874320234558024,-0.036517351702467615,0.6491890872868382,0.034643528271916635,-0.03023663870711857,9.648571722021536,0.3490655244807118,-0.4231375167078859,12.089282148698816,0.36754887913012524,-0.5830875004159832,0.4762934479088746,0.05322849123807777,0.053605648220675595,8.334099828917982,0.4711902075228802,-0.5057517057639425,0.7199528690276892,0.02188863381488091,-0.03472460264018706,0.5746012714275593,0.020787894825963032,-0.025199103255265087,2.0098005554458753,0.06895713698866333,-0.08198062527839367,2.5460583212781716,0.07088817995487776,-0.10912991306698894,0.2198656981732526,0.043809554898859154,0.06748308198036171,1.6479860332266743,0.10104658273293644,-0.03432207613352989,0.8812627543323291,0.02453640287598741,-0.03777294768376793,0.6956487831990112,0.023868014320659298,-0.028375811752204716,15.235503149032592,0.0050140380859375,0.3655777085343141
MLP,einzeln,nur_dn,ok,2.518594476879907,0.14648123620798545,-0.1694521832813911,3.168034798121061,0.1576590854688843,-0.21612089363755116,0.8110441074504667,0.01488012221099376,0.026163356364505175,2.1093473413464023,0.16548651818573187,-0.15912618422135605,0.43261983362409273,0.021529576431839732,-0.029512991809187483,0.3439336980138522,0.020003154029411163,-0.023140015817349424,5.912876036301373,0.20444016664410405,-0.171823198846484,7.5470661685765466,0.25496461537828574,-0.3221222444502416,-0.7105804033129847,0.13372814000123787,0.1550463476060283,4.946390766966831,0.1117559581179668,-0.14033312785945729,1.3015179853430816,0.04396954063058241,-0.05555110890330828,1.0196961752359779,0.03525642254492438,-0.02963151224630911,0.1827996207213503,0.010881303087356636,-0.014910424831411806,0.22912045520058086,0.011949159696585773,-0.018394972545298566,0.8680301492645048,0.006983662621485864,0.02157588361166418,0.1542102754585985,0.015025916422908393,-0.015017918639596228,0.3607166652640742,0.018812205286022694,-0.028960195406191325,0.2877912822773402,0.017131021147643966,-0.023474284380890442,11.530321517496418,0.5405775792784776,-0.37751677043544696,14.557410864797394,0.7381705667685957,-0.47059670609414184,0.31630558644000156,0.06612154716063064,0.0476390862967202,9.375219547741697,0.43548344255738614,-0.32902982187370533,0.8235965979987471,0.041762561569487155,-0.02662436677567437,0.6523367145325103,0.03058358793216272,-0.021358298581101165,9.722054251367634,0.32120527129578547,-0.428651356610839,12.140906646049453,0.28463941515251245,-0.5588251508305806,0.47207860423373305,0.0496180453891053,0.05158885050355411,8.468221294454771,0.45499508705633157,-0.5010788507090069,0.7230272620745669,0.016951127540643193,-0.03327970723791984,0.5789773755812562,0.01912873351550556,-0.025527468894238625,2.0189387750832783,0.10201661325490574,-0.09501865434797674,2.546166711585246,0.10932966628189213,-0.11812542295546313,0.21871702538674156,0.06932009544511523,0.07431080799837034,1.6884546891637,0.11255439115893447,-0.07178778017107845,0.8813002712814729,0.037842087917862734,-0.040886547931919814,0.6988117793252385,0.03531083354741885,-0.032888642158680925,8.864269495010376,0.003748178482055664,0.3292658449104105
MLP,einzeln,nur_wandstaerke,ok,3.048707416357831,0.1488669297947722,-0.19942424679532245,3.7747911972023034,0.1357891516869765,-0.23253245465958372,0.7317357017710544,0.015972036859468706,0.03397962400087118,2.640600672122981,0.20617985194305047,-0.17497112535818227,0.515477147115903,0.018543066586774157,-0.03175411832808622,0.41632474997292057,0.020328939075461124,-0.02723293460045695,5.964535515781288,0.27017085454998735,-0.2506886315878134,7.51327924430508,0.29693235420991226,-0.34336789476320284,-0.6944392295740105,0.12873374863828196,0.16378119948451442,5.110198857524611,0.4482700596337442,-0.29667726376195525,1.2956913119541782,0.051207024133903184,-0.05921499568725608,1.0286050333478247,0.04659190981740655,-0.04323213225439648,0.1247675319791424,0.005888859367085148,-0.009808146647655724,0.1581411830748048,0.00842620167076518,-0.012871932920942464,0.9371104208825249,0.0037966715732254174,0.010396601242467995,0.10476157584989579,0.00534529296890874,-0.009436104304587356,0.24897017662486914,0.013265822839170417,-0.020264976842335886,0.19642824133421538,0.009271148275453826,-0.015441493200884754,11.367763891495382,0.5840882257724478,-0.40081006508121675,14.405094074174338,0.8225045088650776,-0.46332620859552165,0.33107078323394434,0.06389300785132573,0.045848161313499836,9.132060323878056,0.5741473074862107,-0.3516211959257234,0.8149791596547764,0.046533818522497,-0.026213032846774564,0.6431398931336612,0.03304523586955909,-0.02267613445209571,9.6042772051976,0.31012437308378066,-0.3935611284401901,11.974050803003493,0.2678601774065276,-0.5075787889622205,0.48697057515928843,0.04247789974607544,0.04621898552801773,8.238829918125479,0.5629052272205584,-0.4056867742410315,0.7130904981346252,0.015951873804421996,-0.030227833288702155,0.5719634006195711,0.018468832922483525,-0.02343774097362661,2.021725058283412,0.10329440641447264,-0.10194432673124965,2.550293816328984,0.11439524452638739,-0.12550653330007133,0.21609187462624888,0.07200847249347779,0.07890527487116236,1.69570751019344,0.1347892431181525,-0.08302913127274936,0.8827287788939999,0.03959542773679854,-0.04344135886376621,0.6997761907005706,0.03575311387927776,-0.03528581313826107,7.58113923072815,0.0038184165954589845,0.33475668768317507
MLP,einzeln,residualisiert,ok,2.561900322639604,0.14005395939344306,-0.21631575453770502,3.1803198199566305,0.16113113125243148,-0.23838519772087174,0.8092056430150432,0.019386415746909,0.029203710485703027,2.188017338861624,0.2075419759316421,-0.25116232293488605,0.4342974490674977,0.022003711334052392,-0.03255335599142262,0.349847448645197,0.019125459305914947,-0.029539601583251307,6.344776134531686,0.4599097714314607,-0.33381027328780366,7.995716336923526,0.6535511990481121,-0.4687732029200422,-0.9205136137065054,0.2602765418840922,0.23150809674425799,5.4647069156006385,0.48455583466615876,-0.3156163674784551,1.3788892777350932,0.11270719255719577,-0.08084158016099519,1.0941788593892845,0.07931305036722243,-0.057566750399686395,0.1252570672367275,0.0076565117976404,-0.011921251186441884,0.15934247040448302,0.009994404898521285,-0.016074776741626107,0.9356344036114738,0.008961003783678879,0.013390471242297863,0.10509137865788284,0.011249963467751927,-0.009509813103956169,0.2508614279284953,0.01573472959076239,-0.025307386265568,0.19719894303996527,0.012054058642568921,-0.01876826741629914,11.494499163242619,0.4877701227449166,-0.5477916660518236,14.536505002165603,0.6608965510441682,-0.6858682127497637,0.3191195047760146,0.05056908997530527,0.06622141937736703,9.30290394936495,0.35247783766086865,-0.4818414925175727,0.8224138329108008,0.03739072532364482,-0.038803516088302126,0.6503100375794623,0.02759596589181904,-0.030991730381350835,9.77936105529868,0.42383502142413665,-0.5207870474302201,12.202000291965339,0.368586096618808,-0.6885754604543539,0.4668989998810941,0.04971143574709131,0.0623901974458953,8.391410834135451,0.6051726981704901,-0.500392685350306,0.7266655712078547,0.021950403215048566,-0.041006725808738764,0.5823901669610492,0.025240641744932884,-0.031014424540517616,2.048506177774745,0.07986149851383767,-0.12413096648224187,2.577816500911365,0.08977270007942686,-0.1559961070533613,0.19941666807887273,0.06243801929064855,0.09730273002635406,1.6815474271862052,0.1708913061821397,-0.06514553473511686,0.8922551580106862,0.03107286909913727,-0.05399466218745219,0.7090458931774514,0.027642322077712726,-0.04296523630501814,7.391132450103759,0.005493354797363281,0.3016269342759988
SVR,einzeln,original,ok,2.7829312699515882,0.14035341287455025,-0.20986364810316882,3.517769684536811,0.19949758191610972,-0.19590066155959907,0.7674661042058469,0.014132346728173279,0.026514397192557437,2.3325961441361707,0.11814151976476651,-0.2209545023541546,0.48037885712454775,0.027242949082549248,-0.026751761584509204,0.3800309465375179,0.01916635201178154,-0.028658516181699012,3.4837321214401626,0.10982583704957442,-0.2166493552009543,4.3467692879239,0.11271086444981751,-0.17565955634693609,0.4334605151759492,0.024693579062525076,0.048522175772785114,2.962049181173177,0.1696729390745814,-0.258254683318623,0.7496155830626485,0.01943738320935803,-0.030293105529515474,0.6007818019471486,0.018939850132828454,-0.03736193985963232,0.12225341514592539,0.0033853852294917957,-0.01986615043222542,0.15480397168390875,0.0040868774525442296,-0.027577052983052408,0.9394349360950359,0.0057236696726493475,0.02035614936726149,0.10072501612670856,0.005203314945858444,-0.0009829601128844706,0.24371622510338034,0.006434191153880664,-0.043416038874176194,0.1924701318787833,0.005329794188596026,-0.03127634994122794,11.414468267911971,0.4017411952601401,-0.3667827422712513,14.315096597152898,0.5239157482959645,-0.30131183651960747,0.33970486974602193,0.0410072072801588,0.031013036329981813,9.622553223129788,0.4760732858760934,-0.44509279322257456,0.8098874839033854,0.02964093216452125,-0.01704694645216076,0.6457822287718875,0.022728813850566996,-0.02075101276901814,9.848151930203143,0.14810591276622564,-0.309912199612123,12.391533324851276,0.1830241010698266,-0.2728620089958973,0.451796931185649,0.025996044513102036,0.02679638824769337,8.55532350103068,0.21023246460764947,-0.3673695630154832,0.7379528295515139,0.010899632008391629,-0.01624974781868238,0.5864868690762962,0.008820149575836083,-0.018456197358372117,2.0307521942368036,0.06636422311048944,-0.17439419535752831,2.5387489523132576,0.06041441529066461,-0.1386147730063585,0.2246895049855481,0.03290147016571886,0.08454744244204779,1.7065252795884682,0.07544058048357573,-0.1692482334265326,0.8787327751199058,0.02091113686417844,-0.04797849115624697,0.7029007376237631,0.022970533533621055,-0.06036276060761725,0.20483689308166503,0.48034491539001467,0.5260921435656752
SVR,einzeln,nur_dn,ok,2.8297439002743436,0.13558228675493403,-0.21979289469873375,3.574821867370548,0.18763407749576813,-0.20739562798021005,0.7599283541675582,0.01133219881417585,0.028344508197061247,2.3904152921354593,0.15370081651679637,-0.22406259812943796,0.4881697771801169,0.02562289512620668,-0.02832148880573454,0.3864235759220651,0.01851481756863333,-0.03001443216239902,3.4851439149588925,0.1191913846714711,-0.2057170461228215,4.354610714080383,0.11963214207559338,-0.16829075774219238,0.4315076672503695,0.02358340131175096,0.046697055028253054,3.0408306909075407,0.16976405703027392,-0.28192792649108744,0.7509678644585498,0.02063098176941927,-0.029022330409724018,0.6010252706825717,0.020554971611852775,-0.03547662488177228,0.18148851806621127,0.004892313628441872,-0.028903012682903823,0.22991643293459724,0.0066939141900782375,-0.03476070260612571,0.8663417865846027,0.013258198612438567,0.039060038372307204,0.15272594328368108,0.0059526742023940015,-0.05076167390259252,0.3619698158550483,0.010538589416187441,-0.05472564514303618,0.28572714279591926,0.007702232679018621,-0.045503568600783084,11.60491556396668,0.36747561217602254,-0.33858917033854574,14.507783523450701,0.4750562073036734,-0.2904707776254938,0.32172876088002955,0.04007867877252647,0.03057651757068447,9.828820972379933,0.37718429381426827,-0.40053409316668187,0.820788893395197,0.02687666645032474,-0.016433605295080866,0.6565569294783169,0.020790212411160885,-0.019155939981359005,9.978948320508811,0.12739946436496677,-0.33193051784721916,12.516610787978587,0.15916652863510827,-0.2906625235045972,0.44069141445909843,0.025368171606687778,0.028630622075932755,8.640092379514432,0.35495709104341233,-0.353975877439046,0.7454015661532074,0.009478842294731121,-0.017309821637216505,0.5942761848769178,0.007587018712440332,-0.019767453989621098,2.038469717620088,0.06841647438015513,-0.1711316633239237,2.5491120224450348,0.05610423648199478,-0.1343725016751831,0.218375332448222,0.03086828863227479,0.08243446532978149,1.715691076330047,0.11114684393078095,-0.17200544389148553,0.8823197266250405,0.01941926214283022,-0.04651012113239816,0.7055719906176705,0.02368087570896431,-0.0592335060489122,0.1946169376373291,0.4853874683380127,0.50642888596498
SVR,einzeln,nur_wandstaerke,ok,3.305211974836957,0.132386865424376,-0.24253077441602633,4.1189251993570135,0.19681453466902735,-0.2205449279040903,0.6813593376704379,0.00892687686983519,0.034912502352319796,2.8512418311346828,0.1900766181417907,-0.2424483594431086,0.5624713262344099,0.026876558077524048,-0.03011712815562917,0.45135244584257317,0.018078457890638392,-0.033119466787048246,3.539560772028249,0.1148784121804886,-0.20530696363993517,4.443676509802566,0.11962399660185888,-0.1663277143306532,0.4078778258607431,0.027398819965579597,0.047389167961484735,2.976087187949375,0.17547023190248331,-0.2241049198688727,0.7663275727772563,0.020629577053953966,-0.02868379670019261,0.610409648214135,0.019811184404755513,-0.03540590472177507,0.1241886714872569,0.0038401099076412542,-0.020087791925575263,0.15772911553540536,0.005591647480205655,-0.028083007675337446,0.9370886527135609,0.006650596792549923,0.021163807272861934,0.10292280691664686,0.005856802788724195,-0.003238005426215246,0.2483214365176377,0.008803231604207004,-0.04421259057976701,0.19551691010408465,0.006045691725425541,-0.03162529207428766,11.474125616609708,0.44027035173788387,-0.3483732046438899,14.382560768913057,0.547907329025617,-0.2806929982384556,0.3337891878762575,0.03685197668000262,0.02901809918357745,9.741730895853157,0.6361171490864161,-0.5156206352642396,0.8137043207615683,0.030998274102113775,-0.015880419985280114,0.64915738867425,0.024908630199335906,-0.019709479167923427,9.907976894546444,0.13594408221738766,-0.3119784508541237,12.433413693005537,0.2015264548229541,-0.2694953073110238,0.4482569563942401,0.02270286210185007,0.02645039264139093,8.496456977322413,0.3250433927793893,-0.3771814241454621,0.7404469305938856,0.012001502450696045,-0.01604925067523144,0.5900496244317145,0.008095876232839713,-0.01857924879281725,2.031251705658088,0.06937756101651496,-0.16936644468022788,2.546541612682878,0.06844695121793831,-0.13830336615436867,0.21985066244135004,0.037439604372740645,0.08470564462668567,1.6918963668475093,0.09659034745815911,-0.16200584359315084,0.8814300351486788,0.023691424604008745,-0.04787070444224728,0.7030736326463408,0.024013534960809456,-0.05862251397895779,0.2135242462158203,0.4631364345550537,0.5047037704927649
SVR,einzeln,residualisiert,ok,2.8801430189989583,0.1464025511338331,-0.2538673378232654,3.6372667283310767,0.21558163004394826,-0.2311360715517825,0.7514997239679164,0.014612206179348431,0.03190274514701652,2.386292184174134,0.11813832191562523,-0.25765332711609235,0.49669710944788303,0.029439351164115477,-0.031563431335591585,0.3933059682399699,0.01999240896950569,-0.034667562842690514,3.5233162111997403,0.12140540213868169,-0.2581501886841937,4.395271453929828,0.12612711611606797,-0.21377889438459086,0.4207206636862047,0.02768530910036229,0.058676268958177125,3.010277934030955,0.21191244857090674,-0.27198862598068274,0.7579799514111929,0.021751062783576913,-0.03686691884149518,0.6076082168221149,0.020936786676021182,-0.04451890390084634,0.12476307332372757,0.006310446275210548,-0.02425522636401102,0.15922350314201622,0.0066584634392294634,-0.03502132552172878,0.9359443168798787,0.006391143136061785,0.025728971054668648,0.1048419531724982,0.007722254077869403,-0.0051168970539400005,0.2506741313636597,0.010482777390953437,-0.055135957827363746,0.19642122183300412,0.009934875237260249,-0.03818630842711909,11.51915268227833,0.43716292631219433,-0.38820906488234996,14.424858924389747,0.5540236154277216,-0.3193905334599947,0.3301039448152173,0.03249145192789366,0.03239336388419428,9.995879823786037,0.6182121086614714,-0.7138248169165422,0.816097371096945,0.03134430765986268,-0.01806976248961667,0.6517048291804611,0.02473282524109835,-0.02196322327636846,9.956561435351777,0.17100495564276552,-0.390251333341169,12.516853507066822,0.18255670967596527,-0.3386853084953714,0.44028831975543825,0.03379766358316726,0.03313280340554281,8.387398037663774,0.3333798130791325,-0.3044481565745478,0.745416020800042,0.010871797454542177,-0.020169721952846942,0.5929429789843631,0.01018385599067293,-0.023240632787373205,2.023757971897057,0.06397935564568176,-0.19861007530608488,2.5373340743829695,0.051566299507064886,-0.15580366424349945,0.2257669277155084,0.0238078009869621,0.09415423865594882,1.7161206036369017,0.11968466091996549,-0.20603752727361035,0.8782430458739302,0.017848553882107595,-0.0539280522911848,0.7004798395665481,0.022145063491089224,-0.06874456116720984,0.20843687057495117,0.4692399501800537,0.517387316136694
HistGradientBoosting,einzeln,original,ok,2.5518301402210843,0.1861668800526106,-0.3444836729231069,3.1921060575378943,0.20321763351850702,-0.4179660278520845,0.8077411869757384,0.022691395197599655,0.048558375677960064,2.119965969773914,0.19767679488105805,-0.2828787265960335,0.43590695163498366,0.027750951111522097,-0.05707651744770453,0.34847228677985126,0.025422537884509426,-0.04704192938619217,3.40879716023212,0.11038642498875884,-0.35851834073067623,4.263382230512808,0.11210031563327114,-0.447238098666523,0.45505929544237605,0.022397053037446366,0.11135149747718426,2.844344277743386,0.0690030639565826,-0.29663484481130276,0.735235193048678,0.019332091928227654,-0.07712777603153198,0.5878590055167511,0.01903652548572955,-0.061827743140662306,0.11480966141357149,0.00401502789895343,-0.013095330936562982,0.1443876013892221,0.003890744281750577,-0.016026804178799647,0.9472168117565749,0.005755188562033592,0.01185949856631896,0.09685517969710289,0.0033575668378095116,-0.011996609077418174,0.22731717267671772,0.006125408146032595,-0.02523186047773826,0.18075102971031443,0.006321074534287284,-0.02061668436295286,11.209625949091484,0.4347025649312716,-1.200413604393317,14.167554271109235,0.5816058135589539,-1.4774774253508856,0.35298604225950647,0.04801761443005244,0.13104132882943004,9.21101145816046,0.5662066218408854,-0.900821481107478,0.8015401645264054,0.03290479150944229,-0.0835894097130625,0.63419311869774,0.024593628423615142,-0.06791431319428598,9.491109423709847,0.2219932061592384,-0.9937855775647542,11.85634422845327,0.22298777251983226,-1.2280182361143375,0.49731257145791596,0.03730174729569667,0.1015935154372396,7.856588281563177,0.2453464787774601,-0.6097606514770062,0.7060807199684356,0.013279588035839337,-0.07313215469985512,0.5652239211400243,0.013220358637770784,-0.05918290010652871,2.000803013481578,0.05854376851492254,-0.1998606859064893,2.523595088717228,0.07166630078714353,-0.2507122684617258,0.2335648318813091,0.04305460337303254,0.14695070536287447,1.66862758515643,0.08647813334437014,-0.15162308808312264,0.8734875945756089,0.024805732491147866,-0.08677860298917606,0.6925344795919766,0.020263653137589755,-0.06917743284697453,0.253526496887207,0.011984777450561524,0.5489801232955702
HistGradientBoosting,einzeln,nur_dn,ok,2.5295873559850426,0.17542247007118464,-0.30769155275928384,3.1633037041677845,0.18600648633839578,-0.36952398220270677,0.8111921789791113,0.021303420195099905,0.04305469541022777,2.126126906991618,0.24784830199555827,-0.2752957595122061,0.43197376588514613,0.025400634873217018,-0.0504613787056446,0.34543486130042167,0.023955304992588418,-0.04201767873295115,3.430989501887006,0.12929064719827688,-0.36286170237471227,4.285432678613585,0.12642001025475624,-0.4462446243046059,0.4494324997901498,0.024361038326039426,0.11171803312846001,2.849059586111295,0.16335461275860041,-0.2774220657103994,0.7390378700289766,0.021801573403305078,-0.07695644789936373,0.5916861525372683,0.022296624795187465,-0.06257677106360549,0.1723973573409106,0.00739388963011648,-0.015630898009133143,0.21513271789566119,0.009050832739401032,-0.018757015873168692,0.8830898077566118,0.011610498952015037,0.021145676247356526,0.14643609836848043,0.004578041113271344,-0.015446185344452495,0.338695017520736,0.014249213151927108,-0.029530179704607973,0.27141443912509555,0.01164059842833044,-0.02460856408477957,11.259754387852595,0.4733239163419148,-1.0862601442146342,14.25778552280463,0.606830188903504,-1.3555395870110427,0.34409195247069974,0.05751719754897129,0.12251573123302317,9.660937882911503,0.5436447911572582,-1.1432197165355564,0.8066450662578803,0.03433187974054059,-0.07669068371317544,0.6370291732688502,0.02677866077087398,-0.06145599431284943,9.588428754636801,0.23501210017055646,-0.9809722949024255,11.999921850558879,0.22767686278070978,-1.2135087042289143,0.4849515674461754,0.039773185085273874,0.10195287994046953,8.068170817437256,0.4000788319434778,-0.7594318667850999,0.7146311963070353,0.013558837369664501,-0.07226806872844094,0.5710195780409807,0.013995672670459229,-0.05841983084394242,2.0042081281165087,0.05834125788245861,-0.18334087749603412,2.517157292907777,0.06393755068700756,-0.22497967950832853,0.2375783506479837,0.0385560171153901,0.13238241271595022,1.693404487775047,0.10568644724197052,-0.14521706562394532,0.8712592914690178,0.02213059361319285,-0.07787182657024916,0.6937130860193776,0.02019355848333331,-0.06345946019129256,0.26016850471496583,0.013038396835327148,0.535056059515122
HistGradientBoosting,einzeln,nur_wandstaerke,ok,2.970543262169295,0.13608798695864954,-0.30396595304082297,3.6884233548617247,0.18346590288321307,-0.3578676250478803,0.7439547921410188,0.018845302396557257,0.04891850727354308,2.5966644724145937,0.09692471570602725,-0.298234800236461,0.5036829453583926,0.02505369840890131,-0.04886961232227799,0.4056508257469404,0.018583874871326116,-0.041508919065504635,3.469894882974156,0.0949509229934424,-0.3316134213894073,4.340760662445771,0.09684512350260445,-0.41082298625004166,0.4350044721260414,0.022820967754979233,0.10516424017101705,2.934299279704544,0.1664315716092814,-0.31692756665642063,0.7485793745609213,0.016701280632230798,-0.07084786239493535,0.598395521725309,0.016374619122254193,-0.05718789559796211,0.11552077011474418,0.004504108326893534,-0.01144345270266399,0.14530526071337047,0.004738851215216473,-0.014158024346836107,0.9465202060477498,0.006223815841987446,0.01075813349541288,0.09662881277749864,0.0042905342284981106,-0.009596655895148756,0.228761893144672,0.007460628541607219,-0.022289739799300767,0.18187056641472052,0.0070910601772454325,-0.01801604354529776,11.274818592789277,0.4475637013098126,-1.1685755783178404,14.238419992096599,0.5902032598432795,-1.4356230403158925,0.34647674748703433,0.04914100146220205,0.12835739863090573,9.508353333459759,0.3121218143482058,-1.1746662165734083,0.8055494466207275,0.03339119857571327,-0.08122146602813785,0.6378814421271407,0.0253212570016735,-0.06611305264003653,9.541389418569889,0.23131816794270738,-0.9765608880309316,11.862051882623337,0.22409217622108513,-1.166976187598717,0.49661716996335875,0.04029294323548443,0.09722969204100856,8.017094073256128,0.38275473181587094,-0.7484144052551835,0.7064206278260415,0.013345358575686283,-0.06949691834590199,0.5682182450468478,0.013775687970563708,-0.05815711838554216,2.00686509088166,0.06035946120515803,-0.19392846453735446,2.530803838483572,0.07256599093587587,-0.2441240049244442,0.22912542269507008,0.044263371071658,0.14386770857897918,1.679105545525123,0.08341143212371965,-0.16484989267993977,0.8759827466392082,0.025117140683132786,-0.08449821874871744,0.6946327359366663,0.020892115701799503,-0.06712412334523143,0.24493131637573243,0.016228723526000976,0.5329498017433788
HistGradientBoosting,einzeln,residualisiert,ok,2.5332706413559776,0.17655340442905693,-0.3113144260317382,3.165524610388723,0.18757851637722206,-0.37310727312651437,0.8109182940669871,0.021505471467373777,0.04347375991866931,2.1238591146736128,0.25171556770579817,-0.2930795461806597,0.4322770479325424,0.025615307822596373,-0.05095070499846299,0.3459378426140451,0.024109742890187486,-0.04251241030386055,3.44190797707265,0.1292743334365029,-0.3862288031383634,4.292145782854908,0.12581778586747538,-0.4691738889050736,0.4475724707635239,0.027187487566418575,0.11726708395296204,2.87986051859819,0.138421015961917,-0.3467266486595637,0.7401955683600105,0.021697717699147922,-0.08091067986203737,0.5935690818119321,0.0222938114298501,-0.06660650940561763,0.12113787210189661,0.005772488413902785,-0.017769125863733512,0.15145971871942607,0.0061526062417904545,-0.021811795511554127,0.9418918614053684,0.006897596743170608,0.01635692428166191,0.10550897648038052,0.00746621401585304,-0.016683710266079024,0.2384511876535742,0.009686379176746475,-0.03433948371594259,0.19071387241932858,0.009087939220073782,-0.027974891288568393,11.187446111525443,0.4743658456912167,-1.1588139828958806,14.16987102711432,0.5825812083972626,-1.4189453038137998,0.35248471675681103,0.05168561122157448,0.12657738131358698,9.552326201476536,0.47859095875546426,-1.1699402861629533,0.8016712367604656,0.03295997521470399,-0.08027791039362187,0.6329382775083818,0.02683760871672852,-0.06556078295037582,9.498266672351248,0.2703885616649366,-1.0338673954771096,11.888658470870222,0.27976134140067077,-1.283833294123708,0.49429732176065205,0.04193789720364049,0.10636703288703703,7.9183874476839025,0.32119915911814556,-0.782309526881412,0.7080051296440791,0.01666062367533758,-0.07645610815337922,0.5656501566791026,0.016102446640629816,-0.06156989210877528,2.0084691567483994,0.060387536177711025,-0.19542569350417072,2.527467253047682,0.06749871653065309,-0.2472831205510042,0.23128215838856053,0.04063289136267851,0.14521764476426074,1.673369315988318,0.11081272771163429,-0.13570948651915238,0.8748278601047075,0.023363213775023935,-0.08559167796567624,0.6951879484752163,0.02090183324339431,-0.06764235661276308,0.2675954341888428,0.01601300239562988,0.5464078038569838
XGBoost,einzeln,original,ok,2.565247978380712,0.16532808908926985,-0.30470487857690465,3.2081385928455335,0.1767235824788473,-0.3762888989137192,0.8061276939106661,0.01767805560342527,0.04412775214004794,2.1619466287568136,0.17646081894747898,-0.2633508669243039,0.4380963192396189,0.024132982028731806,-0.05138518078753307,0.35030459711800027,0.02257683862488178,-0.04160982510437444,3.409185775289746,0.11598491100426606,-0.36427042167826595,4.2551926575625405,0.09902628664189606,-0.4467813267408056,0.45718339923538986,0.019258722488461336,0.11097491219884159,2.930753350401852,0.16524447370737863,-0.37891834067826524,0.7338228725192208,0.017077429852516594,-0.07704900411364468,0.5879260235440983,0.020002004001104565,-0.06281970963985761,0.11431160545910761,0.0042682469064383105,-0.012276085479068555,0.1443344159777212,0.004239652141255258,-0.015688406199821925,0.9472765748031652,0.005612453115442078,0.011620812960694615,0.0948945742160265,0.005333411086187276,-0.010067655874433923,0.22723344002063292,0.006674712569571622,-0.024699102324817895,0.17996691341283308,0.006719730847541652,-0.019326902142498464,11.138327184044291,0.45831475467950766,-1.211704340062946,14.0924381438406,0.6139912023762158,-1.5156897261514857,0.359585210783094,0.052859681965960276,0.13363658476392237,9.232447290689946,0.4849128861415212,-1.1228472828703087,0.7972904124621223,0.03473701952735602,-0.08575129971076667,0.6301593368061826,0.025929506027713982,-0.06855309515714825,9.425626757970727,0.21179313518021398,-0.9781577250829994,11.771324619432079,0.23020822736545138,-1.2095175787683754,0.5044782342112961,0.037552260536441576,0.09943149689278441,7.993876497716085,0.3123843042403391,-0.8304938054824174,0.7010175482527347,0.013709587693209214,-0.07203038528366545,0.5613242327639418,0.012612913937969107,-0.058252214802588465,2.0025040864060633,0.060017545553303894,-0.21411781341321867,2.522758576637942,0.060769737734905724,-0.2718055068834899,0.23413160572281533,0.03860550088629582,0.15830735461718215,1.6816312761191288,0.0969354649796831,-0.18148166503048602,0.8731980540993117,0.02103412400601691,-0.09407956904875203,0.6931232690153074,0.020773769029775496,-0.07411222768275816,0.08354134559631347,0.011142253875732422,0.5514637864444044
XGBoost,einzeln,nur_dn,ok,2.610421081235761,0.15393146141128075,-0.29261249590820215,3.2766417542761888,0.1689614918246428,-0.3675247117737852,0.7976481957712862,0.01890849197608681,0.04432022905767763,2.1514621721303357,0.1999786379029156,-0.22376693713747509,0.447450959636382,0.02307300807598712,-0.05018836275239735,0.35647333625338673,0.021020540325111976,-0.03995851604004369,3.4244341384722725,0.1270161856862027,-0.3598669547200175,4.289618178762018,0.1271807959817828,-0.45707914163146857,0.448500035843528,0.020976224529584954,0.11417976451032935,2.841862443166812,0.19924127165594685,-0.2859051476823766,0.7397596741842817,0.021932773565672848,-0.07882489834731865,0.5905556571640782,0.02190438594384941,-0.06206031634503184,0.17970742392636882,0.0078555498474123,-0.02018198364809462,0.22406741164636496,0.009020702828135163,-0.02482586372975637,0.8733063844556342,0.011252707669642868,0.028118503434328646,0.14813860874314375,0.008290669535740541,-0.014469848150076375,0.35276138681145763,0.01420177801084811,-0.03908469354714933,0.28292307042235976,0.012367414957750521,-0.03177358317301532,11.251872751756974,0.4964129082473757,-1.1700220076598704,14.226387224132534,0.6499477537754237,-1.4608270362593334,0.3474231499704327,0.05416048205365263,0.13040453844050187,9.642848957851271,0.5209985454416716,-1.2229440531687068,0.8048686836161141,0.03677128878603071,-0.08264740127910974,0.6365832637087434,0.028084938058859504,-0.0661948854808081,9.50860242216875,0.21090427526092342,-0.943677586368679,11.878518640422325,0.23855324141416992,-1.1651758533296004,0.4954303921603872,0.037729927123436,0.09703125706104765,8.098253124199777,0.40934322540298357,-0.8222945026883632,0.7074012724478763,0.014206558210776132,-0.0693897030616264,0.5662656814590801,0.012559979674281177,-0.0561988195317602,2.01448017088952,0.06003438639861902,-0.20648150059810422,2.532668503509945,0.06761147771761886,-0.2593442364929186,0.2282237792255514,0.0389441352376472,0.15206111603852593,1.7187164439625413,0.11426527414072216,-0.19091736826117667,0.8766281599132542,0.023402243609249133,-0.0897663711242983,0.6972685303825762,0.020779598122378614,-0.07146908396207052,0.08670516014099121,0.010003232955932617,0.5317553229044699
XGBoost,einzeln,nur_wandstaerke,ok,3.050596178521003,0.11052706572000723,-0.3158231068584856,3.7810319431485495,0.12980574629927957,-0.3873957788169191,0.7310441935608694,0.011863385066515204,0.05392097575914545,2.6670903501812395,0.17228655737262344,-0.265909599631609,0.5163293695960844,0.017725985964785338,-0.0529019117712507,0.4165826751615175,0.015093331932814666,-0.04312810579757437,3.487385986753748,0.09616125736334111,-0.35664717585073724,4.361230385422284,0.09890350060671083,-0.443642911537236,0.4296269617153232,0.024123928846554055,0.11340884262220463,2.928493721511077,0.20043166716194236,-0.30536825342560947,0.7521094499589417,0.017056254970837684,-0.07650777342324389,0.6014119238137691,0.016583345522091644,-0.06150505420560004,0.1253332618167277,0.005922430238434968,-0.014957282347396295,0.15694358522931764,0.006181660405924112,-0.01846294157654546,0.9377795406549818,0.006145909243793806,0.014602420352434309,0.10444524745639831,0.005216802322084932,-0.010589056392789065,0.24708473387479524,0.009732120711212055,-0.029067202710585466,0.19731890026851046,0.009324000705206186,-0.023548054690458342,11.287966505736367,0.5300298407932893,-1.2740461090590358,14.193519325569676,0.6652014740123225,-1.503039801650628,0.3510321086402236,0.04710636857702977,0.13295817804978882,9.634861192338082,0.5252792063164136,-1.3483159248832202,0.8030091572421487,0.037634279616653936,-0.08503562060542247,0.6386252953078045,0.029986841600437717,-0.0720801281807587,9.492363458964629,0.22736833006838186,-0.9932470615022435,11.80035210006266,0.26115850272061086,-1.2056461881106308,0.5017993581023635,0.04097095728112391,0.09965670385016556,8.054259800716645,0.33748876263191624,-0.7835509260711024,0.702746221444706,0.015552769055432807,-0.07179983240410759,0.5652986026859124,0.01354046332489514,-0.05915082986617426,2.015313232093372,0.06052114683122212,-0.2121008924160419,2.5366219606196547,0.06666110603706388,-0.26766677860815546,0.225624740936673,0.04194442204692363,0.15704798416055366,1.7098864558366387,0.08663002090008992,-0.19247328284931342,0.8779965631711532,0.023073293106487317,-0.09264703820337716,0.6975568764133402,0.020948079667341996,-0.07341411431340295,0.07738757133483887,0.010442972183227539,0.5294844839350724
XGBoost,einzeln,residualisiert,ok,2.5552452251332243,0.15728424864378043,-0.30627274817545436,3.205290059952966,0.17491334714277246,-0.3781177130935469,0.8064264203156155,0.018116861720870108,0.04432777709550473,2.1527688369914593,0.21445762295178972,-0.2967371539423205,0.4377073298804152,0.02388578029017211,-0.05163491961195349,0.34893864323129514,0.02147838954304394,-0.04182392991322054,3.4168694713567866,0.12381927928986304,-0.3716640416705461,4.27774876868988,0.11978310812614426,-0.4733643735898214,0.45134847857983107,0.024394245167052173,0.11773320562927181,2.8826867106394047,0.16694063866057077,-0.3329749002978901,0.7377127528589298,0.02065701639341478,-0.0816333436180825,0.5892511038338142,0.02135306824245983,-0.06409476529483671,0.12145626378288617,0.00404102354370912,-0.01640228434023905,0.15283503371302296,0.005735088233743155,-0.02058446601076111,0.9409276712883342,0.0061843539862176024,0.015624191564975631,0.10333044588595583,0.006792383942970752,-0.013255187251721645,0.24061642007572365,0.009029058103345696,-0.032407232820584025,0.19121513358046688,0.006362000877068222,-0.025822999106494327,11.218511488743323,0.5103326190706919,-1.2848981169473284,14.201004813153833,0.6118120371133244,-1.5707768350429152,0.34988479061170985,0.05038620316591708,0.13902860748857027,9.485105366268375,0.6383704130264265,-1.2464444665214955,0.8034326543987469,0.03461373159424323,-0.08886789481809321,0.6346958248655196,0.028872456291715854,-0.07269408878551575,9.434243001345115,0.24257540726504714,-1.0117947844779938,11.840220067158535,0.2572293118139843,-1.3079700035749493,0.49857810710316725,0.03954989782270295,0.10753980319431072,7.965493784972898,0.3739287751727551,-0.8655739642199274,0.7051204779919458,0.015318773998374136,-0.07789352131030347,0.5618373557981579,0.014446090203530213,-0.060255402181227935,2.0166186756509505,0.05811810535025341,-0.21857279211063352,2.5360173703934974,0.05472272847974843,-0.28059659969518114,0.2261553747839228,0.03518588484625135,0.16388650441370015,1.7025127537012146,0.11495678498576602,-0.18701657352393197,0.87778729740395,0.01894108317221631,-0.09712241476837868,0.6980087273295436,0.02011631908409259,-0.07565422173865433,0.08981614112854004,0.01060795783996582,0.5455534737804301
LightGBM,einzeln,original,ok,2.560889854402777,0.18247558223457905,-0.2992305446082444,3.2024424030473293,0.20170023633702105,-0.36485870210459437,0.8067675517747043,0.0200196068408541,0.04286947906812044,2.1187167586681306,0.1995103138872555,-0.24686198538158677,0.43731846014405207,0.027543738704453372,-0.04982429836137181,0.34970946133496994,0.02491846240881044,-0.040862262150795525,3.428307570611172,0.11954776080389047,-0.3362210734185904,4.283411894272816,0.11442228744408262,-0.41792920590672766,0.4498951336951671,0.023621656153929447,0.1052320255380923,2.8909702945333264,0.09299341902841675,-0.32088407529562923,0.7386893786940307,0.019732524096931006,-0.07207335485576516,0.5912236440984943,0.020616429923669626,-0.05798250132318472,0.11472687485149553,0.004227881534937204,-0.011405296774009407,0.14454977594365026,0.004383386739142456,-0.013914456610042591,0.9471413803936304,0.005487216648129171,0.010466091969440594,0.09550714487346953,0.004403341658960591,-0.010325382771290595,0.22757249280696445,0.006901001683686522,-0.02190627800098524,0.18062069436956724,0.006656181470480234,-0.01795597261303511,11.184660929239957,0.4505135340788346,-1.0895699623932096,14.109049095170331,0.5870043599711885,-1.323041009131341,0.3586091275294324,0.043689026867900736,0.11757888318886012,9.266233839470065,0.5076346973160398,-0.8891961439213443,0.7982301896746878,0.03321021838105765,-0.07485205193791622,0.6327807037010313,0.025488146035430634,-0.06164324979510427,9.514350211040545,0.23406488020134947,-0.9295917674371346,11.904539653388305,0.2595836250161149,-1.172153700898047,0.49286585112961667,0.0426371033714646,0.09813358417631224,8.032795578112353,0.2749371478915905,-0.725497672092005,0.7089509015085135,0.015458980383138398,-0.06980525473084453,0.5666079794580774,0.013939262891446504,-0.05535996693260392,1.9982220570681446,0.0612165113789319,-0.17481716891051424,2.512533602907162,0.06687300517676992,-0.2150465598360305,0.24030006233100068,0.04067617173900779,0.12672851103468472,1.6754744919575502,0.11471617061574337,-0.14790727525020309,0.8696589016621281,0.02314663738848487,-0.07443369307253489,0.6916411376214862,0.021188764993148715,-0.06050916371048354,0.07542891502380371,0.019231176376342772,0.549263184475592
LightGBM,einzeln,nur_dn,ok,2.5569643065340157,0.17849868359042054,-0.28045674281756305,3.2091922877875403,0.20360144521920687,-0.3459837349936725,0.8058547121559627,0.021240111653598622,0.041063327074210676,2.1039653052757936,0.22419479995387837,-0.24333228521751904,0.43824020949321446,0.027803363589503163,-0.0472467745488081,0.3491733971898179,0.024375385915207496,-0.03829855325088277,3.4400403594407947,0.11622236038883184,-0.3308091995610831,4.292487613889681,0.12514408467387078,-0.4085741216840888,0.44755877982742065,0.025497539527236435,0.10330158344219231,2.8612039869232775,0.16672101728483657,-0.26498975977697814,0.7402545183188114,0.021581535569478196,-0.0704600378265785,0.5932470046122219,0.020042952978855402,-0.057049204727842695,0.1748835376011638,0.007448353865181006,-0.017270646305478726,0.2174548192719059,0.007946219683962821,-0.019877278985076186,0.8806452666097473,0.01037137677344377,0.02240684580265473,0.1494340620008285,0.008705922766228606,-0.01815343686150317,0.342350826706829,0.012510161361828283,-0.031293870220986564,0.27532856652999615,0.011726344405185423,-0.027190108088838094,11.281248265685011,0.4557945947825116,-1.035394185415118,14.286784559003845,0.6014964479616299,-1.2969040915102017,0.34158116044173414,0.05559365836470533,0.117733241727344,9.64229524689635,0.6037519100887623,-1.032500461259854,0.8082857087993828,0.034030119287728415,-0.07337333593306694,0.6382452057642569,0.025786926063676698,-0.05857821398430696,9.578342216814024,0.20145965796172327,-0.858635954412815,11.982208944274017,0.23765641741598076,-1.0928397890805535,0.48657919161294005,0.03838724769870343,0.09235069729857526,8.180494520621021,0.3762516983747571,-0.7230219584898627,0.7135763398199628,0.014153149662396879,-0.06508187432955581,0.5704188945798169,0.011997524498052222,-0.051134336284505366,2.007507057108343,0.06430848347668217,-0.16434066990175644,2.5212956336240846,0.06848079848916121,-0.20340135093867984,0.23499290866653952,0.04135934903251708,0.12074119977381573,1.6825682425674173,0.14976600179636035,-0.12137347554739852,0.8726916881692587,0.023703140101338584,-0.07040295709846534,0.6948549385941571,0.02225898393684289,-0.05688295126473608,0.08334403038024903,0.014135169982910156,0.5328686698857241
LightGBM,einzeln,nur_wandstaerke,ok,2.9876005133277586,0.12599691655004291,-0.27925342173949463,3.716024597262558,0.1586023046838662,-0.3440725831542033,0.7402303366261945,0.014554734031269813,0.04746873321543177,2.6452277050651958,0.16327576185241663,-0.27612832519127295,0.5074521100476029,0.021658380364201393,-0.04698579187547636,0.40798012628449615,0.01720586058819715,-0.03813423038268088,3.4601831843620516,0.10051032222379316,-0.2757102370594078,4.323536553535544,0.10414877225129412,-0.3428404171370705,0.43939696874704437,0.025649713417178775,0.08880086194930448,2.921385383173347,0.18949426958162652,-0.2580699241681117,0.7456090166725134,0.01796082043123604,-0.05912403032377045,0.5967207052960436,0.01733335698467427,-0.04754719572621757,0.11862657001547158,0.0049598573654380355,-0.01194929270491453,0.14929468388945938,0.006113570854636406,-0.014971588315394663,0.9436772117550175,0.00574753855206904,0.011503274761463844,0.09923247807717368,0.005963230698691183,-0.010199394665462672,0.2350426567855534,0.009624923665630399,-0.023570577345911448,0.18676019437127778,0.007808570419782101,-0.018812414688194,11.267777258757956,0.4311013209614209,-1.0816982952080672,14.21401919884828,0.5824917337119478,-1.3201368943358105,0.3488905430844277,0.0459757500097446,0.11839019475590679,9.54313601848921,0.2799306428777854,-1.1267109279953171,0.804168953173477,0.03295491311629125,-0.07468774943330114,0.6374830732957992,0.02438988530544121,-0.06119790423369409,9.552478621873977,0.20728069727690507,-0.8770254186070847,11.873281262048726,0.22695071828482025,-1.0697634406108474,0.49593180851198343,0.03678149679981862,0.08961041932379582,8.190436430083503,0.2577410088044768,-0.777315670207182,0.7070893709189124,0.013515593295557026,-0.0637076088369406,0.5688786402329151,0.01234418477979108,-0.0522294838163192,1.9963987132304062,0.06091210491448712,-0.1589953962295012,2.519149724025671,0.06958359058559588,-0.20588724474466602,0.23630155962773172,0.04148583580864029,0.1219892707152084,1.6357041410282769,0.09148451113016699,-0.09299176390810904,0.871948928198899,0.024084847618498686,-0.07126339521338676,0.6910100267788508,0.021083401311157907,-0.05503280095211205,0.0694164752960205,0.021675872802734374,0.5340714047253998
LightGBM,einzeln,residualisiert,ok,2.535654738998576,0.1752605622245175,-0.27721594458586507,3.176716235428956,0.1935763218912159,-0.33448762272387667,0.8096748931382978,0.021050880089312836,0.03946779431453251,2.1021511600128107,0.19134233078535814,-0.25061878276408134,0.43380535152496524,0.026434354894021423,-0.045676890852949514,0.34626340972148223,0.023933195214713144,-0.03785599700350878,3.4282197003640094,0.12449289142563019,-0.33288994138706673,4.281783751631013,0.11916666658124325,-0.4158098259837004,0.4503297278880586,0.023964271051733255,0.10466847278358882,2.8824716286590872,0.12759204516652953,-0.2838159522430348,0.7384085997948298,0.02055070889064742,-0.07170786036744603,0.5912084905667105,0.021469235013793685,-0.05740803594104271,0.12118378439489486,0.005268902014438031,-0.015655121912195508,0.15270567771150473,0.005588589247562736,-0.01979897552091353,0.9409739078051803,0.006578148523930917,0.015142475285438883,0.10350946680374921,0.008479050907112139,-0.013558678264620164,0.240412767959815,0.008798416863944752,-0.03117059286259155,0.19078615461347162,0.0082951160453457,-0.024646701079246908,11.173377758356212,0.495554135446819,-1.0485440035253166,14.163639437928401,0.6009721531750812,-1.3097456949856738,0.35349051521273234,0.04678959986888967,0.11714375928909809,9.40629163595047,0.48784466147153377,-0.9827991041981026,0.801318679859976,0.03400045691118627,-0.07409985942226949,0.6321423497216871,0.028036352334134026,-0.0593221749510231,9.525212258814502,0.24939114593740747,-0.9629670654919202,11.900965401487408,0.276280170964675,-1.1975184951208888,0.4933033927347343,0.041385290726206087,0.09990505431100355,8.05413418614921,0.340799669990102,-0.8373792303539895,0.708738044129636,0.016453309575778816,-0.0713158040048556,0.5672548468536917,0.014851987803681523,-0.05734756564141408,2.008912858664954,0.06128160468734673,-0.17715560098457628,2.522944014993629,0.06888018945908361,-0.2180173485611121,0.23391752956338988,0.0428307151278413,0.12900798864108579,1.6815861136697088,0.1288927338962003,-0.13598848057943225,0.8732622395559939,0.023841380605598747,-0.07546196702546215,0.6953415262506417,0.021211295627181274,-0.061318561151690765,0.06840639114379883,0.023656463623046874,0.5469483277237323
