schneckendrehzahl,massedurchsatz,massetemperatur,massedruck,duesenspalt,abzugsgeschwindigkeit,vakuumniveau,kuehlwassertemperatur,mfr_charge,wandstaerke_ist,aussendurchmesser_ist,ovalitaet,wellhoehe_ist,wellteilung_ist,bindenaehte,blasenbildung,risse,oberflaechenfehler,wandtyp,delamination,io_nio
45.192442579367885,62.40102781781138,220.1052730013405,151.16788710314796,2.2266655786330367,5.077495110053036,-418.1591283720993,11.623428313478739,0.6231399672097245,2.439594312780932,124.65572495793808,0.3234849751833091,9.179280530511418,18.022913362796736,False,False,False,True,einwandig,,NIO
32.68097931129721,34.487358776557,212.38037997742654,112.13522262044188,1.7051169213171347,4.3577216692819185,-399.83660539186076,18.639872755680816,0.8387474870983133,1.9853777910379495,90.44491708364387,0.46648356399409013,6.595309048619995,13.409012864855097,False,False,False,False,einwandig,,IO
32.42069453613733,37.59740600028056,215.11880519061017,104.75243751235537,1.8372002523218132,3.516244594212504,-377.966142517268,,0.737482033949019,2.1037638975227533,89.79430108162059,0.3405007441625413,6.0493997419726595,14.497384754565156,False,False,False,False,doppelwandig,0.0,NIO
28.49707034133751,31.344810297024896,215.4630885586536,74.74715632824741,1.6799567324901328,1.6497606701877414,-269.38416247196125,25.0,0.8553551322834445,1.9351236211582765,49.843076458215386,0.5081767693066243,3.3633551640257986,7.997799379751112,False,False,False,False,einwandig,,NIO
35.79815377463708,43.02869750896353,210.75817705085518,91.08524485068277,1.8648191501854785,4.178036614928315,-365.8242287683163,18.826511935350137,0.9004489218217188,2.1289768493055625,90.55568383521916,0.46888127469148666,6.446901576766933,13.808095064606361,False,False,False,False,einwandig,,IO
40.45072141557845,61.36134966867477,212.7463027951636,140.58314780909683,2.20070797111089,5.304703749610409,-465.0208322310853,14.161976074075111,0.7688471153299961,2.571308584141048,124.56516269493339,0.023958358280365025,9.029308857233717,18.945341187511247,False,True,False,False,einwandig,,NIO
46.9368512810524,64.09576763913279,219.0259803711945,271.1485319497113,1.580498064861761,4.367595826178644,-370.5555337208104,10.912941371566955,0.6240284327672272,1.7560459002740025,109.94614806578146,0.18068207864588914,7.928998538409811,16.317284071300666,False,False,False,False,einwandig,,IO
19.31071025524571,18.839301238506728,218.1127795417367,66.9695273492432,1.4468491709682452,2.325113853255562,-253.50608176106695,23.31680919146092,0.8560489348329676,1.6431965323296718,48.95491560027629,0.004351118737364371,3.7000720470624566,6.622964874121643,False,False,False,False,einwandig,,IO
30.573625485426646,31.567865528301446,214.710843435327,108.36606045125755,1.6993601696747893,2.4150297375772456,-285.09336881793735,18.949367742371766,0.7698497053417531,1.938450722125262,63.214173126156446,0.4775944451994708,4.472644074317521,9.678564295205998,False,False,False,False,einwandig,,IO
25.837240597735892,25.74430217261154,207.09532994471593,51.18935126120537,1.7501849365058169,3.900219238834597,-332.34977877885933,15.912097473679042,1.0905051665211458,2.0824974028622227,75.1455157182232,0.8438156468804457,5.1607451506683955,10.025785841855166,False,False,False,False,einwandig,,NIO
23.95357000313984,25.93130896940821,213.44550860093577,141.39988977553924,1.2405107812456417,2.8145379554640146,-286.61517588340837,9.520726823112728,0.7465154332742029,1.4195627454492146,63.53038679124512,0.549926323072667,4.365627702119662,9.28722206869361,False,False,False,False,einwandig,,IO
58.05396163697724,86.40884099927777,208.3974498151596,166.63019165194584,2.20116108093351,6.424899542607411,-489.1387635139735,12.27526419640779,0.8046532058521125,2.5392493976696358,159.40212620536676,0.1110134592059627,12.604213186119924,23.998170405248835,False,False,False,False,einwandig,,NIO
39.52874558838383,52.3291036603635,214.95230096978366,186.6907227702014,1.6456161450892204,4.551096013314097,-398.622401347582,18.525281155095747,0.7435635836944047,1.875902148303045,109.88741988549566,0.3012894896423001,8.447694936720621,16.276404782296492,False,False,False,False,einwandig,,IO
22.675939204778057,22.723881014315026,216.14053075532743,106.59689789794929,1.375697936087129,2.9824686808139362,-248.88569401899088,17.4153320965036,0.6851352112197823,1.5112071603978225,,0.09361585353278615,3.599121601437001,8.585691530067615,False,False,False,False,doppelwandig,0.0,IO
43.56691459516686,60.64434080326567,214.22770817535397,219.30065050175133,1.6893642678562566,5.187573867341399,-444.9015120456279,8.214673764134185,0.661181267561865,1.9190969445841386,124.86374505691799,0.23001342768282443,8.770329747460604,19.662171392550032,False,False,False,True,einwandig,,NIO
32.45977232941492,36.24322810050523,215.61375227594252,125.256570700092,1.7008573418378254,2.7643626111218746,-312.56286717525717,18.530450226007314,0.744136576698785,1.9914440252390762,75.96044965902306,0.037949892395461364,5.428520003258363,11.766405866838381,False,False,False,False,einwandig,,IO
26.09169811488939,29.60660410798884,216.04219405415873,86.30865365092586,1.8425442790635334,2.7285702855901373,-286.4375429268475,9.72625420712016,0.7781763627720782,2.0730873023372762,74.78611233501425,0.12399970302123403,5.4087708901816445,10.787336616963811,False,False,False,False,einwandig,,IO
38.02267001932433,40.6074069912293,214.64218269205517,105.9577249072251,1.7517907331549853,3.253072428912306,-317.19950741059904,21.416036274409038,0.8731581849466636,1.9994185372280853,89.11917636416719,0.13198639879148474,6.460624496445788,14.460707663482728,False,False,False,False,einwandig,,IO
29.3936804524346,25.782219761085354,209.82325816084776,90.74443827552712,1.566744699966382,3.1086631988187805,-226.81027987625845,16.834223659619827,0.7463275837455646,1.8162174801810422,49.517679216501236,0.619074769287474,3.4402931989350987,7.80948456941185,False,False,False,False,einwandig,,IO
31.69128668309956,33.36711516441527,214.5424097084595,125.11171626769301,1.8683923007602234,3.5913343779052704,-340.86078961417707,14.1463142050028,0.6305666236862156,2.1275119163480634,88.988392198,0.8033042799421117,6.41328548421458,13.029010170123495,False,False,False,False,einwandig,,NIO
47.35665950428752,58.88134263330247,217.03159670898387,183.33699746692335,1.9703115026571791,4.453510234128548,-424.20965112855635,19.96061735644269,0.6509719005101524,2.2995443790582075,124.26345460622561,0.08100921116880848,9.002820494547928,18.76635845564812,False,False,False,False,doppelwandig,0.0,IO
53.815126956323745,92.01544386926335,222.9023714167078,272.6168063179283,2.3007650798043944,7.273653570337786,-513.2197229039854,17.41399715378314,0.5015594585645229,2.6014203903022803,160.33874310048472,0.1383043801788175,11.57369426852678,24.479287426769066,False,False,False,True,doppelwandig,0.0,NIO
26.60488748538224,34.39561367771327,211.91884038675843,93.59565125350714,1.568490181760548,3.1814147142294207,-360.18711891293543,21.299710434020074,0.9491820765358464,1.7762990413253918,74.11176217343983,0.15565415624543644,5.680404106129487,10.950560579678847,False,False,False,False,einwandig,,IO
41.78029931158849,56.98495106368614,217.85276913801744,213.40982631969683,1.8417108744191826,4.240441813246667,-425.6224924100123,16.32190245355827,0.6188239579718726,2.0837732941832767,110.177219147968,0.5317827842670333,8.326961827575293,16.570266277336398,False,False,False,False,einwandig,,IO
24.642697645658476,26.04348080508832,217.3516790955298,132.55490919906157,1.1641393050759274,2.3856372975644757,-292.8013742991315,,0.8451160690206859,1.301756381149541,63.017048981214415,0.03310120190084008,4.4491441525244655,9.608238188590079,False,False,False,False,einwandig,,IO
31.894100359162113,38.03411582940046,213.88162817757873,125.07141157322808,1.6744902579721206,3.1944420400908498,-350.7072112282108,14.858998269608364,0.74148262861638,1.9687719442668115,89.66996166145333,0.12041766925056127,6.582875926216677,12.94957289923,False,False,False,False,einwandig,,IO
22.090317154888805,28.384615879145343,219.22915279294207,103.23227164591631,1.5834122893078033,3.559653526186535,-279.6944242798377,17.051868571068653,0.7455597746259109,1.8102210477960021,75.15269889563443,0.2859339147239018,5.401181848630087,11.11495357612105,False,False,False,False,einwandig,,IO
36.79002351012322,40.61993636870813,219.9496327760504,144.40603395350516,1.7254031039795925,3.719005142322039,-315.13002176560934,22.791803519157014,0.6823828187091494,1.9046089576708871,89.39395589317552,0.3513781688998133,6.957977739268512,12.987268712478405,False,False,False,False,einwandig,,IO
29.689465134519637,25.718529705207633,221.46689760259676,154.30699009797726,1.325805654829985,2.9852574658647137,-305.76215353716464,13.988943319755824,0.581830166705999,1.466969700864111,63.54909412444461,0.2997509588614622,4.638155510374592,9.884334007853358,False,False,False,False,einwandig,,IO
60.35939157603223,90.70387094869714,217.9959711565325,194.27842260064378,2.900390209569295,7.217903523832049,-481.54185712277456,18.591820597322542,0.5547196899262037,3.2072718007741297,159.63164637144283,0.31277046593070656,12.247066341699774,23.54597228721139,False,False,False,False,doppelwandig,0.0,IO
60.14930766552861,91.42444597644598,222.3663905320642,143.48674025880712,2.483616841274655,7.25107548196473,-513.9267216143478,12.478225667968196,0.9592698083207405,2.793935978054264,159.8051404745012,0.5457943841987599,12.02992657401798,24.145901852065695,False,False,False,False,doppelwandig,0.0,IO
30.525591087833316,34.081512248361356,212.40211425433796,127.23591490178602,1.6319489249385657,2.9376421346287036,-297.93459142490497,8.0,0.7170941618255868,1.8796132403579493,74.66716665623906,0.15405805864224167,5.2762910193181884,10.5549220908032,False,False,False,False,einwandig,,IO
41.749989631012994,59.62007778728296,222.1459890492906,128.0093350238429,2.1649763880867257,5.04266825820769,-404.8495567973314,16.829834961480437,0.8687901619281475,2.4524034655412037,125.40144620114536,0.38401125578936646,9.56806212607848,18.183281558429346,False,False,False,False,doppelwandig,0.0,IO
19.574807969374497,19.41136764436438,216.41130962945945,66.93019162405184,1.4308675594165994,2.965964722170017,-228.94767969630655,17.481621693877692,,1.67169711550077,50.3854088598273,0.20976071468846236,3.588799236704776,6.909059395414659,False,False,False,False,einwandig,,IO
45.87898616314643,53.026896744536415,220.85456564822593,155.40848736740801,2.089046745798969,4.985836067127645,-404.3160838695674,15.559794922230063,0.6383729604851178,2.2665503483234954,108.47251466146825,0.6642121353601887,7.83485411085511,16.35521242305996,False,False,False,False,doppelwandig,0.0,NIO
18.81418946416101,19.77210039246966,213.21164206271976,77.022920411073,1.5578912909363187,2.6361632048961,-289.6424078204769,10.016060116911056,0.7635258648891766,1.7407223741514604,,0.06161105063324406,5.425521932693213,11.34019080998523,False,False,False,False,einwandig,,IO
22.26362542303015,24.49228730535326,218.32388588126545,99.36984917340851,1.5975293037974048,2.710496466756887,-335.4203509030318,17.217204298566486,0.7067516163237021,1.827724783877146,61.897691917861884,0.32895426012615014,4.664866755544501,9.632377647595815,False,False,False,False,einwandig,,IO
40.073269572252165,46.694762002370545,222.0965532182777,234.33745661996798,1.6786451533877722,4.755714143597466,-359.5946079615285,17.065254536557784,0.5264179295474667,1.878924241595462,109.79023211315189,0.08533992241519486,7.416221888266139,15.613882434144854,False,False,False,False,einwandig,,NIO
38.82555855911668,44.11303289206715,210.87314139618962,193.56923636027628,1.5376114134375511,4.372831892886293,-348.6254180704629,12.444877475629706,,1.7800674045098437,89.93267136216059,0.2953997772316873,6.3043579549675695,13.415680307985166,False,False,False,False,einwandig,,IO
29.971067243197727,37.53626894982841,213.64168696445122,108.11154039699282,1.9521955441268857,4.3327838325323,-348.09319994964244,10.58603371410792,0.7881259885358841,2.226944138811201,89.78074145404108,0.22632740857628716,6.581129568061211,13.124713945144949,False,False,False,False,einwandig,,IO
31.14766752587134,37.05713553893107,207.03382435308828,128.9453747423964,1.7699640399264824,3.3016968740214003,-398.9359126422613,14.99044828917613,0.6251456117483712,2.0650205356622657,90.29371762680276,0.3452086886019791,6.165531766449621,,False,False,False,False,einwandig,,IO
20.477991520650455,22.305510058986904,214.6764799270496,107.93235172656796,1.4118871370227828,3.0100184472823304,-269.7166471811845,18.611716987111073,0.6512735206942207,1.5882485337877443,50.4887691239288,0.4901711051504283,3.333535671963351,7.366181834460369,False,False,False,False,doppelwandig,0.0,NIO
20.15454597960441,20.118510286140346,211.94400745262243,111.14215407981779,1.2592585587437028,2.5234545208428067,-226.11301500966124,17.666618927167963,0.6739949716921532,1.4451088992246455,49.45090172512977,0.6897269962689009,3.47564146116097,7.459584497190757,False,False,False,False,einwandig,,NIO
41.655882645683306,49.68940736738587,211.59509405056093,82.24337737386061,2.120336045579284,4.837766655550295,-402.66754729257036,12.476652008663688,1.0167293996965154,2.4879876032278965,,0.5870866608987367,8.18051220215277,16.12752553074847,False,False,False,False,einwandig,,IO
37.92251171474449,51.688441641692656,228.89543215494396,231.75157041096134,1.7740928747842761,4.735311472328514,-374.1634309756198,16.54770034008803,0.424892659434334,1.8258787312011977,,0.4346391753512267,8.138968797033064,17.36232385479525,False,False,False,True,einwandig,,NIO
23.269923483205492,20.811838261974927,221.26924206835608,84.02401669893379,1.5332406796110436,1.9944143829740946,-259.1361218071473,19.54850562190227,0.7752464948540888,1.7282429013700473,48.940488290126055,1.2056707947753786,3.726290336443387,6.858210288383399,False,False,False,False,einwandig,,NIO
27.6592729181963,30.15813019091185,209.54621674590007,124.41021034200865,1.4793895618049373,3.34498958265087,-288.43327151000756,11.309337162932742,0.6619991384121753,1.661977955633327,74.68261656292331,0.4030451610182583,5.357078848904405,11.050133004805552,False,False,False,False,einwandig,,IO
43.42440051174543,47.25936930515477,217.99173909660055,114.21767247286041,2.399857329929024,4.822278636467716,-387.2124758698969,16.252621472172777,0.6039017637246349,2.621410919713229,110.80190171514381,0.08010748718754257,7.923220315469658,16.553799226636485,False,False,False,False,einwandig,,IO
38.09674408316316,46.68486503791788,218.52917519682447,138.40848281973697,1.8079055188554598,4.411937897988867,-415.2952882774526,21.358563920683494,0.6583186439265601,2.0082640015448714,109.13419488421758,0.011048886642789413,7.729413898578211,16.374319768892384,False,False,False,False,einwandig,,IO
44.796227163718626,62.11754759036112,212.84756016058154,147.13228749604227,2.0639083885485943,5.026473429077352,-423.58873300377644,10.900271378824407,0.8001064365750135,2.458071508509164,124.80651907352986,0.019407455052624124,9.078016142937123,18.368032008646566,False,False,False,False,doppelwandig,0.0,IO
35.293657079587334,40.526402039143285,214.84380209980952,122.11372801736168,1.6184397369151908,2.9913344352907645,-307.96957740746967,20.622105164198036,0.8086785391030841,1.8505689179353713,89.6141454566296,0.7558438671668057,6.593693678527389,12.594158231794296,False,False,False,False,einwandig,,NIO
28.8040174709262,33.5873734248642,215.88070828273828,98.78964358013697,1.7288702468680637,3.8934470066203737,-335.558873049095,22.47674980928954,0.7279025683652129,1.9791844875829432,91.26681527489504,0.292748410144365,6.646021685800393,,False,True,False,False,einwandig,,NIO
30.408072322127104,42.33976566152339,208.30226492880462,99.88983533085367,1.9233510613829286,3.7034993471255646,-350.91115768234164,15.111177899316454,0.863911197468494,2.2574209254975566,,0.04165949846745807,6.56427777730611,,False,False,False,False,einwandig,,IO
29.8926340366284,34.93119055929899,209.35208298953472,86.07493244681739,1.7441149902697894,2.7561264341159655,-258.60640452166734,14.627965523934877,0.8903249492650864,2.082287919481461,74.67050920555397,0.2949527569403711,5.402403208452336,12.089612296356517,False,False,False,False,doppelwandig,0.0,IO
24.15485178770565,26.39875655311449,214.70953574342323,131.0980513589169,1.160705233581632,2.36966400124944,-231.01960743596948,20.13237767607824,0.8224563912925921,1.3124958261967823,49.27185264075815,0.24800915213010136,3.665468547748353,8.632347964299026,False,False,False,False,einwandig,,IO
18.824414791391977,23.699556338962392,216.05304105330373,128.057584548244,1.3821949483400133,2.5618012996511093,-239.58165211503848,15.255478499881924,0.6180711323279171,1.5323153602036497,50.00652804803765,1.0751259571798184,3.5286740372729994,7.4746041610021985,False,False,False,False,einwandig,,NIO
45.925420733575905,64.42332840115598,211.5724192792755,176.2916257002015,1.9335944792307609,4.901545684378932,-417.06643836889066,8.0,0.7741662323819314,2.18841503417584,125.15494728266111,0.08659743126866223,9.589623733544121,18.047621729850437,False,False,True,True,einwandig,,NIO
25.77077656805279,35.64710337831329,211.22345464961833,192.02396350250592,1.1283334065667963,2.7948708510039566,-270.3431541312223,15.604821621241681,0.7748800988707853,1.3132468675193698,62.399125083929725,0.11319367278153528,4.358101604359659,9.819022052856186,False,False,False,False,einwandig,,IO
38.2387254060106,50.09391359649083,215.61964072169104,150.22305040097905,2.0079505188798628,3.72002694111862,-372.931698170429,17.88161587277825,0.5776552849530172,2.3024716882307907,110.59822553127695,0.08804777103006664,7.975322366505548,16.00946175434105,False,False,False,False,doppelwandig,0.0,IO
31.218903364423078,35.11723399644177,220.4279304847982,158.0782432674584,1.8736379115336543,4.159768678740782,-402.57038363880343,18.960335414329872,0.46458416589186124,2.051436296607485,90.15826814408175,0.20650356506568443,6.482962899964304,13.225414473202667,False,False,False,False,einwandig,,IO
24.56117440586421,25.738760467114155,217.121387661862,179.0000891295668,1.6004712456531671,3.131363713986514,-305.1265946792638,12.47748334099231,0.39658365679381663,1.7248760414405293,75.5566999892896,0.18713713256249143,5.506421116872075,10.935575219408355,False,False,False,False,einwandig,,IO
47.10241161851973,68.89769572092926,221.40709673440801,167.787796404908,2.2858941209389365,4.685258597403876,-429.02014648339144,14.920795522109566,0.7104783235168227,2.5406213427629107,124.81460814875399,0.4227158763906834,8.900697837058404,18.499747169898022,False,False,False,False,einwandig,,IO
43.045696632904196,58.37514903479463,211.85907015150946,140.59917826825023,1.9527670205999603,3.436116460644927,-404.4944068284144,19.9076290566092,0.7447059572300376,2.2314114738522117,110.14165584429541,0.1550260499167503,7.969243367343517,16.322639874254623,False,False,False,False,einwandig,,IO
16.918659897335857,18.80160103226308,217.19057709900218,141.59678000587743,1.2065186329768327,2.911653976413357,-264.88593200110597,15.76000551434665,0.5227327633521378,1.352733968267194,49.85462038564608,0.5268809147877492,3.3181696199593724,6.843249025335368,False,False,False,False,einwandig,,NIO
43.57101040687867,58.965716749285775,212.32757948452235,147.19638602630855,1.9571665553964057,5.348236621089457,-463.896217170555,9.885048024156346,0.8569048498827043,2.2848468552496306,125.78725609552211,0.03483607735149254,9.458090433893577,,False,False,False,False,einwandig,,IO
32.51683726738761,38.00403584987531,217.16918200649675,144.99752191087262,1.7158323595963987,3.7042742853876205,-393.1152525009295,20.950552038481504,0.7228327223944617,1.916617069973111,90.06866931562377,0.06100578028760683,6.841541660558138,14.009972123931718,False,False,False,False,einwandig,,IO
29.37763284208569,36.77202748858393,210.2543053332008,97.69644079675449,1.6166136518654666,3.4704592005058417,-283.8374395637876,15.143555910491019,0.9024178922373028,1.8928771399360336,75.00585365619179,0.08753071339759196,5.500289853530316,11.233221529812923,False,False,False,False,einwandig,,IO
37.679713862120735,46.150791206078765,222.26494797199473,116.76589363384427,1.907665135839003,4.764359358518685,-380.44605450727687,,0.7555803804975386,2.1077573471476407,109.7252008012368,0.1832494884570931,8.223374821312602,16.562656920744384,False,False,False,False,einwandig,,IO
36.16606657325401,43.433521900444504,209.51715067395094,148.67411452621835,2.0727750133960936,4.497775228021413,-452.32530318030695,10.418173216533802,0.5400499642181272,2.357672486552873,109.71707698314806,0.20882677164299168,8.36598656196443,15.383875934824351,False,False,False,False,einwandig,,IO
33.452155723489476,40.545057906248644,221.31198350277282,124.6887656231562,1.6708543984595479,3.0233143130968734,-329.4096135350435,15.51605300964366,0.7687421819935223,1.8550381826965539,75.15122356749185,0.19719697229640812,5.52090010652077,11.723891829261921,False,False,False,False,einwandig,,IO
79.06403979558932,136.2494931476803,214.5558210425888,169.98644761311527,2.937497760075639,9.833143360553898,-567.9862066650867,18.03894409470894,0.8005166042308152,3.330460595127793,200.38170166311096,0.09470463781697674,15.499434035940359,29.65724005491844,False,False,False,True,doppelwandig,0.0,NIO
40.30922041400974,53.117653223674246,217.86684663005207,159.20044123030337,2.055727652860169,4.58837680956208,-399.00035934301576,15.651420553996049,0.6178564621169491,2.3362861049144286,109.5985557482907,0.03013222594817471,8.223062401860787,17.061984277183846,False,False,False,False,doppelwandig,0.0,IO
38.61049822812749,50.47957597920003,222.0686112091397,229.46001709512913,1.9565098449081642,4.97881254995174,-360.87487615504097,11.26797519071603,0.4836860504035187,2.177986963567877,110.07767674084296,0.7920668502103411,7.79883539845391,16.57713740209885,False,False,False,False,einwandig,,NIO
22.24863412004151,24.363139694872096,218.31029070349635,147.60431482388364,1.0696637433382257,2.4588387314736115,-233.75620501808416,8.0,0.7150444096459909,1.2038451312142027,50.129740012673274,0.3287964764796185,3.490624962507405,7.218973285477338,False,False,False,False,einwandig,,IO
21.94904160334773,25.818176466636057,213.28090601120718,152.79429543231709,1.5027997966252251,3.715590962366689,-348.9177802327678,22.093060518013438,0.5498733047025722,1.7037182062430924,75.22297434809147,0.1823128153704719,5.432680932941091,10.41110520222441,False,False,False,False,einwandig,,IO
32.831643684763826,35.936317732559075,216.05529302537704,88.17019362997453,1.7914630436244765,3.7692609893809648,-351.5831024712208,16.9921528076053,0.8681331494591698,2.066458259338293,88.94084376582468,0.36650714258285094,6.435644476710789,14.587422978714038,False,False,False,False,einwandig,,IO
38.23347869838198,51.72063153809042,222.95850790705038,140.6746798001979,2.156020914394375,4.5722763874066645,-403.2022356202176,20.667204211164552,0.6389234979360111,2.367837334502373,109.4604859987337,0.09821956187955533,7.638247043256356,16.90162363652369,False,False,False,True,einwandig,,NIO
26.024425366440717,30.216436428399028,209.38131182356474,88.44091286091341,1.6661432763652606,4.58204378692959,-382.7309573588025,19.714676397441796,0.9586901659739948,1.9287800731400893,89.18315761874344,0.23249949931904154,6.289451535898776,13.931537199844502,False,False,False,False,einwandig,,IO
43.00893724332158,60.66492954474308,226.0227044457985,272.52029586318076,2.174279771589988,5.786071286487373,-461.3568581213818,18.387387304478317,0.3813761998721746,2.2964219023149597,125.01781967482425,0.380810808633622,9.34332895905286,19.659413852726313,False,False,False,False,doppelwandig,0.0,IO
25.117219948557995,30.41834251866237,216.3810552189001,96.96895647763594,1.73036538217786,3.796443697755286,-335.1505386560432,14.714650579411728,0.7202193406217722,1.913451868278562,74.43055299926236,0.19351712447805333,5.5653760704134285,11.36204350611443,False,False,False,False,doppelwandig,0.0,IO
34.72779750670449,50.08923907219856,211.5518177441974,172.16856255436167,1.4803377102098232,4.100954536653257,-408.02313523781595,17.959067702556514,0.9144088960151979,1.76395949459779,109.71218835178126,0.11191424005740323,8.063309890466616,17.176200025690875,False,False,False,False,einwandig,,NIO
42.72430236214879,59.670672768716074,212.49520764063175,228.1451259475667,1.8112175025486013,6.001873000862516,-417.91925556891596,21.7301477854829,0.5664543526169055,2.1018681942888247,124.3157789916586,0.3254519336690308,10.010702106203935,18.510712371126587,False,False,False,False,einwandig,,NIO
45.2088054893746,57.89143229650201,214.29789282511933,176.35984664748742,1.9425743792588817,5.092113282352018,-398.8946631696395,16.33204371309503,0.6761198596559447,2.2207372554723146,124.76350023380466,0.1078721342286323,8.864559834888361,19.118789266416602,False,False,False,False,einwandig,,IO
41.89206771040651,54.58687259891632,207.66252953295486,139.6263890360186,2.180081820750317,5.034003528098597,-412.15887610469076,23.60680417759676,0.6395446428453934,2.5284676028073836,124.35135920244048,0.1426427759854942,9.302394519986903,18.434951646287647,False,False,False,False,doppelwandig,0.0,IO
61.70428248003399,92.37898818866967,214.1595432943476,235.85874632465632,2.4143270185077634,6.256300634634705,-483.2406939929794,10.002312454132575,0.5974348536771575,2.74657898306128,160.39885435554933,0.1961189682486053,12.426996277441559,23.748070602257844,False,False,False,False,einwandig,,IO
22.815240753247533,21.299504052815028,213.6547438552404,97.24140118274971,1.2598913919788488,2.6305163298215293,-266.6654455367592,9.572365554950213,0.7366933961671421,1.4551088342028398,50.326331845050994,0.45363609303521085,3.6707373507142345,7.548500287727138,False,False,False,False,einwandig,,IO
38.12889914353702,45.798873813725294,212.25685132474925,184.1193002014525,1.8024099040189934,3.986658416758944,-376.92499508467773,19.952300858077574,0.5056867598501344,2.055387062050019,110.09046753729815,0.5816173738132255,8.175139070811035,15.866300545020138,False,False,False,False,einwandig,,IO
77.40160432268114,135.2501336513351,218.1245433172137,205.31813769688424,2.757432214264931,10.163301531418796,-593.7093745397565,12.725028253916488,0.6833546828004661,3.0724998591488846,199.86492614286263,0.21922064384367362,15.806439763009092,30.16471211118734,False,False,False,False,einwandig,,IO
32.19822161322059,38.12019921970917,213.50574176362096,123.98268577223547,1.643903881121753,3.1553739467049233,-359.0368095813196,24.173347681715114,0.7773991356526859,1.9301376333591485,88.74687621472148,0.006534327553569821,6.531621971019528,13.344020895062865,False,False,False,False,einwandig,,NIO
23.981630777905302,25.06290419335154,212.71493427520628,122.08239922108456,1.2778465175493865,3.5128799351179216,-241.17247627760938,21.349365484931774,0.6677359432920035,1.4043683618704579,62.67963910243835,0.40497758158619407,4.687893994196685,8.45621968360616,False,False,False,False,einwandig,,IO
69.80227349170141,126.3724204527702,214.89890929970875,222.16600198127605,3.013183118445627,10.220629585150691,-648.2618989136874,22.350286027032165,,3.395085555451247,199.68903305832316,0.191257266917628,16.09567145303983,29.771169057120538,False,False,False,False,einwandig,,IO
30.91371838511124,29.638070049231573,215.1842074149416,74.1386273158622,1.7335842672966524,3.705748630299831,-335.43260743268405,19.537745222205004,0.8545278097902252,1.9509406251332484,63.15623622115406,0.03411280272317423,4.409410402799864,9.277472648423302,False,False,False,False,einwandig,,IO
25.190522785641598,26.94279583956348,214.41657648792776,105.00441907359424,1.5327670020010715,2.7157903874029947,-305.4325061466599,12.313665505318824,,1.7738865617035557,75.40483145164026,0.023764418236130628,5.422009736677038,11.67641823241912,False,False,False,False,einwandig,,IO
23.71766670864255,27.160081019364966,213.4455242532142,199.038155288783,1.1522272457965714,3.4134716978831903,-295.2245587133113,9.362633599459233,0.5438219243044388,1.2920811820888625,,0.1719620831625856,4.2608912730259165,9.592598976246888,False,False,False,True,doppelwandig,0.0,NIO
32.66639544270883,36.066926226269224,217.05554297418885,166.5533070171211,1.6167492649303206,2.8989150331868694,-383.92460875417305,21.981178676756087,0.5058838652466188,1.8016452695327647,90.75428232032962,0.37536032903239375,6.886761528868209,14.223736183511573,False,False,False,True,doppelwandig,0.0,NIO
30.17574435597691,37.74509392980806,215.93960546892757,141.21192900740664,1.9000347501129085,3.703230190589718,-374.3652737790942,10.001727175951771,0.5572113376009263,2.104577884583226,89.65672410571308,0.23057381649849507,6.591740413664886,13.760054797812414,False,False,False,False,einwandig,,IO
37.111652632332564,43.90916996699964,209.7878153088201,164.50175440640152,1.6265438969266843,3.3673507520232198,-371.11014492154453,22.33954275091008,0.7817909748230822,1.8972995611247634,89.63026245748242,0.671554628086935,6.829619157911715,13.223019464882857,False,False,False,False,doppelwandig,0.0,NIO
59.42896933251084,93.9264728032135,213.51529374721588,206.35696917336557,2.1969557335639296,6.940817385899858,-479.69158657172716,18.67845904091742,0.7413359348443818,2.4499018853624754,160.54882141783617,0.21188961159652694,11.879446498480178,23.970820319761735,False,False,False,False,einwandig,,NIO
35.254885476423226,43.82015978515788,216.36925382674872,129.7756327781904,1.6923564502132435,3.4134014328364684,-317.68973922338904,15.694989384719593,,1.9775109519476826,90.10712768450075,0.6043145658279453,6.054910389354208,13.325975981544229,False,False,False,False,einwandig,,NIO
35.32650257997703,40.62154197848629,217.67993330124676,159.74278222483264,1.7458493915862454,3.2541135258594682,-307.0109358692346,17.768190737341243,0.6510774672924077,1.9296984514013478,,0.32406653769168187,7.0090596899265085,13.743986428056585,False,False,False,False,einwandig,,IO
54.468310970667766,93.38457433736313,215.18982375538656,267.094717602443,2.3353961115752915,6.616124677339724,-541.7252805552334,17.8611637417964,0.561289864374984,2.6261480604504626,160.8946061510731,0.11631368179549621,12.141927343071398,24.029911073731615,False,False,False,False,doppelwandig,0.0,IO
41.88863989440993,54.75044399909529,216.6044753930465,125.66036509868306,2.0236373616281433,4.948029277227413,-459.1780883127883,15.190358445651679,0.8378269732621748,2.345845921122495,125.31396432821414,0.14869894077289117,8.969604745078293,18.43572018302054,False,False,False,False,doppelwandig,0.0,IO
23.08762561898892,25.636900024533784,211.7443162282029,113.28808661862013,1.5189583014270271,2.8402113589147486,-324.4906618625131,21.702748939677257,0.6169827229823254,1.6808868735859723,62.87811850922453,0.565394940508162,4.699689172816216,,False,False,False,False,einwandig,,IO
28.333167842058213,21.600364272605567,210.9801909802019,115.76910812937292,1.2646134571018446,2.9654777426504073,-227.77857485574975,21.565603442398135,0.7279822083780967,1.414126304216952,49.51385061388041,0.13435032567350433,3.753827366482815,7.730590332777379,False,False,False,False,einwandig,,IO
42.58618449575346,56.19465928140791,215.85488995376372,197.499210600473,2.0352034940914603,4.538140158648422,-381.56938863951177,16.622637207283763,0.46751127413269383,2.358067653001448,110.79442059300965,0.21904084094717852,7.957515740520714,15.99678923084911,False,False,False,False,einwandig,,IO
42.476292655368894,59.85008268837229,221.6740370535359,135.56513057601808,2.372379979448288,5.591616080517754,-422.995019588257,13.600022453198783,0.61452843635158,2.6157854746364633,125.11784118327104,0.02255148836491022,9.162359461613889,18.908504380822354,False,False,False,False,einwandig,,IO
30.31425670626628,40.35943803622449,214.441730921023,169.2342257051899,1.4082825767655063,3.02872925121716,-342.25928265381384,21.223816177617167,0.851409448141227,1.5978885812077976,90.0153710703877,0.03243924851779413,6.545189451363585,,False,False,False,True,einwandig,,NIO
29.059255719913303,27.81002937233901,214.75806624134074,134.78334027276625,1.6180678918777442,2.6206122377165033,-290.0194569284686,8.0,0.5925588149995213,1.8154594785053988,63.449231370907974,0.5207728289605813,4.321242253992068,10.002785671570804,False,False,False,False,einwandig,,IO
41.19148163220236,55.93070064112291,220.1991474190848,135.0373742892555,1.9824431170756367,4.70440196765457,-420.02855118516266,17.77557042804529,0.8221755732177248,2.1732034193197385,110.50288939852273,0.7137617359707609,7.9011462041168254,16.763590405385987,False,False,False,False,doppelwandig,0.0,NIO
37.478215068376045,50.76502367077547,216.64946989461168,239.87873417012807,1.9555262448782613,4.557276302316543,-379.1706802553774,18.958300432835685,0.35034704557177093,2.1208564469313598,110.33024771786248,0.15548135169768312,8.476864568102508,17.314641517810898,False,False,False,False,einwandig,,IO
35.89062462855441,42.611147794772585,224.6102029407158,129.12240747290204,1.8861330091593977,3.2755299541363287,-352.6534626413422,12.68659266088795,0.616091251053522,2.056843049846483,90.54765225330999,0.3099102003569337,6.48125160891749,12.941701780112288,False,False,False,False,einwandig,,IO
43.25743849396084,55.055539463449904,213.1604930805708,150.0067447186501,1.9654576732465203,5.498627556866361,-455.00803783698234,19.895141949750588,0.6742968031182801,2.1600259096363663,125.2466412546336,0.10462365992789491,9.009464416243112,19.31672586440823,False,False,False,False,einwandig,,IO
43.398403643690905,55.418922268224236,208.86203671898392,89.06805233239481,2.2686921095252988,4.912490727219008,-410.6428638660486,15.894456554733493,0.9613810455013607,2.630154946280279,125.32078903819485,0.11485208655979914,9.030050710803978,19.217890031784066,False,False,False,False,einwandig,,IO
34.84736262333147,42.1666226215019,215.73742755660984,134.8959679631487,2.0198050383612203,4.109054575442512,-402.6446909068147,13.817199512203528,0.5246405679978322,2.2804385575224924,109.5728513678644,0.08658515533505058,8.333926870593722,16.408883976396055,False,False,False,False,einwandig,,IO
41.726174964195,54.44393990053334,213.19847100211544,204.25848636261375,1.4505823407956293,4.614779104198723,-386.3129128289656,19.85289335865469,0.8006489943170634,1.6842213117196434,111.07804903879608,0.11900692307229922,7.498267572233066,16.311678323472545,False,False,False,True,doppelwandig,0.0,NIO
41.68319382195556,53.99466775115495,210.50080195710433,139.67322088798463,1.9634763289753416,4.4224677461336945,-395.1244790324506,,0.858539767187319,2.238279939784658,109.27312165943539,1.267355446220926,8.103748019076894,15.957426971754982,False,False,False,False,einwandig,,NIO
36.046693374824194,42.887310295597125,226.27368388932686,147.3947140345002,1.9469331075238474,3.410835065988556,-325.71553069437977,19.476773346255516,0.5917765529133587,2.1457640915545197,90.19762256842566,0.5882383467145187,7.000086067714786,12.827095151138753,False,True,False,False,doppelwandig,0.0,NIO
32.57992718962028,36.59055265717522,216.72273500974822,119.34996043591806,1.8875471109575264,3.397252589901158,-342.49592564427644,8.070615144722977,0.6439714076840964,2.1405042863535306,89.16212961427411,0.2612702898300965,6.932846098488457,13.124382840263486,False,False,False,False,einwandig,,IO
41.294861374184855,49.04580936986134,216.68704376611203,119.4538496244287,1.9863182759204536,3.9920812800773207,-414.09250437142015,17.142817786924788,0.7212443160717855,2.2561406572244795,109.94351236702538,0.08343116303071482,8.223614256665092,15.872112178798522,False,False,False,False,doppelwandig,0.0,IO
39.623922367125125,50.815809429350765,214.93026489208336,160.0471566369879,2.121991252006689,4.261700701576454,-383.9499194115367,16.175375824853976,0.47777725492112055,2.3676682446475485,109.65883564858622,0.07893252720565234,8.362989268513367,17.29786124179531,False,False,False,False,einwandig,,IO
34.38067989394814,45.074797211790624,213.2354463152531,213.84156987494936,1.374084159935962,4.060003774194975,-339.13278188817344,13.841216932536959,0.6317345182207965,1.5699912158078244,90.08541635480937,0.29589716338359123,6.771222198143462,12.74897403836553,False,False,False,False,einwandig,,IO
29.346547220410436,33.6823125104882,217.5708989737351,113.47888700088438,1.3353185885676897,2.891620185195266,-275.8166756490282,17.558499471556043,0.8914168061419623,1.5556131820651846,63.230487074076244,0.0972131725337039,4.4548531867733985,9.524447739053047,False,False,False,False,einwandig,,IO
43.22829624661191,54.475233959365454,207.66944713660365,172.8819986409812,1.6813217683138062,4.8034376323109385,-366.10314363170215,15.681719482528848,0.778398221629663,1.9291840566601604,109.41670689812419,0.016216392559260596,8.225940063507958,16.717852563442552,False,False,False,False,einwandig,,IO
35.94422746714067,52.624078899214005,210.6166436562184,205.95396934135337,1.6316013986963835,4.62642741506988,-407.3995696294293,20.218782509222187,0.6764873065775135,1.892897794016209,109.98292700089088,0.2495389049026632,8.531853676832501,16.678749615973977,False,False,False,False,einwandig,,IO
27.445995238314513,37.216530790800505,213.875079143366,97.67449282052807,1.9030798256722878,2.8801015172112723,-298.3016083204867,18.24060395521374,0.7169608542754724,2.100352901657103,75.91753377811654,0.05897632655231222,5.127482006935425,11.47264430519949,False,False,False,False,einwandig,,IO
30.164077096944986,30.851630171401766,219.70710278390152,76.4096749440192,1.9764196113153842,2.465343490086303,-358.1204309460201,,0.7871358048294657,2.2099583568890506,74.19213251662919,0.012206686922406193,5.5356662834487125,11.723200158724838,False,False,False,False,einwandig,,IO
31.30817595448165,30.31123387807082,212.57503993062997,134.7223713854795,1.39622286427351,2.754258254118482,-317.99962038220764,17.16744481424082,0.815861522186517,1.5759787553353897,74.44974512571558,0.35867603293967076,5.445350806861635,11.027038918781665,False,False,False,False,einwandig,,NIO
69.28857002534104,134.48391151754475,217.33230320595172,273.2320185177271,2.901784145660113,9.731505675560992,-596.8664971201911,14.111334173811832,0.6165378778931346,3.221938729777654,200.38311789919683,0.35795889500910916,15.353061228628277,30.043775322845107,False,False,False,False,einwandig,,IO
43.309921542946256,57.96014252232169,213.26924958561676,116.17923876869824,2.102243999064222,4.825566851883336,-388.803869495493,14.79278580009721,0.9302081414919504,2.380734767761398,,0.28690135160352975,9.123255426332813,18.603219243517135,False,False,False,False,einwandig,,IO
31.72800064509389,38.599962542513545,218.60541581030165,84.68000768205114,1.9299134501034394,4.012407970743888,-351.90838572441214,,0.8974522301806991,2.169664109494014,90.09372594788366,0.2698391887808871,6.558699366327094,14.15126279562509,False,False,False,False,doppelwandig,0.0,IO
29.778881407540823,34.83036782486424,207.84839877072446,123.42150654909928,1.5852849518167245,4.008235386739881,-332.80028054570977,15.306562051571456,0.8015886445529818,1.8498218808904052,90.64784739782664,0.2432484685500537,6.547341170434584,14.549932961737438,False,False,False,False,einwandig,,IO
42.56798611602074,55.400031275598316,218.95540465390616,226.5780662652243,1.8562148797594538,5.304751856110658,-436.04446557181393,20.445811321731984,0.5735560201231162,2.0295663871559735,109.55534674750645,0.30352594437307,8.408998286679871,15.903033119919312,False,False,False,False,doppelwandig,0.0,IO
31.171105040370005,41.47474956413207,215.42867296915432,115.62138461612734,2.05555838438321,3.314511531523046,-356.79394911721454,16.373800758175012,0.546966413984411,2.219280762865184,89.67979049067368,0.2183754480256827,6.619123545895059,12.484449578697838,False,False,False,False,einwandig,,IO
71.64438556719966,140.7182495901913,219.09146133159356,252.26399713194124,2.9748557225965127,10.638979322425765,-611.1589966858395,17.503866431300523,0.651009430510511,3.339994028781541,199.72052377232046,0.026348564221088673,15.267164366049649,30.28456578450951,False,False,False,False,doppelwandig,0.0,IO
15.630106691901982,15.982868788343243,211.64995345842544,72.33583715476853,1.3653559521762795,3.1365068822656523,-198.11222191761186,10.389264264417756,0.7091147646466616,1.5490447329369987,49.745839686883386,0.04255970016598276,3.3833056153161722,8.035186442117855,False,False,False,False,einwandig,,NIO
27.00719952727842,30.10678778768829,217.21976251812222,199.53851193352693,1.4679242162284962,2.4070944967844543,-276.66991892803395,19.77292108824151,0.43472622016614215,1.631309118488884,50.902579626422416,0.08488290366435312,3.494738256941927,8.478488656624227,False,False,False,False,doppelwandig,0.0,IO
26.462922420113163,33.01009834482623,213.99634139609495,102.22426318700377,1.6758612222252138,3.809422158776094,-346.1680231834637,13.675305625302626,0.7742039700317884,1.9025074892562128,88.93824415528897,0.38519705012291905,6.5562139711334995,13.868945175608328,False,False,False,False,einwandig,,IO
23.556772111954817,22.11376769966718,209.44530339810018,86.31089071558186,1.3537299879022975,3.2900932996564842,-285.4356049431208,11.829385670813146,0.8931193395772707,1.5845844121738801,62.20280401386877,0.3096714879135096,4.377512557770762,10.147890479343603,False,False,False,False,doppelwandig,0.0,IO
37.39400037331485,48.81671381254765,209.18657898041508,111.09870342842422,1.9509590042268303,4.396430150935095,-431.73695727341635,22.584744036450285,0.7864711209746316,2.362307524656263,109.23105893569665,0.4480328679091557,8.355272670850532,17.330030366438155,False,False,False,False,einwandig,,IO
46.273898211488316,67.10588276787946,213.4896179159125,174.54194709868642,2.243363389791388,5.070443289114143,-438.15088526357783,18.790486089730365,0.5985920795793647,2.556433288145384,125.78279512462515,0.6401429902365136,9.35362558205238,19.482388885815432,False,False,False,False,doppelwandig,0.0,IO
26.501872739367915,27.809293988914295,216.47300859286057,142.9292480662234,1.5170951765123657,2.5428650315530192,-278.48083718376864,19.9083828755671,0.5808394903899263,1.675662485170807,62.58680763417652,0.6268663977932614,4.64966065007109,9.890580255081574,False,False,False,False,einwandig,,NIO
32.24083719708345,38.32468299791371,211.61252828977314,164.14948418887047,1.4283535170704975,2.675984592534788,-345.8569431189679,17.81798473162927,0.7449778516261117,1.6684217306166376,89.79602892886342,0.37570305494754497,6.361337189083244,12.85889521852824,False,False,False,True,doppelwandig,0.0,NIO
40.167437156999505,48.12949026141936,213.86367020629456,129.47952672991352,2.0934102337216114,4.4481886465953915,-449.51027430019843,15.627396816385156,0.677004442699273,2.3480438880798604,109.11138639653441,0.5183622650971191,7.919674653784665,16.49581907208082,False,False,False,False,einwandig,,IO
39.94990986841476,56.3712593973572,206.9251611729586,129.9147264022483,2.0579029343332698,4.841052269018629,-439.17478611261504,14.881583967774947,0.7664561761383861,2.4063219621611216,124.85365883370692,0.7125071254225172,9.56762028097876,18.900019309529583,False,False,False,True,doppelwandig,0.0,NIO
32.24069326841337,43.83050929477204,212.79533467093833,170.65280181691298,1.4996400835995076,3.189860550553269,-322.47945846382765,19.11644074182668,0.7902582058908452,1.7316845375325114,90.55551503153067,0.31365900437834593,6.4913240762700966,13.45009518340319,False,False,False,False,einwandig,,IO
26.592652476231613,30.101557044194557,217.78407795182642,169.53707055321019,1.1250949816316063,2.962676660057726,-273.8944268171766,20.530076168953173,0.8637835793341992,1.2588471295320163,63.17094576653352,0.6641174094742459,4.441185391072585,,False,False,False,True,doppelwandig,0.0,NIO
42.600157690246384,56.7098015083694,219.17926941859577,239.9062768503058,1.8796939419023482,3.8394751036715604,-361.5491662043699,15.727265008296616,0.5301814856605717,2.0627773841551336,109.9338600108758,0.3172879408627524,8.157653369980473,17.283614031843953,False,False,False,False,einwandig,,IO
30.963649360507816,40.88727250792449,214.38636951447225,119.99457417019448,1.8776342480095798,3.942431956512247,-372.64118343558226,24.290171458803208,0.7332428421773968,2.1268953858607182,89.05284318078174,0.5736623401547642,6.68351943284809,13.121584158155818,False,False,False,False,doppelwandig,0.0,IO
36.266887166571124,51.30659016577786,216.41078090481025,143.3475073379519,2.167651162249918,5.3184397261042085,-392.97676161802354,15.210725801156762,0.6454787494058014,2.4026364337341883,124.80626857337174,0.06308803139436583,8.751078225304349,19.149526181433327,False,False,False,False,einwandig,,IO
30.567535653555183,34.32166826927419,211.8053204703458,134.6013151505464,1.6559838100886444,3.4599227153210994,-349.11015120722953,10.42396622044011,0.6852047434096957,1.8942800783592135,90.09139041181488,0.11743467781449496,6.803424722734892,13.658220812439616,False,False,False,False,doppelwandig,0.0,IO
27.84597734813702,33.734485223386834,220.4604641099631,200.48791416681652,1.2022209597177456,3.099675898862216,-275.1944374765265,9.113909036024094,0.8296613279003116,1.3894840361490464,74.33065597001848,0.2912295584298363,5.251376741226481,10.821233805380835,False,False,False,False,einwandig,,IO
35.334281458661486,49.82113189905592,222.10329897839415,120.70637541260793,2.0178752273397227,3.943911562338303,-391.9173891479057,9.248898528482693,0.8459688809576864,2.2715132106634672,110.38735998565876,0.35525756372794953,8.479277555568485,15.961699250873211,False,False,False,False,einwandig,,IO
34.21927531538768,37.06463213228749,213.9811621423635,77.07194511283762,1.9911888804594422,3.9201354413461504,-399.18688731785784,14.344752829710021,0.909766547557548,2.3721880908305164,90.518911334792,0.29354110287606694,6.293556125617801,12.649342463259918,False,False,False,False,einwandig,,IO
20.300269569536628,22.494092940441885,224.85203504380405,98.00605384458889,1.305277084392644,2.8687456964205063,-267.3686357173214,15.071927915548867,0.7638385375552401,1.4246255909740315,62.64028047103469,0.704148097088572,4.512748837605731,9.692788514974385,False,True,False,False,einwandig,,NIO
38.19448278319042,43.09035826965816,212.41129066276557,141.2456189305971,1.7623241965758396,3.724739981835818,-359.08784194936607,18.730398550719567,0.6834974813866308,1.9879528816686358,90.4463412573733,0.5315298853047128,6.479641348176311,13.468377593299481,False,False,False,False,einwandig,,IO
58.35060353946454,93.62477054965724,210.29913720306465,169.8426170638064,2.6602667226731738,7.320756151869253,-511.4057402842121,15.885567858984915,0.6620682295824424,3.0164506180343724,159.94445653654236,0.0027787152036336756,11.249937057600256,23.587111285011613,False,False,False,False,einwandig,,IO
41.492505661204405,53.304764891632495,214.24321098649713,256.26870388220317,1.9080149177270982,4.16303383444331,-428.3274107767442,19.37348413853674,0.43978674964079967,2.124556715263453,110.64868406862345,1.0546363485288215,8.272898595098928,15.561947437781972,False,False,False,False,einwandig,,NIO
26.32340307227305,29.34059100485977,212.5143568858217,81.71168498880587,1.594828988628575,2.517376690031626,-274.44501252484895,16.17957133049131,0.9009602567347905,1.8184762241687336,76.37385807278127,0.5473923110610325,4.977977779860704,11.466355450924446,False,False,False,False,einwandig,,NIO
33.45694541879963,52.00515103559924,224.63454430135465,177.32420600408167,1.9095968095305063,4.802927349965052,-405.0275293450712,16.054085704507465,0.6517152379321495,2.1512491646630494,109.36335195722775,0.18878815221847076,7.978194718326839,16.413136353199842,False,False,False,False,einwandig,,IO
22.043399947879713,26.523940295214075,213.2682870183727,75.6066381432247,1.6665606729347748,3.400487365444963,-275.624105627187,13.689940503966211,0.7758845590004365,1.9169153161552752,75.51905894414665,0.4035808183336771,5.524572007509583,10.89315326407466,False,False,False,False,doppelwandig,0.0,IO
32.51978063478032,38.78068807661522,210.746580917893,109.61707745200755,1.6155798264943617,3.4058564786916263,-358.78107903982135,21.690353841591254,0.8018494788613648,1.921197077761504,90.80275726825852,0.5647256297567919,6.404774465137138,13.017980037674587,False,False,False,False,einwandig,,IO
27.660103905350553,29.18828168562756,212.9005431725504,174.87742286939329,1.4368021813774092,3.7836440796520163,-371.19363005373197,9.87406281368802,0.5132026736424791,1.6370706832645991,89.4114859599484,0.5256637927870608,6.343206452498405,,False,False,False,False,einwandig,,IO
19.745306602988798,25.60253544346178,220.6681041191247,107.77661201597863,1.6462229436951725,3.62818937548718,-282.0117706492547,17.20524116285553,0.5614980411310548,1.7736161396634824,74.61467398768183,0.3753288158083955,5.478079298393061,11.48499824286963,False,False,False,False,einwandig,,IO
27.557404049703596,30.585752622991954,217.13278310476954,72.48194204921413,1.6811323111305483,3.580480321233576,-316.83336872500576,15.273398153003066,0.932052986058324,1.8863814443565956,74.62171697966824,0.53311448569992,5.333872510694001,11.085008507789325,False,False,False,False,einwandig,,IO
58.342712573128445,101.30047258509974,212.7095646357653,157.2417965143121,2.685904545616053,6.894176465427202,-503.5893001838789,19.127018390018,0.7435653273525316,3.049098842654027,159.93205292855563,0.14955244683291813,11.831444872029177,23.405736836351764,False,False,False,False,doppelwandig,0.0,IO
24.121313338678583,24.672027706300543,208.1935663328496,87.46533474271874,1.7493184824071262,2.5294955818262994,-347.040648507078,15.916682395376604,0.6129121503552226,2.031231501830598,74.77779099913943,0.2294785098756336,5.64712233682815,11.220937522482256,False,False,False,False,einwandig,,IO
42.49449751550205,56.90067762984055,210.63724223451592,130.21999732922671,2.27769582401805,4.598113944161298,-436.4405838674064,16.034574822463593,,2.6703574465160846,,0.04562633264945876,8.870760487740926,19.27277373362631,False,False,False,False,einwandig,,IO
42.036390525581695,52.167099186771246,220.58149106419876,109.94511509231113,1.9853669248481438,4.295309594817955,-381.28260440922503,14.933441510761154,0.8629355357249258,2.2272380462571952,110.50202527730639,0.09264702505138589,7.889082310013205,16.520133795622105,False,False,False,False,doppelwandig,0.0,IO
39.800593134892566,46.37769162405841,216.63405416251672,107.96234922814595,1.9000968073722315,4.204926853314864,-380.4794998439713,21.57302561652799,0.8401471719601455,2.124069433308242,88.86316228217177,0.28785383102922507,6.73989235415034,13.534211771147143,False,False,False,False,einwandig,,IO
26.87716080986939,27.715689987952295,217.0211436169208,139.32655146435573,1.7004131206198367,2.5024218351434526,-302.07719235429545,16.00962354024116,0.4800877356640535,1.882639197291977,62.36145786861376,0.3457150754776544,4.315972927589599,9.287165521610913,False,False,False,False,einwandig,,IO
29.257718384115414,29.715567409216625,220.51419208019797,84.94387259193597,1.6617942269258719,2.555268858796258,-299.1111609351865,23.87860484645389,0.9451425765507838,1.9311958880455908,63.44066377739845,0.13800955292029585,4.767472544362113,9.005168094717696,False,False,False,False,einwandig,,IO
23.310117140171492,25.55658499729409,221.67392745404766,113.5197245117288,1.364696039440774,2.547035560752673,-286.9389798821501,17.088988326510144,0.844922204649802,1.5259170569772351,63.36840991223501,0.11999928866900766,4.453106758530626,8.988551291823141,False,False,False,False,einwandig,,IO
45.72792679624363,49.2575136442425,215.03921189136472,125.14708392093877,2.1482061902624325,4.207307681484533,-355.0110088590434,16.08703936318931,0.6771287125987621,2.519708844167121,109.34598046821637,0.3146834930202851,8.191753131112774,15.669072966624043,False,False,False,False,einwandig,,IO
69.67286564405802,135.32873740827102,216.3597798895774,250.7530816188953,3.1695700345246123,9.99550926236535,-597.4988283245746,15.418692160582248,,3.5019777039425533,200.24886794275218,0.42365812020474947,15.724479153992219,30.590612918193575,False,False,False,False,einwandig,,IO
42.35708659594568,59.241842437495585,211.40700290347857,114.35842882235411,2.1645110601914372,4.612979930179298,-442.26251656031405,18.256987598740714,0.8581012960091388,2.543727911878768,125.73711011989735,0.09851863128794124,9.1877333011548,18.981227088023925,False,False,False,False,einwandig,,IO
26.322783238988084,25.39707735487098,213.2898738497059,184.42344859465504,0.9949286162756045,2.9337439825307805,-191.34073419938323,13.646426508371176,0.7714641250441929,1.1664565209074955,49.963977444017964,0.4376578346783522,3.4208106044635986,7.541243419626449,False,False,False,False,einwandig,,IO
25.989848425978636,25.449912404217663,210.80405815049284,129.52355648461918,1.7188955648632387,3.067071568796141,-325.8296338380857,16.582969596156147,0.4813302432883352,1.9300104915896046,74.356222231303,0.3268371443913159,5.3826187652114985,11.397791383388695,False,False,False,False,doppelwandig,0.0,IO
28.8305513617245,30.466948130267333,209.3169481856938,168.15331986374937,1.3752874684386602,3.785453829890134,-293.36645402922994,16.032548056431274,0.6651882886962434,1.575209790801004,63.579115689350495,0.021641755670798554,4.600593628572113,9.619764698112444,False,False,False,False,einwandig,,IO
74.35380879027028,135.157252049211,204.3579569930254,91.96984568802523,3.195924909533512,9.530571600579995,-598.9461592297758,17.30099079706076,1.1689259414188733,3.8592834006040806,200.76435998766146,0.10870970239551761,14.837188620829448,29.632726854872537,False,False,False,False,doppelwandig,0.0,NIO
19.334078447050878,26.048116525596548,219.3175459187805,98.34310234187042,1.5771421794616407,3.4297464687299635,-295.5192275277407,17.40012130504702,0.7024752636121632,1.7037209930962587,62.41484309125528,0.4693772986342957,4.313228067113816,9.287368835353348,False,False,False,False,einwandig,,IO
24.1312082919462,20.335061759254312,209.64475582155254,115.56403249414865,1.3926921413678917,3.3503381591945947,-286.656128424601,17.607979520735654,0.5887044108496514,1.584361827342184,63.02616834476278,0.3249701698449822,4.710000070227717,9.212895661308691,False,False,False,False,einwandig,,IO
37.16434163908883,47.380845312008525,224.01004514519258,173.86996221914208,1.9164272263124749,4.25532639646174,-368.98008806016816,16.379618984693167,0.5487255062040038,2.1177875084270257,110.66267439457305,0.7923341980599767,7.793217856033461,17.755712008437502,False,False,False,False,doppelwandig,0.0,NIO
38.995842289982576,44.09460589253271,209.95196965508708,83.27402865668968,1.945928927125682,3.461975754595253,-337.90030691816486,22.275773969397495,0.9658148475144128,2.264411037763124,90.07268420504525,0.4774051051955418,6.5635283063347325,14.010101020728042,False,False,False,False,einwandig,,IO
19.47685161751378,26.072604007866538,220.9320882396369,87.19086479713805,1.4434086747449142,2.4252808735480413,-261.6726109158395,17.690275264729934,0.8271639234366531,1.6270232822593562,61.80394147659431,0.14547771438624124,4.428033143403562,9.533941142412695,False,False,False,False,einwandig,,IO
40.94481594731221,52.413593863491286,211.8508556918374,137.73913635210565,1.782626572990067,4.056071429904178,-365.89928313481414,25.0,0.9111158670875841,2.0280208334014995,110.27051670820406,0.2874572458969828,7.939733555405526,17.182992137564842,False,False,False,False,einwandig,,IO
17.62307890884156,18.981871946738615,208.43743057540752,64.27115683820278,1.595199663606105,2.499757620090057,-254.7861973596031,16.199405634263492,0.7372277926138237,1.8491519045225306,49.325171710055365,1.1125906681665947,3.7043206500176056,8.119844122254209,False,False,False,False,einwandig,,NIO
23.224143600352445,22.383781455098198,218.63029250986253,77.15104203396835,1.3123174777126447,2.508278393698544,-250.59220074840562,19.8356531698207,0.888102885299918,1.4791932857040297,49.12010828703568,0.5150183110819003,3.518858726682016,6.809737846217498,False,False,False,False,einwandig,,IO
18.110243792353415,17.011391807520084,221.6254469779904,171.91446686707386,0.9921643664527734,1.8590578932235342,-232.28158309328444,13.095803166501277,0.5727519415678134,1.1215925361762338,48.781051063949825,0.11941826496656652,3.470565078693813,7.388573359462521,False,False,True,False,einwandig,,NIO
29.717945486231613,32.27452901715155,211.1806868218339,127.8608444162065,1.5522468348334937,4.042402129330346,-342.78024820006203,21.603157021245213,0.7243886471372587,1.7878025038162164,75.74589199303688,0.4616184010394527,5.363597218870599,11.241837801595707,False,False,False,False,einwandig,,IO
70.43770111429093,136.48256358908083,213.32892671564292,166.6552254637971,3.2449918328129974,9.896193257134776,-527.5447199440425,13.182864252902121,0.7430580272459104,3.721364050678201,199.5871426713028,0.292628458032888,14.824207570079514,30.305763974491033,False,False,True,False,einwandig,,NIO
33.74692243537217,40.582458908740065,209.71787993550583,91.5769064758751,1.8041301176860625,3.6462449108868755,-360.8146282631902,17.82351207182438,0.9073670397812831,2.151816069536481,90.20456969281399,0.274794916535105,6.377660122570484,13.388003627353783,False,False,False,False,einwandig,,IO
37.3867603565422,47.685660678039355,214.1352815740006,148.73408328819218,1.7294093016961383,4.169505026634623,-400.7741230392244,14.942291193743495,0.7478264560210682,1.9839683081178865,110.3387817507941,0.4783666566545683,7.91532008877846,16.450734442456064,False,False,False,False,einwandig,,IO
28.876978850332875,30.506796063597992,216.18193067984686,168.75328120546735,1.4531854913146776,3.0181961843632665,-345.29752436684413,,0.6061732387395677,1.6240821017936304,75.10110247928272,0.49899796086233794,5.714760351648751,11.01932558635433,False,False,False,False,doppelwandig,0.0,IO
43.30157215908379,53.44877658392653,213.51757915683385,131.96956939308282,1.920152440259873,4.276848755502317,-421.55377019886,15.06081505251404,0.709611075838056,2.194442527442784,110.16913987224243,0.0030219815904283963,8.274191588433231,17.024467581292555,False,False,False,False,einwandig,,NIO
72.72282039106898,134.1542496188876,209.7361302613889,300.0,2.7568907036796726,9.998827829669896,-565.6491482777566,12.842988424315136,0.44853801963096385,3.2221724189233902,200.17809938609784,0.0374148477213356,15.030817022071094,29.27832977863597,False,False,False,False,doppelwandig,0.0,IO
24.594279722297017,30.72577847063956,215.46164521956422,187.14138590644038,1.778884782333161,3.1191640358287542,-258.2451680589437,14.913630840808862,,1.9882606616451384,75.09486865529364,0.15664158949648763,5.48015608745003,11.036322614216331,False,False,False,False,doppelwandig,0.0,IO
75.26894702391692,142.61387043450222,216.81646541008624,213.1233931540292,2.6584261135374274,10.321946539416428,-604.1810027702087,22.166320496566584,0.824701205516243,3.0479758206342966,199.66562809297088,0.11600058349665446,14.566767556260492,29.07816200280195,False,False,False,True,einwandig,,NIO
44.263464516862754,47.49604352453551,214.61409449318396,122.98919471439956,2.1186287469864693,4.510887974839511,-383.317086796812,17.86910507402059,0.6437884170540483,2.3951335898895243,109.49241007777091,0.3299446683389178,8.377434162812639,15.985180278425872,False,False,False,False,doppelwandig,0.0,IO
46.02892168110181,55.621673872355935,214.0039382485295,175.88622473043048,1.9360012950484722,4.701713208159801,-386.49583510719594,10.844599880483475,0.6607874051529598,2.199363074232152,109.93749817549464,0.30785406541360644,8.362170412293592,16.65858873318595,False,False,False,False,einwandig,,IO
17.970398688467206,27.25627734598028,210.279757804637,155.12381348137666,1.1542048730724668,3.121075671277826,-289.99388593958105,20.38153080496024,0.8246420019049922,1.3524259123503497,74.91619047424271,0.24976417720668395,5.746817975875145,11.418077144980323,False,False,False,False,einwandig,,IO
41.22351771406562,53.91912434308566,210.88338206115603,91.2070175222454,2.3302215225506813,4.512501022042357,-336.53213838706506,12.433943278690883,0.9095515577566898,2.740106951547478,110.27092156139653,0.08107231633287391,8.193081612303803,16.343404153979673,False,False,False,False,einwandig,,IO
37.10895771101793,42.13261023249589,219.99440688053474,126.7487647291621,1.7841874163035123,3.5234777269266915,-309.97566455046035,,,2.0002484539818335,90.71609169304993,0.23425940785177662,6.53840511535273,14.061992573068888,False,False,False,False,einwandig,,IO
56.3339524298026,89.75853937977183,208.1272035765302,102.44353193925632,2.8632292036321543,7.521244693735061,-507.9664820245187,18.212660590383624,0.9892109245326717,3.331793613472518,160.1749086740978,0.36069524192258856,12.49479168705662,24.677021443649643,False,False,False,False,einwandig,,IO
54.52931577743403,86.93009258855159,217.28006542587218,155.70347456300084,2.459627213101051,7.249048971806371,-488.78080910725913,18.465241865005417,0.7754033701085916,2.7721929819697517,159.5764759021422,0.14269189241780816,11.706059397618164,23.965386332360012,False,False,False,False,einwandig,,IO
22.359693991661263,23.99326718478633,214.8255647273181,101.29801872944046,1.325004294117501,3.0617700581948397,-299.29855393144436,23.41275666467272,0.7453320195369991,1.4745926774426117,73.56557620519763,0.2608521597898198,5.2850660294054705,11.375216428197104,False,False,False,False,doppelwandig,0.0,NIO
58.0068948023631,89.33954596429867,215.69077606548007,139.21226371598104,2.637598446354707,7.0448359461794725,-502.5022657791905,12.685436300391938,0.7360583233756899,2.9395905933682607,159.60592092644535,0.5191794405048527,11.959336204422517,23.7737277788883,False,False,False,False,einwandig,,IO
55.51496986439248,93.9048745918093,213.61316955050188,205.33768283147683,2.646548197166967,7.076304263501203,-529.3984033374182,18.443179103547315,0.5071756656799575,2.9149222854721852,159.3367805783088,0.5975683161897472,12.58342898559124,24.313443860725762,False,False,False,False,doppelwandig,0.0,IO
40.43560095199884,46.98948737160169,212.44569220904017,87.52795689249483,2.2464995675944475,4.432177569470813,-411.9694054640755,21.038354449729546,0.8433997908460182,2.5364214071885485,109.57845493935278,0.06093964438621671,7.842333279454891,15.902969759987677,False,False,False,False,einwandig,,IO
22.044692337798555,22.887794323694912,217.9116785033305,196.6113732763472,1.536837483564869,2.477455559512432,-231.2961837267696,13.426633193500514,0.33318009699770706,1.6515894682562253,50.171100131061586,0.04556069256534812,3.3970921823431572,8.397917404689638,False,False,False,False,doppelwandig,0.0,NIO
18.36105464893957,21.00128080835662,213.62083557029413,91.3117977041797,1.467876409332268,2.5702633379154562,-257.3173001044488,13.016985677940022,0.6120620714086332,1.7009740468367185,63.05802948709407,0.4480943288868161,4.489667241537705,10.019992631364111,False,False,False,False,doppelwandig,0.0,IO
23.959861658352125,21.564447231584143,216.29821199546507,105.74612919357786,1.3456363026550109,2.8059602221073043,-265.1891841209797,14.851249844910262,0.7034395525851418,1.5061394837714224,51.26729149034065,0.3564580350614385,3.627694388895658,6.900536823029449,False,False,False,False,einwandig,,NIO
17.880326896971336,22.318824383205076,217.77747085258832,95.28012834390984,1.59024745650509,3.125030397019268,-282.0736151484978,17.29893214328827,0.5815356514879955,1.742678808072314,63.32363923838064,0.6123803866549915,4.374333721278238,9.055490762249658,False,False,False,False,einwandig,,IO
71.12847161777094,134.68807799242228,224.2329336021671,217.00067763762104,2.847889157023039,10.7135427351603,-560.0684044667589,10.358094904156193,0.6322366115390767,3.0554377728129514,200.89994272244124,0.24771186156287944,15.4991780040737,30.210624382022413,False,False,False,False,einwandig,,NIO
22.276492936989808,24.90268212156987,213.9055094379768,68.18495690381955,1.535771260883562,2.5523481157420957,-331.2067218008325,18.205607963433263,0.9759063349340842,1.8039025633554313,63.454007925172576,0.4805604471353307,4.74060524006292,9.280874448158189,False,False,False,False,einwandig,,IO
42.58044950085325,46.538535455049605,206.02620071498663,101.99101517709654,1.8757872723209643,4.686575490060842,-403.1588107709714,10.366453033017093,0.8656035828672517,2.1947782508323344,110.63346427668233,0.15485490348390407,8.368592787390625,16.772299774360825,False,False,False,False,einwandig,,IO
36.64491858885277,48.66450608844424,220.4750695403228,134.63624947628415,2.2601156577011543,3.6563450734869267,-341.5532154629339,21.173323303229786,0.5971258478789891,2.5037368600307905,109.77480246680823,0.15285075385669775,8.02876964005013,16.320301826491946,False,False,False,False,einwandig,,IO
32.38439045045124,47.56337255103203,214.74799724662208,130.72566744807816,2.1041792158339736,4.751617226008755,-384.51730709491704,18.055067312360492,0.6295650233541434,2.31108703883863,109.3587614931518,0.22430956663109688,7.992600544815154,17.26240587906003,False,False,False,False,einwandig,,IO
19.763380799915993,21.651301199050348,224.58010619000964,150.30096465512332,1.376875880667932,2.211167153997126,-316.8304021175859,23.652559488542416,0.5084494077172234,1.534109059505944,62.7103664828286,0.31302386692462136,4.780603127996882,9.454153496350651,False,False,False,False,einwandig,,IO
36.76172274435823,43.63098330115767,220.03770526681387,143.29355428420752,1.561491564180057,3.226267558571086,-345.06794266065714,18.67513504243719,0.8057490679009205,1.777884422154793,89.99258211936018,0.12683231978194673,6.5014320886294525,14.710277565504374,False,False,False,False,einwandig,,IO
40.94571812109962,49.85930054219631,213.2786214056463,135.9694788022495,2.0180389840199284,4.552890131606327,-366.4641101932931,14.780958195516032,0.6625386324384286,2.375422693618976,109.61703132000056,0.3989649468169817,8.230728798800053,16.801337648556416,False,False,False,False,einwandig,,IO
33.31956632062127,30.491098203705334,220.24737090055814,227.42039408413234,1.6072742257818433,3.371400385831075,-411.66332343321454,12.805291459129347,0.4050300293658178,1.7610878971255164,89.42195704273801,0.40927285824414394,7.023840784229615,12.825297830875932,False,False,False,False,einwandig,,IO
26.85976368077727,24.413876769621258,212.5032390988364,94.6075360439116,1.413752000198979,2.490458595998836,-284.1928545702227,16.95556423231145,0.7151175387715086,1.5609298181500326,63.27862835075129,0.2949584516458277,4.609220816575887,10.493248291736624,False,False,False,False,einwandig,,IO
42.054850379110924,54.95884685527306,214.48398864533658,174.2809259625461,1.8078839040038857,4.226073591000661,-401.3103638648122,15.8789976460885,0.7658468325402739,2.067347369182773,109.41206554273901,0.16159217489478286,7.784953172086195,17.049339477435257,False,False,False,False,einwandig,,IO
17.20110109920036,19.454565466970493,216.54817008960575,86.1791058098231,1.3796418812661975,2.79185039676741,-301.0499531609237,20.744556139509108,0.8444711459762579,1.5696719334586313,48.99342678746366,0.0025251774031411684,3.423645797523797,7.69007381254049,False,False,False,False,einwandig,,IO
46.793628945600524,57.29097551253452,219.54002657767816,190.90717643219338,1.8295048175522108,4.046843841432903,-389.9518186217423,,0.6889967808134837,2.0273232736556865,109.33472461557821,0.35866458725959643,7.9481921196471985,16.823316728099215,False,False,False,False,einwandig,,IO
30.15672384896851,35.87335178015364,219.0280287108886,158.03133896992748,1.4998442157625544,3.598338054310986,-351.4120057940112,24.083608001843913,0.6440993255820427,1.6793033689927683,89.85460116894161,0.11058658096867524,6.661144619606308,,False,False,False,False,einwandig,,IO
28.19283635760478,33.88863222326582,212.9164409110639,88.68472854983891,1.7342697363262667,2.9735374861842656,-315.60225630494097,21.099107766859976,0.9979397020734291,2.006460724794161,,0.49001594876880866,5.4572643569954185,10.347811944831868,False,False,False,False,einwandig,,IO
45.79543188492654,66.02155433836404,224.9257922130054,166.96632221182549,2.053210943542364,5.452956308531606,-433.70651550611905,15.185905478971423,0.7009879234149328,2.242448588781972,124.87189599652987,0.3919297521771277,9.877210010009357,,False,False,False,False,einwandig,,IO
23.28807823844732,28.70777588924573,212.67644417597413,103.23382873919975,1.4458615138734003,3.1329687016331373,-314.13343879885355,23.191283590550476,0.8079342747396902,1.6911664425989177,63.388516012868635,0.6027139331318909,4.581044624612287,10.139385169574583,False,False,False,False,einwandig,,IO
54.26802250062465,86.30202410143589,209.2186450452543,162.24038730625026,2.7083147418827966,6.385887281025556,-538.3700708399562,12.867487619770909,0.6190690534935612,3.129943908963238,160.27968398095712,0.11993952878930063,11.956649052785922,24.197854421634304,False,False,False,False,einwandig,,IO
55.530674962481825,88.03012569231376,208.5133112371997,116.87312282034598,2.8413672525413953,7.538043767505727,-519.2672485068656,16.822359159660913,0.8034864477453749,3.2791516939848226,159.66924117318993,0.19492762826419233,11.59478679973892,24.854585748704572,False,False,False,False,doppelwandig,0.0,IO
33.322840349190734,36.55528396154632,222.6427857113743,168.13886831986284,1.7086347968818416,2.8806976374164757,-293.5186971480984,10.894115793721383,0.48165565113938524,1.8416493655630977,74.13708749971241,0.4187408693884376,5.561288481497648,11.910610391596094,False,False,False,False,einwandig,,IO
25.413293226430707,28.65655417467209,215.24786937547512,119.60865054123279,1.6988262523492428,3.2195168794386695,-309.17324265683135,23.38627702520564,0.630689868142205,1.8798842186846991,74.62550481841964,0.4747289984396392,5.367846005015584,11.260304353392726,False,False,False,False,einwandig,,IO
24.67188314845938,30.80970605560882,217.08615907952762,154.33988989320153,1.5515143776283762,2.4182365038466815,-290.32933323616476,9.41045274767609,0.5187588640860918,1.72323074566836,63.43538124819408,0.44401525330570074,4.261827346938269,,False,False,False,False,einwandig,,NIO
52.90496328621575,90.07886111274024,213.555872466546,186.27291793948916,2.6192807389101764,7.268453841083915,-527.9942037267872,10.238233214951368,0.6092540017195798,2.9578287844479467,160.43952067465938,0.043906186664649315,12.062475030312937,24.761297692927364,False,False,False,False,einwandig,,IO
40.54741200111287,51.865749276876606,211.68862603452595,95.39964744820253,2.0337850086323326,5.440539581448441,-401.3478733213553,13.461147571755186,0.8875705060346606,2.3324824130703314,110.20635291738387,0.02067858710305572,7.78538112835417,16.45990901445856,False,False,False,False,einwandig,,IO
17.449160740008832,16.955570891916196,212.58640762336728,110.37155410897253,1.2248840463569153,2.5508662245140132,-241.5710610410697,21.289294698704644,0.6081511166044453,1.410457821350715,50.83965700043033,0.3232070621172431,3.4702701225075105,7.393112219727589,False,False,False,False,einwandig,,IO
30.300176130670827,36.866929701150006,216.02269590275145,90.08994249028144,1.8229958450951644,3.4360609129414574,-335.38040593786275,19.81937954431554,0.8077384188211126,2.099876097837803,91.09263291222076,0.14633441551673754,6.484495807501461,13.570225243666622,False,False,False,False,einwandig,,IO
17.877502963615882,18.998774478241113,212.78976211138317,56.03296306791363,1.4643635842507372,2.4071355061297837,-271.92997174431787,16.488202512916427,0.927589777308556,1.7025150902000181,49.67276148894593,0.28439879726163186,3.4387471814092163,6.294046086137342,False,False,False,False,einwandig,,IO
34.639943599998276,40.20239860223269,216.7731142875376,136.4481897713184,1.715473456805986,3.0323880171047923,-413.285053786695,20.075704844669183,0.6958634029595021,1.9799996081580282,90.856594853916,0.18678703634199786,6.498027262490613,13.64021595078792,False,False,False,False,einwandig,,IO
36.835916222742945,39.67279031886353,215.1652330152024,107.62573356205674,1.8521604383063321,4.199585314465783,-364.87119075403956,15.538345101155404,0.849065065758442,2.1067723998011743,89.84085471323982,0.037140466238388736,6.36792852442347,13.860218991542407,False,False,False,False,einwandig,,IO
21.3448813295197,24.350599584982536,212.659181915702,105.60396465204545,1.3901452689565692,2.6251532430386444,-272.0673629402659,17.689715117071984,0.7796628937208012,1.5712638619021324,50.690534189282616,0.6049417439726017,3.461411607533228,7.57225554570775,True,False,False,False,einwandig,,NIO
44.219482930860806,59.912909987629305,209.02535318208862,149.60902548957563,2.130522062938815,4.705440837480861,-447.677648442569,22.606904302624464,0.7174655395875299,2.5048694760346826,125.390890253753,0.6806763537155696,8.942617377237465,18.922337210180686,False,False,False,False,einwandig,,NIO
28.431367681154285,28.154079714821687,207.91642290882226,71.76506943942793,1.870313777637915,2.718472683948499,-325.3293945784926,15.013524507183147,,2.1756710864490683,73.7365599622097,0.3520934118009223,5.302811599972356,11.228261812200248,False,False,False,False,einwandig,,NIO
31.628556480402274,40.03091634217723,224.89868065879003,86.79449256622541,1.8232420157522746,3.6261129516595307,-327.58624679511956,12.934509516913176,0.975990713498778,2.056768450647133,89.38408972576542,0.2831462170879434,6.277878203060725,12.501489055022846,False,False,False,False,einwandig,,IO
37.52811125689921,47.181644387971865,221.67741647270353,169.7269424962792,1.899540065682575,4.792798157335395,-392.93241132391285,17.881486857307962,0.604409663123717,2.1353628468317916,109.27850881998425,0.7567186668423022,8.187245039399858,17.331297380451684,False,False,False,False,doppelwandig,0.0,NIO
73.87952327984345,139.31369010569034,221.51177134777615,235.19532362531714,3.0950666138474277,9.539604036505212,-565.2575988023765,18.961097229966203,0.5561198649735888,3.301183476599318,199.16658446247584,0.5533053847893495,15.291552935874117,29.81608557629914,False,False,False,False,einwandig,,IO
29.592071391861943,38.84191045364355,213.52307022683883,205.54248388920354,1.5724312556534006,4.0653637367468685,-385.70930214113514,16.441790948581115,0.5473128181516984,1.8112018659016642,90.52400307938208,0.18109302975625152,6.81886712618719,13.191114936234914,False,False,False,False,einwandig,,IO
57.49739057570886,90.49545956118018,213.8447253713686,167.78337049383768,2.407924704523728,7.083346579217239,-509.6266014488736,20.01352525482413,0.8491641954604832,2.83323199142076,161.04971463824896,0.7121147253699529,12.728041351616378,24.678991389225914,False,False,False,False,doppelwandig,0.0,NIO
29.81244085662394,33.72370249100084,210.3833076827133,96.4480824548315,1.5916854975696464,2.7529026459971613,-363.475552771125,15.19496345506595,0.8694051434692529,1.8488613821408375,74.84235514310468,0.3441666452226714,5.5606727846402215,11.739350234230606,False,False,False,False,einwandig,,IO
46.16914847360768,61.56954200227313,210.39611593933716,138.92481382341566,2.3564583960403795,4.937923829370809,-435.6644382459212,16.510184038333968,0.6194444599999097,2.6954243196539425,125.47853246282581,0.21691824177386515,9.354157046488394,18.88653292798789,False,False,False,False,einwandig,,IO
17.14140188467175,20.274793132659212,215.2081221778244,128.8987193467136,1.651018253805928,3.4932215508518842,-314.74143638244186,17.49829953025444,0.3795979675840979,1.8210035640543618,63.95997841614499,1.001671086151367,4.627859746864025,9.834684861549796,False,False,False,False,einwandig,,NIO
37.52366448712379,47.054280402442274,221.114447941626,177.2792451008547,1.6370273106956073,3.864714665381865,-359.96867916429045,17.14944415214978,0.5987864890115371,1.7537903956811607,110.12797984805724,0.25364355939869493,8.093406099826947,15.922505832154759,False,True,False,True,einwandig,,NIO
28.487620568057597,26.730834815458458,217.70555645432748,161.66294184258555,1.0586085798599079,2.2072428176215415,-249.75719985391234,22.4530865171554,0.7821781266710494,1.213512454719567,49.98245727215468,0.013013398833301848,3.5343872356116877,7.459552812990226,False,False,False,False,einwandig,,IO
77.91581945028074,135.33553739137832,211.19987576029132,214.94186759691047,3.0755837226738834,10.381033433853968,-564.6292626101747,17.47822500000133,0.689991529152575,3.5744999165135067,199.88498808687706,0.12115789737021102,15.178938227616705,30.647392054728623,False,False,False,False,einwandig,,IO
58.14135947576804,85.07372879054624,213.52431850326366,142.1404378748353,2.535926797382925,7.206582817381455,-512.7336956318233,14.784391460314597,0.727052162013305,2.822864071012182,160.27156948856958,0.06936347865516243,11.619748298961753,23.661429090434915,False,False,False,False,doppelwandig,0.0,IO
31.019573120406587,40.708448266860664,218.62450598967703,188.39486677345346,1.6182448741137776,3.3035036726967792,-373.49295242791607,18.111926805964046,0.6214983372586603,1.7804717421786638,90.52888191272996,0.4149784084997618,6.723167178904345,13.000833347503125,False,False,False,False,einwandig,,IO
32.932543357881215,37.062964720521,211.49920746959893,104.48298726717879,1.666479748134634,4.005917294545929,-374.28907486346094,20.035403361080505,0.8521133687064646,1.9069604817150652,90.27896675308499,0.15477476375382904,6.536429179431369,13.539301976418345,False,False,False,False,einwandig,,IO
36.691428157817974,47.80200018996488,214.90651481722537,129.46372724234075,2.1146928879983076,4.824918293267673,-385.36401798072853,19.096941766075183,0.7514787702631954,2.435447187291982,110.25484004575813,0.25276495932264464,8.400788014547818,16.551028505548896,False,False,False,False,einwandig,,IO
26.143862321467633,27.295509097464617,215.90363362142267,118.34637374261567,1.2995654350702404,3.2575562674072325,-269.7459626451644,18.875230284651916,0.7879695208545703,1.4517028027380783,74.9652458831449,0.14431998153704875,5.4829692717605685,11.57378604992001,False,False,False,True,einwandig,,NIO
39.82387293878702,55.29971788527475,216.3728433877445,188.23481487096828,1.66460439766964,4.175041364966594,-381.6904426994878,10.007799425943862,0.7238598524540022,1.8599487103807044,109.04615071234743,0.12948931475660588,7.845936463666748,15.810923781380177,False,False,True,False,einwandig,,NIO
31.231261715254753,43.43800651197861,215.3873399144281,96.94442170531491,2.0130998782865275,4.236678152066257,-401.36919323218956,8.0,0.7786552245416265,2.2874255196643203,110.52492735112607,0.5330644618668108,8.3774226293334,15.225311614799685,False,False,False,False,einwandig,,IO
30.263947800004782,35.949871702242035,211.8349252790528,108.04949468371922,1.6860955306424952,3.7338704261193594,-352.7192713781646,21.101058154482494,0.7687857532271442,1.9644787244435022,89.20419242161037,0.03389846583742492,5.9567894703786815,13.960615963719436,False,False,False,False,doppelwandig,0.0,NIO
27.305526781721287,27.387507063644968,213.90979120368766,171.37833126654874,1.4181772123384015,2.2690283755146483,-289.38250829379496,17.75542978482453,0.5607888057796326,1.6019345355854857,63.41172222331196,0.4434785632864866,4.78038324159492,8.908509013397625,False,False,False,False,einwandig,,IO
60.690833789129385,98.113452275614,210.01772487946735,156.86940780661337,2.7648323262349495,7.651113952453246,-451.333935995546,15.91369033353892,0.7559594643062691,3.1171216020920025,160.41493508298143,0.3025885365458217,11.329695809217625,23.695004819409405,False,False,False,False,einwandig,,IO
27.71065941302943,29.122432785401276,207.80484381965508,135.55628065053614,1.322206030234328,3.4738836354703353,-257.759785854128,18.777252111120617,0.818726225791978,1.5814561938484073,62.2161645482543,0.30273488890378614,4.529241530213094,8.35838225902302,False,False,False,False,doppelwandig,0.0,IO
38.500912036991295,47.91590153786879,213.15483527380528,79.49659440507082,2.219268067421358,4.325618060063892,-385.50102489624084,23.709239742663655,0.8732712199292265,2.599271231454677,109.6377077594091,0.10575632590829934,8.13121122909586,17.011456341012778,False,False,False,False,einwandig,,IO
30.29832011538079,33.024413816427256,217.7657098804083,166.7867414457375,1.2888158203725213,2.9362417969723227,-285.8567008048474,21.65412466338564,0.7624160722425569,1.4716553233524698,64.41554374042413,0.8663446060750877,4.654631226379708,9.625169112036264,False,False,False,False,einwandig,,NIO
22.41078902568192,21.486506401180108,210.63717104586206,90.8456834325005,1.6415894370124557,3.2681208171397307,-281.1161652407531,19.84888229120783,0.5552124221902696,1.8912569645316666,62.94669672265282,0.12335896364891283,4.429906501195586,9.605097272025473,False,False,False,False,doppelwandig,0.0,IO
22.01361143206822,23.56134466142062,217.06547377198584,127.9737933010311,1.323146939276036,3.2822243354270757,-247.64310826792308,12.453097468669426,0.5783024005638995,1.4832733404585403,49.152512016646796,0.18359826805310964,3.269089019034773,7.651727542094768,False,False,False,False,einwandig,,NIO
30.00583276722404,33.82613858300886,218.66070255103708,147.92632879515108,1.5690769058726717,3.7477925341962797,-325.3299488243899,12.972836788120496,,1.7268709785173528,75.51180190741397,0.2245450508973252,5.330798110154287,10.219918922984258,False,False,False,False,einwandig,,IO
42.243318166906725,47.77553766719824,207.42570823495078,136.91823807328817,1.8963005290824062,3.725784994656483,-413.1019736844159,8.0,0.7284195862204786,2.19790252196018,109.55466421545715,0.6173675248596353,8.012562016802132,16.007417005796047,False,False,False,False,einwandig,,IO
35.109723691309455,42.09037220755301,214.06435892102422,138.13961155038274,1.7941079176665589,3.4937785246689925,-322.19449348612835,18.53405389553968,0.6816645848038609,2.041026245189586,88.7683878266061,0.48127864143927496,6.020188885789261,13.274136444776902,False,False,False,False,doppelwandig,0.0,NIO
38.76966902267547,49.24443948423617,222.93331928059058,183.3702184789995,2.015099638007819,4.6202753005932875,-391.4504317357004,20.434508789844664,0.5314401901553629,2.198971354599045,110.30761059616488,0.3529408259510281,8.041570347467243,16.125628614431832,False,False,False,False,doppelwandig,0.0,IO
41.403423998732045,54.08056971007186,218.56342811220756,213.83585324351824,1.9534629008815831,4.2223130812392276,-368.2818016046258,20.76071218476605,0.5305419948527422,2.1501522752041944,109.4423570895172,0.19143646941000492,7.70187803287557,16.364244225176897,False,False,False,False,einwandig,,IO
18.963441780468937,19.548618029655167,210.03639753363885,160.67334898217717,1.5284315082607165,3.506906698016146,-247.44603128058895,18.701721885107105,0.38522173376399743,1.786338576176333,63.22312356923917,1.4076041014426117,4.541383381370766,9.573099851339396,False,False,False,False,einwandig,,NIO
21.82302079410247,23.839904360915497,220.83335784964643,223.88450152734063,1.435110923884529,3.151750069121053,-246.984631647511,15.383732567090744,0.3,1.5372227325689667,49.435171502299596,0.10817638686315113,3.4964572588272564,8.003219158127596,False,False,False,False,einwandig,,IO
39.39855737114633,49.65157330922558,212.1671910106326,144.1399492196419,2.0970116103949876,4.093627943496508,-383.03628801074825,13.742890152359426,0.6802327265567611,2.438119831161123,110.42278874826452,0.4565755034499314,8.53145462145462,15.75989798647965,False,False,False,False,einwandig,,IO
40.786543957896995,55.89881513187129,214.9809512701996,84.07220182991013,2.4809339998856625,4.35503999203771,-311.9939254870734,12.69854081563694,1.0480345562714284,2.8986650546198818,110.11901256671796,0.4374410521013367,7.812128808369737,16.495582306600763,False,False,False,True,doppelwandig,0.0,NIO
32.67324990349472,39.124077080916194,210.0835375050472,106.96685395336128,1.5664018767916148,3.320178345524145,-342.8244967930045,15.346300603339204,0.969516928568714,1.8280266873184339,88.37772118076573,0.395691772015669,6.587608022867476,13.85577183946189,False,False,False,False,doppelwandig,0.0,NIO
29.712702032221877,36.871918134880474,215.9617479168997,165.30358122999266,1.5179554305459941,3.046948622357532,-342.2636701961587,12.088694984414206,0.5532652881815543,1.7073118669175515,75.23950448958364,0.145958732840424,5.373128990518065,10.78795841501409,False,False,False,False,einwandig,,IO
46.139520922360326,63.90545106013221,212.66994496887946,149.9329478607275,1.9906713686569741,5.034827060266647,-432.0306308042997,23.023816260034348,0.7224854946085916,2.264211902706924,124.83692899135748,0.4062920447497285,8.724513752328233,18.653583613116062,False,False,False,False,einwandig,,IO
22.94587835205052,21.98996616380737,216.77012630301422,179.08180241226978,1.2021314615235608,2.8817031658987435,-221.20788220636146,10.790513787737597,0.4803130734924751,1.3380474530116744,51.01071886725669,0.6396382624872722,3.479326909846096,7.733276057743675,False,False,False,False,doppelwandig,0.0,IO
40.80178099306906,54.45067723845718,214.3054107413857,274.083519959434,1.8194349894740256,4.064614134506466,-424.3541837570012,15.211786892443108,0.5031835703712818,2.059542488476517,110.22460390829704,0.08942870486741955,8.290540466411045,16.50560442973976,False,False,False,False,einwandig,,IO
22.333852427202345,30.083233858108485,215.54281415093854,164.5219688716958,1.5252307838266221,1.7471001580176946,-307.4114901038245,8.255126346276505,0.520379110355443,1.6695813526085788,63.49290068562634,0.7060975250367668,4.599025267928672,9.78709888028303,False,False,False,False,einwandig,,NIO
42.17232069353929,53.18764001796486,210.5681783880875,132.8589823145774,2.1069141375006355,3.778182767106072,-364.33932985078707,17.18621944519226,0.666175197333725,2.396898714000341,109.56572727287863,0.09732054663455474,7.901045767789214,16.5473490735248,False,False,False,False,doppelwandig,0.0,IO
27.687236253907486,30.130794501499263,217.18158991391036,73.51463078506391,2.118355846766751,3.208679354917308,-354.7905160628259,15.99046516097148,,2.3736542891538654,89.51173277788527,0.18792647335804058,6.19844604638594,13.344068730167878,False,False,False,False,einwandig,,IO
35.18504765455123,47.369758036942414,215.39789846960747,120.82853709148135,1.8631925540675667,4.157723364401171,-394.7561446744124,14.572838585441842,0.7379052956210288,2.094213099995935,109.98488074796362,0.1627985849741376,8.205962939976194,15.913645122568063,False,False,False,True,einwandig,,NIO
27.886975897242284,28.036423386023692,207.73801163593825,94.37401981938609,1.6546539947801153,2.5748697602460853,-233.16567949673427,12.268866935879785,0.7994824584556424,1.9636081628233928,49.74580830682348,0.595042307819396,3.564480401252819,7.623584278206832,False,False,False,False,einwandig,,IO
26.58709638453652,34.27621657825893,219.3759237488819,123.05295127775896,1.731841212543148,3.1880824377884562,-365.920529391349,16.009847342350465,0.6494678614907262,1.8656534239867282,90.81626147355797,0.22270752419907866,6.712454132635957,13.549986388746186,False,False,False,False,einwandig,,IO
30.20547222672217,30.43684460026323,214.25140579658688,178.50908072993676,1.3169471872079204,2.309359763896027,-325.31506128805154,13.822156439943049,0.7054302955993942,1.529256737462689,62.90201981953053,0.5532571994937531,4.485894502271621,8.953583986097199,False,False,False,False,einwandig,,IO
41.025487466610436,54.12581062711868,216.9596245929719,192.14543665863343,2.0593423743040336,4.048221032939156,-426.7221492715634,15.452528442533323,0.5359281239964686,2.2989376634422447,109.30598288189104,0.060359785885348446,7.65142967903894,16.79102791242263,False,False,False,False,einwandig,,IO
17.36301748470144,24.003990553671883,219.67164311722536,192.56339011660128,1.2681273076281965,2.3475383995360875,-274.05548891475945,23.82972000767197,0.4983254463614228,1.4093399849934392,62.44082455515522,0.019069697799356803,4.5526844677091365,10.083961753170009,False,False,False,False,einwandig,,IO
15.445823968158093,14.519073491533103,218.1117357846979,114.91982945810543,1.2490022986394258,2.278202502281742,-253.52169765423014,16.688708863570277,0.47515414809275347,1.3944251015999576,50.66621495281049,0.24650588121994468,3.5304928947519505,7.169953466017995,False,False,False,False,doppelwandig,0.0,IO
37.53194253421616,49.0243496082083,218.8817152724897,117.28509510840264,1.8720200558287585,4.181085041641974,-409.31416283198325,18.131468831896132,0.7973871701692341,2.127387537254493,109.9031477427455,0.5011916401120213,8.430682651803656,16.13618392786102,False,False,False,False,einwandig,,IO
26.449972667158058,30.812060174532043,214.23230732888425,133.79140393924754,1.4610629610047479,2.7756227267895244,-288.9697905201783,14.14214089727802,0.6493138227867634,1.6819818962134243,49.853221911750765,0.4056901521660891,3.565422070053723,7.117925721539341,False,False,False,False,einwandig,,IO
20.774237567700432,23.45389083116258,221.38306186029743,116.58931061096233,1.7357807350973888,2.397988245972151,-295.3643281287217,12.862257961300951,0.41933196057633954,1.8644106774255633,63.700205175266625,0.05477428405572727,4.488118880733566,8.61066922390637,False,False,False,False,einwandig,,IO
43.09714727403872,58.69797062160292,215.56740521444962,173.23687915801963,1.9951309418731884,4.981961348668092,-397.08706784373817,15.908169146205408,0.6905366570974585,2.308899160737328,124.46230681573003,0.6549981976144079,9.261791486939233,19.752240843437548,False,False,False,False,einwandig,,NIO
41.80921669791164,57.884670358760694,218.52911929617008,217.29839856238664,1.9370444506051216,4.906990928033292,-445.8954488457314,25.0,,2.1176666415286736,123.76409989625375,0.26885293768681023,9.062125212600513,18.525557309742116,False,False,False,False,einwandig,,NIO
42.51906547787689,66.73413790619807,214.62206210842405,103.28510432667368,2.487103210782788,5.448553990415027,-441.56710054881404,14.850289220424159,0.9490568228459457,2.8387006697532873,124.52578610259386,0.47997220582990374,9.03838878483896,18.32077291129288,False,False,False,False,einwandig,,IO
31.08288600382662,30.903337153499574,220.6575073671423,152.9452640666215,1.470527884394544,3.0632882895929185,-344.7630391836595,17.44575121345929,0.613176741761976,1.641946585744651,75.15134665579006,0.013130713553935911,5.397074188152447,10.686612476505328,False,False,False,False,doppelwandig,0.0,IO
31.032173970281487,36.79637508420344,217.06784231125425,101.52253186342779,1.7735927955647945,4.040278689359678,-357.1853222275543,12.68640593963784,0.8022258978728681,1.9948599899503088,89.84622699855642,0.042807756708466,6.317992448850484,13.30601626680301,False,False,False,False,einwandig,,IO
45.68881324176948,67.5288960687814,211.92146244589864,133.04373166923614,2.0114868921115114,4.6640519295980765,-416.5480252320855,8.0,0.8633444541077481,2.338316473698591,124.10447838589772,0.4881895232069046,9.109588557286108,18.402395316668343,False,False,False,False,doppelwandig,0.0,IO
23.952271488568766,29.224976351742146,213.58084596706905,175.54925159487985,1.3903186019362448,2.774053356626072,-235.72077107392278,12.840674672273376,0.5567607321164438,1.6047271491992643,63.71434735147264,0.15713445174582763,4.72384011000608,10.169036593380277,False,False,False,False,einwandig,,IO
39.73043456695619,47.62283903315897,214.709726868555,130.96088413831666,1.9335163257661103,4.189643593188027,-386.55546217950155,25.0,0.7114070676332062,2.24253203166421,110.09733259761744,0.7695018657023805,8.295617032537107,15.875631091968097,False,False,False,False,einwandig,,NIO
14.598487866184218,17.60566435575288,211.2954327540172,81.64415289577035,1.3569577622939484,2.0095815608457586,-261.3419526309255,18.381561178899062,0.7830201852082219,1.5515768365632856,50.26638004830851,0.12843506062187748,3.575257655223037,6.730732884355831,False,False,False,False,doppelwandig,0.0,IO
59.6770848188759,96.43267985951991,210.65257578780248,171.20386585010448,2.5042806981318013,7.092995583605978,-480.42658485037174,,0.717331925861516,2.861561909026643,160.221666137757,0.2427532446533669,12.51929984379628,24.275892041143706,False,False,False,False,einwandig,,IO
38.308332302935476,51.367152654966866,206.05446921163605,173.57550252804384,1.693701080989931,5.113171103294089,-374.5946112042439,14.609111060272097,0.7541651138964727,1.9830584077169646,109.21587186076897,0.8535055217159933,7.780034411254249,16.446396751845345,False,False,False,False,einwandig,,NIO
28.024350076526773,33.103743920575546,210.39850424095616,160.9028695631099,1.8366962881092916,3.2788364788295468,-362.4415203591671,8.0,0.5005555909661269,2.1104295894926435,90.18552598792039,0.31703197740485767,7.062844786162508,13.388527581860442,False,False,False,False,doppelwandig,0.0,IO
25.974389534338982,32.1675372524258,222.27678198078866,98.63335821163484,1.731333546439836,3.5690180072648934,-290.44849816424806,11.565163986150218,0.7831054329571786,1.9348430441028022,90.60251787644425,0.25689217074941795,6.314366281946224,13.779818123152232,False,False,False,False,einwandig,,IO
20.289071009154327,22.442845139200966,212.95739603448814,99.20037573969742,1.6151901500062598,2.2689073521629797,-289.20958380734885,17.588099044176676,0.6270753708740936,1.8509341521000768,63.75813559565388,0.0945476145972468,4.7913218019129244,9.518355818647265,False,False,False,False,einwandig,,IO
25.187970487903353,26.91706164758788,222.19449973134363,115.99624388401801,1.4392020855769347,2.5413088912383963,-309.0906169911051,16.950455443745803,0.7524176834926211,1.6490268076390027,75.46928966455322,0.1876916485538613,5.728723341874615,11.226591206569857,False,False,False,False,doppelwandig,0.0,IO
35.92247028720132,43.11569211639426,215.50863178996056,139.07199669636864,1.7329445426679722,4.10509906826284,-378.2162853178467,,0.8379983268327196,1.9792757453911471,110.3085315643737,0.5172688052088912,7.5417837547477635,15.79717694903818,False,False,False,False,einwandig,,IO
28.511713398441884,34.90197205340601,213.99839770443367,95.79922964107936,1.84664276906324,3.440006795348328,-339.35319080967616,13.879003950254724,0.800321276127741,2.0988966662778465,88.90710393354323,0.458206953719724,6.806179683024989,12.665952425164086,False,False,False,False,doppelwandig,0.0,IO
30.69673875765906,35.62367775342458,208.5791158621277,77.83642976732804,2.278425731838031,3.45776678362754,-309.8650582781353,19.758862747212977,0.752307958823421,2.6519963258015395,89.9902910361891,1.0804147995796285,6.382467429862774,13.149785809354727,False,False,False,False,doppelwandig,0.0,NIO
26.04019201552675,25.05627484646172,214.24812162688278,76.72446477224399,1.6859390257818927,2.7033899939683095,-303.34771847824925,13.994613303996154,0.7963192444276774,1.8743784646769617,62.37368138581707,0.33636079552282894,4.417738705210017,8.907817529550535,False,False,False,False,einwandig,,IO
38.95620665771403,58.071640180510855,221.74264180320637,136.53800260046017,1.919283094980378,3.760666943718652,-372.4154437786824,17.2312674806508,0.8032616580833177,2.181012413737112,110.77624692515766,0.025437243690035444,8.132202157706214,16.634602899261594,False,False,False,False,doppelwandig,0.0,IO
27.823476885276843,30.807626911606906,219.43594558240625,97.60581923321568,1.3971003760107017,2.874621515397211,-310.8857888653755,16.781312660130414,0.9243251742075889,1.6018578155941292,75.73403147178223,0.3955765272574916,5.189714112942483,10.350642544645119,False,False,False,False,einwandig,,NIO
22.302084530966575,26.236700649023142,216.13781545014564,224.13683763175723,0.9954587248861427,2.99450338936147,-264.0319201222619,,,1.1239686828504338,62.3509462842481,1.5159297527638744,4.5370564334249845,9.226419953532382,False,False,False,False,einwandig,,NIO
55.72859728866383,93.83702145519578,210.20857814424906,159.61486941836176,2.516934953029278,6.576701970842186,-507.37463624920696,12.474815795841746,0.7245935490163583,2.899519074672041,159.9765962715085,0.22161177376184013,11.636105349652702,23.913462570834113,False,False,False,False,doppelwandig,0.0,IO
33.2311550262473,38.350727715733754,210.05285844823206,143.49768649045814,1.482626217047228,3.4779417220619715,-356.76038390382803,14.290679653108155,0.8398100213464167,1.7870503411199434,90.15323085472096,0.0013357797520813094,6.554393716629316,13.48017236023419,False,False,False,False,einwandig,,IO
32.71010617984573,40.90061185554683,212.17809775814638,132.88575506646495,1.9475076262560531,3.737137503975227,-329.6981628143497,23.494487130790986,0.626441858535473,2.2024334124933462,90.57284007961661,0.20042653635107396,6.762829768282755,13.69948213135477,False,False,False,False,einwandig,,IO
69.92925457654783,136.12245950780692,221.71494067666438,278.9283871632584,3.1580064748492647,9.687093231190532,-581.0501685727505,20.449791453064712,0.4997098790983021,3.4555875757672774,199.23526000122197,0.27299859633152623,15.43484347268558,29.836729903254522,False,False,False,False,doppelwandig,0.0,IO
32.17247402565009,32.36535426239698,220.9350055349357,116.1355993946564,1.506030711898064,3.261609758464339,-335.50735755813173,20.081554925127914,0.7739845261874155,1.7464973858658153,73.6040038005966,0.015717923804483086,5.338032688292706,10.91625399801978,False,False,False,True,einwandig,,NIO
64.02019139341557,102.86586433767584,216.03079976140947,217.03713175487434,2.3280837017423512,6.511549488245988,-468.35969283964357,12.85414517290074,0.6690964473076083,2.6368990205222413,160.0204813988615,0.11051952918411319,12.09825988120764,24.622240075224894,False,False,False,False,einwandig,,NIO
36.747140565991764,54.94450337617741,215.2367111519886,212.06632533670725,1.9647886005418318,4.775379829172882,-373.6872656222885,10.249242908132441,0.5188708882398448,2.2387220662918677,108.46973550514694,0.16996273064640968,7.6247852027127365,,False,False,False,False,doppelwandig,0.0,NIO
33.76899514294091,46.97311206117308,220.59419167138813,102.50393327936409,2.121984998294097,4.566320293237478,-393.8551047624013,20.385976863034482,0.7750812894069755,2.394398974315591,110.09357413349412,0.4856824956472864,7.8126675219527755,17.20956518377715,False,False,False,False,doppelwandig,0.0,IO
27.681564235687446,28.387888744756655,209.36834621850508,76.11503156206726,1.5703678305591466,2.816066161403787,-300.3057777932779,19.619069041799776,0.9146699522543872,1.886780938757792,63.38903576264997,0.0227484063524529,4.435273406868079,9.287436375277824,False,False,False,False,einwandig,,IO
18.615659413148403,19.333052773361118,217.16298436594838,178.2028820518504,1.294400297781626,2.949927210522336,-250.89672757816038,16.54899590673021,0.4555386180566371,1.4303479277274247,50.85563506009667,0.36196574965865513,3.6237620817440264,7.491865168365101,False,False,False,False,einwandig,,IO
37.93092068353375,41.085003056239415,215.62507400392474,131.0594669660617,1.502709584174083,3.4882603763053543,-331.4878693993304,14.517840449666156,0.8533487492824722,1.6685011517343462,89.60488611188015,0.42821359380901,6.564805243612967,13.430626326249136,False,False,False,True,einwandig,,NIO
18.847546447591768,16.99925033156692,214.59327859018924,250.21203869763576,1.0317951520532989,2.252857555015235,-299.85187684927075,10.144221383059874,0.3194398726381477,1.1441720769633328,50.10593642084115,0.08398447060981613,3.6355215832681074,7.615609304316163,False,False,False,False,einwandig,,IO
18.99787207933194,18.068882207664085,212.93668707065257,69.4685371186019,1.6573635890949805,3.0490177136388983,-250.6079769369292,,0.6399570054727729,1.962720854911166,50.451120315367014,0.46257475707980567,3.525806645790973,,False,False,False,False,einwandig,,IO
37.88210145267827,52.67563024996051,209.9364305885585,108.06962743808523,2.0528453803947393,5.156306320893918,-375.68613243966166,20.74454045986364,0.9760773868363869,2.4001764423130174,109.29094520894829,0.2980507712924665,7.791806971770114,16.548067486872874,False,False,False,False,doppelwandig,0.0,IO
42.978529716054744,55.290676454392106,221.0608962821678,187.7550394091657,1.5887962468741383,4.142624917552895,-450.8112149991943,13.283630286035221,0.6507513927230699,1.7698017721587533,110.50291090028979,0.19643306412956985,8.534392590967071,17.265407013297814,False,False,False,False,einwandig,,IO
23.373586085705636,28.917577395012053,222.54954303324317,156.94421811641357,1.317270801071228,2.748302705156874,-283.69525853136776,12.949601597041507,0.7134907593731488,1.487670174691259,63.1834771570687,0.037943178507867374,4.3768845088983666,9.97442589486228,False,False,False,False,einwandig,,IO
44.72740380211193,54.716469338140875,214.543730680018,134.32287525690091,1.8333332627695038,4.838017017304582,-374.6347716401105,20.964247700035212,0.8144299301160333,2.0875699455003143,109.63441194598802,0.7221470761884781,8.108508994957973,17.027869171809765,False,False,False,False,doppelwandig,1.0,NIO
59.209032034428304,93.2952742350554,215.98689386870163,300.0,2.3670610268929626,7.088741999275692,-487.47804214338635,13.432542148426073,0.4425289728909021,2.603939577376915,160.0739745525497,0.12251475695016409,11.89974872878225,23.32903471408625,False,False,False,False,einwandig,,IO
38.02501503052736,51.98998439612933,212.51412193901913,135.31219674224678,1.956772030606781,4.657835403495193,-371.9387911304794,23.11624083142553,0.7108142201259633,2.2701049651361953,109.91559702004376,0.25377368085939156,8.141429059371768,15.909940029149444,False,False,False,False,doppelwandig,0.0,IO
45.98380369188566,59.860226902966254,214.92992956744774,145.31129322126912,2.3501782536960283,5.437161438995353,-433.1891648004562,15.563792968537161,0.7096319607941962,2.7498651004696115,125.43840759736567,0.24830722454693033,9.032330686150182,18.858875461378496,False,False,False,True,einwandig,,NIO
46.986018021752955,54.55200723486719,210.56432782635437,102.13637585391861,2.056304224451562,4.195078169777382,-417.9976608668864,,,2.499912458851495,109.7935072603843,0.2646683305210737,8.357559502394595,16.885368962727966,False,False,False,False,einwandig,,IO
27.4270913157235,31.006516931306564,216.0947680277765,174.81953794497775,1.4469139871838992,2.961509865360104,-333.5936082941349,16.180432004853586,0.5146388753503265,1.639437968579525,63.14378176059047,0.15081989951855393,4.744676717832059,9.190432223779274,False,False,False,False,doppelwandig,0.0,IO
29.753298347119596,31.622537234680898,217.11077847175585,118.56181562104304,1.6750390569762386,3.1225229221960253,-287.69441898579856,14.453473062543921,0.6427691025324818,1.8887271364983185,74.58650141926249,0.4650855820386105,5.519759550688231,10.901207568121897,False,False,False,False,einwandig,,IO
56.32036196157951,91.33229583288538,214.49277517782687,243.12317641732832,2.354196623951871,6.633252562642496,-484.42336265514143,20.504849545390726,0.5607466313764576,2.6822310376591463,159.50724622739799,0.16898355576897822,11.994946491313698,24.696921501336483,False,False,False,False,einwandig,,IO
43.129251062652514,57.665623246888956,215.48294191397326,146.5422017245639,2.4867413429634477,4.02413894142864,-362.7877767292883,19.543240558301548,0.544838229446293,2.829193477001425,110.10502857565491,0.02333399395121125,7.860669599718143,16.84293833337682,False,False,False,False,einwandig,,IO
41.11846668249154,61.79331288073511,212.90529878723328,117.62719524227361,2.2386217376194177,4.864033230241453,-443.1285339711036,20.352425171003325,0.8691104090596867,2.5620003155417965,124.50237627702569,0.5049276398890331,10.081908965095947,19.278993340364753,False,False,False,False,einwandig,,IO
72.71034562299043,135.30274348146386,213.69776445869445,244.8866895499541,2.603558152102912,10.371407940321042,-569.9040894343659,16.73807896277625,0.7039977253001226,2.94908538890388,200.37175283825025,0.07091274025580455,14.735119953717795,29.779274970783387,False,False,False,False,einwandig,,NIO
26.62136289821845,28.84390363101158,213.900889127647,111.39971528775382,1.587464064958514,3.1783432649253314,-326.16702379892,14.174582006766547,0.6166649205360218,1.7960515214642054,63.3781121191707,0.24401368193881964,4.661502293922918,9.189989706342077,False,False,False,False,einwandig,,IO
32.783623946052735,31.483774976183387,218.67020149311827,119.64524682030759,1.6925674588576007,3.424965167328647,-336.7373389677453,15.963743970289068,0.6223231148286197,1.8658246408916381,74.51728783521104,0.5737177253834459,5.464277858526607,11.72444530233158,False,False,False,False,einwandig,,IO
33.52725452056632,48.01863870902763,208.5929283764287,199.37016220897425,1.689719453425613,4.596044281306247,-388.8505695873041,14.297212833718904,0.6155159384581905,1.9759140494495147,110.1269167744177,0.12542627067693787,8.008179760772306,16.36863706987205,False,False,False,False,einwandig,,IO
22.338898499087225,24.011862302094087,221.8656832488943,138.4543320022053,1.249733099135983,2.665130522862576,-243.4198092543395,21.86638605273184,0.6289295233888459,1.407781671297269,49.46309023179635,0.5369455809269656,3.5451508178432296,7.194571485303981,False,False,False,False,einwandig,,IO
36.26965749262035,39.144979959910714,217.05945226595912,252.27986933034654,1.4329282897694855,3.731024179821932,-306.0246888025744,20.009094895194405,0.5103331983566103,1.6139729781250238,88.95264121718529,0.4732021652094046,6.327660157197931,13.043401781807393,False,False,False,False,doppelwandig,0.0,IO
47.67938304904794,69.24399902589799,217.75054575502432,154.44652382842486,2.365947007037997,5.288038822168653,-431.00160163496014,15.63390773257116,0.66119056861522,2.684541500390823,124.66342164244357,0.320136810913949,9.337405809334204,18.49435243018021,False,False,False,True,einwandig,,NIO
40.904772652716645,54.45379420116951,218.33135916257808,162.5719695473214,1.951844424550622,4.610145033465681,-413.6437430447266,12.294100172914916,0.6461189962521783,2.264534033402056,109.97101907848986,0.09304183950168643,8.1550841511778,16.93754177572934,False,False,False,False,doppelwandig,0.0,IO
24.87272284248836,29.493070854227994,213.07711940756172,120.97743656367572,1.8116948354844045,2.5632311337090474,-337.92872194578575,22.16335875281527,0.5863304940394986,2.0782720860452977,75.32851404312365,0.22522954312481105,5.88788593691397,10.495167571636024,False,False,False,False,einwandig,,IO
38.88271885734719,54.2162408767615,211.15651026771704,116.0888122895307,2.069041037070715,4.103901141622305,-409.19614862560735,16.546736542177204,0.7232569384457461,2.3408634008962697,110.08657064523466,0.03427774567696233,8.34575265933326,16.814526234171964,False,False,False,False,doppelwandig,0.0,IO
21.4601977787673,28.13846333892392,210.5830554852429,82.87882081979214,1.7606179630260188,2.382231350207183,-233.07433008812205,15.479330159213063,0.7359834220177237,2.0076313036563356,63.6398624124991,0.46740129726359514,4.505721751640685,9.095890620626925,False,False,False,False,doppelwandig,0.0,IO
57.99602362888363,97.03770520778207,214.6797045378357,300.0,1.9733536172139046,7.562858003061605,-483.07816047163857,22.198610878875833,0.6165029178562438,2.214534778605948,159.48354087148334,0.2859789107137545,12.151743299113106,23.89484980260653,False,False,False,False,doppelwandig,0.0,NIO
21.163104907736734,24.809183148683843,217.96977974712362,137.00329381110097,1.3896875024492836,3.4554400414334454,-260.78670374093855,13.96020474648773,0.6783798773850617,1.5580074338028178,62.741904212596644,0.24960686444135718,4.73578773355117,9.37687720969132,False,False,False,False,einwandig,,IO
45.57286555274412,62.6297045934381,210.0746034268357,139.1124131727172,1.9793142132101913,4.25738083183513,-430.9746396794974,14.72429239468186,1.0237935590351284,2.273068256073642,125.92674787811444,0.4738747930205943,8.918103401319698,18.639627564181346,False,False,False,False,einwandig,,IO
30.937656958110786,38.90362540363003,214.88720665039065,106.18448423929087,1.552456326481354,4.2459258447486645,-348.04121705996863,15.07696420649694,1.0180649887903206,1.8310380504622112,88.79726984804945,0.4023556883616838,6.4632218908114085,13.356436185042266,False,False,False,False,einwandig,,NIO
32.07916083939374,39.533917692233196,206.7932233527109,158.25930701157785,1.8705281409087695,3.654688549412612,-330.5183873510369,10.733723313432636,0.5418864714805396,2.2036988993944755,89.71285353937236,0.4116562442105904,6.063714953705851,13.277822033079401,False,False,False,False,einwandig,,NIO
29.877252778535418,35.7592042039842,214.5550682720053,156.86509450558637,1.7474898172702626,4.025087927663481,-360.64496889452346,17.262941461703793,0.5628328650117161,1.9365171470991411,89.34229020370793,0.019663681563961834,6.642833101915664,13.214287413029298,False,False,False,False,einwandig,,IO
26.643137448222326,29.210646671652707,220.93983340283663,172.8225503995725,1.5031077639144097,2.9963868618339586,-295.88269716366693,12.950621021286196,0.5410895084512005,1.6587314437468428,62.87102068120157,0.15945266865569704,4.623797184019058,10.109886773482735,False,False,False,False,doppelwandig,0.0,IO
32.79301022088764,40.97185710339799,213.04765011590158,101.34244307245392,1.8830653395612789,4.1961580214399685,-364.867607906596,13.71711307075551,0.8585580909958358,2.1994640209418237,89.73463562916413,0.056842069365930226,6.313603269487452,13.512524658034964,False,False,False,False,einwandig,,IO
44.63343636741677,67.01589446768718,212.16166061482616,150.76700079975012,2.516567530883818,5.208896973342998,-436.1873174939279,13.182258082393345,0.6402206050636459,2.8508178858652338,125.33712647801072,0.18006735422616932,9.650925400030056,18.687025853387524,False,False,False,False,einwandig,,IO
45.12048194696438,61.83489659205288,212.08501801913405,176.77313660554992,1.9092240945842056,4.579618216474834,-423.77553468741695,13.651719186784225,0.7359511365394449,2.2126170547413477,125.1453227145819,0.4796768831842739,8.978140719399885,18.427673638823958,False,False,False,False,doppelwandig,0.0,IO
26.6373472575604,25.25964196700746,200.49154894779008,74.2387261522621,1.533201827101195,2.751530046490716,-309.142753154099,12.644342143936742,0.9995450999921325,1.89533492422801,62.15054912358298,0.0073804954817614276,4.458092995323123,9.246028089434658,False,False,False,False,doppelwandig,0.0,IO
41.6559834285775,54.45717751177615,210.96534987152486,141.34247980395824,1.9562863121440115,4.626262418442722,-384.85052552176535,16.988856710479887,0.6984302808534306,2.288069531429613,109.64914053834032,0.07736710361470625,8.048712106993303,16.179414395819315,False,False,False,False,einwandig,,IO
41.89073766958542,58.698182473601264,218.38146702394155,110.13386601573002,2.2818852201760436,5.0386155593862565,-417.88545636122205,15.377627630057143,0.8059373082635981,2.564864758451,124.9999329379957,0.07709175800137777,9.65944202960199,19.13267208595725,False,False,False,False,einwandig,,IO
46.617990587101325,66.21493814033583,212.0450840332546,147.8336223698328,2.058239615417618,5.388092688861068,-429.48121607140456,16.192032552832462,0.778063112395059,2.364924628238855,125.41749605522183,0.348202126657828,8.948571831871599,18.373200456764536,False,False,False,False,einwandig,,IO
30.496479807130452,43.631367989654805,213.84768337403023,160.927564629447,1.6641957851232732,3.5937210445438224,-368.6864963890855,25.0,0.6117673972456076,1.8415236845452825,91.47943467060219,0.03960566950223142,6.597454259222148,12.376877064175893,False,False,False,False,doppelwandig,0.0,NIO
25.25021244496779,27.529115604537633,204.40175717376414,124.80389410509989,1.1249840795800932,2.261796272354052,-257.3759237762035,15.37775527560321,0.8588742597612788,1.3458192672931095,50.48323439079799,0.43826217824123903,3.6278741795261222,7.529154018732443,False,False,False,False,einwandig,,IO
57.15708413973353,93.30649193871798,209.49628979846997,215.1694675290487,2.4849547624581336,6.685608646675385,-514.6226140737948,18.419790488945466,0.572544878634972,2.871935478374525,159.4898610377088,0.44520125040662895,12.23554314145533,23.860304586214895,False,False,False,False,einwandig,,IO
24.91728160120559,29.929014469608937,218.152340970666,73.66219516994302,1.7741754628590527,2.968273846986662,-313.83514582234915,18.874998397343916,0.9009819679666263,1.9691128555977546,74.9392576627328,0.44576124979132026,5.483903087723599,10.957105891596349,False,False,False,False,einwandig,,IO
26.9467448668014,32.31175090522145,218.17411748089717,117.46837383922472,1.8058854021082298,3.2068286598801308,-287.5468133149141,15.748573502542905,,1.9873002016488956,75.12053702126673,0.6068676699030149,5.4782016571104855,11.705778059973849,False,False,False,False,doppelwandig,0.0,IO
39.484647138115726,52.82027558031683,210.38380513888558,156.67161433445534,2.0802104369628833,3.6362432782976195,-423.3235029276008,17.095196526180153,0.6283048419195858,2.3858096329449667,109.70443821485952,0.021214782674804682,7.94324894908201,15.133240198475942,False,False,False,False,einwandig,,IO
29.532932759796168,29.634433419248495,213.7838958220593,129.95728586256445,1.7467861113206018,2.8129694357139905,-260.66284157766563,16.082792761049703,0.5367268264559812,2.028551615697462,75.32223984805083,0.4560363673127166,5.610366872229314,12.038122032484946,False,False,False,False,einwandig,,IO
50.10432450870854,67.20746515570086,215.99242192098484,189.51259473824933,2.2221077813925367,4.32632318209024,-426.8130897946935,16.810233582845914,0.5613610883775029,2.5316489847541033,123.71312387524321,0.12224022878316948,9.166968944394043,19.277338880223745,False,False,False,False,doppelwandig,0.0,NIO
21.324439946859137,24.820336670274173,210.7276062581672,145.48178500878063,1.2099716364115862,2.253170058408784,-249.70401815235198,13.653932842607452,0.6359853516507197,1.415880058597495,50.38337061066793,0.2828950924658387,3.4990559454869845,7.185973368402591,False,False,False,False,einwandig,,IO
36.56625912644793,47.731108178711985,209.90104273543832,300.0,1.5356220542863503,4.898925893714889,-410.81875225604585,14.023154761680704,0.3352977163134082,1.7381415883517517,109.72465445079156,0.4717234285626994,8.421888493743946,16.2746078641585,False,False,False,False,doppelwandig,0.0,NIO
73.74307320535122,142.5314947058631,214.64315725965298,202.23529565275615,3.1637806593613353,9.525553447308466,-561.4447112614588,,0.6650001488236604,3.6238072326049973,,0.16143659265353916,14.879424056795484,30.252193475731346,False,False,False,False,einwandig,,IO
74.76306305757427,135.38955710068072,217.90000333338278,230.5388553497188,2.871148172873154,10.281263898344532,-593.1406617362668,8.112385424596026,0.6238038644137724,3.132548745833628,200.65628722259723,0.5899943600409342,15.4445015146313,30.265607994920497,False,False,False,False,einwandig,,IO
56.238303779263376,87.42358782860006,216.4194159605856,128.02861835334792,2.6849515298614515,8.25953005092493,-511.85295774497934,21.9842911590613,0.8185016647917748,3.141170017050684,159.36190024524188,0.04324392455580565,11.732085331343487,23.68305907121422,False,False,False,True,einwandig,,NIO
43.57778404657991,58.553983509010905,217.9933726561404,131.55872797768615,2.051327682679153,5.70641525250294,-439.38787553188934,24.643432071996518,0.7634471107535238,2.362225721754779,125.15206283961025,0.7240354009422226,9.983030477916126,17.94161162306787,False,False,False,False,einwandig,,NIO
33.60568865483858,37.82613438866138,209.63493587019985,146.02875299980835,1.709917834470035,3.1784053521564846,-321.71230064472985,16.68140103969886,0.5938543853351055,1.9589346263634466,75.50940713476729,0.5130486917850693,5.800616485268331,12.306846360601002,False,False,False,False,einwandig,,IO
73.41193082932493,142.29993966486728,215.78186855061884,223.76410014736825,2.98249598376841,10.343373782318594,-579.5413169261773,18.66187670900402,0.6312173860861139,3.3375951582025776,,0.4267709613222276,15.191225986943065,30.478062024967777,False,False,False,True,einwandig,,NIO
62.528051045399295,95.83794021392369,214.20773618930858,182.85069792630966,2.5714809978553825,6.5721268790252845,-497.6797327342356,20.324230680201985,0.6648072942218652,3.0591898989382194,159.16716870175594,0.04353841918939074,12.170403850123824,,False,False,False,False,einwandig,,IO
36.14415418460064,44.57723459434854,212.86796939264022,115.86428672452246,1.7669795223287663,2.9906341386357784,-348.9964933277568,,0.9228934831713773,2.1125301279715347,90.84014299841273,0.5646242060938328,6.505289176167345,13.587887624620022,False,False,False,False,doppelwandig,0.0,IO
33.78123117281988,44.16646183519444,215.13963908201117,190.18730668424007,1.7048890356795323,3.6314792436317576,-365.7855354487455,19.713111781137695,0.5766542979315337,1.9315963525307418,89.87104165214386,0.13754536435181786,6.454771622338993,13.81065851424826,False,False,False,False,einwandig,,IO
26.13755039935576,29.134664611056266,213.22192007551072,170.4971045231881,1.4446411765020089,2.9532442253873645,-307.8293368481244,14.294240822263099,0.5920359002574018,1.6044355447730858,62.65628050924616,0.726791219459383,4.526543966460781,9.820531643022504,False,False,False,False,doppelwandig,0.0,NIO
43.48634438058722,52.61616715124371,204.28313916507815,214.19464285528645,1.9476403930808412,4.857761713699696,-403.52185706449325,25.0,0.5307123772574274,2.201643541965792,109.81892679495276,0.1664689874198048,8.041636722994316,15.456816661256017,False,False,False,False,doppelwandig,0.0,IO
39.770861554190546,53.459452777906435,221.4257634576061,277.2032700611247,1.8417800896999421,4.192495143439474,-380.49310719598213,15.24696172000522,0.4776940780845722,2.0369727507161093,,0.4263438119483737,7.607473663721814,16.324564010317335,False,False,False,False,einwandig,,IO
37.21585709485813,42.244061772573176,215.95155631354976,94.63923917987061,2.2372127128532755,3.6973581937446585,-331.4435031057399,,0.7460505435438242,2.5481002094246774,89.24461294236193,0.1847557670466021,6.533897299392739,13.272585021897838,False,False,False,False,doppelwandig,0.0,IO
29.797364519075284,36.3336079738944,208.8193568525661,122.90843026888918,1.7225176674669924,3.68364462262119,-328.07389507754954,15.286348278559467,0.7304354996609814,2.0327491098000605,90.10508838124616,0.3330235647999993,6.462750177656917,13.41928267074901,False,False,False,False,doppelwandig,0.0,IO
32.91859181279375,42.22783491724844,215.3532123885686,98.32826014163582,1.8300935732248518,3.5674423577694134,-348.0366723384702,24.786771025321787,0.8924142779253027,2.0774397410907914,89.62802479930714,0.026481031420390946,6.570120450240769,13.885396971570906,False,False,False,False,doppelwandig,0.0,IO
27.80990739720625,28.33446738918807,211.9610899627218,126.04620447973792,1.3094314309683506,2.4710100495463996,-250.4109514770544,13.95059913184438,0.8562113511590393,1.4779125012331802,50.464632801042114,0.800619605091877,3.51962153936288,6.604959901271345,False,False,False,False,einwandig,,NIO
55.076750504834266,90.97451028668388,210.4475706768909,104.88256420004717,2.583455418029472,6.778118198944177,-506.2112676220728,20.660355149309556,1.0595675071797712,2.979060853496157,160.2638955937658,0.6926061017878482,11.855809161330496,23.325428807218312,False,False,False,False,doppelwandig,0.0,NIO
29.771937681122946,30.62200885871281,212.01498891509317,91.93078021844629,1.7342874975375082,3.236882963353985,-358.5574497732092,18.506711529807784,0.6889190848688356,1.9907703841573614,76.00030057421107,0.05155735379119108,5.589914817700895,10.909127481732186,False,False,False,False,einwandig,,IO
27.370377582162973,28.813185236954663,217.4603573671645,127.05288722779424,1.6196228988404855,2.871819992078031,-293.998169738485,17.61723984665664,0.6609205654305689,1.8472881000752177,62.86001951563779,0.34398571807072703,4.574127945158274,9.527172563233279,False,False,False,False,einwandig,,IO
17.61725293417461,19.901369798367455,213.36097732809523,137.92419453671084,1.2376257348915032,2.323995293617586,-269.3831656339438,16.91602960417909,0.504966048229996,1.3985141846075686,49.45458376032604,0.1880219041272596,3.7127112465356626,7.916062806670187,False,False,False,False,einwandig,,IO
42.220930553351465,56.607725533489976,209.776767454666,108.47817365811181,2.3464960622427093,5.391309706409427,-450.9761301107263,13.331949929212549,0.8044867251214488,2.6670250944261906,124.19266647262911,0.5085729650236336,9.400510636721828,19.565661709780578,False,False,False,False,doppelwandig,0.0,IO
45.66758324529742,66.4658761604207,219.38473815268836,140.52978282992586,2.207165044271592,5.536132635372918,-439.1848543938201,8.0,0.7177801362169508,2.490433272355294,126.22328266811597,0.4771276348395166,9.167542722442217,18.606822900057825,False,False,False,False,einwandig,,NIO
21.324552593459803,20.69619495990627,213.50295479492027,96.11797782847614,1.353860703192515,2.770950518390185,-256.62271464272555,20.297568433846457,0.7976899457516025,1.6052549794704405,,0.4641140046195559,3.608260264264468,7.915240454812492,False,False,False,False,einwandig,,IO
29.930728064777554,26.980794314880836,215.77700350311724,159.09918383463727,1.5281626036203821,2.3768226719757104,-316.9311696421269,14.044643558622862,0.5291313671142399,1.7258124801953239,62.553355108331196,0.1350108917999837,4.218816953536565,9.805081239132875,False,False,False,False,einwandig,,NIO
30.754681758105786,36.85949983596773,217.34793145427463,100.76526765130136,1.944553297202459,3.659858306744797,-365.7696367853952,,0.7527406283540049,2.209163908991926,91.03310320491666,0.16221278541783882,6.984439438434745,13.770834575535066,False,False,False,False,einwandig,,IO
29.967750092428183,32.014019259651995,212.08341365507056,145.33302474590522,1.465765359044564,2.429227374854619,-249.90244961118208,17.40679107166266,0.7307799426930912,1.7400043647013816,63.93972129038379,0.03074570509154763,4.487380923319245,,False,False,False,False,einwandig,,IO
41.52351640603782,54.71270463313606,212.96054526154003,152.67358302119698,1.9212051665220014,4.458621898519933,-432.06765814700765,20.801027124080484,0.720855255984053,2.1923571408439533,109.23948910928375,0.264942554826849,8.6828810828407,16.300234030779748,False,False,False,False,doppelwandig,0.0,IO
21.187351203988225,21.537041835385196,217.04278016872,122.71377285268218,1.5089049949943645,2.1369853211920344,-264.5795539901776,19.207570080437893,0.5975101137714214,1.6787193701957075,49.48579621342148,0.0612692994158782,3.436746781972762,6.9673003346986935,False,False,False,False,einwandig,,IO
29.86141043495717,34.58041054094899,207.40730001188084,120.57781681791074,1.508182305236525,4.130865334941914,-377.1577341441021,8.0,0.8783986972830097,1.721275616556923,89.92033644834,0.3431755675284974,6.306203387177691,12.93420356693914,False,False,True,False,einwandig,,NIO
25.482122905632032,30.4872807805672,213.42402709229924,64.01221362915528,1.7667096967341593,3.438332587607937,-333.7909199456527,18.45958246499199,1.0075461368467016,2.103453402865602,74.32262919392302,0.3073288365099239,5.466438318323988,11.423540911749003,False,False,False,False,einwandig,,IO
35.30173532918573,41.580610799798855,213.30956699483167,214.71006345009772,1.5631171397295482,4.081195722136956,-352.94343074045287,14.625298057542063,0.5334483960553577,1.7480345423936015,89.94018581587684,0.21238436491175852,6.5885630832942965,13.472788744859043,False,False,False,False,doppelwandig,0.0,IO
32.86076234248384,40.054542816319056,217.55735759430905,123.20243782542418,1.6542045953097415,4.040688836078199,-372.6894030657192,20.660044749072703,0.8080665969389437,1.8446226173869327,90.43089492988028,0.00777193215601084,6.613781664579775,13.292246311079907,False,False,False,False,einwandig,,IO
23.2059081825696,27.34339217780795,220.38665330739963,296.1510293384632,1.3762763966687412,2.685560115370534,-274.2517346158393,18.3648299805472,0.3,1.4895503333514637,62.07231494665837,0.23036460792176142,4.500288795316579,9.782404313148403,False,False,False,True,einwandig,,NIO
28.29181296867179,27.753795037879247,215.85586148852119,79.05544884163045,1.6069555526768335,2.62355610258903,-254.8212345056897,18.41187615186243,0.8002914924223687,1.8632427581045385,63.201998505130454,0.8716879238638585,4.3562356185340745,9.349755416455611,False,False,False,False,einwandig,,NIO
24.417876924785126,25.53518492599264,210.81635094563185,267.78439901584863,1.1632553593100694,3.1966895314800614,-238.95804659743172,14.911028817166999,0.4194768075187367,1.3440249516043525,50.81881824026103,0.5474483127561444,3.34086420179409,7.043410423107385,False,False,False,False,einwandig,,NIO
24.469265755557412,26.739563183739822,215.21637923678384,116.28380599544276,1.458735521352358,2.727752139931034,-262.9846720569783,12.349575231568835,0.6212548978151112,1.64634595442029,63.273583502524936,0.6335221754731566,4.50283580998712,9.316750965484907,False,False,False,False,einwandig,,IO
76.5353993650818,136.800053801838,211.866563352448,210.374621736492,3.1241589378804413,9.4581677430112,-624.4933919757203,14.268452164117898,0.5030463007368624,3.542933540999012,199.96783568646697,0.020929330012070924,14.782618898059246,30.410314923604,False,False,False,False,doppelwandig,0.0,IO
21.287506634211127,27.92732316901961,215.11127818203119,117.07391648634724,1.5124572890473347,3.52798669346633,-321.07677554547837,8.800430953876205,0.6676582757575905,1.7313731222700541,74.57101986572712,0.0994134577984235,5.136380434965501,10.738243373912042,False,False,False,False,einwandig,,IO
37.93671569971812,42.0904031079013,204.73232885439967,143.43040551270622,1.4727566361564022,3.182510267305488,-303.3144733161642,13.638625061813418,0.8258190547551743,1.7079784178092277,75.54401479936884,0.43120197883519645,5.292890599110786,11.354638408768771,False,False,False,False,einwandig,,IO
22.142059825032923,25.77156272273498,211.06544684297145,123.02547251158337,1.8310864012507493,3.3961776495915927,-266.8202271471366,10.143363601842271,0.4214030104409465,2.0900071066562247,62.1987025392372,0.2639422010410999,4.529281483900559,9.422287127803058,False,False,False,False,einwandig,,IO
40.67952865548279,52.114372031535915,220.18751006277952,114.60396946503876,2.001941902402419,4.517187871192339,-348.16617518475437,10.249036784968757,0.6460780465726541,2.3014712070033854,110.15119579521492,0.011032030897914378,8.472738940412627,16.119595054315273,False,False,False,False,einwandig,,IO
56.97724883136163,94.06586209914485,217.09225522660552,196.8953482563538,2.4461562581286724,7.111999405061316,-475.27401020927635,16.465915388904836,,2.7585132394696537,160.01357302110955,0.15969195023139784,12.285358571880614,23.853323906480256,False,False,False,False,einwandig,,IO
41.84153125479307,60.23183795039784,211.6874781894351,143.7092352567089,1.7730548964030386,5.735448323509876,-402.5877844081529,18.136195758015845,0.9371573025807811,2.04880648710578,125.65720585916335,0.168912073953966,9.578367671299052,17.964158495610672,False,False,False,False,einwandig,,NIO
43.03371232244858,51.33129917699785,210.84691349983478,101.25829093155782,2.2471303530970914,3.804613461985205,-326.160110486516,15.872826079299136,0.7647641511775427,2.5845960141268014,109.62793993699434,0.8058183884369063,8.079040036714515,16.554820097078668,False,False,False,False,einwandig,,NIO
49.557305264210825,61.8577010986271,212.07564486557973,275.46690854613774,1.7765308096662074,4.890855078158797,-422.5922729598176,14.004838010646392,0.5234174330089866,2.0072220394770923,124.71650115540844,0.08658596799863938,9.301325272025586,18.06763350830132,False,False,False,False,doppelwandig,0.0,IO
30.38347618917671,35.64384762970649,216.36617627519058,141.4260280961345,1.784016896894652,3.265054811257917,-355.2264609560392,,0.62930584314544,1.9603653409525001,89.23290580057835,0.25241892102392544,7.055028676341091,14.036218608611396,False,False,False,False,einwandig,,IO
46.580623614142034,63.62935770215855,211.758145675568,125.33827908061077,2.094781478672263,4.246968088570686,-420.56605240848876,14.731228030541157,0.9334156357578296,2.488213294282799,125.2496999241882,0.06800936478725281,8.79007057099333,18.704013788482907,False,False,False,False,einwandig,,IO
41.886173218368945,55.27811264696508,220.32935035314028,137.96835495831368,2.0221451178905343,5.474270571206642,-447.87631889217005,12.711107835089017,0.8071547975161036,2.2867839032381463,124.76625839369008,0.8665475949495046,9.121480159850663,18.464093171715362,False,False,False,False,doppelwandig,0.0,NIO
31.29420251663885,29.510833769666455,215.3628252748451,174.23184735610076,1.4553757645591152,2.2770326344068246,-258.3091553558048,,0.5622649806391867,1.5972936482315891,49.40782239189541,0.013455789293187666,3.4954719893836574,8.080279664028227,False,False,False,False,einwandig,,IO
29.688228370950014,42.47188353991357,215.55536661503783,183.55095889437484,1.4377947167113247,3.98214721665863,-391.17130484443703,9.913872903684378,0.6599394192425366,1.683287207337241,89.54602905304701,0.3882408151520053,6.762244044087672,12.984075577887616,False,False,False,False,einwandig,,IO
31.123702333281486,34.4314894306135,209.7281171058683,148.98182656152613,1.5483387537477489,3.2806345964938415,-328.23797591419515,18.805270312822913,0.6647336277387778,1.7896926753724507,75.34212163190955,0.23014496944980603,5.217269009791898,10.876158547082332,False,False,False,False,doppelwandig,0.0,IO
14.166432051607078,15.553431550267032,214.2027814118784,72.94658219303268,1.5820147519633556,2.7428569866510735,-262.88334705163976,13.73187551169723,0.6193027109266291,1.7576437430217797,49.24595581297915,0.12246555480499402,3.6312258503820263,,False,False,True,False,einwandig,,NIO
37.52860626023917,58.70488530682792,217.76022020785797,238.99686351553464,2.0156784571919304,4.942840207663741,-401.2591177286739,17.505027601129353,,2.192581417113236,124.40690061647356,0.22781084530151877,9.31945020180655,19.40475315216639,False,False,False,False,doppelwandig,0.0,IO
25.067074205792057,28.057380483220214,214.3220032136152,158.48588208935564,1.3008674137806693,2.1943007424059804,-232.22273639034097,19.548887982524768,0.5983567426915047,1.4568201277739454,50.632432454359154,0.46704502755375327,3.6109354662424793,8.4364328482966,False,False,False,False,einwandig,,IO
52.30737332935305,67.9049655881584,211.39044669866462,160.53306320431753,1.8901576357530998,4.455904350087888,-416.09042661877703,17.311483527724,0.9083798958798062,2.175010157832638,109.90461005625363,0.4910394773270369,8.285995117419658,15.66320301090397,False,False,False,False,doppelwandig,0.0,IO
72.47963647204217,139.77876986022812,216.7650118869347,218.30948120415096,2.8059097820756573,10.367667273323267,-538.0991641509102,19.19650715839233,0.6428283269408237,3.2158013815706514,200.46537057338614,0.13076595103413804,15.840447702672481,29.592113779691665,False,False,False,False,einwandig,,IO
37.497326056293,43.4477736410038,221.18319748279708,108.09257368362307,2.0195185447278745,3.599847197806503,-344.29066303901243,8.0,0.6845119554308621,2.1953158105079154,89.77522054088753,0.11863788630981241,6.486276350408575,13.534906790754025,False,False,False,True,einwandig,,NIO
32.88954470167987,33.97489691245675,215.41124670500702,153.30903001770145,1.3436536636420038,2.844225470947083,-308.9988758492308,14.028573345184455,0.721078847028036,1.5584395618256262,74.99926736027427,0.9032662003489204,5.464141264086063,10.992152931495674,False,False,False,False,doppelwandig,0.0,NIO
37.925154787408914,47.91001121715932,216.914975460238,86.99841275156513,2.060435094946215,3.9403927634406566,-432.44233712470816,20.412306667156336,1.0327212092068188,2.418343470007211,,0.33015770488325225,7.912442252903699,16.48434249692855,False,False,False,False,einwandig,,IO
47.06390154238269,65.85569633280132,217.4757597843748,151.46145722954932,2.250911306537081,5.20666520612953,-440.50143475300143,18.036918153264885,0.7013312157125442,2.5201126914180647,125.77241975344843,0.17211412292823852,8.940207428533304,18.691201029144846,False,False,False,False,doppelwandig,0.0,IO
21.26650567512275,27.470170651612285,218.0246790743712,104.27899344256693,1.4614996675188205,2.903372986028585,-288.75440471168804,,0.8640918030375266,1.6732029611551766,75.8686345124393,0.060927203712025924,5.660353415857961,11.453775930089153,False,False,False,False,einwandig,,NIO
23.457642285563434,27.032659339440585,213.27893651307488,103.64296617862527,1.6498907144432926,3.096303765044104,-310.7555384321725,22.81752191986807,0.6102729741923205,1.8697263913691284,,0.26811729054806704,5.2247900248313766,10.769517253023027,False,False,False,True,einwandig,,NIO
39.30789410330846,46.20588269824604,214.4835691326654,131.41375222758506,1.902942368204856,4.3244884871005365,-389.3046318436781,17.198368537802548,0.6610901109246262,2.145713287431844,109.62688791238241,0.3436059851750548,8.1948522655065,16.596329825122123,False,False,False,False,doppelwandig,0.0,IO
59.219120739553624,95.70289058600639,214.17384244920902,200.61001829072225,2.4313408510990464,6.942227610126183,-496.32069573561296,,0.7018829084665427,2.6892417487024303,159.48989418842945,0.07978143328918295,12.170971486171412,23.441936288545403,False,False,False,False,doppelwandig,0.0,IO
29.310578645684764,31.64534378028999,218.11406847647515,156.0167147833801,1.4471491402626608,3.242521424303805,-351.0801076271512,12.166245147732042,0.5838800587225923,1.6049937402416625,75.47219059728647,0.012818595867995415,5.634313842215617,11.044071041984214,False,False,False,False,einwandig,,IO
29.138254703407743,32.27843239961752,218.41411262557102,135.3410163336587,1.4880092433083523,3.346801633657643,-317.4152138350372,14.09676573785901,0.6694423329095563,1.6861443444641149,75.88760168678694,0.021657620906612936,5.0810577296115,10.38162433624499,False,False,False,False,einwandig,,NIO
78.0760392179753,134.93838425179726,214.43456364147164,155.77302040293813,2.8213403792985208,10.786111577860314,-554.7917411175595,14.367012366042536,0.8332076403719904,3.1995581363868846,200.55251187442042,0.12824789065549086,15.587065325968085,29.797725904274216,False,False,False,True,einwandig,,NIO
20.733410427428588,22.4041338352071,219.46726378281372,125.86794829136159,1.4139363258237538,3.096987085873805,-261.4323094483627,13.627003230473141,,1.5941947790227022,63.00893471176108,0.47187494318864287,4.449572454834254,9.163631208546011,False,False,False,False,einwandig,,IO
23.744979510170495,19.817076375930384,212.74656725491815,161.68401673161543,1.0349717434384327,3.1374729317896564,-263.12998605289,12.326649009035815,0.7000133546445457,1.1669064231270398,50.49744155177468,0.23069528912110931,3.46783660811556,7.971789678369331,False,False,False,False,einwandig,,IO
38.77249585444851,48.8182951749862,217.69102994960937,95.59784284864064,2.131219729062435,4.092559851439305,-352.9082831409611,17.60630635008818,0.8063100327483899,2.4116267944389116,,0.26788985270072735,7.890696939389642,16.4703699638402,False,False,False,False,doppelwandig,0.0,IO
21.43433532348368,16.878914211098557,220.05259702731877,105.73197692022667,1.3702880738367675,1.8596220917091904,-291.47746266920984,22.786558712568937,0.5763300926780883,1.5102098572557445,50.098783384691956,0.2729075134460852,3.6885360338756716,7.561251616551909,False,False,False,False,einwandig,,IO
20.63397642573389,24.890159618798595,216.39548883256072,87.99121140610654,1.4487245542267462,2.788027897711937,-312.89244162140653,19.733027072921036,0.8643120688922433,1.7058648202846844,63.12464540645116,0.3441462591938828,4.62448740317067,9.438773985751409,False,False,False,False,einwandig,,IO
37.91759066921542,46.974774174415046,215.44921895827127,88.72186014164943,2.271644328729175,4.76321089765964,-345.4094405710673,14.710319766918706,0.7109325219566983,2.6818624143587058,110.06134336753405,0.37296107075883644,7.909000295020561,15.43544557779706,False,False,False,False,einwandig,,IO
39.92576306671336,53.61070251546798,218.05144040562703,133.99464917621214,2.0545850584505905,4.700464687263771,-377.5506720422869,20.056115390402837,0.6752316154991065,2.3673842841292463,,0.31896662443740653,7.702656896765452,,False,False,False,False,einwandig,,IO
35.01995346335328,41.943884255867296,213.83375950600632,210.76790150539298,1.8258326517344186,4.10455262893063,-355.22218355255785,17.386603467355528,0.3987778291299678,1.98946852724739,89.57622647934423,0.03756844065179823,6.282965735976747,13.340661183309598,False,False,False,False,doppelwandig,0.0,IO
28.067533759879822,26.70044350944044,216.241783987857,114.08253012782927,1.5321038900532495,2.110381856405917,-316.3829641508812,15.83718259625263,0.6439581336979789,1.7624466365489333,74.54722954203996,0.638318978602713,5.513752096980429,11.389279994086904,False,False,False,True,einwandig,,NIO
33.384090267815154,38.11347294300799,215.75613100792614,137.4582731941202,1.6032493752885897,4.121190757953683,-368.1657778281796,15.587509097410383,0.7557388624217954,1.8004608831391364,89.02693956012922,0.498131668182655,6.2577491218507,13.382567403639944,False,False,False,False,einwandig,,IO
46.478791449629476,58.72423952526682,207.5875233248311,128.27984338384493,2.0452269624300494,4.554185050571856,-385.0851849548139,15.200239448046945,0.9618017528203702,2.4492449406514334,110.08519704987104,0.11101518570654854,7.986396421018295,16.067970512533275,False,False,False,False,einwandig,,IO
41.37924970755409,57.95194840928683,216.21687002682415,95.3601715420649,2.3788556659306925,4.507394661949995,-420.06528884221325,18.60426449094908,0.7851833731167419,2.7162367428598344,124.97681710765606,0.13511784029589677,9.990175828590141,18.62984344031715,False,False,False,False,einwandig,,IO
43.662736156549286,63.58155127118026,208.65326561913872,132.53084727701005,2.005947999682127,5.414411538691522,-424.50288225343274,16.558680329105684,0.8689324347667523,2.354834729149751,125.43295733840189,0.3433964378325295,9.333231570625527,18.586457232977803,False,False,False,True,einwandig,,NIO
39.9901058080816,51.722087736011545,214.7392522967086,181.1090950374511,1.9564481784977883,4.487793030733185,-420.9939053802774,13.08630880969204,0.5186343139567091,2.14301307273773,110.71951485192338,0.5133799337506267,8.281256582857491,16.889501624441188,False,False,False,False,doppelwandig,0.0,IO
59.14731641981724,96.17155023136364,215.31123083188874,167.30662969410415,2.545183691500453,7.272491719431221,-495.3810972232772,12.892591563598593,0.6809766256520567,2.8576620522926994,160.6854348068632,0.06242909527060299,11.557036322272891,24.361509990932902,False,False,False,False,einwandig,,IO
45.01191424224528,63.056867365429625,210.61215873067414,147.10122399344647,1.8997173734908412,5.524643660126145,-438.2377858105508,17.223615925126673,0.8831119663493295,2.200131273031888,125.79207335531392,0.20681653029668695,8.856604758456589,18.47329273617818,False,False,False,False,doppelwandig,0.0,IO
21.514889231108675,25.181818088305,216.39549641496117,119.594810558245,1.5814792828647388,2.9659101473722864,-313.2494315122297,17.7146048627331,0.5668399674400115,1.7373261850065442,62.50965453436742,0.14424559440086282,4.634637678033362,9.425037873075395,False,False,False,False,einwandig,,IO
60.679639538773124,92.06705648589156,214.10796080697716,140.63587948820327,2.325610634196386,6.530869960612127,-470.33143771156597,14.747469422732863,0.8447833943459653,2.7023546526320197,159.23321796201128,0.11015877460207744,11.787343065416099,24.138099643096204,False,False,False,False,einwandig,,IO
56.79837727120113,92.12547977581495,210.83929200504423,133.72350360293538,2.7497843694431032,7.0627894920868375,-447.7569660541185,11.471977509015023,0.8099976796900499,3.1317189948378386,160.51340017467922,0.5240561376890555,12.284518327240319,24.21232219772034,False,False,False,False,einwandig,,IO
31.867393813415358,31.508219270868704,216.94222945715754,93.8441929046278,1.686984383991073,2.477941931659643,-266.4344967795091,21.003860468340527,0.741208547267473,1.8800970483566963,75.94139626251136,0.08783239776123797,5.339751192917497,12.07629904539522,False,False,False,False,doppelwandig,0.0,IO
17.538612398485878,17.223554178703928,212.33781713693824,92.68178481961463,1.3279885254081611,2.759624752223557,-243.7469309059429,20.1544184381084,0.6506946062296037,1.4957736236679686,,0.5769395525385639,3.9499751893282524,7.485926184329192,False,False,False,False,einwandig,,IO
43.85591808996858,56.27235443039157,225.3354516844257,222.44875698023935,1.940051211653516,4.9791880966336155,-398.63962697697974,8.050493996106008,0.5520557268141347,2.117778767574573,110.28454047693405,0.20533996302002944,7.9184565796281525,17.08437240210326,False,False,False,False,doppelwandig,0.0,IO
36.98066426226512,43.565734351457294,212.4316295537536,115.98607841786607,1.6699403605813445,3.12341921497907,-349.7588895651155,21.358331693254122,0.9663068941154971,1.9590585769872608,88.75884724244835,0.39810666129398,6.589394697062523,12.919958461178199,False,False,False,False,einwandig,,NIO
35.47512825960588,47.12324389252058,209.55658839877103,137.97255158299743,1.7591374078144881,4.151414495787035,-381.85994341344315,15.164096810667944,0.7947793776586045,2.079645162946467,110.21887995455057,0.3942328872197932,7.801852866942259,16.181163087724645,False,False,False,False,einwandig,,NIO
33.345286766855274,38.09709747126498,210.65389358553438,106.46409597284341,1.8137156946164181,3.2670522715511328,-358.5061938115297,16.75994832010857,0.7510924187013173,2.1280266718572567,90.3417920481485,0.11425986881841457,6.7633674098958565,12.432087791494318,False,False,False,False,einwandig,,IO
25.997780081741922,21.599657322583138,220.0857415566359,147.99286926399105,1.1486518185232388,2.318437891224665,-227.0297484969401,20.552892240210507,,1.298500899225909,50.88805232054274,0.8902797671838313,3.57374412883372,7.575653270004867,False,False,False,False,einwandig,,NIO
26.030232181861116,27.24892479800167,213.31794744561822,129.53222673453615,1.4063372025585927,3.289969263279547,-365.8931873582135,22.610155146516213,0.7056807444384966,1.597797213771542,75.87218257648519,0.3725993927834816,5.286848495845981,11.573761977429417,False,False,False,False,einwandig,,IO
56.897227238950954,84.33281492895094,209.34728404471608,159.39735206208485,2.542208801034711,6.942772351159538,-509.39313884968584,20.01146114018212,0.7247075904955049,2.9616307137767017,160.46170838398368,0.28791169623391366,11.919469495791011,,False,False,False,False,doppelwandig,0.0,IO
21.465092318899675,19.817629392350657,217.93500016683078,67.95457943001904,1.607431300226647,2.76101206907961,-239.973212698317,16.964121995802238,0.7599813527100359,1.8014937242898288,49.5888935343236,0.7479263599558705,3.6965972122757638,7.5941431837954205,False,False,False,False,einwandig,,NIO
39.761014511754674,49.87439063899524,212.45649610272136,135.23106534952467,1.8318987746179616,4.84615190803039,-413.1289911819955,10.497437254788007,0.8101510432707901,2.095562041952273,109.40688219586772,0.39690217784336174,8.42732301576152,16.80210517361592,False,False,False,False,doppelwandig,0.0,IO
25.053922479026067,26.110066666543922,218.55264387550352,100.58835612034703,1.6574556117127053,3.565703704531711,-321.0037222794458,8.0,0.5826292711217362,1.8821245837648881,75.34287791995017,0.08776744246741143,5.1475564278629,11.52361879816922,False,False,False,False,einwandig,,IO
34.92371484583929,40.00791105634191,220.50218046120892,154.67757016227026,1.9462675095712363,3.172727561852141,-333.1589145939199,19.512635756098014,0.4800104551769493,2.183972150895946,89.49803837384144,0.1745910789432246,6.400681453755891,12.902069439982677,False,False,False,False,einwandig,,IO
37.70970023752305,43.95142521326536,215.996717133706,144.72191399863686,1.7977923853959665,4.174371577789089,-310.0432723240551,21.368121382977908,0.7126421276910245,2.0454372832928622,90.95879352472546,0.9452832883527806,6.859088462374402,13.886559986546123,False,False,False,False,einwandig,,NIO
27.308018457125414,35.24346458466107,226.68029038753104,244.96929946313065,1.521753094608279,3.7114289139504955,-347.3484570541561,12.741420556647808,0.4379173994012857,1.6603632209924184,73.93751000948409,0.37399615051077767,5.405927440658865,11.254652248692699,False,False,False,False,einwandig,,IO
40.08946966932349,50.79325738736513,208.48942322225946,152.4474342380066,1.9669007971670978,5.041071972494867,-426.2018621938715,14.920880141045082,0.6514508507509543,2.314846414972641,110.32142395519008,0.08103545832830597,8.16994705540659,16.795518809458258,False,False,False,False,einwandig,,IO
35.33402427074838,43.93835321391522,212.33922749504688,144.34009933585637,2.0440280183277197,4.356874072112921,-415.650754695996,13.77093644645818,0.6236215254832356,2.267937114863124,110.18358408270169,0.9959523577743694,8.372737163424997,16.437071054576485,False,False,False,True,einwandig,,NIO
23.065474945738725,25.36280936263619,213.38610215094215,98.4516150587042,1.5096113090586136,2.199263010675889,-298.43839626270403,13.664399706043987,0.7737622288302504,1.779216158789814,49.86389412733612,0.046439205011191774,3.42223064918365,7.690518683527731,False,False,False,False,einwandig,,IO
32.163376625709766,32.460568676258234,221.6655776718489,75.92428980305473,1.7180770854282752,2.7313035234079663,-351.65946138528676,20.29984473556786,0.9973895553229463,1.8767092742654148,74.4262028829207,0.2165200256568303,5.2724166151009335,11.80461790002039,False,False,False,False,einwandig,,IO
38.76720668111144,52.99740443687209,224.5255186290931,262.90957867294856,1.785102796730127,3.979288045370072,-416.31652994236754,16.87349253101457,0.4083114064144658,1.9246513120201332,108.81641747626426,0.3224653133558005,8.0174260413507,16.39798897294879,False,False,False,False,doppelwandig,0.0,NIO
40.0948418288238,59.04441120121006,217.4257414331936,111.61566638729626,2.09537446368031,4.424676162665947,-361.1626612938502,15.083286754417323,1.0411277545477602,2.3676162083562855,109.67399228681516,0.6164190401179274,8.31689879693876,16.642052404448354,False,False,False,False,doppelwandig,1.0,NIO
33.145828203774464,36.00075348187738,212.10319442795918,151.65773221463613,1.6025095942759697,3.95914074259617,-355.80192045171896,25.0,0.6650387261321461,1.8085328876948497,89.68278795833245,0.1065935091391548,6.756535135348005,,False,False,False,False,einwandig,,IO
35.703652080816205,50.375736267511826,211.87257062231117,124.50259554441509,2.2138780491534256,5.647623376394938,-424.21562234608484,10.26231640396976,0.7521713023258869,2.5236180033897053,125.63193047512625,0.013099094364034563,9.440677672326311,18.68338491759512,False,False,False,False,doppelwandig,0.0,IO
17.21442179955667,22.693181688760973,213.38355844858663,118.57667088931018,1.8245475116164276,2.5995771534550594,-312.4866064188545,18.19164432598314,0.48777517635644246,2.0034794789626638,62.49253430215734,0.1280619055159212,4.507564550693343,8.887301917291076,False,False,False,False,einwandig,,IO
28.788087022736836,28.851180273071286,210.67004656356536,139.82009867889266,1.1080832177342503,2.7783246931678844,-272.76157312338546,11.80408685931122,0.8495307355339481,1.3139887304699376,63.30634408837723,0.5763692969448868,4.656493443310426,9.788021562077997,False,False,False,False,einwandig,,IO
40.185129919480346,51.407703606992165,220.92105138548183,121.36481576072762,2.024695183999271,4.378324978639422,-345.1058993041807,15.370252512023034,0.7062208804527585,2.261960260853893,109.19244787091746,0.24772288581522933,7.928301354889427,,False,False,False,False,einwandig,,IO
38.3477004532997,46.43745548160528,214.09869239984258,88.08477331658136,2.1487547892804106,4.165887900053944,-414.1907471009855,16.594553537850693,0.6907798883217569,2.484211883414569,110.27642031320043,0.2867710023204822,8.251457535513888,17.14439175640878,False,False,True,False,einwandig,,NIO
41.09127691427769,56.19613046729428,216.87886947930778,266.5091274720834,2.061496119097152,5.4192998119042475,-381.88129072313166,19.378382878540368,0.4093922327645569,2.3567340874831166,123.66038676362757,0.21865356668062635,9.407643029882236,19.107493883164437,False,False,False,False,einwandig,,NIO
20.6752850026559,25.48856393673042,218.0089909710768,93.53747649075916,1.670595601569897,2.93893929864929,-279.4893904208039,14.95527241935591,0.711069522077114,1.9015267452739517,64.40760591825325,0.37684640412472103,4.7495277358620775,8.277921207954124,False,False,False,False,einwandig,,NIO
27.14351504610923,34.31562132047277,207.33089411528422,100.19575936162782,1.7092715391532245,3.6767292700478427,-347.5784125177822,14.532207608812632,0.826874248572486,1.9451453349607641,89.91209260309202,0.1478788578031552,6.511412011900618,13.182083636501844,False,False,False,False,doppelwandig,0.0,IO
40.11441911581564,53.3825336730181,215.49411764765637,152.15159545926778,1.8660419202176421,4.56332217567837,-381.99690419186896,14.883659608745969,,2.1189311818118064,108.32728552979684,0.34614996387374386,7.942436492431956,16.207699756170598,False,False,False,False,einwandig,,NIO
20.788843585716364,25.261292445494924,209.20347387053533,60.84128238130058,1.8512961560881995,3.0399804991829935,-278.83683752582465,11.680189254795298,0.8761299018466225,2.0952772303682217,62.517486166941346,0.6226396599856617,4.688079179381491,9.472434195914058,False,False,False,False,einwandig,,IO
32.40775263213326,36.79152846267315,212.4628661114971,84.09142477356687,1.9543682964905476,3.8621748076521554,-301.5723895234189,18.529239208366747,0.8699342757837043,2.1832143727663413,89.4255483054874,0.343588529538565,6.748917557974412,14.344132417220335,False,False,False,False,einwandig,,IO
36.99061722014392,48.266894388307975,213.42363168345216,143.7714175755794,2.154648912386154,4.084604017551257,-378.99448170445686,17.125337483127634,0.6038356925888728,2.329334900463417,109.6060380943587,0.05477697232114071,7.889053013794504,15.959729183221402,False,False,False,False,einwandig,,IO
26.36275077895637,27.959490906322376,210.5339403853181,97.88026769960659,1.404013715274781,3.1523314194971785,-275.07232072147576,17.7406746852602,0.9392670788196089,1.5896518921647171,62.75388589435637,0.5946677309666386,4.321117006121317,10.571101044298214,False,False,False,False,einwandig,,IO
29.041660013636513,32.04543689504014,215.84797326963536,124.03774192466987,1.6193726671906645,3.2271464470722235,-325.5374954990636,15.721827989867677,0.7067942446487623,1.764837288370313,74.57665271536507,0.031917638638373026,5.627402983837268,11.058836018362879,False,False,False,False,einwandig,,IO
26.69608164313913,27.714829079450375,215.82515930862465,95.25886505357698,1.6811225762345416,2.619953522007894,-267.6230715883899,15.228488160439626,0.7074617876181746,1.8953333362872937,62.44461998123116,0.2532671789581882,4.231923738427841,9.066549343263278,False,False,False,False,einwandig,,NIO
59.105854834245,92.52051777522325,214.0019401759408,195.27221261897452,2.470726784048923,7.213691876578469,-525.9211743405747,20.702401352923406,0.7148471833904096,2.8086386345001197,159.42555906954647,0.2979686539287717,11.436605186774152,24.422602356155895,False,False,False,False,einwandig,,IO
24.09308971843368,26.618217853613174,216.39955847083527,121.02793485499977,1.4472903664157377,2.9315909906900215,-285.8749002605102,20.087145880628064,0.7103973626411688,1.6296454100467326,,0.043156233456022486,4.459298670922274,9.912152133412063,False,False,False,False,doppelwandig,0.0,IO
22.557105761045374,22.774477666167638,214.681701864576,252.58336791119825,1.2693280242677507,3.22651346686565,-216.51791110547933,,0.3054799965012237,1.4122914036234195,63.86094148301634,0.3318890045518488,4.425328229012166,9.774973455511866,False,False,False,False,doppelwandig,0.0,IO
20.123140684017653,19.57847949307495,217.94895115398538,94.52875001559859,1.497685013334202,2.081537748605928,-322.6047479911573,17.490377405983484,0.6721740402715418,1.6781102251592472,49.83681904267287,0.5344985661742679,3.463609809753442,,False,False,False,False,einwandig,,IO
14.561940880043919,20.921300379444254,215.81193967736453,187.37688159686618,1.2062567075521344,3.029993741461677,-254.1713250916137,21.410656378621677,0.4954080292506318,1.334431293966375,49.987832869763935,0.009731503199737115,3.5587705706837873,7.751014063869536,False,False,False,False,einwandig,,IO
32.25768478362153,35.16778095235329,211.1137429087896,117.50587010468162,1.4580177570433992,2.803066542523931,-281.8094269780276,14.335669441118343,0.9439503553323514,1.7170190120310567,62.245205003474,0.4877753019802338,4.520644458538105,8.93322112804967,False,False,False,False,einwandig,,IO
37.25147523898423,45.90465471833276,209.91766516312262,93.58245692223461,2.016120635608036,4.217538699700561,-397.70222606218005,15.196592855434675,0.93791244875818,2.422659902968103,110.04171440153253,0.07551140423444669,7.914558936544068,16.101377068009896,False,False,False,False,einwandig,,IO
21.965793280747928,20.82409398673244,213.01208415918657,95.83476417451884,1.36324879326718,2.2852967600571463,-265.11298152668576,20.780403014727845,0.8277907498683381,1.5613872828377868,50.156849579428545,0.3198590578624022,3.785541114237302,7.452564917947871,False,False,False,False,einwandig,,IO
25.58152119563381,32.268068240441956,222.76871795219034,102.47931738153841,1.6946890706777418,2.724452896662968,-312.7147556709629,19.373686153040957,0.6642298843991667,1.8941367724548102,74.85781634198595,0.5079423092137886,5.450847417949696,10.84001820004945,False,False,False,False,einwandig,,IO
20.13815538585015,21.28666898691003,215.95636284351409,109.59452405362477,1.6309263041795792,1.8036340464973026,-266.30008188661327,,0.5487977595094452,1.8499825573217032,50.269811909903915,0.20691471884192653,3.677961611713997,8.026374123939316,False,False,False,False,einwandig,,IO
32.87441223823215,43.595878165750946,211.21148305695698,156.47738190505035,1.785441159468294,3.8909599521436817,-342.4505067794749,11.814967055921157,0.6013628498086593,2.048875281997657,90.19350516802972,0.47713272108381416,6.179524490621474,13.210916234045202,False,False,False,False,einwandig,,IO
22.772566975982734,21.266008277988533,216.34410597942895,62.37183754405437,1.5886798486643305,3.2923545601687856,-272.19026764542247,15.184143172030108,0.9913962859639049,1.839004485784426,49.28634030554403,0.8162720062807688,3.371810640487725,7.389771890859451,False,False,False,False,einwandig,,NIO
35.73461881022544,50.361834403397566,213.94292312065693,156.43634720726462,2.0423188138774577,3.772953860465674,-341.440179531323,13.260526234891861,0.5961703920220058,2.2725992831007353,110.74868829248022,0.1654063668989443,8.056743724898954,16.05990085916299,False,False,False,False,einwandig,,IO
39.063818890558395,54.55851405446527,218.96175044267315,259.16278225722147,2.046540018472122,4.0398288336278565,-398.3003435824338,22.8980139299547,0.3466606968420904,2.2562566027195854,109.87812652831546,0.033671438017171,8.532191649333827,17.018804905710834,False,False,False,False,einwandig,,IO
44.67622508259025,58.54284665167351,211.34115918811122,119.18674536525772,2.0592003934749585,4.720633275658133,-377.7597148093821,19.040162574079005,0.854524826272809,2.3434517635347882,111.0080242170399,0.6215739666071498,7.73715241656327,16.166936512825153,False,False,False,False,einwandig,,IO
27.399487749450145,32.53699349579331,218.3224895282312,88.0582328788949,1.7489928974503792,2.775545236531431,-305.32590249608046,12.936309690452937,0.925075467042684,1.9834260430951012,63.274677016570784,0.5104929558954923,4.5274305236467605,10.021005551372376,False,False,False,False,einwandig,,IO
42.34696459725994,61.328384463563424,210.6459021488163,109.80199575217003,2.125210747991404,5.458767696910059,-401.6714242399713,11.820036157339949,0.9488823530749783,2.4909708198123357,126.1520506439253,0.04809767210325228,8.775909892819614,19.284271792641125,False,False,False,False,einwandig,,IO
41.89756011902759,51.101943153070394,219.34541430921095,78.98223579599367,2.4548658613392766,4.3793117907404655,-373.6633053162166,12.886746904861777,0.8557522006373992,2.765666045629315,110.7104810172247,0.725313131851404,7.806334438117911,16.277029524527375,False,False,False,False,einwandig,,NIO
24.398675886419557,22.686876979136816,209.36113404920312,73.31268855726265,1.4728494962361334,2.267749000293449,-249.51849408669574,13.764699046134664,0.8802279515852172,1.7645307387999976,50.157488094604304,0.05990942051943026,3.551332067474153,7.514833904130508,False,False,False,False,einwandig,,IO
35.29061009785334,39.88799763385034,213.76485356827382,143.3547918988197,1.6977814809883212,3.5296631557307476,-373.683383905463,15.333198424811222,0.7079401111080312,1.9271756828040043,89.56287331683411,0.8874767816369178,6.4358503416535005,13.263145511716024,False,False,False,False,einwandig,,NIO
45.434608088021186,58.48560754260874,223.09153789181713,300.0,1.6824486560501544,4.172164231097614,-443.810076014088,20.458185963523547,,1.8040706754438651,124.6110359964912,0.26133366883246817,8.845078706222143,19.022860997628488,False,False,False,False,doppelwandig,0.0,IO
30.34370329626166,35.621375195421756,215.63923964932533,79.70225601437387,1.9940293568878964,2.667606261740614,-272.8456753563455,12.133932434587987,,2.2240609382389467,75.36061837728896,0.5301057308679487,5.083204969718961,11.15276434433555,False,False,False,True,einwandig,,NIO
28.5676645408363,32.70143651089115,223.33997644031922,122.1175572691375,1.6977660285287157,3.5043117496874805,-334.086842692767,25.0,0.7932359158629125,1.9291140198897008,75.09056948627445,0.506828951879994,5.06148733984428,11.041259668113618,False,True,False,False,einwandig,,NIO
38.020173197294035,51.12057524473875,214.08576227092743,177.57523622612905,1.744593443903198,4.896759937671538,-375.9774457446874,12.226799052685381,0.6797094915150624,2.039298342587225,109.64489183698244,0.0005796482535605638,8.126232736024349,16.523089581620024,False,False,False,True,doppelwandig,0.0,NIO
18.09616248226303,17.41541849376371,216.24517475433024,109.02368049095213,1.209323403508712,3.0624664220369264,-283.61678325453255,10.363809075621603,0.6728745821890577,1.3788699137103035,50.55718810963207,0.1959228038342851,3.629095537269907,6.7088921182370616,False,False,False,True,einwandig,,NIO
71.37492226750322,135.24914483396245,223.77753873501726,288.4749814876528,2.669462748155068,10.176347738579214,-564.7904191099558,22.753219301293882,0.5553822941472516,2.8570771876736285,200.01814524793795,0.032416115831424945,15.47799280077688,29.96207587759746,False,False,False,True,einwandig,,NIO
18.246099758533347,19.33415078711678,210.14639362495734,84.88028905937945,1.7005104826437358,1.891372450285492,-305.75993393743465,21.285022399347824,0.549739188509196,1.940630845589111,63.5478974206912,0.3866971015837471,4.368753348015205,9.774805985069689,False,False,False,False,einwandig,,IO
21.52519236092513,20.173402623871073,206.24322164955456,77.18389467328366,1.2846819071457194,2.245997388325143,-284.0796971885,15.27060480897486,,1.5509429499942518,49.34788411413509,0.026458286420035063,3.6784967524590444,7.569027190130584,False,False,False,False,doppelwandig,0.0,IO
23.047685976666738,20.247609174083205,209.56875164730621,53.20420387700649,1.5352080263592855,3.0298622706194527,-277.80856191742254,17.525329260498108,0.9811519554820213,1.8544416990143833,50.67263832014529,0.0017791465175881309,3.637220778887665,7.975828282862433,False,False,False,False,einwandig,,IO
30.281732068192834,33.02298077235048,218.25666731538863,102.7342591754686,1.7429939681530076,3.7742216954734213,-328.8450649165256,17.626276476408055,0.6996029303130844,1.981733353854183,75.3189033386277,0.6451586153976079,5.395542362374489,11.061350956069612,False,False,False,False,einwandig,,IO
64.90441464133592,99.31940009978119,208.22276694056072,205.2639241157204,2.443934846245294,7.6650590972028985,-491.8831661268945,16.546849714974236,0.742228540763939,2.8878437753571573,160.62283616602178,0.1851317280465888,11.894657303965074,23.770354643836875,False,False,False,False,einwandig,,IO
44.2242709071107,64.16262986266175,218.5652258946925,178.413235062967,2.1030410548299523,5.03049901409208,-423.26540734655543,10.814081846118107,0.5528712914444471,2.3057476830054138,125.55625192273949,0.8067339160710857,8.9979769464604,18.191340498011918,False,False,False,False,einwandig,,NIO
55.18202170165079,97.59360829054246,216.33573695802824,202.94819823048013,2.2373508220584157,6.5973696533701744,-529.3789019978208,8.0,,2.5015772604115143,159.95809242080293,0.6391828782424239,12.13151513256551,23.79712754822564,False,False,False,True,einwandig,,NIO
36.421920911019974,41.880848692414304,220.9459819268708,77.87389501688916,2.0327691523971487,3.6037473640166073,-348.6986753449705,12.621095270706332,0.96394737574213,2.3394956311842163,89.89707781690947,0.4544621948567774,6.853032053623785,14.482946312482184,False,False,False,False,einwandig,,IO
33.78769085477984,43.80021395875046,221.01701663798312,166.59359536595844,1.9680390135080252,3.6259228072921053,-376.5875351822774,23.26461764548379,0.470615383008296,2.137273056646043,91.07416468879109,0.12844400514330342,6.792512083254395,13.637771682593225,False,False,False,False,einwandig,,IO
32.45851774296917,39.303509411772424,215.89954099034824,177.57828999645452,1.4701271263465214,3.751225928036581,-298.9110658749755,23.421654010906625,,1.6537219261017353,,0.5891657721627188,5.309624922728878,10.95723189210089,False,False,False,False,einwandig,,IO
15.103770458773088,19.57265267079098,219.78970504943777,64.50457020370688,1.545543691856656,2.5911165200488844,-239.32742752818982,14.952652142030765,0.780853336396756,1.7711303789119568,50.524263143402784,0.04605400923691239,3.5840580847227996,6.9969290309664665,False,False,False,False,doppelwandig,0.0,IO
54.0936778291333,88.61158226347399,216.52248794659235,116.729649791652,2.8234466528197983,7.126672471552309,-502.59868346373406,12.168143109905314,0.7791409772333886,3.210822298869784,159.8045660497809,0.4512946732900581,11.56132153562703,23.200734637117037,False,False,False,False,einwandig,,IO
30.933564460091397,41.975243601909284,211.18833858007304,99.70355281483528,1.7654465375302897,3.6493980592573836,-341.208664925181,17.11248487891752,0.9464226501772703,2.049612659969948,88.83128091589472,0.09231995592977543,6.649845021918374,13.084803215296342,False,False,False,False,einwandig,,IO
32.04626514410215,39.28528618375101,207.97835503719918,84.74120046907464,1.7508305405896583,3.7799435319050745,-304.19689723338973,17.755924781868103,1.0054027318256729,2.0692621306382333,89.19714217577324,0.470041800137073,6.255581498630083,13.87959675426932,False,False,False,False,einwandig,,IO
32.67013676453886,40.18141533122784,213.00271799867488,135.97863608754608,1.782649173527765,3.8705760344246274,-351.940074809803,18.40287807717623,0.6649774483191007,2.0969847425516455,90.25168832353316,0.5184645771613933,6.6578027452282456,13.286484113379018,False,False,False,False,einwandig,,IO
44.68138033104316,60.88033243157056,214.03189609522389,134.00551978295513,2.114236005467038,4.835185026392802,-448.60644875127224,8.0,0.8009760508234536,2.4189938599299117,125.38632033689389,0.6608069522549083,10.137735475895047,18.270914125928716,False,False,False,False,doppelwandig,0.0,NIO
26.522442893385012,24.52196513190113,215.59899317452715,120.97263251559869,1.3401040775348685,2.3707518421497724,-274.12011910155525,25.0,0.7126350558589089,1.5045360229592764,63.27647623626801,0.14253417983088512,4.385863848861817,9.025908107982879,False,False,False,False,einwandig,,NIO
44.66516033076748,57.78305867510011,207.2177559591806,174.88477188161477,2.0306908004192814,4.9682234085618795,-420.3163441441336,20.52989867217453,0.6051827060590456,2.2943376217135607,110.65456934764326,0.05934322043478143,8.855645179739206,16.824740399969965,False,False,False,False,einwandig,,IO
33.360569998762294,46.90055554472035,213.7967816720468,125.80688066360015,1.8632277024526858,3.7635834822257266,-397.26422408182356,15.208545185041334,0.7406221235321522,2.1556967479204854,110.22993123385886,0.03277650532022361,8.170083162757575,16.459368462309186,False,False,False,False,einwandig,,IO
47.718637639746156,64.62056903696617,214.30852764399748,172.02734031245345,1.9104905096730356,5.780098983681909,-439.97475115208795,13.126089479356587,0.8007249292750371,2.2094065602997226,124.56806953948302,0.08407411592972824,9.003629633918745,18.436397792894944,False,False,False,False,einwandig,,IO
23.758316564941946,24.5969131429218,216.929835357019,123.10860940467245,1.2793670979647012,1.73572852109852,-277.54549583022174,19.94922277631842,0.7325393028125478,1.4521273586064933,50.40007340554848,0.3395506184397839,3.456727113560632,7.345805815222715,False,False,False,False,einwandig,,IO
20.122085388543915,20.590946809719025,222.56462098140875,87.70283987132753,1.6532535578949628,2.5599835468675916,-294.8521898911128,17.981578460138167,0.5678228185770824,1.8094627374211767,63.112080309736704,0.1231641101971887,4.8520216529890785,10.552941562773713,False,False,False,False,doppelwandig,0.0,IO
31.085106480722462,35.97687868002562,216.2988869096079,156.58379227570495,1.6822649470626612,4.008741588233379,-325.5027168446479,16.368589952138045,0.6304659040216484,1.8926763679941958,89.63226066305309,0.12928123685290482,6.574404033313327,14.109811537102821,False,False,False,False,doppelwandig,0.0,IO
44.17941822189634,59.22423775620053,211.90883739921873,177.55731162715807,1.9864102310708944,5.125136755631309,-397.35828029189537,17.833338534563246,0.6316138869738014,2.249079207345743,125.27765292196712,0.5001551111806862,8.967350458061453,19.484312664834924,False,False,False,False,einwandig,,IO
71.59997375190373,137.25833645326637,208.73861521151096,300.0,2.6859083995629183,9.473409278495264,-566.8448534227332,15.549121583101542,0.5736334067603943,3.157454022174867,200.0370293088707,0.2652096265997153,15.102949832720205,,False,False,False,False,doppelwandig,0.0,IO
38.51529040195807,49.8318595762778,217.3717963345227,130.8244658465531,2.0789612961287673,4.590571261650398,-383.5911477717896,17.607449062869208,0.7470309372408502,2.3340321549038694,109.6385515597392,0.4369878619242051,8.128496683970537,16.42444886108153,False,False,False,False,einwandig,,IO
27.8743582500156,26.56464077355678,211.02191604653865,119.84647784399843,1.4333444836936704,2.8206017367201923,-295.0429140346914,18.905451403814013,0.7627168144439616,1.6787890170879038,62.88248699456587,0.3918643135518728,4.493327781065256,9.127605450424557,False,False,False,False,doppelwandig,0.0,IO
18.999279171031954,21.07641057206109,217.29192678758076,91.75204301768287,1.3291011770149028,2.707380684623209,-347.545624884999,17.373267496328108,0.8469276401330794,1.5148534287768218,63.88090916565894,0.177770559965584,4.603649225792453,9.721920097916922,False,False,False,False,einwandig,,IO
41.750786476126,60.60364686686126,221.61882742644303,209.40160759677033,1.944521168572543,4.170431083686837,-382.8084751680681,17.163687593287676,0.5713566477759053,2.086600164384599,110.82576255454084,0.224147625899204,8.48152925846223,17.0299034392261,False,False,False,False,einwandig,,IO
25.20652677653521,27.19178247495799,209.51667535955784,119.77756546692063,1.5721299606540258,2.77995760018776,-345.5832931189722,21.571440532844726,0.613378197065681,1.8563184394328756,63.11751169905708,0.06824088993431025,4.378680792086613,9.61321310646002,False,False,False,False,einwandig,,IO
31.47435778621538,41.29600358918777,215.35008689271837,107.82408275883118,1.6679853619780989,3.387231355219058,-396.08418191182534,9.611571522326175,0.9331854177896857,1.9278633064182558,90.03370236945734,0.2020784841849788,6.716055745746678,13.063764978670271,False,False,False,False,einwandig,,IO
39.59466621896046,59.71249804573911,220.36788467824488,136.91386321048296,2.0138941211814263,6.0988130675396635,-429.0416913946737,12.808470885766278,0.675325620389062,2.2931605139570608,124.19037169268582,0.01595010858208985,9.183220057298232,18.419493331001384,False,False,False,False,doppelwandig,0.0,IO
25.939119658128263,29.264490691728597,219.04000006601916,102.33474928205972,1.741369847150063,3.028993139273291,-308.38556888423756,16.106242743924092,0.704519654387745,1.9474270288266093,76.11957003550121,0.18762718022760705,5.278096140560594,11.560285433066428,False,False,False,False,doppelwandig,0.0,IO
36.89489368234642,39.52573861981413,206.82460671803295,162.2516844988472,1.5733625349624962,2.9754972184723556,-326.2771225957315,13.080529668283036,0.6737344417906526,1.8032589515330644,75.66157318110933,0.3305310282446051,5.583919079253844,11.610036586604714,False,False,False,False,einwandig,,IO
15.205919975488744,14.833113571973485,210.2257548383592,60.19733197601356,1.377341248635442,2.2833455418048842,-221.6117212851508,14.415869847024236,0.8699546228082464,1.6020730741925109,50.536242595966016,0.8526943518956016,3.3288675420822496,7.570476186218702,False,False,False,False,einwandig,,NIO
29.71108096200125,32.98958827372311,208.47310756014028,100.03477388028121,1.5858193207519826,3.835780337135277,-303.44745856203735,21.150967131560176,0.8757713021072543,1.8659331715690581,73.51077841440255,0.7578389235010472,4.935617299398788,11.314895459694785,False,False,False,False,einwandig,,NIO
31.849478194178747,46.45398443556843,215.7580412998816,88.66283412644393,2.26431865363705,3.7643732488417734,-398.2351976698814,15.4041161041691,0.8669812150883272,2.533216839469426,110.0240205670907,0.2035104841347718,8.101663088646127,16.525061267884276,False,False,False,False,einwandig,,IO
28.565479931408188,30.25499538241198,216.6214253603129,98.3139132417134,1.6306479207838147,3.268772968759767,-280.34225137045513,8.683155889144103,0.7039851417036321,1.83296602662637,74.91467323153907,0.14769948425650936,5.30699625572775,11.384548278873615,False,False,False,False,einwandig,,IO
23.53166467694963,24.354622129303916,205.25535566122429,108.81803505714409,1.538492633534604,2.6980840112494384,-249.47216631089776,14.306633082662884,0.5691346033766497,1.76919000789747,63.47335099153097,0.2674261966420339,4.2408794353432,9.807980487585905,False,False,False,False,einwandig,,NIO
20.580403537666214,22.96308926632301,211.48641782137753,50.0,1.7627360085014476,2.2244399581431953,-275.7860326631333,16.23245269653549,0.9887819616638881,2.0360820232541763,62.69580743296482,0.28665136288869303,4.215213377853007,9.765082853618264,False,False,False,True,einwandig,,NIO
22.444565105080162,22.64176691882531,217.1753085490178,95.2658591540451,1.321590101661282,2.1723694688547535,-279.3814414939374,16.15875812982531,0.8284463465433275,1.5790361523807013,49.84432076443454,0.4713293243143762,3.785431526600774,7.5117927169417085,False,False,False,False,einwandig,,IO
34.57190037880192,41.02788341077574,216.13989474256735,126.95192085454136,1.8764045917229069,4.546781597562333,-405.7567607755433,18.224149765385658,0.6315011527911415,2.1185684132735116,110.36025199845145,0.037681088581463094,8.178805811609523,16.47547529133633,False,False,False,False,einwandig,,IO
36.43009356392043,50.038046072325216,213.87648506166613,86.62220235655843,2.1444663428458663,4.074242712137565,-428.16846782483344,17.897554299021895,0.9135728270416617,2.5235556355629747,109.56246875452186,0.4025495968683506,8.104018438789208,,False,False,False,False,einwandig,,IO
33.75728605025085,38.938840098600096,214.18275595143606,138.63570239876452,1.8378329671241362,3.7238255712880175,-349.0604219950128,15.444695605896056,0.6196586627111357,2.114577003200914,89.64288821968188,0.4086487275259447,6.978437551413259,13.109834677900118,False,False,False,False,einwandig,,IO
32.81475341009252,33.862893814375944,209.07139215187487,89.50839692363017,1.6637747484098238,4.3116612914745405,-374.2510360361133,11.227840967018267,0.9116055104782984,1.9041712404573004,90.11678986091746,0.045201078330186543,6.763895668386452,13.103485925334125,False,False,False,False,doppelwandig,0.0,IO
28.675694768378747,32.95987488579753,213.15783519717667,91.02956759596137,1.513420131222114,2.862040270886934,-296.826869229913,14.23544299344975,0.9217426884076736,1.7643776412820895,63.88261002660873,0.631656759923903,4.764087666473985,9.721978137401555,False,False,False,False,einwandig,,IO
29.550521941888388,36.92216650081074,216.31415313095775,165.06627807359342,1.8740432629576647,3.038595008590202,-341.48499242362095,13.508893773512806,0.5617775842478416,2.038683015716888,90.5073234266586,0.677902083293672,6.237706796980418,13.143565556802718,False,False,False,False,doppelwandig,0.0,NIO
20.693606556157743,21.550063030140652,216.76290811770667,76.35682663522678,1.5412797163026128,2.1612814952612442,-309.5927160500985,14.859584789254976,0.787263745453144,1.792581312695569,50.69932549824679,0.4092623888983175,3.4335637886565507,7.906966933956512,False,False,False,False,einwandig,,IO
58.79868911154385,89.4311233443412,216.84737085242824,116.24605933147984,2.766852850020437,7.0058377045018965,-533.5935317130309,18.76467414103155,0.8173286055941993,3.204524867825043,160.03104361809818,0.5374104678794742,12.306242005840293,23.974328644482185,False,False,False,False,einwandig,,NIO
18.56387033192813,22.173735518277656,212.2055546371494,50.0,1.6453362009649228,2.3591059524021363,-272.6712013708831,17.61641099825501,1.0922363799379498,1.9055591601123243,51.0116646200908,0.698894591086919,3.5977437930608227,7.909797629217581,False,False,False,False,einwandig,,NIO
37.57022876845696,44.532576374024195,220.27039479949997,135.0233077813271,2.060567509734232,3.6808055380463673,-349.3131842180793,19.296022854966743,0.5886548323549214,2.299078846325949,88.91712529936822,0.13131442255335915,6.774581626781855,13.818479401777404,False,False,False,False,doppelwandig,0.0,IO
27.184046643103816,32.392063215693895,211.78124939506432,140.40423199980245,1.2100247496429049,2.624977176831227,-272.3472699934527,14.463667185588825,0.9148814915490743,1.4001519683719454,51.36884322574596,0.35306675938095633,3.35203156638544,7.921464962386039,False,False,False,False,einwandig,,NIO
46.912419842913586,64.85755681480263,209.20308649884078,162.17803989622325,2.2453496028829347,5.817211182047544,-431.76294828465944,22.033443073138933,0.7026019027050331,2.608461649380565,126.2114972504271,0.9045941332084189,9.42199982825862,18.511817121749065,False,False,False,False,einwandig,,NIO
26.72723060288567,31.258975067887086,218.39785169796951,179.0987313415216,1.483549613780004,2.7923121339648427,-306.25467990313894,18.69135405038688,0.5137953724629145,1.6532284828710164,63.29802218033503,0.15908337020768185,4.656332471668538,9.65444972523952,False,False,False,False,einwandig,,IO
58.758694988971186,98.66570992590835,215.64950282135817,213.16330346143894,2.5917801759051557,6.659122221249637,-538.2349960452157,16.44893872736783,0.6820019245248569,2.950956188444636,160.40529110021617,0.5158972826750461,12.441506062808166,24.36894399477418,False,False,False,False,einwandig,,IO
26.457960458145756,23.49548430706583,216.9847683493998,155.04331317594705,1.0773639048305046,2.9615224520994268,-273.36876943479245,18.413386337511877,0.700369714164956,1.212389929658513,49.974305815696695,0.33585826569891214,3.4997984766277765,6.724336650300284,False,False,False,False,doppelwandig,0.0,IO
44.27682118995286,68.15600349444748,211.21286283860664,183.0167732753053,2.439235846793547,5.63020983071241,-430.3292131232576,13.296958341475873,0.5411664710327067,2.7524515085962356,124.88179284701958,0.07104363308400456,9.363432865314374,19.60084672377443,False,False,False,False,doppelwandig,0.0,IO
42.554445701286916,54.469604529561614,221.78857601182236,164.78208992727087,1.8729365714170811,4.512977237602388,-399.7597525901562,8.0,0.7468260428277294,2.0308542588776475,109.64209966583986,0.19494893070594974,7.840487775462584,17.63297652305704,False,False,True,False,einwandig,,NIO
33.245547481396514,32.45094943724629,216.69263854805627,103.57093593546101,1.6803576731071894,3.026442241916415,-312.20510203008865,13.573214523720887,0.8436713883247873,1.920723420644408,74.96821938692567,0.14589372308936888,5.320104836449059,11.723644147248907,False,False,False,False,einwandig,,IO
27.85662295067823,28.30836413780587,213.5621716511291,169.82915731406987,1.2155441294860019,3.0428185610196246,-278.1276357381201,18.989827828968675,0.7357300981093018,1.4004038265788996,63.3740131264579,0.5191404094979684,4.3186858720953225,9.852940381064995,False,False,False,False,doppelwandig,0.0,IO
20.145547540360866,24.589332146528704,211.90840032339727,107.38866656318149,1.5544528079849251,3.040568074528188,-297.95684432758327,16.320864158755853,0.6187233865930185,1.7930088560998125,75.27653644818174,0.608236549293246,5.217956111425917,11.544379298729758,False,False,False,False,doppelwandig,0.0,IO
42.26639000733359,63.0434770417846,219.48678012381734,174.36075388299017,2.0124079335865668,4.302716428489006,-440.8387708877848,15.452662109288507,0.677729189738955,2.195464348717626,126.10563149364074,0.4500577673208065,9.158080096245802,18.58828332915664,False,True,False,False,doppelwandig,0.0,NIO
40.07358191518154,55.70000991821482,210.59837289989673,109.19633710126196,2.1398811609702046,5.350389713188987,-464.3949200979946,12.608639716889089,0.6993184964809823,2.439489316624175,125.05411996870949,0.48141328009706646,9.133565233061484,18.69491489436574,False,False,False,False,einwandig,,IO
20.61065415242965,20.405923393555568,223.78467334619103,86.1217691279761,1.4267962785887156,3.1507005907898313,-256.8100908567848,8.176696696333856,0.7325982441221572,1.6283193505844495,61.9756966809059,0.30260683551391687,4.338625631935314,9.932202447680265,False,False,False,False,einwandig,,IO
29.608556460688188,32.6465147561009,211.21538332571464,90.40587486861033,1.8054090143361186,3.701434892151732,-305.3638521097228,21.69938248325916,0.8664746143360046,2.172115008427528,76.0742470946649,0.10167378748687372,5.1301117690347064,10.76339140256679,False,False,False,False,einwandig,,IO
18.666733474904195,22.45068561919978,221.55569315435912,77.22967415606595,1.7178333229338327,2.501496622818974,-312.4665587793485,15.168421032753571,,1.9406672074685551,62.208530830198455,0.663957725734084,4.809981566696699,8.919641543435437,False,False,False,False,doppelwandig,0.0,NIO
22.956647205781763,26.878544994786488,215.9453408140648,199.88078439590328,1.2870863662531953,2.8842661263445093,-281.6573735876895,14.281848072411236,0.4895955057055434,1.4351854029181772,62.62507117840716,0.5489420530216176,4.404504846459196,9.25133540562875,False,False,False,False,einwandig,,IO
37.98862808329328,51.85373807739946,221.99777212166765,211.43979888510324,1.8036813538438718,4.519119823141193,-365.3001316682969,13.313414931632511,0.6156518392016963,1.9936598476781306,110.16589916223761,0.34110344927557773,8.067391159701033,16.828126587447755,False,False,False,False,einwandig,,IO
28.56643907758891,32.60719840326854,211.861300711618,136.7774152636582,1.4280118678600306,3.159153023881526,-271.77058686901523,21.018089910506518,0.7249031576344954,1.6281795771144925,75.28255548816237,0.02773087796626209,5.0042329452790355,10.8170319208629,False,False,False,False,einwandig,,NIO
27.455615596052798,23.290514371831595,213.72639613224186,79.83112527271136,1.4216407521057435,2.839742415314486,-282.33474309605674,19.525403249517538,0.868618672743117,1.6432938022082324,62.03190193381513,0.24374360649365673,4.686198071439645,9.33729196654132,False,False,False,False,doppelwandig,0.0,IO
44.2540712169601,65.46972952992479,216.6615815908384,110.96962399960626,2.2602048684102773,5.1398544061507865,-398.50823406625346,12.131042143156185,0.8946769662304827,2.521952863187264,124.56198514594351,0.8404396303466846,9.189808696716597,18.696662197973996,False,False,False,False,doppelwandig,0.0,NIO
37.10630558261684,50.94305905413569,215.51868613687833,93.77929053534154,1.9578752124420802,4.504699760633127,-422.2400518078681,20.65817186017414,,2.2252941790559904,109.15620790029386,0.08913372809264179,7.970469789791175,15.994065380682772,False,False,False,False,doppelwandig,0.0,IO
42.91368549746414,63.63930272068465,219.24631005753636,200.29608426451668,1.8328747598529813,5.421272413598142,-425.89756878991693,15.419718324314932,0.7195921596368957,2.0526683922014515,125.35264561078537,0.25075374150518054,9.067809611922065,17.53011604160714,False,False,False,False,einwandig,,IO
19.528749089611996,17.714241544212015,212.13414053019076,70.89321390811584,1.413334148290199,2.9881150098337264,-268.37531623140796,13.557831248051091,0.814496376325374,1.6008629222166517,50.804381077541784,0.02582854245127498,3.6486508825588473,6.9867437302905975,False,False,False,False,einwandig,,IO
57.201704852764564,91.08668977281606,217.08458733268282,244.1094794359275,2.6639835283155486,6.817467031722546,-493.4357537073948,14.825550452809798,0.48183076983955453,3.05352602640282,159.36589725877886,0.3908804915005014,10.825149422673713,24.130443258658346,False,False,False,False,einwandig,,NIO
33.41477275665976,43.68917793308048,219.4776964161985,109.3081471143821,1.9419073037694912,3.551079458084727,-307.72015161409445,12.866810997940412,0.7644822359742224,2.1845376610867984,90.64880036500745,0.47769775143065873,6.262456758472014,13.743071734138736,False,False,False,False,einwandig,,IO
34.463717682931964,43.1807105272348,213.46929491487722,234.7766222676415,1.4902456267230775,3.450956752044937,-341.75276514301856,10.71649158900484,0.5387103847808707,1.682875936484935,90.58389561319056,0.36079536569334375,6.4672678715845135,13.747181491930702,False,False,False,False,einwandig,,IO
17.330416204224743,19.310829268302424,217.3652112793793,94.77524959000893,1.193682377958689,2.2737310571199765,-283.44226848167193,19.104523862034355,0.6906191206367874,1.3313503622014566,49.55910154006464,0.3307357235660761,3.5415629003793954,7.804786197421569,False,False,False,False,einwandig,,IO
57.47465931516547,89.61776723770063,210.48755297424242,129.69520174019124,2.21681274996457,6.47358743387759,-533.585964497097,,1.1544757583308214,2.71000233193918,159.02794994520465,0.2920189630461735,13.031304153815979,23.686802549731276,False,False,False,False,doppelwandig,0.0,IO
37.46258004210448,35.34525307974472,215.45923134290192,103.12327431025717,1.8324764686968904,3.629688982341185,-306.85549843115155,18.468838134581084,0.7455331354285644,2.093792363543328,,0.02113881561012066,6.36622829367698,13.079695437506407,False,False,False,False,doppelwandig,0.0,IO
45.05723465805891,59.24934832695647,216.3747767286742,183.4078013389124,1.9699089260199558,5.316728147818115,-412.1551646903692,17.148853324518186,0.5704280171229507,2.197063689618206,124.65651730909775,0.22716420750167632,9.465972021955002,18.93752900242543,False,False,False,False,doppelwandig,0.0,IO
36.53462163871997,45.70372983717389,211.35752058971067,100.21204793957725,2.1628150098241594,4.357960099240451,-380.7979663256236,18.19416444541296,0.7611683508936857,2.4769645153061117,110.92412379278484,0.3004162005460177,8.48778223374524,16.39412496488153,False,False,False,False,einwandig,,IO
43.00263444593075,61.3222965103661,214.57771745541743,151.7164935033359,2.2631370465994856,5.121416841441166,-433.5932847139543,8.0,0.6224387220115968,2.513470784385524,124.93354718612258,0.26521887289811286,9.416026978695003,19.20353931127305,False,False,False,False,einwandig,,IO
37.66314719755523,53.83255359273138,216.73262194409588,234.62151687848407,1.8525642552752397,4.5873747711636526,-385.3034553833039,12.532959002571932,0.5558883830263672,2.0496912023066165,109.39971726244106,0.18077944076365102,7.8401133587616725,,False,False,False,False,einwandig,,IO
58.19481805841845,88.6597885447957,212.06533656508287,99.18686420519467,2.6493451978685516,7.684447878065454,-526.6739976531702,18.27745902160739,1.0154709300085751,3.100427032284677,,0.17254829796578228,11.557062589115423,24.641910281416443,False,False,False,False,einwandig,,IO
26.598530149051665,26.54457486935529,220.01076936765685,89.23882665735373,1.5343977710823733,2.625894188190786,-278.92004110740874,,,1.7102912669077077,62.12926733367872,0.285006462231842,4.5899411911423895,9.217231847837201,False,False,False,False,einwandig,,IO
23.361009851973513,26.025006369474575,218.62517827727055,81.84951577728262,1.6223846409963432,2.325155154266444,-317.9717534143507,17.492260335248925,0.7518304937493617,1.8326572134515866,63.331392324026005,0.32317337510734195,4.768137307504354,9.983767125053923,False,False,False,False,einwandig,,IO
44.897160272381534,55.52047492639288,216.63010994227105,166.0602311032774,1.9230246743332873,4.383823941202555,-400.982211125694,10.4371816799257,0.6412265064628688,2.160627561037999,109.42805410279526,0.31128601080560114,8.191700712485282,,False,False,True,False,einwandig,,NIO
31.73064518731749,36.85363265278231,212.32036264868864,156.31383314175997,1.5738820977147516,4.3734245053479786,-364.0723287164851,16.065775933978777,0.65338157755417,1.77596158377449,89.49101420983602,0.3819232563367347,6.7938506798413565,13.526871280803814,False,False,False,False,doppelwandig,0.0,IO
40.471038154240944,48.9991355693966,209.8529293921952,111.05447816150343,1.838660440727579,3.9556397766286446,-473.43419106666437,22.439961575744228,0.9313722800266225,2.157265563021997,110.20023537491828,0.034733596261001705,8.868464209471425,16.749653338470385,False,False,False,False,einwandig,,IO
38.70053616894347,47.915915486830556,222.52735109592416,95.94215680403718,2.3412102887608794,4.680054278232113,-400.6692156633352,19.0984004613265,0.7459866306496852,2.5849374008902424,111.02430024007343,0.5106020856883217,8.268043046329984,16.034735855650755,False,False,False,False,einwandig,,IO
29.93782498994304,34.749961919686044,214.1604582557112,236.05753120445982,1.937473198035037,4.083165291714046,-370.4716606115732,8.597036210237063,0.3,2.1246529882466265,91.33363058312553,0.31152497112606903,6.299562434503513,13.947028262941169,False,False,False,False,einwandig,,NIO
43.522088638182126,63.99173996578788,212.55031225381148,87.4797966224275,2.321861602121766,4.178786312242296,-430.2597470972696,19.393485617264737,1.0631407773488255,2.6836858708487226,124.41341168034346,0.13761829713535717,9.223017687716913,19.31452908476215,False,False,False,False,einwandig,,IO
27.824060564186105,31.334556814678084,216.22412002902797,140.34251647830197,1.4573276231159353,3.289089009443394,-314.95692998795363,23.288952906918333,0.7274593535458427,1.6178122163973576,74.61431827034355,0.5441946429019552,5.623011930532605,11.002773407966695,False,False,False,False,einwandig,,IO
47.132738858479186,62.094239439293204,213.342662587185,124.13645251797249,2.294753889123928,5.366364254829238,-380.8017014254604,25.0,0.7515053508602225,2.528990382753693,125.30902415461685,0.9017719248673933,9.027083994341583,19.04307978553742,False,False,False,False,einwandig,,NIO
27.35745857016242,32.005564624781584,209.68715116556882,122.33304017343889,1.3738218847406531,2.686865919448058,-280.9822750710623,17.900302949874757,0.8630042220152194,1.5855660509103395,63.78393851055001,0.36356658765756344,4.707123543012466,9.590236369422302,False,False,False,False,einwandig,,IO
43.50898979001526,56.62832290371149,211.30193005120015,159.71204902593786,1.8601359457030504,4.161424575564113,-383.64718417541155,10.542320304458581,0.7698104240967379,2.1667383473461386,108.70718750895232,0.3082263839875059,7.99720620623327,16.695392645137925,False,False,False,False,einwandig,,NIO
52.290704308081246,85.2150627686608,211.9176896495237,142.2752572514534,2.5283552701933516,6.883735058990409,-489.6096541195189,17.738711912097717,0.8120362926575214,2.8967374237024113,160.04556426383505,0.38935380545586007,12.077033032371409,24.406009870382636,False,False,False,False,doppelwandig,0.0,IO
32.15294465569638,34.466338692382266,212.6704966844468,120.1768128813319,1.8600034407121413,2.9935726016497513,-293.20478719397187,22.38413439336586,0.6364414798952612,2.1059304327727797,74.67751301526322,0.25396949239558364,5.285272767701785,11.509449754499741,False,False,False,False,einwandig,,IO
29.910600126994822,32.777587702844755,221.7866359614834,143.04117009937633,1.8123583958205587,3.004161587324889,-303.64301365363707,15.251647280998785,0.515530701405042,1.972557625277704,73.74064980885005,0.316454039492917,5.390543273098184,11.180506086913578,False,False,False,False,einwandig,,NIO
24.312780736611817,30.028636003416253,214.62721668834163,110.82233590067167,1.6022883896060793,2.928689182897293,-307.95717438939704,20.172435691530232,0.7420349172209795,1.7818941465423306,74.12888979972878,0.3076592755220675,5.405614046927742,11.666648177715068,False,False,False,False,doppelwandig,0.0,IO
33.34568123328073,40.61073474811177,211.18685801268003,104.4755907338543,1.699554196311155,3.482209898927022,-330.21882703592144,,0.9147421978411885,2.0413550245036074,89.63914641094402,0.3480216328281075,6.127749705606553,14.055928044762307,False,False,False,False,einwandig,,IO
31.209243243802693,32.394467059116856,216.20519524552856,137.02015401209786,1.544790243413355,4.096316729538652,-408.6658605207776,17.489413012507402,0.6028296162425323,1.6953701837363164,90.03408473830423,0.7145163342313994,6.500843176463117,13.222902782990001,False,False,False,False,einwandig,,NIO
25.967763796731173,32.757569371105596,218.5454524149634,196.57411474405436,1.213961347669975,2.308028488433946,-236.37371041802936,8.0,0.5907964007770334,1.3140203293338657,63.70828319711328,0.5676914556606943,4.244822544519232,9.449100436476712,False,False,False,True,einwandig,,NIO
55.69159777448959,93.85977638828764,212.15629806331376,118.23911620322464,2.590208046417365,6.420376630691365,-462.256753882165,12.198658472653127,0.8831528890569906,2.974405080756475,160.19178920784145,0.386792344125523,11.71728881969681,,False,False,False,False,einwandig,,IO
22.438957227191793,23.446209020669365,219.15661942687296,93.40212303983833,1.8066868442553154,3.276514042893726,-283.1716062035178,15.975517410872577,0.6314132192288362,1.99682177000923,63.634058463557565,0.12612217754233593,4.3615965727264205,9.741799023765607,False,False,False,False,einwandig,,IO
37.074803212308815,36.9583591127219,210.40808479917504,89.24880466613683,2.0137995368726984,3.543192896263767,-383.32516126021915,14.546573077694257,0.6384160129248396,2.3262664854185986,90.01597112813245,0.15910622488149256,6.775683622868365,14.111558788132136,False,False,False,False,einwandig,,IO
34.41741402210511,44.487414097810245,220.13298765600115,132.7119183695792,2.1043060194533645,4.264707083006986,-361.7412391876764,10.797530022897014,0.6440283590580637,2.3425624084796937,109.56783854653013,0.02055629764536934,8.243746777287337,,False,False,False,False,einwandig,,IO
22.131773978283043,21.244171000654983,215.0421678180997,85.26891887630025,1.4826794419484388,2.4555131505069325,-277.3469124766178,14.001375207660177,0.6902528528514281,1.6639069578015848,49.87627681332259,0.17805704292544694,3.6192469377856895,7.566718078917347,False,False,False,False,einwandig,,IO
20.99920068897712,20.56907209103767,216.69631630807552,219.02262063010195,1.120745688300239,2.5837106803116505,-246.6539745856266,17.318620193871986,0.46395428561469415,1.2364877135826684,50.48355646126136,0.5245689715147676,3.3735854990418996,7.38990213252803,False,False,False,False,einwandig,,NIO
69.44194326664282,129.69955845150497,212.87515083719055,165.0168411025359,3.1530669959002062,9.790379509152654,-622.0726400446366,15.655089651559125,0.619098983118756,3.548828242854913,200.44099797992524,0.19715763977680792,15.342858644233395,29.808051888062067,False,False,False,False,doppelwandig,0.0,IO
41.71246459398249,54.40680893483912,209.8121578549787,170.92547640377958,1.7303628975748055,4.622372451058921,-336.3398275256719,16.243750279483475,,1.9841136939134805,109.90666359345697,0.540705401827816,7.570010618738457,,False,False,False,False,doppelwandig,0.0,IO
24.533990304233033,27.6071887587779,208.06542673332862,117.10407050359063,1.5452012442549508,2.1150949704764415,-296.0554190527155,18.927875212342954,0.7334856904262244,1.7740586301209924,49.38682070588984,0.09312831650462006,3.550372295731053,7.107878730486108,False,False,False,False,einwandig,,IO
43.97901376280936,61.76555803982209,210.55930166110537,138.4462785693059,2.028713679012694,5.004269528860325,-423.2753482420875,14.627349197067014,0.8736989578869381,2.3324105950882323,125.1910193787337,0.028359046027591216,9.38695923925897,18.632361531778283,False,False,True,False,doppelwandig,0.0,NIO
28.26233219094478,38.077412468614526,215.14342221577564,88.66284615302021,1.7385139958544777,2.734121497886099,-401.05468036278734,21.43671153220766,0.9759088333292206,2.042260179456388,90.27960019515305,0.2290854457166452,6.798778897737963,13.04772453594706,False,False,False,False,einwandig,,IO
23.151324840996335,24.239938408527173,209.3399061747841,70.45348693467173,1.4122557291467042,2.96889485394551,-261.0305613049081,12.042915735594349,0.9268725169996603,1.6342523883792404,50.84438566430077,0.3372144267569053,3.594767568987292,7.794538292924838,False,False,False,False,doppelwandig,0.0,IO
41.94013185374898,51.221444150019835,207.70862439621402,113.59484886240539,1.880268324825038,4.349564921376148,-402.6321301284569,23.712010212238077,0.8371978576110901,2.1387470739213303,,0.36592404684250973,8.382914223999084,16.61961906013385,False,False,False,False,einwandig,,IO
30.66252051723913,34.971283135075254,211.54222026556948,129.10779509458825,1.781348317807591,3.8880416366948634,-319.57041515235085,20.45215452197705,0.6776898113849188,2.046720420232217,89.5704968539851,0.26620611801911914,6.5148731629564045,13.284381041307538,False,False,False,False,einwandig,,IO
25.980884822516742,24.296288053650954,214.20834961393098,104.01951681641334,1.5895824660384568,2.9844298337065,-299.2344857897967,14.576008877951113,,1.7568518645922353,63.497318737937725,0.30800651581506255,4.463858931525023,9.468539372811197,False,False,False,False,einwandig,,IO
45.81688115260353,60.689255973007874,213.59654099034051,193.3761174991937,1.7812224284841642,5.344925512148529,-396.53441042884174,14.842725183075679,0.7026817648762602,2.066632413905464,,0.327791928850528,9.397529032400199,18.639637372111824,False,False,False,False,einwandig,,IO
29.03745121757241,32.86774637790678,213.78173384330148,121.19331444191981,1.525751033048324,3.1218897885702614,-340.60301418971676,16.826942366446943,0.7878368154659346,1.7507044355861272,74.71753506084674,0.2998968103681797,5.572512430561437,11.821947585286317,False,False,False,False,einwandig,,IO
26.997149139365334,31.91234687150587,218.1441000263127,98.55781511182104,1.5264923706721025,3.2802909570956698,-322.0490400761186,18.394683719487908,0.8232906697368501,1.747257690954361,,0.08929837700247023,5.2911407172567415,11.029493842328286,False,False,False,False,einwandig,,IO
27.87319016882225,32.71647751994846,219.24931487214695,94.47912425616865,1.798756867990054,2.740486234955222,-321.54780244801265,20.378193100933828,0.7934628600273774,1.979346242831121,74.12015500012899,0.2998804615488517,5.453063981118628,11.567522482715942,False,False,False,False,einwandig,,IO
38.313765980538754,55.77568806686431,223.16726058720857,132.11401432988868,2.173115698476259,4.656528577508107,-412.61029360917706,10.637635007939668,0.6818236792935921,2.3366389593731847,126.18582660664516,0.06828424631754926,9.081585188290106,18.397396357345855,False,False,False,False,einwandig,,IO
40.41843292771899,53.96087097633972,207.55613604539502,102.38647596773492,2.3184025982316756,4.379557626597898,-382.7906393398236,17.749770488244987,0.8180293359763392,2.7266374913371805,109.6336399267673,0.05160943405570982,7.482993320688476,16.90711920018995,False,False,False,False,einwandig,,IO
57.950512840756964,91.81366353603406,210.06341731255446,134.13237036217944,2.49067210882041,6.848089447841694,-483.94437112691594,8.0,0.8891308757625254,2.852024689393756,160.45568594256116,0.17676886922943527,12.10210545377677,24.518652800001803,False,False,False,False,einwandig,,IO
36.12670395139001,37.117836216600615,216.73774816735798,121.02432483021735,1.438334787936349,3.3639856692997707,-281.92923491775656,15.290798056658067,0.8320240576101312,1.5921853653911058,62.927098727069264,0.1276683543198187,4.284751819824451,9.992253146297271,False,False,False,False,einwandig,,IO
45.51384811217658,60.32446251929435,213.22229080409596,126.72583622850766,2.322883354183276,5.275057771722844,-408.4671293346721,21.81565001514983,0.6951980417254902,2.656505399855488,125.15729958145185,0.09500580787554992,9.25946825423157,19.485508445569348,False,False,False,False,einwandig,,IO
31.73379737793355,40.59383398043749,219.44376431040413,167.5414935649528,1.7784673600776273,3.3334074439517845,-370.44659821732847,10.329563871126005,0.574922696124099,1.9727180843118304,,0.3926751133312333,6.2056343045542,13.646222500039512,False,False,False,False,einwandig,,IO
31.778554523972183,43.19187664883401,216.85753463572505,158.5046191740904,1.9070872453306638,3.016383824597768,-305.28003332796914,9.60304885587335,0.5713648855917839,2.111925917523589,75.55966269042831,0.1522133119572354,5.234391397557941,11.86897335083162,False,False,False,False,einwandig,,IO
21.966679752699786,23.276366518012715,222.13427798845782,135.9505976425443,1.331820264716016,2.55320263279524,-219.79485181385797,16.883180398191904,0.5978173564611727,1.4899420041806095,49.75186062365548,0.23621931482294695,3.4506494453464533,,False,False,False,True,einwandig,,NIO
46.82727246846579,61.60447784289593,218.86237421732082,194.10007608637596,1.8251948027277185,5.097798817540434,-466.99981918468995,21.549716656690407,0.7385612798012394,2.0477653482915947,124.6918365736451,0.22232906816808062,9.646945615060595,18.188973818057747,False,False,False,False,einwandig,,IO
25.326162127994685,27.927312420997396,218.62030200196915,140.66973166198025,1.2177983307645885,3.233698413173706,-302.7748011257768,17.30158180434129,0.777970563033345,1.3249839913382049,76.18803058347183,0.2828408741610863,5.264677747792818,10.948380929118398,False,False,False,False,einwandig,,NIO
44.14799721631534,57.413065468835946,215.04995234675806,196.57419652466814,2.1804021463339427,4.447461817784923,-375.08050555154705,8.381528412473795,0.4878201523083955,2.4685885099172893,110.01773286679024,0.3315412012663273,7.7149309072873615,,False,False,False,False,doppelwandig,0.0,IO
29.873764894083227,34.66359365529372,215.21495074616317,165.82946648109007,1.4374318936919201,3.063737300611968,-311.4703405632079,9.267486347814904,0.6244007337454673,1.6020734420967297,89.56150753004569,0.5128915458721581,6.524967063150994,14.030572062362385,False,False,False,False,einwandig,,IO
24.981338869259833,24.20848366739249,213.4870436113641,99.87724227543464,1.5322348387305227,1.6396381729984357,-241.84882666774476,16.390985731717677,0.736492819795809,1.7382257957177998,48.95876744534025,0.18060226408758115,3.49554787792429,6.745733866305828,False,False,False,False,doppelwandig,0.0,IO
68.0188713573161,133.10577871476647,210.05604731751748,276.0296283417451,2.795966089418458,9.850556382043203,-587.4921014460323,11.28303032281693,0.5650480134853596,3.215752872724029,200.84285202857072,0.07468628389431405,15.650870559783792,29.11007882975965,False,False,False,False,doppelwandig,0.0,IO
48.57903752576412,61.11765494968791,220.3663920383106,129.3066215799567,2.1533448522881486,5.349197082039343,-414.24817011224906,16.546745175622625,0.7650856229589407,2.402831518363279,124.68234651282836,0.43593789093382007,8.869824951205459,18.20130365955242,False,False,False,False,doppelwandig,0.0,IO
26.876429656680962,33.60427092555977,218.35046318447274,121.62910000886592,1.5834347176493146,3.4750523861745686,-366.3759458640335,16.783980453067755,0.6538857563625151,1.7236607214803057,91.2571676543728,0.10635339095258504,6.576524469303844,12.630843994737784,False,False,False,False,einwandig,,NIO
44.4156253123661,56.67250888693558,214.48799582967936,160.06811581642322,2.2998147771210813,4.91462564536209,-401.69920180894366,14.040969957369157,0.5914869592496115,2.5777082300998786,110.23313059580224,0.07767343242532962,8.7008841291757,16.636079014912717,False,False,False,False,einwandig,,IO
31.801604818612198,38.18881077632689,220.1545235109012,130.4668610452744,1.6302746259255358,3.6012453202804404,-381.39257099254985,23.25901717579525,0.7079808148673346,1.7999926792129044,90.08558899319203,0.6561883351545328,6.502464282951373,12.957728677307015,False,False,False,False,einwandig,,NIO
36.877515020646364,46.43964136442787,212.00779301751646,119.60489048635424,1.9652136994446003,4.962878425700792,-354.8242621413944,18.361868819737168,0.7588420494368651,2.2029217039619007,110.10496053260829,0.14634634870849794,8.009822579627595,15.654858543998106,False,False,False,False,einwandig,,IO
27.967744818496485,31.917762388160366,208.66569682330282,222.0625371494474,1.3659166773058906,3.2545613757057223,-277.34606702622887,20.846363515176705,0.5727206628595108,1.582717473935532,64.49205347727579,0.7063444350912987,4.224384465373039,9.429063339947414,False,False,False,False,einwandig,,NIO
32.57733962781358,37.28345274785078,219.3206138673513,122.12607565039087,1.9008346044429694,4.040514746069787,-370.90281150811535,19.682327033086487,0.6636081430278928,2.1623055403218445,88.67042384010361,0.7429135036974246,6.353720811549072,13.508556014223524,False,False,False,False,einwandig,,NIO
30.551983745357386,33.213429166922886,209.3245450147675,137.6764408951919,1.5302879086335526,2.6435953463171997,-308.2160759334354,15.399705752200529,0.7701517565960662,1.7272042976308333,75.13959510839068,0.08303403240246314,5.450456109710687,10.31510845125695,False,False,False,True,einwandig,,NIO
37.726582198331,42.66566552853746,215.1314063574842,170.43185091969224,1.6862459645929755,3.626856267189281,-319.01630725014167,15.222210994642607,,1.8985884178786543,89.8293256245407,0.04858719977234203,6.386652961662596,13.143149413264737,False,False,False,True,einwandig,,NIO
37.76327852880395,41.196137322297275,217.8138003716437,176.1215938811646,2.0856882808635775,4.109109394992926,-323.1801918636404,14.809519852684918,0.4513364739364147,2.2812393326141196,89.86349545091049,0.08919772822187187,6.597052672650813,13.462680624013501,False,False,False,False,einwandig,,IO
19.123493084785213,18.12045779800386,218.38574999378275,103.84934146482041,1.5840956271776536,2.9027378899032152,-311.79096532916003,18.724409010000976,0.46951392314653684,1.7793896642084588,63.09686169507051,0.23529904215282402,4.576984971847938,9.271588363265055,False,False,False,False,doppelwandig,0.0,IO
77.77843973800373,137.78142680391116,218.89526526168356,209.27003431188368,3.1881522490863525,10.221743961999588,-668.3459703969887,13.398539290512545,0.6372923703914545,3.539838488433999,199.89508558966568,0.23125845620869115,14.915960626425493,29.83525838647363,False,False,False,False,doppelwandig,0.0,IO
21.802354765656954,22.097544949339486,218.90550763663623,174.64846040535733,1.3489249387703055,1.9448450779537514,-250.1153478775905,22.900131768138273,0.5022372585542292,1.5239495231916715,50.13033217621392,0.6499144107098727,3.6505070520957696,8.089643489368056,False,False,False,False,einwandig,,IO
23.538901508902526,21.18388521278667,217.6168363804596,135.80608611116833,1.1667314369135489,3.2675159722432268,-282.1717407959558,13.016522785310428,0.6478417157235631,1.3088539725252277,,0.5265949609040882,3.4070250131858453,8.573272396161787,False,False,False,False,einwandig,,IO
29.32828141094598,31.43870020409911,209.83906145036684,82.60224192029321,1.6651125206837143,2.8084502389738333,-299.44181235048745,16.857900289188112,,1.9768375296617269,74.13628090294154,0.49150914633790505,5.218739244262434,11.093350757009098,False,False,False,False,einwandig,,IO
34.93143097376496,44.859868824235676,217.83129229429704,176.59349518143566,1.8704190541598076,3.622229943299921,-368.24324029159396,15.083676751816206,0.4932102418466977,2.1118724997654628,110.23202221473474,0.024219074692137656,8.046414127965182,15.839059233710122,False,False,False,False,einwandig,,IO
26.154726038275452,27.67568365864721,209.31692594157283,122.69814145198781,1.5697431531123722,2.6533497048699735,-260.75917222091545,14.196826742453894,0.6576092722783449,1.824172379057835,63.490620474988006,0.04880974608517685,4.694553784809183,9.332708450693092,False,False,False,True,einwandig,,NIO
31.066871749293032,33.84243450516276,218.68978532868564,69.6268531740781,1.8109270660217294,2.6410064593915736,-304.3814878505367,24.68938740985445,,2.1541314477259115,89.64548191843562,1.217547953211693,6.218494146338433,13.597146551709761,False,False,False,False,einwandig,,NIO
39.060133722418215,50.15664116177348,208.89998460515625,133.29367290035998,2.01617486380931,3.985949942083533,-361.0910770480674,14.243782634350147,0.7612195124463564,2.396668971252924,111.14596614909541,0.45791790398069543,8.011331869564833,16.473360727615077,False,False,False,False,doppelwandig,0.0,IO
23.39930933375382,23.125057726152843,214.05550858994533,81.84237910005828,1.6064587178317942,3.5234047332417786,-216.26127928039946,14.781115276030294,0.64484150687866,1.8016480763450697,50.95754648244437,0.22319533234400227,3.5183749813571263,7.805345559112197,False,False,False,False,einwandig,,IO
76.13243655132854,139.29614835195045,209.91276220531594,196.54564243640542,3.2484457025114106,9.847983688998712,-555.5234914191167,13.34346560617644,0.6764676048221142,3.729002636966389,200.4005617694015,0.34190661520920995,15.477327617053456,31.105954625098107,False,False,False,False,doppelwandig,0.0,IO
26.283704567594192,28.596547360561143,211.56409984646547,140.7296254627403,1.2213756336580608,2.553885132808084,-278.34456064944584,16.16416246275569,0.7644043762589916,1.4363054151105634,75.55949180584186,0.29413425090462786,5.542425648348667,10.39343957145984,False,False,False,False,doppelwandig,0.0,IO
35.283779681441914,57.10634948738396,213.0187873449753,134.33608369652327,1.8537400134355355,4.430119154626447,-393.0217034824443,15.594774530629223,0.954365789594116,2.1318231810572876,110.0177782332855,0.02683487833630476,7.925879342584669,16.246460166483097,False,False,False,False,einwandig,,IO
31.95950487638344,30.69441301406059,213.5219919349087,195.11208189990566,1.2251449692440977,2.43467850198721,-320.83316078080946,11.522987477182781,0.6203719588784136,1.4141060467996307,63.733059962705,0.742148943817995,4.675491418922232,10.220571588680752,False,False,False,False,doppelwandig,1.0,NIO
38.09663255323296,49.58236103003786,220.48611737204843,143.8031864474517,2.086140876063905,4.765807679869572,-329.9432436379397,14.302520542609376,0.5863584575667575,2.285005130067443,110.99861482503768,0.38342712654624206,8.264812193201708,16.23897721986708,False,False,True,False,doppelwandig,0.0,NIO
40.74795035873993,57.44000293438959,217.56217454318747,206.55088995729545,2.045408655860016,4.769182088245584,-423.4261766195995,18.438746171135847,0.4931786900829659,2.282075893664449,125.45975055519199,0.13444792119764565,9.728243846417756,19.14474675278721,False,False,False,False,einwandig,,IO
17.993197772251307,21.131735271078316,213.02464584407386,102.81252109478497,1.2712220351677725,2.9020934840540638,-257.8822984006442,20.107947397687816,0.7154644048764706,1.4638266853721777,62.60808592993935,0.8997631221826673,4.530403685190604,9.765450348673829,False,False,False,False,einwandig,,NIO
25.0831265366583,27.994015406132558,216.1524971238853,153.36851240828636,1.656260689949102,2.334976385251016,-302.35687077560556,16.09600245186192,0.489146894527313,1.8554752935255785,62.97399042914183,0.43109585631832126,4.5263498812829726,10.068439928406901,False,False,False,False,einwandig,,IO
25.161810633494394,28.925863401836743,220.4353409780099,97.31024581716395,1.7486807952222219,4.1646112579162216,-290.90193893635904,16.23597916261284,0.6304326062767308,1.8639128861159877,75.38071122523458,0.586064526470071,5.2600201448103565,12.206669872079765,False,False,False,True,einwandig,,NIO
23.592941627421343,27.29742722112686,219.72590366247027,141.73977802832255,1.4741977226941474,2.7014494880109257,-321.12408312599916,14.556019712938895,0.5636974838334471,1.6571265765765932,50.537877656236425,0.1622234961221131,3.4144565205357607,7.666536353550262,False,False,False,False,einwandig,,IO
70.04283981828513,132.28190468068692,209.15596821165744,163.8979532889088,2.9845841067917878,9.941797681007014,-600.2610847750238,,0.8611185265351158,3.479305277566139,199.96570311078867,0.20149664613109725,15.181763166409718,,False,False,False,False,doppelwandig,0.0,IO
39.16776156429554,47.69731607979212,212.88746880828174,159.14562581567475,2.0356334543858106,4.302816699747486,-394.4602770848072,,0.6237405418949791,2.289296915961757,109.66576930648233,0.1291138045313608,8.064925113438006,16.14979641186794,False,False,False,False,einwandig,,IO
45.28796430166917,52.234505404977256,216.42284288113075,150.20097736855794,1.8170232031742903,4.198560006700254,-380.43478079237036,9.773402183044194,0.7595395492008423,2.09610886691583,110.95003220473438,0.287163938773531,7.97991390450904,17.593026433296806,False,False,False,False,einwandig,,IO
58.56701610332313,89.05581257136232,218.33837674613443,255.92251934472236,2.5099472768131763,6.815634608076994,-475.1993830849723,13.190213303573852,0.4593861997467155,2.858280317809258,159.4295254393544,0.010846288240145528,12.138642017131104,23.292901095307514,False,False,False,False,doppelwandig,0.0,IO
