material_mfr,dn_ziel,wandstaerke_soll,dickentoleranz,wandtyp,produktionsgeschwindigkeit_soll,ovalitaet_anforderung,kalibriermechanismus,schneckendrehzahl,massetemperatur,duesenspalt,kalibrierdruck,kuehlwassertemperatur
0.7609434159508862,104.16456547195335,1.3854431436591383,0.05549416973525488,einwandig,10.827756988245504,0.44175420216049566,Formluft,33.76044623196999,208.3146401441692,1.4005096542178173,77.97387149653403,18.008645285455277
0.4920031787519008,158.60885895538445,2.350657202307344,0.2952257670317631,doppelwandig,11.056411564960458,0.35394526759795664,Formluft,47.13122537367707,205.81748297324535,2.676421665213769,91.55689161442238,19.1684096890118
0.8500902391612914,123.34082670049862,1.8362047021783763,0.11478662892755127,einwandig,12.032652145671076,0.7846317680278376,Formluft,44.43364266478715,204.5766721927916,1.7924667045823222,69.1816376549764,16.818480916211655
0.8881129432782428,225.33597752968004,2.5894285090201357,0.1982770772244588,einwandig,7.566100605954979,0.7344731943785998,Vakuum,51.80848431150963,213.63899024121318,2.5695547748434624,-93.44529342163776,20.398274636672237
0.30979296226923264,72.77310637828964,1.5539138394702827,0.12506259588446578,einwandig,13.716070741560955,0.8826301137882946,Formluft,44.301539618639815,192.24868468166548,1.5424708625440586,49.60189721332644,20.782729163839214
0.4395640986275363,176.3629903248228,2.4725495889530844,0.1426554050526087,einwandig,11.113830552040337,0.8912784132094387,Formluft,47.63742237918214,202.35564772058783,2.681443335351593,103.35190787468406,18.3609555973548
0.725568080633457,139.1794671557437,1.8673255457029259,0.14944038964556872,einwandig,11.188093493944264,0.7417246917810556,Formluft,39.1402586488084,205.84709203624448,1.9768146048057136,74.93204369923717,20.98074793766699
0.6367514815312835,94.5923791188878,1.862425495509735,0.13376168283118944,einwandig,14.0,0.6768529680652017,Formluft,39.76305899555971,202.8650601816636,1.802901945100593,43.115374175404085,16.789665179895337
0.6966397684991422,161.8416830206951,2.409234291295301,0.20934993983498396,einwandig,10.672553151114005,0.9398057883082958,Formluft,50.85775038159235,206.72385751152734,2.482047469428774,67.5105016781681,18.630191953429254
0.5293912144852839,89.19005411805253,1.7205668623893449,0.29023406762215154,einwandig,12.211780156302652,0.8608848950966221,Formluft,40.45213924822999,200.58201423327532,1.9129524196358623,45.96679526816456,16.353030536791856
0.8758795949725657,124.7813149107263,1.8681069747517531,0.15715866250155824,einwandig,11.035680908816376,0.9176974964773046,Formluft,38.498072454749206,208.34394194983844,1.7529692305639764,67.08439296226558,16.26981375423236
0.8555583870857897,67.11463056955769,1.3900103439280678,0.29333168101356627,einwandig,11.380255789608258,0.9970886287917948,Formluft,32.57120764332138,203.06076076116605,1.326161335163432,61.8279238507419,20.503204410494003
0.7132061395122432,50.0,1.553889819737034,0.21694930933619577,einwandig,14.0,0.5824540514365587,Formluft,39.892399637001716,192.59913607535606,1.407895241163084,50.202318334011395,19.989104383405007
0.9254482413936065,102.90179127300837,1.596530927209681,0.20178404875525224,einwandig,11.05496128213589,0.8018542636035255,Formluft,40.61002477366701,204.5240518019661,1.3443366800174905,58.226510315003104,18.794272462138814
0.793501868450409,102.16681030169194,1.9770050515364124,0.10927596294973076,einwandig,11.309933448462195,0.7816474706621048,Formluft,45.58557989472944,204.51573753280223,1.9607168827572137,57.57865961619438,18.2684134105845
0.5281415074233523,106.88389058084155,1.830291250777167,0.0657301764748452,einwandig,11.251419616401765,0.42189989933295996,Formluft,40.837995195384536,194.98026433031114,1.8117097789324053,78.4072084814452,20.771610738374793
0.7737501568164997,182.9338971296311,2.4490960020906205,0.26298369257295723,einwandig,8.4567655400622,0.7455840197851302,Formluft,46.33276614559055,202.76906022610314,2.5624885118758094,95.37307266425292,19.140734456271243
0.5082234798342001,206.37402823443693,2.394779070063497,0.19349526598606726,einwandig,6.338482629049631,0.5996624931152326,Vakuum,44.0484025518497,209.85376091037313,2.6786005641205426,-104.98899727740316,18.58178027429564
0.8756900602614545,148.44503186413135,2.165552760393763,0.15360346560622046,einwandig,10.362994469078329,0.6154449130795978,Formluft,46.92358863840872,204.39390223700738,1.9711595097164678,73.12537105135247,18.32323781008804
0.6900148178027494,176.46574143041352,2.503763758845014,0.2529918305221209,einwandig,12.335027089664246,0.42609659289783985,Formluft,56.659109208252886,207.1862843738891,2.8742324415171137,123.12042719475824,16.64787136820565
0.6630275272909478,90.26224441957822,1.5216364421788287,0.1276450956443297,doppelwandig,13.137403500441032,0.821317542295178,Formluft,45.312132699380484,199.21664330895823,1.908822434355748,51.924728873404376,19.89417436186866
0.5638140911192117,81.49785627978447,1.7267782303260524,0.24590431399112184,einwandig,14.0,0.788558692774779,Formluft,48.89282389152132,203.67404603830926,1.6018082594497574,46.18610585083761,18.275379870566628
0.944508267734806,163.48265143236202,2.3212130495107495,0.13199095885144924,einwandig,12.414846324169316,0.6726030973015145,Formluft,51.58750753887247,211.1177049530312,2.3570928217189504,99.7395814526993,19.162014045615667
0.6690941035862396,77.14672717120206,1.5206104752947707,0.2802202966010409,einwandig,14.0,0.409703433858075,Formluft,37.6994784277182,207.54184189191355,1.3734839180729477,72.5891563427235,17.888248180322762
0.6143344355673785,73.96075597187254,1.7198870107486761,0.11699171861420064,doppelwandig,14.0,0.6898053497499887,Formluft,39.60321721101632,197.45483529428594,1.5949389864826031,45.91486854779487,16.937040693762803
0.6295732899023541,315.0,3.1896614846532167,0.08438852939364279,einwandig,6.930708809993577,0.37009339550291426,Vakuum,60.73784477792186,215.87059439769732,3.8581325382233116,-224.06776466891012,16.343292943892102
0.8064618371106698,132.35040289266306,2.110805335452861,0.22452417708735295,doppelwandig,11.817391274693328,0.5375604182995795,Formluft,44.4295168080033,197.6606821046713,2.1477695950425773,72.77139738436954,21.973260381173077
0.7730888128728156,102.1957579696363,2.0604813374680844,0.0907118132661927,einwandig,12.422177207438816,0.560650489954899,Formluft,42.62895544947812,197.63711604657755,2.1767304009755803,71.77911626046817,21.08185392631348
0.7825465223191976,97.1257536788812,1.9929975002961489,0.2873407625722464,einwandig,14.0,0.9183977747784511,Formluft,42.42468730462587,208.52736427780977,2.240995332842853,58.850027221434274,18.404274375809482
0.7861642006015765,67.74708434085775,1.6004476828076404,0.21388877809721651,einwandig,13.311353524396738,0.5908934528110696,Formluft,44.42337221117894,207.33200682498997,1.7320632221043615,84.4881690139098,16.752503162736247
1.1283295201740922,146.9176446428769,2.1300890407233886,0.1077151653211315,einwandig,10.03050413577387,0.7189289080380579,Formluft,48.27929222870899,212.4633650128107,2.3073919989515144,95.13199750398834,16.547311411094626
0.6187169967230768,111.39720200476023,1.795807232555937,0.10220473357135719,doppelwandig,13.390421025806699,0.9123452915327888,Formluft,44.78343978284392,206.90224614778472,1.7087220051999603,73.97971344685574,17.58272526241735
0.5975514541856924,203.35227880496805,2.5813793613538984,0.2809687597801054,einwandig,8.283673407761743,0.5980316071289407,Vakuum,46.65521232550569,201.32010844064732,3.007837625258459,-106.95787477973516,17.754973357177246
0.5372454543504244,166.0348344050872,2.4098497624283834,0.2019644782124727,einwandig,11.916072165100669,0.9185924640495124,Formluft,53.19938094797685,212.2883348489604,2.5581213235100946,65.10736121628904,15.784919558080206
0.8231958845150991,109.6710235188913,1.756281617332218,0.27343400166810417,doppelwandig,13.085906280311386,0.3955229187686478,Formluft,47.85341816271753,201.57656756090188,2.0817288767047586,75.71703743585074,22.623202616265498
0.9257944585441783,56.64009598074037,1.5667343405534802,0.0775563012114563,einwandig,13.205192264868499,0.5553902100119719,Formluft,33.67330394239449,202.30628768072668,1.3982613951510168,45.67252254770414,17.344676246330724
0.677210508469025,132.5216110514785,2.380146966112327,0.28134804889479403,doppelwandig,12.818582867886692,0.36630907434652515,Formluft,49.01450627676258,216.12556101815727,2.29485123233062,81.60922867122495,14.775036592292295
0.5319687046074943,126.89820429366102,2.0059031490801793,0.18001232799852207,einwandig,8.851965032041772,0.6926507404968993,Formluft,40.64871896331783,197.07860110122166,2.118804229390289,73.1297459329985,21.107414469192772
0.535103756861752,53.94501497051127,1.2299008992715943,0.21710547908283762,einwandig,13.97729886838719,0.9700974422854616,Formluft,40.19255234526284,203.58536107226288,1.2816397334977174,19.050381300323206,20.671178837109448
0.8301185575649401,156.60963960711783,2.0511654049094807,0.14321886788532018,einwandig,10.15922824048859,0.7598662847248856,Formluft,42.44696495913359,209.53278227555106,1.9227040188243865,77.41030584811605,15.180981845261662
0.8486508342406884,76.16146629430955,1.7257765631112125,0.06478508050145655,einwandig,14.0,0.738252932144124,Formluft,39.77192330320983,200.39868860730337,1.64953764943164,54.72491325523906,19.6344818179724
0.8086308536610389,208.84281532498554,2.661780595755818,0.28949311033545727,einwandig,10.090579756155776,0.4947110425701968,Vakuum,41.92863613254385,215.27221402087673,2.679585425842608,-116.40706838966977,15.507322556194985
0.566898058542261,123.27680275090076,2.1177390564168137,0.2986495822771205,einwandig,10.725295831660606,0.9517747310361853,Formluft,40.12949063286882,197.10852895570417,2.398742075481193,54.94888672269288,19.180452615668592
0.7464322646133439,95.94387056728524,1.6875058271643797,0.14113671219011076,einwandig,9.844799763711706,0.6300743493429861,Formluft,31.321810434523403,199.2530573356934,1.6248573666390593,53.3443922458294,16.827224737718595
0.7233371618281456,141.57536794492125,2.257196475690345,0.2859669824379949,einwandig,14.0,0.48690143713207334,Formluft,48.56637372912746,208.31055696764182,2.5750670519754575,72.0985627294298,19.94418215043936
0.7437377193458026,137.37148499605522,2.075227003950983,0.09193157274039106,doppelwandig,10.865647436051063,0.9913899863031053,Formluft,45.24922561043233,204.47833909149014,2.0855500758666445,64.47754681217381,20.289239094603293
0.874285755589638,134.95095886781678,1.9697320626439419,0.08867111241464389,einwandig,10.043521894153741,0.5961867536563172,Formluft,38.76943286333801,216.8403601289416,2.0629104166593377,63.796078090782785,13.099096517601199
0.7447191097549364,194.72022539649035,2.497612031351565,0.06827796000229287,einwandig,10.804592793105861,0.5600492876866809,Formluft,54.81046270061391,204.5288788372376,2.550600110481362,115.07342870692321,15.9452748801302
0.835782712614379,145.788546327243,1.9867502173044587,0.14781735189603767,einwandig,12.654724004630232,0.3244728871091841,Formluft,54.14094166459927,215.37160424362833,2.0568450503965603,97.22507702652152,13.659093284436132
0.7135158138977783,92.31254369498458,2.0369042833471185,0.0630755625453998,doppelwandig,13.960092274044444,0.4248064812012778,Formluft,44.916426044876744,193.9183252663693,1.9509502071104787,99.26992634266296,20.888819360384876
0.7578238797379968,112.95159255099335,1.8891554683741738,0.14866429740322418,doppelwandig,12.21571103234389,0.8664339485505963,Formluft,45.36811994570512,192.72585840953914,2.1350053391073227,56.49522183121897,20.67839132064683
0.826257645167708,247.9193212085347,3.080031682970607,0.08459760716241706,doppelwandig,9.120397243560072,0.6378865732215051,Vakuum,49.3116365063349,210.79075661798345,3.4807856667702337,-143.6805271405191,15.983146902579076
0.4085688360288667,88.86364188303986,1.630378765133699,0.23263194889323935,doppelwandig,13.242483104285409,0.9684123088476355,Formluft,43.05032616288309,201.5872181446054,1.7146353805002836,37.329916035045905,18.05426806743308
0.6360657567285397,155.36527589438543,2.08513303385811,0.258340662334102,einwandig,11.788660633898111,0.3587200622565069,Formluft,43.647954923748024,209.61972923792285,2.4020090915511196,108.0443765061511,19.740119471072433
0.6059254691414409,198.40280941802587,2.5521403987065168,0.221953856949072,einwandig,10.889700156352317,0.7311604096789022,Formluft,46.237768373407945,211.87437947276743,2.7134345872854415,93.58719778113453,18.14558849700047
0.5722244303513315,162.82358480989518,2.4677675584860412,0.10012353810903897,einwandig,13.118315882363714,0.8039889032803207,Formluft,47.35371069175401,205.04174489753723,2.724076408746077,80.87750903457795,13.456273285000744
0.6449715497546632,132.91406538158387,1.9852027543429287,0.24171204822698894,doppelwandig,11.789978089512104,0.7348281885252224,Formluft,44.70857591818896,205.36519090900669,2.072970122270062,88.45445241777051,15.699320399866558
0.9989882622468791,142.93074835096604,2.0128661908983165,0.11237504925831875,einwandig,9.793124759565124,0.6709142920880988,Formluft,42.65724186812674,208.29440126250054,2.1265697392230574,92.82784082674952,17.991906441354526
0.5268337768613514,167.96281038549398,2.3670221197393233,0.23987214924213185,einwandig,10.512346334154582,0.7048088242370976,Formluft,46.859359635495686,209.81573577707474,2.5878505138389105,74.40718944716939,17.834661092400445
0.8936556709182961,88.42763278395428,1.7822744523792957,0.1918493937240977,doppelwandig,14.0,0.782684713963494,Formluft,40.32003128539277,198.68538503004754,1.756369405547419,55.1104062903469,21.458446409124626
0.363426045676839,127.2891669399115,2.2647405608472693,0.14167812907280242,doppelwandig,8.24471490973252,0.9042844805462704,Formluft,38.43364293897275,195.27300710614375,2.194546507578357,84.04324315899004,22.28713506780751
0.633022994002845,315.0,3.5730625717558744,0.07087309450401443,doppelwandig,3.5634956092560777,0.5354412509992801,Vakuum,50.128154947214234,214.0593410229644,3.970129321866776,-228.0468213405327,21.13967794450516
0.7325506130210011,157.72983283126914,2.3584375644298388,0.25687737745175643,einwandig,12.89330642200292,0.6217578563091674,Formluft,50.521633914499525,211.16551272326086,2.808436493568132,88.33274574747333,11.200146075555526
0.8172444662718557,135.17053856393727,2.189255594049546,0.28491323019955633,einwandig,14.0,0.7451367106320196,Formluft,48.71254379105805,212.09496416181076,2.2524866765861677,80.13792685547301,14.351664237251475
0.842245315958571,107.83529934461585,1.689730087467032,0.21647944500015937,einwandig,9.773717446345657,0.5199511666285133,Formluft,33.12496085580602,201.18571019625603,1.5949892208340812,86.65094426007146,21.604241343239302
0.858669447039985,88.83763735072881,1.5662012882353988,0.2911353916733597,einwandig,12.979977607897569,0.4251480061626867,Formluft,39.98639502882693,201.1277494069993,1.557910513865942,73.47787256185802,22.632771087127054
0.6302549855503125,145.25322026268194,1.9994413186606081,0.28352785476074777,einwandig,10.569579267598922,0.976318129744693,Formluft,46.088410610912035,206.8160059963095,1.8507804582792764,68.50890755600597,15.313992362782718
0.6075296414670865,150.1854516385644,2.0016617497547684,0.09865210020093841,einwandig,10.723703484552644,0.4363102221573661,Formluft,47.840931286030305,200.02332326324765,2.0785245074018963,63.09628671513896,19.504719447795033
0.8715951762514307,123.29560223543767,2.105683799114062,0.2328030871495534,doppelwandig,12.52867196162689,0.46291316678157546,Formluft,41.65155256735953,211.53384216250592,2.187679065737859,85.02316169404024,12.226629599648978
0.661739135023677,315.0,3.5635075137495633,0.13732620485942365,einwandig,4.5392595419785025,0.7330802703378146,Vakuum,51.67825163951864,209.4326556083359,4.083974281477874,-198.9370690692377,20.1737010092674
0.44486273533241555,92.0755204918963,1.7485285733988878,0.1718793401414065,einwandig,10.48367698671779,0.35415781694505194,Formluft,36.57790568308411,196.12800133109593,1.8536756293301342,89.68289344180995,23.267858981525634
0.47334255719930385,83.35021393096847,1.2778942341374075,0.08924135778721144,doppelwandig,12.313742305883338,0.3238333576706446,Formluft,43.68133271216613,202.4357107579736,1.448488092850679,72.9857190160353,20.51508359029767
0.5161095427996777,108.53000915744636,2.176561602052364,0.2936948570144131,einwandig,11.99599857527552,0.344809522663744,Formluft,44.02385050264291,197.94066752155243,2.1563229499889807,67.56556926476827,19.659547948522405
0.7994321488107528,125.15556624040492,1.867103729300206,0.23153434576910215,einwandig,9.619200632621535,0.3862845520500378,Formluft,36.49338400704074,197.91718161728147,1.6825314706834547,64.19158441091895,20.392577352128345
0.728485147214113,86.95478334770016,2.0034101801724447,0.11672707740774203,einwandig,14.0,0.600437803493931,Formluft,45.110871957443976,207.64661773009286,1.9753312491013972,58.35329796259502,22.06013315392287
0.8380970708135536,143.55858537090245,1.9310824608695225,0.14286792254200836,einwandig,10.575913419505373,0.8804824504251438,Formluft,48.0699064486333,202.8632693502826,1.936445446676361,77.58683619066024,18.766951923467353
0.6145494707326931,151.1481751573649,2.087325227475439,0.1556207317071961,doppelwandig,10.377660408932186,0.5393803251668691,Formluft,45.46677303920417,204.85230211996839,2.2503510955186248,85.67385025748037,17.636046925344605
0.7317079382153429,177.917035909176,2.0929088798969637,0.23688343103596005,einwandig,11.1173916827304,0.5992719902531938,Formluft,47.03632140984322,206.62562559067422,2.2047324887461186,77.14369691087208,16.794472184565404
0.8251180787934673,100.84190218411479,1.8610539638643229,0.28142431669239615,einwandig,12.221135893262131,0.7201757649851068,Formluft,44.64361339255098,196.89829472277145,1.9042635671033965,28.848396486023034,16.683556924608503
0.6381306920559523,237.07986502504204,2.731450397078652,0.13036003324614293,doppelwandig,10.747957000185576,0.5115010979366328,Vakuum,56.35087271501309,205.9022220016603,3.0435321084242104,-138.49371851088517,19.364224092752835
0.7913550475114822,171.95640529388447,2.2147012192363227,0.16812502207010488,einwandig,8.834244792051555,0.6027765151375863,Formluft,43.78738301289352,207.50997412461922,2.4800045361988032,60.844210819038764,20.380322124662936
0.5676148117866697,91.29027235539881,1.524445046267031,0.1983018932086753,doppelwandig,9.922969996988083,0.5704181808050526,Formluft,39.49550832326955,204.4900964304086,1.5441313497524771,50.912207062092975,20.513536007699333
0.6273892306869856,86.79724473257914,1.8109812172713127,0.14833599810007891,einwandig,12.210493754088306,0.5393184791550139,Formluft,40.38284160886575,197.35039975277834,1.8603121834230572,64.79393774987605,21.50875664104543
0.6236524212003342,111.89087572594273,2.001846553542674,0.17604533084142132,doppelwandig,12.323200452721457,0.5718752186374263,Formluft,43.85072485655959,198.64726888763573,2.3267467090966285,87.21813263101903,18.112903946014452
0.460832070882192,151.32865575279052,2.4824343296841422,0.0764269072550255,einwandig,8.735271717985196,0.3077823972884443,Formluft,44.463524248029465,204.19857591924517,2.5021217360246637,60.898984478006355,19.467741837819652
0.7973944961571163,162.1810685472887,2.1945925552173637,0.09191859693004152,einwandig,8.169966162917262,0.9203824676851091,Formluft,40.66475232016419,208.12412971095952,2.3385784813540615,66.45059074185045,21.66487397624011
0.6061195319594552,171.79562254046536,2.407187885980743,0.1502753143050362,doppelwandig,11.069705001164337,0.9841427582140836,Formluft,45.07194318974266,207.9849336030018,2.581452344378883,85.26871186122337,16.681427120606784
0.7024988237455374,315.0,3.3265997203897073,0.2787347529426381,doppelwandig,5.609438865370076,0.9037473339912967,Vakuum,56.872742167827326,214.37495799708603,3.7703289607721064,-191.8344896434089,17.612230930263536
0.7961493317811817,60.999263275416325,1.437738252793033,0.1373395114361584,einwandig,10.569994984100752,0.30401959183796917,Formluft,39.016382467228176,199.073284311749,1.4516833893012637,60.70076982947476,22.38214248657046
0.7893062352059887,121.73155037037843,1.8960256059708507,0.11244820215125341,einwandig,13.887393825368664,0.8256198826862353,Formluft,40.78154005877468,206.7054138145241,1.8479540593626955,71.49219997732257,14.875311640439373
0.8330770217945572,315.0,3.5896674936243134,0.23571555521231896,einwandig,5.861410654145815,0.7011701208106995,Vakuum,58.55071505929461,215.22651697117215,3.9036990609067628,-202.97772613395915,15.991759499311527
0.6803029030981153,182.0170311359631,2.608689520050434,0.28728254151915233,doppelwandig,12.749197429331637,0.3659224377054252,Formluft,52.89493486644039,210.49444616694498,2.9446604778828402,114.01419941474637,13.939091745531439
0.6153403375911692,81.32847826183539,1.799287829719408,0.16478090426588687,doppelwandig,13.02372962567297,0.9530013944157183,Formluft,39.59971478823503,197.77071098629668,1.7934503432655147,78.7876732321228,25.237534926975044
0.6840563578187201,140.09206285864306,1.9943146620365029,0.05215123889179578,einwandig,12.08721615264453,0.8433519904558457,Formluft,44.62904478376672,203.20500930242966,2.0002977628390335,60.14204476139133,20.61662844220739
0.362533113208394,118.39492544402617,2.0969295892456596,0.22203733286890448,einwandig,11.61712737170564,0.40170740051366555,Formluft,45.827098671553884,201.9986987998112,2.360280587279159,87.51865837028603,20.306512932018286
0.41057750551538247,116.45445117159205,1.9250228388065669,0.15376520040403624,einwandig,6.778314231618805,0.9748290007854472,Formluft,36.21515117974705,190.0,2.1213039252550043,86.68225374044124,22.292653354825433
0.43546007752911947,100.0033397049541,1.7513371832550808,0.2184113841540538,doppelwandig,10.226343525268739,0.38833912696744805,Formluft,35.296516104574934,202.34410672554563,1.8466450900242295,87.65854401745618,20.645530210327276
0.5005506344797036,134.70712310863917,1.9713802618462757,0.11942912895730089,einwandig,11.380903002846573,0.6182759149564985,Formluft,45.56434329135134,201.7508118525384,2.1463423899633316,68.42194554070001,22.847594297177093
0.7799548453446873,214.51698291432902,2.6321454941603992,0.05060203595424061,einwandig,10.366533701727183,0.41128301286142105,Vakuum,56.51872454663352,199.8521711032434,2.9109321490200117,-111.9855813893307,20.896656955823925
0.5189041889279877,103.96013061697435,2.09302812186523,0.13612405468640093,doppelwandig,8.8216486897994,0.40513355654053307,Formluft,38.446435705505536,199.73708561887037,2.1654045649401708,50.46680998911644,18.470772386832387
0.624367489192122,172.4308000076486,2.4255580150352922,0.2261980856532354,einwandig,10.582026584087862,0.9774640168622271,Formluft,42.73568946869144,202.05396148093087,2.6632489163842896,74.07463521142346,20.61993492086077
0.9598456595572131,187.5679111249039,2.526735066124412,0.1482783207522973,einwandig,8.06627404744934,0.7004859469746381,Formluft,46.96544744482449,205.3930427049645,2.510768247318151,86.66064360267572,19.51537584208784
0.6287472057877148,236.07087101420697,2.8492299393331137,0.1047935349133065,einwandig,9.567468554824133,0.48142244238510173,Vakuum,49.807621921502076,215.81270234323296,3.130066328160931,-162.80524672752958,16.81406419635296
0.8475031136934172,86.19800773071456,2.0564808535614207,0.16600171603352537,einwandig,12.806248235332484,0.8434795596065734,Formluft,42.04925693721755,206.86926409758107,2.184874337988222,40.44757339389455,15.004050314643612
0.5132764639980245,129.69528155839672,2.2333138257941374,0.23808713082459637,doppelwandig,13.244621165899229,0.9126710795117552,Formluft,45.16072791363965,201.19303650430018,2.727801489230453,68.4428430677738,16.652872623324235
0.658912488426474,95.07147423204856,1.6524124766365695,0.07985827169807651,einwandig,14.0,0.9423227557514451,Formluft,45.81606201832758,202.88775533436095,1.6835236902042205,57.21678254278051,16.487556384577445
0.5099955890178837,134.82790362239194,2.037580970773442,0.22293800841166195,einwandig,12.54728220798826,0.9530894796768103,Formluft,44.75526761581606,202.89511142515255,2.0246251364618155,62.77216137498278,16.54086681357356
0.6321933848198875,134.3987246938833,2.0430531160454297,0.21683600595098684,einwandig,13.360819060594066,0.9339072808287066,Formluft,45.03820603789788,196.8509315867841,2.0946358119494266,78.75203141673728,19.22691873284999
0.8680616274914791,77.90771626678023,1.6451425268766318,0.14268446992126782,einwandig,12.351622141482817,0.7472526771485994,Formluft,40.52657084079901,213.56322953177582,1.4194706581798344,48.162012847675776,14.178899464437436
0.3545359153615302,138.62476576258143,2.003814227205936,0.29258404784487363,einwandig,14.0,0.53972665486494,Formluft,50.18113644596884,201.88747922276178,2.2899988805959053,83.93111456911166,21.379042730536653
0.7868847287091714,315.0,3.5858224785042543,0.27367632487008786,einwandig,4.687361807010237,0.9478973742072174,Vakuum,56.70209574620373,221.68713650043043,4.014411303887307,-169.48486990084984,18.56612930447001
0.7475471204664556,162.49245750073015,2.5177528798117383,0.12904037020051745,einwandig,9.882177006663104,0.3857475696002702,Formluft,43.69621983973825,201.84561951042534,2.547165400628964,82.88683872990796,21.515484669043957
0.5811700088606411,72.12079438520786,1.3799221387310383,0.057772773348460774,einwandig,14.0,0.41815987053557224,Formluft,37.31266537532161,200.80441328282572,1.3379389012237008,71.31189880355655,17.742999060345678
0.410788429122309,84.0543909718415,1.503213117210922,0.12707620168626915,doppelwandig,14.0,0.6036792783469856,Formluft,45.31466718304235,194.45814643724736,1.6190396395302635,39.27490939995466,15.223930737050821
0.7144259015427739,126.61898964656307,1.9404781338779082,0.10118048563526082,einwandig,12.80930329712062,0.4985654595492271,Formluft,50.59172143333384,194.24343078561736,2.018608403854182,85.88436652757613,22.131050055118543
0.5941014581872395,84.8333918061198,1.6131478004327842,0.1868129785118982,doppelwandig,14.0,0.73101296995671,Formluft,41.64656399339395,203.93372903228877,1.525218143218856,52.48682708640244,17.025458485465023
0.7465352422709407,229.52115516124198,3.1359391225018256,0.27968610529553867,einwandig,5.09485681175687,0.9337113460752362,Vakuum,46.17170033267456,208.87612710083937,3.6012338448596264,-102.06420882779166,21.399897588628075
0.7043704291046885,69.14732926488992,1.7034350171213453,0.26758437750938036,einwandig,14.0,0.6437219284607133,Formluft,40.56255276250083,198.69532226045425,1.7423892636243163,47.7708661362377,18.4193264672632
1.020355778264183,163.04814185723723,2.4460334876756376,0.12645728891620667,doppelwandig,10.516014535835838,0.6877094153929726,Formluft,52.29223618786037,197.6076117060471,2.4399393626494588,93.68445095759259,15.691445268921424
0.6521288745053951,64.44306915325919,1.4758896991990635,0.15714938338890927,einwandig,14.0,0.5961936102867647,Formluft,39.35542022695848,197.79574849786215,1.4439729844621096,80.33277199241995,17.854175314224626
0.495300501475627,125.68136690244307,1.9625039242015225,0.05913554976989162,doppelwandig,7.790912669503011,0.795298411983157,Formluft,36.96713278508181,200.1180790799865,1.8593571881057123,91.49388217710958,19.50695626024829
0.7358551269912632,80.02799750041719,1.4224681679385276,0.18604087691228738,einwandig,13.512437069451952,0.3704821458923497,Formluft,35.8595906722303,195.81949070872642,1.4352983907205128,52.581862823040524,19.995678960424925
0.743999336794353,177.7217592480461,2.5390351081915417,0.06584199501268222,einwandig,9.42995146050915,0.3340129201485931,Formluft,51.01978273820202,208.40337971150052,2.9992902231861978,108.4418880534356,19.442282435912883
0.9718375150480874,209.93738774109872,2.7531572926501076,0.2846515415572749,einwandig,10.895805609635138,0.748936932103214,Vakuum,51.20185232733643,209.1484643663649,3.1311287911924284,-103.31668627207397,22.255288638952617
0.8670222491829157,151.10960271116056,2.4017764263910273,0.2667334587130681,einwandig,11.856400837158677,0.6744149816079064,Formluft,51.37008787419067,203.80563439728817,2.4766180159824573,73.69082381507464,19.397201919303885
0.7713742118299018,214.8834866945327,2.6874434365528366,0.10354690660937575,einwandig,10.360008427635039,0.5851506203135644,Vakuum,50.423664691579354,208.63605221408645,2.9455974572302015,-93.67275820720815,16.678110129488715
0.9926605782439124,51.223414623178186,1.388520445055366,0.22484216996551137,einwandig,11.601531257957562,0.5337948493154203,Formluft,34.79339927979011,193.29677547911027,1.3746552853862066,52.30933190939624,20.19458428509814
0.46224738913542973,137.7868170403074,2.127801365606554,0.1920050956083333,einwandig,11.441391332355094,0.33626521083018784,Formluft,42.78485364901793,202.7623271163511,2.3661733956460465,87.5902983500899,19.973216117032905
0.5720496934500504,161.91890579436117,2.4291358826809537,0.25033942812904575,einwandig,10.591693259282287,0.7763893136897985,Formluft,43.69140684987201,203.50570660941673,2.593595325770009,62.133081788586026,20.936460123072102
0.5146848117188949,172.2366381256195,2.157360761690334,0.16891302668788,doppelwandig,11.684704130274376,0.595027275074502,Formluft,48.82160831052976,206.71016160449065,2.0456081798576253,78.811659194808,14.989465543585517
0.6220380393688464,157.28751375952174,2.36870853013693,0.0979429926664445,einwandig,13.04640614687889,0.6116876276637316,Formluft,49.94257253791106,209.95487424971958,2.487827541800968,73.95067172874592,15.693960772886648
0.4246627704887382,174.09634465752157,2.389696422934248,0.2099608500307079,doppelwandig,10.948543227579188,0.9254113959883241,Formluft,47.50443358323523,201.86335524574883,2.528884858141249,88.95059403873759,18.969380436580842
0.8270301893628809,137.04391733244512,1.9375557484665067,0.07007008174898625,einwandig,9.021557489911675,0.8162835177664352,Formluft,36.11839613346911,192.3588402661448,1.9943804316139784,81.34088104480816,19.09538444178687
0.6555554605802453,72.37677822653723,1.2663233629141877,0.19614699779210554,einwandig,13.405738163470106,0.45361020408530406,Formluft,41.666548247030136,199.63737331641903,1.1189905474442485,79.81687186701535,20.22216989854499
0.4058387410994684,99.67933024194491,1.7769635851538064,0.1031762013661144,einwandig,14.0,0.7600165475652478,Formluft,39.291175799968045,193.24168433872956,1.9198965176374023,49.594313484964275,20.434814916264
0.49688418375849164,230.1318590451461,3.0582118198522794,0.22123410928089005,doppelwandig,12.538714177846918,0.39257872295256035,Vakuum,57.17184130798641,214.1507019617651,3.7239933962740266,-138.43703911668086,15.010888814668352
0.762702769490039,216.89265636110457,2.9863439509000456,0.2570107904320271,einwandig,3.628884465456986,0.43584470749650017,Vakuum,35.81772973203935,203.29997766547092,3.40322098697581,-105.904606560122,23.14614401963662
0.8676253135788762,160.46477005515177,2.337024592041729,0.07738118232051812,doppelwandig,11.115067056010895,0.7999044685127041,Formluft,49.96380369391772,211.86012571519927,2.4404019231586194,82.1133264643159,18.164777632522846
1.0993461783383573,179.59404882916883,2.731053240209688,0.1500671380371481,einwandig,12.374387829781467,0.3881232927749283,Formluft,55.52154748805563,219.3940630104876,3.0341613867583668,96.75215814850675,18.469120580525757
1.282772493201466,203.95874008873886,2.6252287582663993,0.2333803969439992,einwandig,9.536377472645569,0.4961357659596845,Vakuum,51.41617018887683,212.3021179721523,2.877078542730731,-87.08400516889907,18.84686645085284
0.7828818866551992,159.5628143375404,2.4194980474467402,0.09092576537971463,doppelwandig,10.090747801273722,0.9286421875884774,Formluft,43.882154360279465,205.9267292802961,2.6315977560012875,85.99770483911816,16.203897294450876
0.5020923759936271,226.76364324370405,2.746424512613668,0.1916309175089283,doppelwandig,8.79698048874042,0.816820834797082,Vakuum,48.82157595233424,206.02736838599697,2.979426628597394,-133.24853014186783,25.548779607414488
0.3,222.9077541219581,2.7060722070830425,0.21795974546893077,einwandig,10.53168511782035,0.9506216623487138,Vakuum,52.94489337705919,213.38498078322405,3.043499896173532,-116.61433690979534,14.168696167734552
0.7535422924687671,315.0,3.4183736324679046,0.13869840180984555,doppelwandig,4.828060051249983,0.9172833393728423,Vakuum,54.3260018831002,218.40477873349693,3.9122119595595395,-183.18067124168144,19.09215243121755
0.5374117809379347,101.50662189290911,1.502973633074626,0.25799556855065026,einwandig,14.0,0.5188055953827188,Formluft,46.828687949572576,197.4630567402153,1.9083680817973767,56.62400557991553,18.4290824982408
0.6169285479640629,102.32136055982208,2.0116347234706136,0.17766454626167844,doppelwandig,12.329980002608309,0.7426642041367255,Formluft,43.66608653003083,199.30860296979387,2.2734840994954704,70.37975704171997,18.99717275713194
0.5775806401880383,153.81661303735,2.1342880384280978,0.2067487099851275,einwandig,9.28453612584315,0.5650869746852413,Formluft,37.0552325323095,199.07498032646458,2.374749604137853,87.90110637823986,21.67319551140957
0.6718418227167229,313.0193502542532,3.383938985070746,0.08521819917619468,einwandig,9.42321656644106,0.7879730321382767,Vakuum,64.5105464885862,212.10330942575797,3.839008189136848,-202.63269990642343,18.51370301996434
0.9131960461575287,236.0009716834817,2.7110120212259523,0.055790043633167266,einwandig,6.009713897689675,0.5439199151556391,Vakuum,48.294430236844235,209.67284134056572,3.0140060644801183,-124.4875848361914,22.863780491910486
0.7314097134890689,190.74165601067943,2.495279332604993,0.06268714270624658,doppelwandig,9.121038405729845,0.3009221603160414,Formluft,44.961387991265696,204.20070884415819,2.74115157163698,106.16606907022428,18.19117032237313
0.6682730325922623,244.38717174047468,3.219621220507759,0.275980037049554,einwandig,7.746970575917804,0.3657567506202498,Vakuum,48.368491280415704,208.43347941762468,3.8204970843881068,-173.54277757143342,20.147500202338318
0.4928692494348376,163.343345836651,2.6208135943166155,0.2706605960620628,einwandig,14.0,0.8397086283559416,Formluft,52.986085928879525,204.53490848659436,2.6466052835159024,100.21137883685921,18.453380999287916
0.36506341105912854,112.49311924964177,1.6508149226268218,0.25189785979046064,einwandig,10.81763048148007,0.35880367134058266,Formluft,41.511140436668036,203.02019773247088,1.7473719137359258,59.87974271582249,24.263580233635913
0.6027384181853338,315.0,3.466832800603558,0.0999030228087152,doppelwandig,3.0,0.7195958782681696,Vakuum,47.89394386689831,206.55396269051505,4.02085084689599,-181.067951747197,23.21075806175651
0.6892434898363359,157.51871167878042,2.1049960279161883,0.1813646629873758,einwandig,9.898401977472206,0.9004449586514345,Formluft,44.89417312569245,198.06311231399204,2.441954146439853,87.19039517245513,18.25443536220263
1.0535859827159766,220.41588206025833,2.9115777176637945,0.24902927513709333,einwandig,10.400703643303098,0.8187708657894788,Vakuum,53.724694490569675,211.7847576429025,3.418071234367995,-87.6689797620804,20.12719106116451
0.7260549042945771,51.157511098563766,1.4522491208825992,0.21866729531394347,einwandig,14.0,0.5894071563736785,Formluft,41.91304407638495,198.45765917123455,1.1581928311191618,53.87651382373073,17.660534565243882
0.8965479022046114,53.09669719428308,1.3292881784472894,0.0788802984189844,einwandig,14.0,0.44602295070520703,Formluft,39.23854232411299,208.10897350453408,1.1603117945992236,48.42080159210142,14.328438187453656
0.6001408802921695,139.85630115397117,2.1297363713204223,0.27388529995310595,einwandig,14.0,0.9457762414192794,Formluft,43.898727883778065,206.19274870098283,2.2440337954186145,79.73629378798475,19.62015785098081
0.463011246716595,84.84817540231114,1.607172610007333,0.09017059819449057,einwandig,13.254640802772526,0.6964797772495419,Formluft,42.79624807419265,204.28004887856372,1.4969768675282,26.362802506912374,17.84430501132109
0.5069766475535256,146.0731444447677,2.4107220697143763,0.09294892335333386,doppelwandig,9.565340453731253,0.583794041486939,Formluft,37.67437670603256,203.87358201834905,2.767981274793581,69.63209551591032,19.060278965768088
0.5549547870928493,102.25854265271012,1.9001122684740868,0.27525215729267705,einwandig,14.0,0.9594403893162948,Formluft,42.921153598973184,192.89286692974835,1.9859069907027662,46.37029797472245,23.735773286203436
1.1256939464870328,315.0,3.620473513137466,0.171154234773629,einwandig,6.387872899347537,0.4505124207103376,Vakuum,53.24586202656541,214.07190749450126,4.09941790618427,-202.79214192555958,17.410275675116583
0.5357226641551227,211.4568089898733,2.2916168502140515,0.1432229564891167,einwandig,8.397265302823957,0.609597310717535,Vakuum,49.97149672409183,200.1385783011472,2.523248862464861,-79.86661053800972,19.8729987444285
0.867697840747269,256.7422494154635,3.0439196934993866,0.18841418557451411,einwandig,7.747296160305271,0.3760519964144544,Vakuum,49.49569983023036,217.6800543234084,3.3882303592653873,-147.710529722448,18.04877544085973
0.5194145643825947,55.41765924740781,1.7558229178381177,0.29534933320802786,einwandig,11.109982041021187,0.3874161826296767,Formluft,37.64606047057092,200.64614708570824,1.4961479426042616,48.067164566519686,14.568020849925004
0.8863146025748487,189.44308622910788,2.714464050338366,0.07990761381026072,doppelwandig,9.333882661930351,0.5790173791977846,Formluft,44.060387646322056,209.46114832617667,2.7646975797329674,93.66746484114795,18.572237008594215
0.7769901932211726,118.6166029022336,1.6718693853298232,0.2392372121980163,einwandig,11.568368267487328,0.7897622491895693,Formluft,37.016423752516204,199.91949400850143,1.5412732019812985,70.17773312781357,19.66088231074791
0.6686724204683818,259.3225070825872,3.0275661817581585,0.1335814655610319,einwandig,9.978250534559557,0.5372257609079283,Vakuum,56.035797116088474,209.24402402794829,3.1500893017973737,-194.47058974824245,16.071527616956566
0.6918474947729132,175.76280161800838,2.225874493056259,0.07926231771190594,doppelwandig,9.829753289347753,0.7827185808221014,Formluft,42.801374331151855,201.2818709886989,2.5005050858372977,81.51567943068213,19.977059121966086
0.5690424609141218,126.73060201288651,2.270510050157523,0.15548333883823467,einwandig,9.296816466000807,0.8636333284766748,Formluft,43.89168252141953,204.61869179199854,2.388085990284447,66.66679359790369,20.017623264577793
0.7892144402964161,75.17194014829347,1.6380172635277341,0.18718821943131775,einwandig,9.913157185779262,0.9143045402573353,Formluft,32.82568081963004,200.11938107508786,1.761968628024115,26.205581467390083,20.168306917638866
0.609003303931844,138.56923266900128,1.993384527392295,0.10149040943203673,einwandig,11.954908678321202,0.3313036528376158,Formluft,49.60975623427878,207.36519138990766,2.0910586353651146,84.33260455342261,19.227073372177635
0.4548788472465503,227.43960396715352,2.8246405232683465,0.15131736477415064,einwandig,9.459261607759611,0.841612158481164,Vakuum,51.40169632084678,207.77374005057877,3.3100752029602094,-100.19216687445763,19.170678982727107
0.44441248513607606,267.22038412400985,2.7466582436318063,0.20891900636807265,einwandig,7.210864974473417,0.40299948555681264,Vakuum,54.11455004214982,211.35267450600549,3.28602876929562,-145.37047503546833,18.433765076479112
0.7345175835444239,109.1501808500226,1.7104572512816942,0.19411200493005554,doppelwandig,11.336332557765294,0.7887836053095338,Formluft,39.91534069564254,204.32011686130988,1.7250035585904002,47.64435172362077,20.044896965224197
1.015818251282087,315.0,3.5254665588739464,0.23079014851371266,einwandig,7.90197386559834,0.5601637259200012,Vakuum,67.15499909643033,224.7447101437645,3.9041262271640407,-177.05159745817627,15.703288855944205
0.7319983227146876,218.32926648646657,2.8734854371597307,0.2591011332343503,einwandig,12.32286084521703,0.7954553083864032,Vakuum,52.93412905941517,212.55428460663498,3.1896872356737758,-107.67955898549887,22.553094731578163
0.6762723347780234,85.55959347832743,1.3932796297370182,0.15228508294234344,einwandig,11.300720994753839,0.4496769711555978,Formluft,29.451831485251276,195.6099479302339,1.5297490153783457,42.87309006448353,22.948376787157848
0.7571652279205086,77.87471388918998,1.5658244149581555,0.15574181886555688,einwandig,13.230937825201115,0.7514935032306966,Formluft,41.94124594696396,204.09759834864604,1.5360010861132856,53.38764907230786,16.445234799549883
0.9612003483413649,122.13902115769126,2.1285650300393533,0.17417303361378828,einwandig,13.863065279068365,0.3878598609433584,Formluft,44.53537981376247,208.00956147432655,2.2095202801508393,59.781995360199694,12.533402031414008
0.7438765002727712,109.02532149637013,1.6544845733149702,0.19158834459532587,einwandig,10.722138382196247,0.41882188335976483,Formluft,40.995788481668555,201.92428774537717,1.465615454387864,67.53396397828575,17.91633561154622
0.6178145538332525,163.9876699283141,2.346278784644139,0.07708066855947292,einwandig,10.869044022665536,0.7301233476151917,Formluft,47.03486642638197,204.66113897942716,2.4201873213973712,74.48262340995197,14.15754442165078
0.9212577420119777,131.6483836280094,2.0630832444899756,0.12815883854869353,doppelwandig,11.632799203124431,0.5357400441552524,Formluft,43.14863548091889,210.20636637551544,2.0203596676477407,82.17469729911132,18.345148483319335
0.7857512876923227,113.27090734588033,2.163324306820533,0.09297294884425607,doppelwandig,9.545636846265953,0.7926446511796659,Formluft,37.553809254790444,204.45466934135086,2.2707341252675604,61.28582963012128,18.72344435270858
1.0071511983991983,65.60830995124908,1.490346050643247,0.1464631905860329,einwandig,13.696789840750018,0.7796116047818811,Formluft,41.754964824836115,208.41756778431412,1.318175728573046,33.153271279600666,14.606150870075288
0.7366468874443812,178.46487632527376,2.4019789208459295,0.29333851814350914,einwandig,10.601467449077019,0.7351437931785548,Formluft,47.41462346342097,206.89047472152404,2.595117015163723,107.36278669099127,19.54222397602353
0.4551061936558999,63.83213633036176,1.6389010536175974,0.19568273917024492,einwandig,14.0,0.8113783788640223,Formluft,40.40157857631945,202.20744919665916,1.616794493472282,49.193374126683274,16.885546387291477
0.4263681601508669,218.6979778125394,2.5506315222929135,0.1573453799801366,einwandig,7.158777605365091,0.8557546684645647,Vakuum,45.63611340636608,206.84405601562446,2.859770903051312,-80.02080659320848,20.82664074545863
1.03018558644625,56.92061541470452,1.4222324423350075,0.19148422380592722,einwandig,13.596925385154837,0.9379962977302767,Formluft,44.19008938521176,202.20138032361064,1.4533699516287208,28.329519278213958,17.315659540191366
1.0447331441566594,62.69674112498151,1.4332151773737756,0.21726913885679483,einwandig,14.0,0.3563610806372321,Formluft,44.65241147597915,204.49090945986535,1.370067684783972,53.31690177660533,17.296547707099542
0.6640961573434798,85.39844867525294,1.6623508174962585,0.15873836582260026,doppelwandig,14.0,0.7000843103449148,Formluft,39.030540569403776,196.990559998457,1.6324136355005903,69.37662172774712,21.84109991959351
0.6233625357728024,104.65461284356319,1.9644978700929312,0.16192745106322182,einwandig,14.0,0.8241437835342806,Formluft,45.7661799612662,198.21468394952538,2.076542444463843,52.02587111194411,20.70916453493982
0.9922888584484404,95.29191010084472,1.8454595035690835,0.22535028234542714,einwandig,10.263559236178397,0.45185901966891406,Formluft,35.46578188083801,214.29091318911574,2.079974656409912,66.9947972088476,19.69792181451255
0.4785908635913023,104.45128899545554,1.7233079656843429,0.06521564580142532,einwandig,13.290823139200866,0.4845348000838621,Formluft,40.721924382307854,205.94800880728033,1.791649591257672,68.65904933225815,17.874949555610563
0.5210545962088347,147.49999745516988,2.2005048601404407,0.18502014207208606,einwandig,10.346206913698525,0.48687504103479456,Formluft,34.72811857080965,203.97632583825526,2.1708580418805035,56.09772342612372,15.101373218434139
0.8286653589378088,86.21622069195796,1.9132960076507421,0.18683195305442535,einwandig,13.412395668960894,0.7006330800321627,Formluft,41.51190238025658,204.93052720329425,1.705501819771108,56.834728287003806,15.805494805597048
0.621078975428082,148.17263582649937,2.060676231792399,0.23918806528209524,einwandig,9.75125069278367,0.5563193979259617,Formluft,42.58700076155376,200.76476369345025,2.1350039573183266,77.92610079821384,16.62926891811264
0.6989756266559857,51.27883523796076,1.432005698963238,0.29566118808416453,doppelwandig,10.29108223534638,0.7662663180851192,Formluft,36.745111551730034,194.6063190612265,1.1501772380621567,41.80027254400622,23.473841640599872
0.6673114202950975,84.88846917701949,1.6501336518753615,0.24893869669670204,doppelwandig,12.188753793174847,0.7271677773775553,Formluft,43.268676908388855,200.84410135386094,1.2443034783547726,47.897994835439825,18.978466574987753
0.7675149097597866,61.779411545761874,1.4847845399905786,0.175947153162617,doppelwandig,14.0,0.759978283172134,Formluft,42.08902714593917,198.91693150269506,1.3803322220351184,32.15646351274771,21.291564959391728
0.9814963722627433,217.39151695152876,2.4945334922748197,0.09236329490179464,einwandig,10.141211587159404,0.4766223317664584,Vakuum,54.554864283580585,215.90115181667758,2.7088644442752887,-106.18923361621219,18.487459811527202
0.7181169813803491,91.01779679755921,1.9397568025273044,0.19706524290829264,einwandig,13.530450799889726,0.8371599630760977,Formluft,45.83208802011008,203.86471913801688,2.1564256810489444,49.60585867082841,17.24181073603668
0.8287877586553716,172.86886016044338,2.2667980961503194,0.25857472167817147,einwandig,11.110979141947672,0.7648248855380857,Formluft,50.20682572162629,211.92057550637105,2.3918038779525905,93.66666806650518,20.555129267068594
0.3,58.66642536345691,1.623242198430685,0.28310351591133315,einwandig,14.0,0.3914547288420156,Formluft,44.39424289826123,197.75027030331466,1.6867182466167747,49.02898571845248,20.92289855595685
0.6902563196139764,264.8640257003419,3.0257057143956088,0.25632759487352513,einwandig,9.437422875664856,0.4401209966863464,Vakuum,52.962305797366945,203.81758057542757,3.447375374171212,-179.18573016226185,19.756069413715498
0.5313539459414257,135.35984403151315,1.989053054467741,0.09724215159064088,doppelwandig,11.066641041302933,0.5106756024145256,Formluft,42.70089267138909,200.79409534810884,2.1113871984848975,82.02261506882442,20.474822564096304
0.45623738791527435,127.96909583183884,2.205721254224531,0.22814396608733284,einwandig,11.966553727043262,0.9552290554871117,Formluft,43.010197732987585,201.9906611351965,2.2307281366157667,59.41769938182817,21.879651464077824
0.5243695266142498,65.86636399739666,1.6760136025008618,0.27003873687146085,einwandig,14.0,0.5284449045229633,Formluft,39.44956324147119,199.3178581195451,2.0433955730713587,66.4989791585099,19.40519275692719
0.6331753118598376,80.65858488123126,1.6765685638944474,0.2202542416567438,einwandig,13.267597435971496,0.31391535786572344,Formluft,41.10582296403403,198.27191762113887,1.5155372142401629,60.881980162985,17.582915961242104
0.8831805084712026,114.94890575042292,2.0337638284743313,0.22143801023205378,einwandig,12.211404349147264,0.3991380163611949,Formluft,48.67212512919536,204.88890675991283,2.121291404333077,68.52059654923359,15.333646662183849
0.43472145645208715,81.89548511904965,1.611880963913937,0.1750405715627697,einwandig,13.158381886476556,0.322520276555569,Formluft,44.19857919595946,196.41585117146946,1.523153405831772,78.85884797727063,18.984660410012843
0.7061262985188834,206.27755660959195,2.648965308718902,0.20924405553137626,einwandig,9.407244048127762,0.5819874709002516,Vakuum,53.35571827244111,202.34880099611337,2.8886625536796937,-130.3741834012253,18.46148278617733
0.6031661133332843,133.38483478854357,1.9678350194387757,0.12359517980575528,einwandig,10.794667202844805,0.8580073806787927,Formluft,43.202796311044786,202.31696322916912,2.113985014089677,41.53345671216699,19.72264718546718
0.6344653811276078,82.30493686447159,1.7940492373108117,0.0722025216964363,einwandig,13.359733627119073,0.6153050464123023,Formluft,41.55450414613246,203.80938658155372,1.776138140707938,26.51854608727151,16.48434341731784
0.9005515650609208,190.11544183826484,2.4169115350310157,0.2569287261863501,doppelwandig,9.235683550125076,0.8872958943552025,Formluft,49.173195461102544,207.69103053673044,2.35583133685335,108.47928190753345,17.865614188956812
0.8076230874007851,107.93338941085895,2.0862405670275495,0.28578607684787893,einwandig,12.010635405774096,0.3332705249525162,Formluft,43.86730176105412,199.31027075391356,2.050681947818512,75.43973300770907,22.08485032008547
0.9674796214885487,185.70163263877942,2.438237935862262,0.26420558384423604,einwandig,8.77642977097794,0.6288060049013346,Formluft,47.37610559965033,213.69533722633167,2.7574540081969405,92.18890919284298,21.081045731365627
0.6690988641500198,100.2098123926095,1.8047547837433262,0.13347838844520077,einwandig,12.710778299253398,0.8509527604905947,Formluft,49.85978226918242,209.61939781364484,1.6396668206674738,32.177221459275124,14.779451699342477
0.5608114776658594,166.85528081461527,2.4486514496150726,0.07338253782698208,einwandig,11.997007867986673,0.7723055523577653,Formluft,51.374812044643235,203.67727341359543,2.8057397417495102,82.33656786633463,17.542066863572998
0.6552282366239001,106.20333901253426,1.8532063752787113,0.12003459690785163,einwandig,11.921086804864814,0.8969778759983269,Formluft,39.84102321293788,197.4350844941566,1.9040060661494362,47.090579502284804,19.42495463856498
0.7484993582542443,206.31548845529903,2.6058376604995956,0.260708843952475,einwandig,5.825355914838892,0.49168430673670255,Vakuum,41.131769213559735,205.2918375505469,2.938704074599474,-114.58106705739424,21.704685409433154
0.7353146716907422,59.01397173071646,1.467608256674461,0.213953626908304,einwandig,14.0,0.650595557401634,Formluft,42.80725038063119,202.662846983756,1.2405439548299977,40.64939252556392,18.341244559402934
0.48312238555332665,72.92415660875143,1.717466005903649,0.2916735610257343,einwandig,13.417263770300735,0.7738150048395596,Formluft,43.19331948462973,197.2725630671644,1.698738889868707,47.70327281206538,18.106495277230074
0.7180979563255748,119.84832578626887,1.859358772969645,0.13567025460927584,einwandig,10.017328955316358,0.41794296931115127,Formluft,43.34918501951748,197.1467408301065,1.8241084665493759,78.82111025230299,22.076183461235775
0.745645666027781,92.77801829641024,1.7232885952802923,0.18786803007291059,einwandig,14.0,0.8710647002739258,Formluft,45.89601320757086,207.5045426683159,1.7642544936514226,60.16909559625816,15.357864851741034
1.2034948075067842,104.72325938285982,1.8393290841634997,0.247509555409557,einwandig,9.58506811399681,0.518029035553681,Formluft,34.69963402630606,207.1451299933226,1.6075322771736544,67.91851878792471,17.84974862544188
1.075368922256334,176.6241084145786,2.542680646645777,0.10849798568295309,doppelwandig,12.675212520284472,0.3653151127409863,Formluft,56.62032834908133,219.69302045598639,2.5612235506225747,98.96482891735883,11.989102310035094
0.529351329888236,103.72396261319604,1.814814894824853,0.29102249366491645,einwandig,12.292167695375673,0.8359909034773723,Formluft,46.60141563206178,201.79477218428335,2.2447552405284563,38.9903748877701,20.9332420260984
0.6425233276901647,150.8046245401056,2.477681860494903,0.19809941812295373,einwandig,6.6921542357426995,0.7935125858123862,Formluft,36.98557810815163,207.48261679127205,2.7185826259331973,76.93673388075442,22.032857135274167
0.40731159963259933,84.64261051816399,1.6536600974880478,0.0519743908299133,einwandig,13.240593911572375,0.9185758272991074,Formluft,43.089673256898166,197.59600820298957,1.723939529182781,54.14355447773967,19.993536933500177
0.5818585972073027,55.775516755425194,1.4105515882826096,0.0562883189070031,einwandig,12.793227344932497,0.9244523218059868,Formluft,38.278286465440104,195.81931144769624,1.3946325869851002,40.45858040065239,21.3570141562724
0.7631210007180681,185.11135837166412,2.4552360487306535,0.2705540041003988,einwandig,9.258517457062124,0.49496804920710424,Formluft,45.7640680779656,204.7623135355001,2.8782769415789615,115.24511744259198,21.868894412431953
0.9411707241776467,297.49181105906894,3.18243827417385,0.21132038194026936,einwandig,6.0872532006108395,0.7489539426524738,Vakuum,51.1785192731845,221.38883660606731,3.4850098168549257,-189.16327034335882,18.51359309417562
0.5541832324512782,143.09035350953525,1.9892138010624794,0.2407681297659655,einwandig,11.168309580541875,0.9993860973203943,Formluft,46.99723748595437,202.5415418569377,2.263407934602613,54.204915697159464,20.63168619880629
0.5691707119864406,122.98319196895689,1.9042655022907913,0.24600400023922703,doppelwandig,10.955042838441795,0.47066458392275046,Formluft,38.00109861076828,206.4609668187364,1.5942841568383157,76.27178341474468,17.213626739431632
0.3,135.75857093198204,2.256443044783376,0.1551149440626941,einwandig,7.892655240323679,0.6310136679910326,Formluft,36.71167676797047,195.07770886085052,2.4205344232188533,69.8489726263048,19.22712677790303
0.6674668158910184,245.36809772487607,2.9579758728947074,0.24965281153557545,doppelwandig,11.409933330232509,0.937116455248356,Vakuum,63.11752473289989,207.19588265681256,3.2135407003829513,-128.170605786102,16.006943468283566
0.48751711762808736,143.9354284774987,2.078786799377634,0.28438311120313453,doppelwandig,10.912898976138923,0.3721557490686174,Formluft,46.16450096969382,205.06470456576776,2.1248322179409906,82.41872489272568,23.35624681629225
0.5941121145267851,189.7592662743445,2.702054342035745,0.09304277694240541,einwandig,8.792148311384862,0.9497749282893364,Formluft,47.74645001386433,202.91177120157263,3.012724124905704,105.38131178492911,19.60374470879406
0.5246278443664822,185.44074663654283,2.7162025430261822,0.24103409988550517,einwandig,8.107133968995766,0.6417089161932433,Formluft,43.96213752449313,204.58583431143052,2.933068019144106,89.43464063619287,23.571494748736033
0.6811474891494885,215.48136320752775,2.912158274796386,0.12694800190389127,einwandig,11.154430054717649,0.9251285520004011,Vakuum,49.25164457734392,208.5939791231602,3.1485194461976556,-122.09381931716847,18.715623428781363
0.3484543217286737,121.71542191912101,1.8457598757676945,0.13037325076346346,doppelwandig,9.360250513828925,0.734959987578816,Formluft,40.69715130493197,198.9994581436878,1.8612385680859451,77.83716539753134,20.75407607615972
0.4065909509218018,99.60847007291103,1.7225804675542398,0.15318871275909657,einwandig,12.777762851893156,0.7700048829161548,Formluft,44.44970683131394,205.97046803252806,1.730999873040522,89.01542047445884,15.383468872656795
1.1258494224056597,167.7988945480148,2.614451566931326,0.2659298799770214,einwandig,9.637729632552468,0.8410900259995953,Formluft,47.866308079761914,212.20616989480266,2.336132871578239,88.14915728384554,15.832417600885805
0.4425154837451937,207.52770148643805,2.6963925656915078,0.055514016827512294,einwandig,8.760968141714384,0.3469952643889176,Vakuum,47.49522552985269,204.62522129914782,2.9561354663219284,-116.1656169756766,19.423372970162923
0.480642884309072,228.3133796975328,2.786362977845851,0.158481551702566,doppelwandig,7.085046445609881,0.7394378373277476,Vakuum,46.92465640227538,203.67407392284346,2.9139775908545382,-129.89140181336236,20.49281767963108
1.0673827056642629,261.58868259606766,3.200461654968167,0.22001191239231765,einwandig,7.219644070054989,0.9467560713403012,Vakuum,54.090269358793414,217.49170112561538,3.677709591352754,-127.1453093423788,18.469287852750085
1.2810134338480812,197.8542805163235,2.7339291042343046,0.0776038645706305,einwandig,10.071267770105628,0.9692866067719699,Formluft,46.09724802374087,215.2664680636507,2.8939867303126494,86.89797010446445,14.905407272020089
0.4656866742349316,97.18206839796034,1.6917391115444431,0.2480633992543541,einwandig,13.041072742748979,0.977825010802347,Formluft,45.57498961056075,198.74007835455828,1.889702530623992,48.466851646994634,17.63245903195875
0.6263502086423939,143.00612748344926,2.176965013660584,0.28547564947433823,einwandig,9.853661850347812,0.7520830154875559,Formluft,42.41655678551581,206.54976052850947,2.0577117847568034,81.78255008252549,20.60508374641203
0.7683111101881018,136.8397321244987,2.2337018673785485,0.07273370526924465,doppelwandig,11.397137892012704,0.7433007936874054,Formluft,45.81472443178201,204.48973267480744,2.406458107760503,66.71975765943951,22.60592042274645
1.0457395288811184,129.67705793239037,1.863373391565145,0.08823703445771953,doppelwandig,13.534982413631084,0.6867255467441056,Formluft,54.84731371398613,213.44043627624941,1.8014871683010423,50.815919012951966,15.310462674113227
0.5026285843143524,167.9702924439856,2.345614158165806,0.29352430623655074,einwandig,7.4754855750022156,0.7252873514061824,Formluft,40.79656717937409,196.29832684832158,2.5883345169844816,69.93388720341413,23.413255296004586
0.650944430811578,116.44919156928046,1.7644350845966363,0.0994639101964354,einwandig,12.07623226358427,0.7284825512682125,Formluft,44.1290541260388,206.40122232117358,1.793244511765959,87.30772314501219,17.28876081702109
0.8554675152123488,116.52911978563858,1.784695883746087,0.06973491892580112,doppelwandig,10.18520411455469,0.32968578796518205,Formluft,40.406749210458564,201.2147440783097,1.6602041023877805,73.71477962253763,19.712439989494822
0.7869532148933237,307.4180095142691,3.374879064492107,0.28804813409897506,einwandig,5.20918141791021,0.3622099001533946,Vakuum,48.33011962198728,214.40344044939096,3.575201482657689,-182.379897277373,18.578653835190618
0.6247687857539801,124.76859845476906,2.069716718320073,0.27315567745236724,einwandig,12.402808064626974,0.7335916002349745,Formluft,47.131683132862,208.72107924427345,2.2704684560210455,61.95554872138475,16.098861067168585
0.6732354070967917,214.66387970140977,2.669007643315558,0.2139313681832828,einwandig,8.542900070129637,0.5199515010269397,Vakuum,42.12340688618093,207.17066664345344,3.0100044036574465,-119.87588171361402,20.40698966338585
0.42502083832600357,221.22100620451042,2.672505330890823,0.1878577318218883,einwandig,7.035868592417039,0.5109978395069306,Vakuum,49.4834840162309,209.57858561677756,2.7866549263259954,-143.53694185789902,20.694786969258004
0.6523652512050669,144.95937038777225,2.167408147600922,0.2798081740756926,doppelwandig,14.0,0.4354084475204788,Formluft,48.52028529939879,200.6727095917143,2.4853641552678356,108.74303851675486,17.545245983732354
0.6467225019982089,118.69533987471036,1.7775183097577185,0.21388001877785567,einwandig,13.8727955317959,0.860748978603862,Formluft,44.99973790785449,202.69785356787193,1.7734486796646982,80.82386609319136,16.375819332911774
0.7464339779252511,86.06274809139029,1.752822467406209,0.2145991648287675,einwandig,8.983819384996904,0.9750299526044408,Formluft,34.38307018287171,197.41316061742737,1.5431201793024214,59.57446931698736,20.3548765480939
0.5889345562361967,63.5360506088059,1.6779964191641938,0.2609213910504882,einwandig,10.462742478775716,0.739430602237645,Formluft,30.479827656164424,193.5849611002592,1.5592072369051775,41.686943811190396,23.05615497771703
0.7943077045090278,174.09336414082816,2.3808663069784237,0.2133114193231052,einwandig,11.83458003911666,0.9617939269244953,Formluft,49.85737559076532,201.70340007615897,2.3129376544683367,67.77873516458777,17.141559085123838
0.9025431635639657,156.6441567982445,2.2227559053909247,0.17591922175941938,doppelwandig,10.514148413968949,0.9187189095572712,Formluft,42.43513073737846,206.85599001688107,2.207774965493565,75.17428980851594,16.042174010677964
0.7310858655336931,187.31342901376567,2.554523485092461,0.147430374474612,einwandig,13.318313563365773,0.45254888490312184,Formluft,50.58257475575606,211.65708640942273,2.6749821093872175,99.47442420183137,16.297690776893933
0.7703512816798407,102.46962651573779,1.5154865993011706,0.17578347319781018,einwandig,13.670932134188575,0.40746813082380995,Formluft,44.248719656732185,208.83685912397377,1.5875671735190422,65.77048430214103,16.058174336765607
0.7106310695155734,315.0,3.60052261848968,0.1806196622717986,einwandig,7.723931047707996,0.4481107498700293,Vakuum,63.373627219851635,211.31338905452355,4.150523979321569,-186.431609121022,18.253816272734973
0.7000168786182828,163.62693743054805,2.774298370006114,0.14020797027956294,einwandig,8.865601180585424,0.3673465687059024,Formluft,45.760039957902805,203.40373210086028,3.0779602071166683,94.01593636451928,21.79961156496485
0.5556883932914305,122.5198000256073,1.9617569670376505,0.1620296022450865,einwandig,12.91988558908876,0.708015416890871,Formluft,44.32683275306402,198.89291068847612,2.1566700582600618,70.15252127964634,18.95305037427725
0.7632988523346615,54.96169691152216,1.4218248202347277,0.2504679832158803,einwandig,11.074429667711012,0.497855029986294,Formluft,34.038224223738695,195.8794265185039,1.027047765874154,70.07951681346158,19.30248871099127
0.680542680317302,107.73408895389771,1.9734137616461342,0.15412834216897198,doppelwandig,14.0,0.9390416863260007,Formluft,44.499119915758705,201.74988456123398,1.823751308180867,60.48667477897519,18.188182597897356
1.118633661786119,191.9131061604584,2.7821047495133615,0.05638994165885734,doppelwandig,11.046449524025023,0.729385441259065,Formluft,47.33049303217508,211.7940434831342,3.0011749623509933,77.67186814069586,15.343464933129397
1.0146709804950484,257.9587378770119,3.2099150796812155,0.12075483044346229,einwandig,6.901370399559516,0.5517273890381119,Vakuum,48.23592127966746,211.67550846157346,3.3965824345789897,-150.9940746660311,20.827805987892866
0.7771693105113001,131.86367234070923,1.7315683469381413,0.10793546602292454,einwandig,13.312763047746898,0.9892484423750671,Formluft,48.580679809927894,200.51611465914357,1.7674079645320502,68.93518983496014,18.514052695770452
0.5473885580610465,280.70088212702854,3.3301168826656404,0.24839550295799212,einwandig,12.465527725096957,0.9672361471243092,Vakuum,61.93115716335669,215.9353590072005,3.85267487452558,-136.13334644768148,12.770343257285171
0.47751770560331636,83.39187019029951,2.0529244833086473,0.1623232646179522,einwandig,12.47996904562361,0.8450306647164401,Formluft,40.28905209394445,199.17633197096114,2.2788695141938775,41.58985866000832,19.558174466105672
0.938228590617773,159.0233897679555,2.3655532751575636,0.12007763575878329,einwandig,12.125241635183698,0.8541785728077442,Formluft,45.84622934613628,209.63530699573406,2.511977977026167,94.43811914403808,15.029420127578485
0.7525498450294277,161.2877198000749,2.1171114714098374,0.25267622096040615,doppelwandig,10.104148365616124,0.9840890920671428,Formluft,47.917303680707626,208.33089475674257,2.0908162579929,97.13195130029186,20.37560104070947
0.7960286806783221,174.80682800950234,2.4407290677388107,0.054804201139153005,doppelwandig,10.800533734999131,0.7203193558479721,Formluft,50.33477660901463,210.66802213548334,2.4647541248417406,80.10558498224151,16.96529273004597
0.3510828026051614,140.75524192452735,1.933938847695059,0.0935627106828044,einwandig,8.466649831823922,0.9160138945322982,Formluft,44.80050290796489,200.73554428754008,1.9627918611003132,74.93501014976512,22.217879984559822
0.8854876963116362,154.6893441715494,2.4224353067627247,0.25673870484895,doppelwandig,11.131707368699535,0.3453794056099935,Formluft,50.684614211663224,205.4089595322969,2.7257492611113396,95.77479662004335,16.971902295978644
0.7908840676428726,82.58634765531988,1.5173083930383702,0.18766293191510064,einwandig,13.022495968278227,0.6878437636180256,Formluft,38.585929747235035,207.74932577642474,1.6092771571160878,35.786648272207074,16.37584689616456
0.4779138631171044,244.7766450868481,2.9693497058985883,0.24341244364487008,einwandig,12.478579426518294,0.6517614376278272,Vakuum,57.25478499727167,211.2359336675859,3.334967319125447,-134.9795830592122,17.113820634643385
0.6056950385100102,203.67601230137078,2.500741098112189,0.2595440036905194,einwandig,6.31809346705903,0.3264067035545943,Vakuum,44.867791230849306,201.60374736271297,2.4904592538475985,-119.68826004700853,21.343896087908256
0.7527434408713038,151.67192343847944,2.131408178875637,0.2854908721471349,einwandig,10.646434995822455,0.3608663897268931,Formluft,42.70523564358373,201.1257865541676,2.3966515364082337,88.84435360078031,17.683436314621293
0.7104933596712487,206.1646710543734,2.8722399653140616,0.0658561498258345,einwandig,12.422117659302737,0.3152872468118112,Vakuum,55.80529692182017,217.77212761686224,3.1244954124421316,-117.23097659191426,16.175381081445238
0.641565762839289,248.94827426001495,3.0071047688141745,0.24980868582461802,doppelwandig,8.292750151902112,0.5058105031405125,Vakuum,51.76209458069257,208.48077783438248,3.201090621322649,-137.20651889063154,19.605030582741648
0.6793023463868078,173.51665961570953,2.304252905866818,0.2271915370549587,einwandig,10.319400443637265,0.3374578606613935,Formluft,50.14683102351029,203.99399406212606,2.4563912339052605,119.8094382894057,16.72659894318177
0.6496045243586229,315.0,3.3482158043669914,0.1017564001691398,einwandig,5.458481950235652,0.5962117793325611,Vakuum,58.46105304728864,211.21206115053081,3.845574250907313,-182.77036443644985,18.919752203797863
0.7305125024204937,180.90393680386518,2.166476271471006,0.28292556658503076,einwandig,8.612190819377854,0.8689224879610422,Formluft,44.29122985389939,207.6005241083192,2.2412482649618086,86.52641674016346,17.239954063713444
0.9942983945986315,87.89218555100253,1.5154453893796171,0.151050470076598,doppelwandig,9.150987829558632,0.7296808659055378,Formluft,29.530489884396296,199.67866768249837,1.3257879602851594,63.70211223054098,19.68608281864383
0.3,147.90195761235168,2.2000095471154704,0.27190263186370106,einwandig,10.0440205644029,0.7716529386076443,Formluft,46.858577768880316,200.8862868307574,2.4264584125472792,74.0733967884241,19.012710821826843
0.6526299470980631,210.37196015673203,2.8300107465622557,0.20127842616623137,doppelwandig,7.761990885857452,0.3220546809767451,Vakuum,45.38293701342771,215.36221146132647,3.119361749211884,-108.52775132066745,17.006185194265168
0.7353024842744893,249.0765789571481,2.9085599077938546,0.18168698663523913,doppelwandig,9.009163193385445,0.887668452179107,Vakuum,54.035250316879996,204.6567182054705,2.9292681500089577,-113.7565412099743,16.45922087700771
0.7591987979374198,142.22475273867744,2.3733795620172713,0.08988098347399485,einwandig,9.869044776685602,0.4023332655680935,Formluft,42.42111163004134,202.7279187075409,2.4662122569093228,75.42340040553033,18.71870198669541
0.625617083735742,85.02112873423172,1.57254396653962,0.2785819060718282,einwandig,11.915289811547193,0.5118556132227409,Formluft,40.80242110826519,200.69248033861933,1.4187275630062008,67.6382855132752,21.2387109826077
0.3486556435042834,117.48886125806989,1.9042091316325773,0.18916547684056156,einwandig,11.158367682432932,0.6617557264533704,Formluft,40.316562321088114,190.9527038387229,2.086469856029959,70.07524451296827,25.725669123938825
0.7655990967428219,70.8683058984277,1.4050099391368338,0.051523101374204364,doppelwandig,13.131961987958563,0.9509954017092108,Formluft,36.78573497739764,202.54094447136507,1.1851362087780533,33.220914635316376,15.539638036536676
1.045470042832837,190.50330709534674,2.6726407169479525,0.054571135267570806,einwandig,9.180372809806649,0.9987044178614237,Formluft,47.83971827817724,214.5264222216977,2.6683003540546197,95.22295728727121,19.401171485092156
0.3932277190167724,107.11928689745562,2.1715808872863303,0.24440815125451187,einwandig,10.198445647689345,0.8478624785349869,Formluft,41.69100446191144,193.07295225513002,1.8942586772746353,70.12365334089047,26.801533951408132
0.8727656027396377,93.78854486741278,1.4860358147988726,0.09048408834459741,einwandig,12.826819266210357,0.8105199566092285,Formluft,41.97328590953422,203.71697221073003,1.5038349763277272,71.03906889803548,17.475628236423283
0.6342949553754211,200.16767252753647,2.549417069925087,0.19968460890703632,einwandig,12.130774619340809,0.6693776314984221,Vakuum,53.47674289839627,208.74153714374646,2.549120290846419,-86.55261068746407,18.122948668956795
0.6877351308342305,277.6553942202074,3.4109601308191646,0.22027049048349506,doppelwandig,8.315547536076362,0.7659391365994133,Vakuum,52.72707160796725,213.184269248808,3.5773355022183013,-174.52536881957644,20.028626501003426
0.48942029785921015,93.61274421492428,1.531860125505554,0.11984139823712421,doppelwandig,11.44004051814965,0.4010969227998476,Formluft,41.367797586249075,209.9310195004856,1.5458976188153997,93.73732961879139,16.08841842786879
0.6331087655288247,142.68319612074066,2.226468155011588,0.1923284521028531,einwandig,11.186627286794234,0.48843728440239453,Formluft,47.017003923337,201.26683624474285,2.322476656281395,83.0843558346561,21.43121203251828
0.9600089189397917,119.81859060395061,2.1417695548627407,0.11006468649726868,einwandig,7.9032696941881575,0.9892500044479591,Formluft,36.28235399598212,206.3581378787301,2.2364047550140844,63.629443200844335,19.2885172053123
0.8165310483975414,255.23591961992668,3.0536216791129394,0.28657885684198764,einwandig,8.340296510424105,0.9857305162018768,Vakuum,50.71777924777651,210.60650955831545,3.4739548423974753,-131.6851937188268,20.53547660912028
1.0464623210819888,126.41801323978487,2.0938835665592985,0.26504253908729175,doppelwandig,11.038840930824433,0.5260806762639691,Formluft,43.28557464660856,206.36382502253423,2.301493617416123,50.10612606991751,21.476495791464146
0.9354823777955387,81.78411143124762,1.9184082493691221,0.12201069787436729,einwandig,11.088476498205786,0.46873400080009153,Formluft,38.27101262925441,203.3682615797478,2.075909440771766,45.512762141279865,21.632457944479142
0.7878173357859152,129.32768371051822,2.326885452799318,0.18220362273758495,doppelwandig,10.262611202573108,0.46066265237219295,Formluft,41.86908749849066,205.7632162483564,2.5502691456195423,72.1393418942597,17.987743074301072
1.0487869052335583,227.24999252734378,2.808704858263578,0.17515821428847644,einwandig,8.498281183737111,0.6394050684529397,Vakuum,47.3175221581379,212.0334982359616,3.03504035966008,-108.28755835903392,19.309401391276694
0.7877986317476597,116.52048788399571,1.8523072256770807,0.2900058144875185,einwandig,14.0,0.45663660585377386,Formluft,47.94344554160094,206.63718916879765,1.9247198918645765,75.71253521706672,15.559910864080656
0.8655976353594117,97.9138423936825,1.6453137224884056,0.1485071950459635,doppelwandig,14.0,0.753947642785486,Formluft,45.43766150179626,204.80530312820324,1.7113430571196948,63.62827411314976,14.541294389781433
0.6406858092930583,123.7104439059667,2.1362281738120403,0.19055688865539172,einwandig,10.050988579235211,0.35237386794775466,Formluft,42.193315567532146,198.52555015107254,1.9240637752913885,63.01332076370248,20.106675115489896
0.7133091631718409,82.83646162634071,1.4569253593420806,0.28217664872185927,einwandig,11.892933712854695,0.3725740556934587,Formluft,38.93883684329147,204.1732221074071,1.4034936560969822,78.5054532554507,20.059580875219282
0.5605152353399445,119.74528722191528,1.920076192076642,0.09070276279413954,einwandig,11.021187904874962,0.4938539924550604,Formluft,46.058236257253725,206.4520867705212,1.7955721468315557,78.56200267357262,17.527927185311306
0.8979167869189706,101.21279664395715,1.8251058387948271,0.1876214008195845,einwandig,14.0,0.8442102633648998,Formluft,45.33984793379523,209.51510741809847,1.7094360982285504,60.03692501595876,19.07404696026512
0.4643392753770268,315.0,3.444549623092187,0.07641823009045741,doppelwandig,7.416013105263234,0.5263026773294084,Vakuum,63.333861607109434,215.26965693127025,3.789208138421404,-232.34440734516926,17.895418702240324
0.8564700684835322,58.00634441275821,1.5060237950549342,0.20437473295462516,doppelwandig,13.73542111496313,0.6295717475986962,Formluft,40.35311392296809,199.12151992686827,1.4856086511629143,42.178910174846855,16.247436703972017
0.661869788498968,87.73107128526419,2.086525568026027,0.14142080084675118,doppelwandig,13.879248444710775,0.7596354322064269,Formluft,40.035438698440856,196.9242150467366,2.187856255961841,53.85272962443064,18.476479111020836
0.9342494186934638,97.88087914554609,1.7648072446123875,0.2919090182949002,einwandig,11.360151204539484,0.8519779453810816,Formluft,42.70141779584592,208.79250566625007,1.9651111574149929,44.96661990628721,15.964407163108872
0.8501737977462519,83.06453752228325,1.5992054560641578,0.15385229528713157,einwandig,14.0,0.5149763148572568,Formluft,42.07515492886334,198.6449031429118,1.4324651096692824,34.75003509542322,21.48734415995093
1.0641292315293602,159.80144476720193,2.4307113317948934,0.08404690938542671,doppelwandig,11.00147456597955,0.8116785878149555,Formluft,45.64651650750147,206.79497796089808,2.425252556125796,77.80193665910409,19.16199784491444
0.8461549382277289,92.8908373678787,1.779064245564858,0.258499990232101,einwandig,10.965904173419204,0.5002471830459327,Formluft,41.99981494654025,212.28723410949524,1.9488536957126197,85.70091830367863,16.559374059226492
0.3855919488693518,68.21838488343916,1.7616474447492199,0.2552166728557285,doppelwandig,12.835259890318342,0.751126345856624,Formluft,35.54144838268965,197.48666458284976,1.6954265881264847,43.27414265151319,21.09934733134472
0.6866093654203598,136.51754819910155,2.11684352856577,0.22371490488569612,einwandig,14.0,0.615616098556284,Formluft,44.32673431980918,204.50897699981695,2.0967828949784706,58.71048776364008,15.42267362133951
0.46559856148103673,113.3956087343106,1.8699013886788298,0.237202950471057,einwandig,11.31482550967469,0.9486394735454218,Formluft,41.31680261528194,192.17434982120565,2.0692111305720235,67.74919651904311,19.05107016282893
0.596344031526745,94.78979908922906,1.4907596594996493,0.11617880442235172,einwandig,14.0,0.9874653703547889,Formluft,45.479131621447486,199.1244761837238,1.5628005771494928,47.74530095107204,15.705212421287646
1.0022456866553444,251.8289727681365,2.7716715780733314,0.21051337510569534,einwandig,7.453584095253545,0.8418861753832045,Vakuum,54.23859611645191,217.63724816908334,3.144967818053933,-143.78929828644152,13.09207508532972
0.8275067621795391,162.50141329234074,2.0246565027746604,0.05950496780134841,einwandig,9.406137274136869,0.9408250349504022,Formluft,44.865753438309135,200.61537078958378,2.1759604912953203,86.28469430967981,18.058798573236444
0.5602139142842507,153.5340569146467,2.2851733302598096,0.09922253597250864,einwandig,12.480843398322415,0.39555296941693374,Formluft,42.137573977104154,203.84864765028763,2.39417986224212,82.76967849072315,19.28950748971527
0.49725652671192017,164.31481878677346,2.1101811283140686,0.28306986188827166,einwandig,9.144184409039182,0.7581247702835401,Formluft,41.26433928723873,196.03420069928725,2.5273923938680687,88.53453692815559,23.27624236230332
0.7065564185752521,160.11825434731026,2.4692826396663894,0.23480882427066468,einwandig,12.642124141640636,0.43885755910068575,Formluft,46.19099560519517,202.92358823938287,2.75623563469684,89.64449540060076,16.28818182014495
0.4566879701237744,116.099188665827,1.9333304940550091,0.10766813524731446,einwandig,12.800772281401024,0.4938779534807138,Formluft,39.31771101199873,192.6675157765543,2.024785849998598,49.673340217391114,16.263278237960677
0.5657719445206837,93.31347077115616,1.7098797283039988,0.07784577237982203,einwandig,10.919975361785912,0.6659762688509396,Formluft,38.34310292647612,199.6349583954138,1.8304668761188625,54.715324271383004,18.99072980946634
0.7624018943102487,137.98167418363866,1.9772751321884585,0.2872298612171254,doppelwandig,11.407572657420365,0.8193910883307993,Formluft,46.62415878710717,198.71387823239104,2.0500236553013793,62.851743468960336,20.967031319184265
0.9310624072213391,115.10400616391404,2.014170861551843,0.07804691651503319,einwandig,11.024851264783074,0.8050458519368344,Formluft,44.57084833976303,205.8629589340066,1.9278511498648303,47.062393355519575,20.10578570819194
0.821752294444888,57.79566922829761,1.341690680895019,0.11426751201181205,doppelwandig,14.0,0.9086215393699302,Formluft,41.624720632575595,204.738286294318,1.2729476543291136,32.34540179403751,17.600849158675416
0.3,80.18436048408569,1.4936681832622032,0.09565849824986429,doppelwandig,14.0,0.6914923964886109,Formluft,41.14789266002081,197.28934221519458,1.7409649927028246,63.83169455599172,16.713423828455443
0.7608733458060519,108.46167095205153,2.0459458557072145,0.051865955102941994,einwandig,11.547049020423866,0.9484398573727018,Formluft,45.04716910711746,205.9471354175032,2.1825589545186825,59.41886843944741,19.591506563473292
0.7144067146465155,202.39699100481488,2.6723691021547724,0.128533693524511,einwandig,11.007627772596642,0.9215220169808951,Vakuum,51.470232703419796,209.34259194842195,2.9401930871359725,-79.486134165164,18.278601941127242
0.7827780570745386,138.27549044501365,2.0709645093228684,0.29354471789969067,doppelwandig,11.59199402220969,0.8943402426363432,Formluft,45.640031220708984,205.11141296546833,1.9834344734028893,57.70719344402167,19.803271483486593
1.0232419363302414,86.36777236892218,1.787157126661435,0.13547582645233913,einwandig,12.888921096903307,0.46066407546304444,Formluft,39.57739114683776,204.6201612821219,1.5852126563240418,63.89428323912572,15.690698295398358
0.3,77.50168644127388,1.6213532724967956,0.17607621986694344,doppelwandig,12.732047597505106,0.6720135952310375,Formluft,39.48276524492589,197.07734835620937,1.6228189024730135,55.289606917674654,20.744131440709737
0.5817793149617788,225.0658305963968,2.857978617338927,0.23648394598044536,einwandig,7.658519342386972,0.8153656179305038,Vakuum,47.52967943257212,202.01795723647052,3.0523692091506005,-127.93870417217555,22.826751068910493
0.8181812645586709,118.62521172773941,1.8264745084655971,0.18777002551980404,einwandig,12.704649605371426,0.9832717554912129,Formluft,40.95886471594533,202.28783457565652,1.85918153283454,70.97766111185322,15.353794414917363
0.38368112010921146,50.0,1.7105597913365933,0.23589787685307667,einwandig,13.172516500161223,0.3081530916159772,Formluft,39.621629564742996,204.2140911773349,1.72439376186174,59.22418041356182,16.255816471255855
0.9951898096107017,122.22176317424069,1.8908311102424917,0.2154089670476288,einwandig,10.13485575316653,0.528980173761569,Formluft,41.41238780096462,208.1849701125394,1.679349463657547,67.69667382669572,14.789891160103917
0.7736713225401316,180.356887146392,2.676257546213632,0.2021407557497537,doppelwandig,12.519424345836796,0.5396451768100939,Formluft,54.56245930963873,214.37501103369053,2.718956740940546,86.5302409272322,13.609426916184411
0.8693167971686808,76.59093137963714,1.5843971236414256,0.2124122268029363,einwandig,13.283245960913757,0.5019741988472997,Formluft,38.98884327608299,203.92138280348507,1.479503312336108,56.838875956742825,17.400119855474514
0.5858112676956411,133.2222585622053,2.1868426358458866,0.24979109051956278,doppelwandig,11.21324562125839,0.8721970098340617,Formluft,46.28692675942972,200.21744549665164,2.3721664037265335,44.82082683353633,16.404395685623598
0.862752737993242,139.35352552301862,2.2249617290380694,0.22754784870027606,einwandig,14.0,0.33155000565038284,Formluft,45.21609627507636,205.12328716101462,2.3700450047343273,88.99032903063929,19.416059517925866
0.9136943111978076,78.35821568249044,1.7988934887324304,0.2479437301762979,doppelwandig,9.368881536871744,0.5516043250059244,Formluft,35.891286022461784,195.25011381505402,1.5802856118644681,43.55752445146028,24.231729130404428
0.7465756040274336,235.88412041917658,2.760979407278791,0.08639940957088284,doppelwandig,11.64853859697876,0.7981792257932245,Vakuum,59.300853010092354,217.73522867930282,2.888749795922237,-140.74027894015816,14.705074076158793
0.7468801785397392,140.53615060805078,2.285634515056236,0.2194184331776351,einwandig,9.726220336526296,0.5847178033748883,Formluft,39.25604922713153,206.7826003029538,2.233859283768789,59.0260021074416,17.246308267911754
0.7540686478563451,108.20733956729586,2.142624694175083,0.2342554780813833,einwandig,12.717881589648643,0.40084450858457454,Formluft,47.22731511729146,201.30649473370255,2.3115092022521893,77.28669858130547,18.467908610214284
0.5273309470521236,119.00099880716141,1.9132040435710127,0.12499160812420863,doppelwandig,10.848847521579543,0.7275967309313612,Formluft,46.48349904397071,205.1078741957711,1.9384853678194045,44.5657046863541,21.75862186604972
0.6704942639519293,72.77638816518127,1.5874170153927687,0.2686443319608206,doppelwandig,11.33458821496562,0.6658271654755331,Formluft,35.41091927350074,201.67787847540833,1.5778091538060282,46.07839867719403,20.537664348483386
0.6694954935095282,71.68829947440275,1.4949893994231989,0.1261779008256751,einwandig,14.0,0.987287185281108,Formluft,46.15079105358868,202.46394569151437,1.5120426129910145,50.15493696872202,13.67558276624385
0.776678772870699,103.66037804535804,1.7773175865350994,0.11095802984412433,einwandig,14.0,0.8239683533848463,Formluft,40.53412564409507,204.67579942462376,1.9352281662787456,71.69044177051842,12.122751850462674
0.8999648493820589,106.59001677063385,2.1094335540049443,0.2667742038701278,doppelwandig,11.892798279431997,0.9903231914919788,Formluft,41.789039094112475,207.00024943438544,1.906965296674352,67.95256972599252,15.560421464850766
0.48829278360431805,115.35611295632361,1.7722137247310583,0.11175495952910668,einwandig,12.7870465804805,0.4304468487812012,Formluft,37.017047243029424,200.1649644611807,1.991853184530479,82.86086246038347,18.720414915164906
0.6749981939360844,246.9455994138438,2.8342469720331347,0.15387561560795004,einwandig,8.940342517978904,0.8331165064945316,Vakuum,56.5150295185829,211.49861675831252,3.212491253674645,-119.55818115989739,14.159859308297083
0.9962911095317946,175.4355142694114,2.645119254617448,0.14198070750920472,einwandig,14.0,0.6861467537899416,Formluft,49.66121528053681,210.76627888259338,2.9709900910968066,99.84184603485036,15.10510325538541
0.5512823542374872,60.28035832234283,1.575925130461997,0.2745154556395681,einwandig,9.26669014703436,0.7987566494408522,Formluft,26.060041711298403,192.07788002805495,1.792754782357002,39.33696960548013,18.909182786341834
0.5355499965419359,222.4162722936683,3.0973857157057254,0.16380893457199108,doppelwandig,10.193840075198734,0.6272860237555224,Vakuum,53.82585799107006,211.268620114361,3.429876696942427,-119.6659898414886,17.353527511152336
0.7404612383662387,103.296941645255,1.758809737488162,0.22357723332405388,einwandig,10.963323830580759,0.4486735737990418,Formluft,43.23845985749392,211.06207527216299,1.656614013119945,77.97244182262189,17.481399679144406
0.868877038097064,184.0432424058205,2.4912881098321993,0.24850972616095723,doppelwandig,5.686990896912128,0.33201566442558716,Formluft,39.10830670073243,201.52187518424236,2.7470669737351856,114.15954799615784,25.775259858674673
0.7022852111121318,107.04834871848367,1.7572852481820989,0.20697589518679405,einwandig,11.602731087179425,0.8868017801286865,Formluft,42.13963598786709,202.60520665733057,1.6143425970734007,58.267351180070996,18.506648771965455
0.9657921180873978,136.1975558139274,2.111075621808574,0.28592362458122866,einwandig,14.0,0.8703658440106614,Formluft,54.829414842567886,207.74792819669076,2.1917706809955844,64.22756879663987,15.531623831134262
0.8713587965133054,74.78823593359007,1.332191382876075,0.25062688231400204,einwandig,11.818195720859446,0.4137778136504354,Formluft,35.395294249510705,203.65083149341515,1.1447902204123606,53.7472101876352,21.36212334234986
0.8683640133780124,151.07700293830737,2.31135920700471,0.1500516569187158,einwandig,12.804605939671537,0.7516266296806884,Formluft,46.23323062999873,208.79246396911978,2.368645217766292,68.85256745713227,18.08655937460806
0.8108233002648186,194.82443508776169,2.6071165932259444,0.2877029608144208,doppelwandig,12.52673351693269,0.8164135903725129,Formluft,57.183919636586246,211.60875000196492,2.391964494280317,98.10844802286405,16.178267026939928
1.165530620069217,63.64776035429214,1.5005488834644494,0.18114370831783355,einwandig,13.38341238590365,0.6903374967668334,Formluft,40.400862870604975,203.7615114289946,1.3783545619898374,63.30872106946519,16.948634015095582
0.6589676622267912,196.38072076614264,2.5124911174391915,0.055644330736223976,doppelwandig,10.331393217669017,0.5220602321672737,Formluft,54.43671222745433,206.58102707101887,2.7354140013711543,106.19221550111554,22.18098714032502
0.3,93.14664923204694,1.6109600957511605,0.1150033199132242,einwandig,9.238737956116603,0.9166621315300556,Formluft,31.92010906952883,191.09051631952943,1.6055254289713434,54.156577430078926,21.247285479395902
1.0208508723034282,289.39984668622003,3.4243557102946744,0.20543239675931663,einwandig,6.332676106499206,0.7497084462790014,Vakuum,48.760146268237946,207.1792725993165,3.7060467719893087,-148.1221374294412,17.03878885921426
0.6084601138086349,185.78230218645422,2.3105949196361224,0.08920372558110919,einwandig,12.169457693998636,0.8041522584096952,Formluft,47.89658330253275,210.4849313664505,2.384215688107823,89.69566571713672,16.12232743636378
0.7215760888686066,169.67988403031757,2.4342234590499268,0.1960170112233009,doppelwandig,10.879361093316197,0.7564801706516323,Formluft,50.06458585357933,209.7395833423632,2.7030585688278324,101.90910908461134,16.679538965371805
0.9619101369721054,119.32842633891958,2.2657951199327755,0.14039950557688247,einwandig,12.751472224414375,0.8049020701095615,Formluft,48.87374102233715,213.1543854061325,2.290787824295495,53.46501365350789,18.237744860731254
0.37954809178821486,315.0,3.7428282232966446,0.18359637001456852,einwandig,7.391315159366102,0.4015470014541108,Vakuum,62.31643070088734,209.85424015848716,4.2,-220.74570820956941,19.433265753865378
0.4496705571787721,103.5897158979758,1.6029485357832083,0.05046871196831322,einwandig,14.0,0.9458160788179193,Formluft,47.296974715914644,202.83386376698957,1.6825769329462048,45.73930120274983,19.554922485955228
0.3797444125762292,80.91781019579219,1.5668317725148422,0.2621053386671746,einwandig,12.116015082727994,0.5000675585709511,Formluft,43.277411998893974,194.71838913319823,1.6570687376360131,49.69265664158493,14.879503507043747
0.5411727419949152,94.55911412363861,1.8196905240724095,0.1404813719438821,einwandig,14.0,0.8855858561209704,Formluft,42.72491325040201,198.0349591863004,1.7976451543530296,46.18797465261945,18.005977026776204
0.7879273212033987,213.06035571255768,2.693940557398309,0.08503960856948826,einwandig,9.940497551599522,0.9253689428678398,Vakuum,45.502623518944446,216.0672546944133,3.040332677063764,-86.50380185034545,19.509610869905167
0.8048375685625542,134.94307330324853,1.8696337286836249,0.15947896425127,doppelwandig,14.0,0.7558565246620288,Formluft,44.54252011767561,203.81206916075763,1.8700458229655879,67.76473617627792,14.923411549498848
0.7552548358657107,125.57746978354483,2.0624171509893823,0.17154432337220854,einwandig,9.410607076895078,0.7188105334621215,Formluft,35.648734181838336,205.53362375952358,2.366367222866704,46.13047320712042,18.547053581871335
0.41744682322152665,104.28474411463736,1.832775418649654,0.20935067762404724,einwandig,12.762185812395787,0.3763337478201067,Formluft,37.6807088351522,198.6288613303339,2.1682147452596574,66.85926877701753,21.057642587694282
0.3,122.5021261090215,2.2671658201627394,0.18114061008806992,einwandig,11.150073279427522,0.6053548582557398,Formluft,38.68883635042054,191.5160037930907,2.3549741537685107,65.23082264287638,20.685579727954096
0.7108707170780764,101.087705333182,1.770717337272839,0.06088089551676566,doppelwandig,12.751752038370528,0.7281510692536992,Formluft,40.307246965646115,201.29353030414296,1.7607827107632732,41.18895840806276,20.27210936212226
0.6056447932723328,177.76029347661643,2.59728285561192,0.2678780805194412,einwandig,13.000745188416843,0.3573084907379409,Formluft,54.552911272921165,208.78797254055047,2.671447745483708,103.71594116406693,15.223550689987286
0.7918771543433223,114.1410821195732,1.7230653964870892,0.1641272329467403,einwandig,12.904092157726561,0.37802340803428075,Formluft,45.80718564411296,207.70713785536182,1.5623050066532675,83.48073693825958,16.788948958019763
0.840390725244254,95.32017809230439,1.608360030053959,0.06924694313325223,doppelwandig,14.0,0.9954368785750463,Formluft,49.16385564524769,198.71177413679868,1.6218283260850648,60.876566706153255,20.048297588828177
0.7276482864117363,203.8457181440565,2.7390150391238755,0.2432070591322963,einwandig,8.563414859850697,0.5325639056738162,Vakuum,44.15678627937099,202.58867556996762,2.9579932704929495,-106.21179414289468,17.9193766906855
0.8520266170751707,81.93785078491982,1.8180624233704648,0.21503860469576708,einwandig,11.305884815329572,0.5448127411038147,Formluft,39.302519314471034,203.85819262263064,1.8901383557193157,46.59330668466594,16.84149045067792
0.7458422748230137,135.8620028771677,1.943287114106183,0.21235944319230543,einwandig,11.63566007434534,0.4760704054199244,Formluft,49.19583452494148,202.25854873802575,2.0087528381210675,67.48093463109385,20.87886862148615
0.8060129411202933,57.69418922406701,1.4651651247651227,0.15672850043389025,einwandig,13.480340912616155,0.7522138386459938,Formluft,37.655238110739184,205.6759964913505,1.5078021965668222,45.97465784484134,15.357539934343912
0.5590653474260234,69.62251614120142,1.3497432531002496,0.15262426565524712,doppelwandig,12.88771835882158,0.6311531207647577,Formluft,38.21694784913428,198.13513791734368,1.3108996552685153,52.16030894938136,19.550442797960873
0.6640777172337082,108.52739995476712,1.8410362256923152,0.1840846590968357,einwandig,10.36955154978945,0.8533016701614529,Formluft,43.83368971986278,204.51053513380572,1.8534431280786026,63.25499187329503,21.080062487055645
0.7393552193313914,100.26984575948686,1.9276971839195138,0.06264860322477582,doppelwandig,14.0,0.6587463822990507,Formluft,44.16471538210789,208.48816320882236,1.9567556736873157,73.65729145935939,16.330660711854456
0.8641056950834838,100.20198543527937,1.7363721086118131,0.12473944105448022,doppelwandig,11.76927596285104,0.31079118619860097,Formluft,45.50862334533498,200.3444350406157,1.8221130834785075,69.23093291522599,19.879455502469032
0.6212517655550855,186.6492662313721,2.4558389239594067,0.2969735433905934,doppelwandig,13.185924588641061,0.6378811732287569,Formluft,49.688126366868104,208.13652148005556,2.589338539096116,106.77446427297639,20.031847551347298
0.8042334511464225,192.23519027170227,2.3684122124292104,0.21554812228201897,einwandig,10.21960697361556,0.33863110341634217,Formluft,54.32096730589461,210.58872993859978,2.6759115670514424,94.56071488116777,22.55452940690642
0.6468322416169241,148.75086007147837,2.092753118528088,0.15473354135433054,einwandig,12.57808635984113,0.8787504663369989,Formluft,52.262916878373964,206.82370990759762,2.1120434099649863,69.01018535809263,17.554557537241863
0.6764915665343739,80.21294171495224,1.9054201711517686,0.10559077573511326,einwandig,14.0,0.3795606594892904,Formluft,39.95638367192183,199.75632364795635,1.8682663741802454,50.25233776702512,17.377999505533815
0.8659038084048145,122.0525801918481,1.9873593752923548,0.23630234047505838,doppelwandig,10.300136014502092,0.45186781047607105,Formluft,40.26188242409345,204.9811650162744,1.7177236472968458,35.48392558729611,20.687904367888073
0.30138792578916873,311.57150853416596,3.342225903275738,0.11507257742654785,doppelwandig,7.945118129750829,0.6219756699563801,Vakuum,55.96658866043775,196.59472980068028,3.841638858200888,-183.06835638594308,20.419745349007197
0.4407055343850477,315.0,3.4727842075123014,0.09059252596157384,doppelwandig,10.981665888934213,0.43662883878029013,Vakuum,64.0862736118257,217.49101877724343,3.859344138483517,-217.85907108490608,18.27511801036889
0.4035629205114358,204.86977217325008,2.3993440342110164,0.08862872505857182,einwandig,10.381480201869461,0.677453972137922,Vakuum,46.57952835905449,197.9756168778968,2.734119425384111,-91.75252425262292,19.361494486020526
0.3,81.450082208683,1.499476703848432,0.2323158197911831,einwandig,14.0,0.6224888971126936,Formluft,37.63363717994114,202.57390972355662,1.612700517966916,42.59599711634173,16.675178597045946
0.5643471119689646,122.5605778187375,2.184535583406868,0.21070256357217937,doppelwandig,13.322529243715932,0.9667658276421021,Formluft,42.92612013034911,197.7432253129307,2.471989491478138,74.9044559291457,16.895597280078555
0.8498867799455481,143.99524477455043,2.1305895945384123,0.06745152484280766,einwandig,12.014218197366212,0.3618614943272295,Formluft,50.015538404644,203.80343826061713,2.3779171795451943,57.21081484748557,16.423787428148735
0.643023186723485,133.72149170841033,2.3533814600824634,0.07876070384055063,einwandig,12.029920142739234,0.7037124337879852,Formluft,40.12003389010432,203.61784311147167,2.4472536824621414,61.83181243827165,20.927431124877735
0.7395580163883704,216.0145373160787,2.713814122754221,0.20846171683839426,einwandig,10.694267685340632,0.8042797267507886,Vakuum,57.28973044509363,212.00490083756677,2.8333188451188276,-79.11368193487564,17.655067132045517
0.9178434993421585,182.50449503868543,2.454639155880759,0.19277902546803977,einwandig,11.963952716984089,0.3893389063390994,Formluft,54.17928568599549,212.86473991051042,2.6552270392605335,111.78776657246485,15.93605960980493
0.9655372264535382,79.73094610669119,1.733981692634848,0.22149976509295338,einwandig,10.302398233230573,0.745523489430181,Formluft,40.06425742959853,205.5842583288422,1.6187918107650796,75.94485928792179,23.213495087765654
0.6861724130547721,96.32024343792688,1.369673810170505,0.0945097270908155,doppelwandig,13.086599692244738,0.9049673379188783,Formluft,44.148472592592746,201.97421939010854,1.2945309493810915,50.5303803361809,18.473470274110824
0.9707171779138795,204.42741563109828,2.6661602235968225,0.23164697655429178,doppelwandig,9.521158847727907,0.8512889503997092,Vakuum,54.616812534282204,211.0529539782178,2.822815843402296,-112.39135364922998,17.687460128143748
0.7184253316868218,251.26232823362807,3.002750652659882,0.28402411683263745,einwandig,7.93538810685588,0.9546194833003405,Vakuum,48.13229798339254,211.3664895467212,3.2021891254014894,-123.76882277155752,15.99254458783465
0.5325203552345075,144.87081598519092,2.3818723619087994,0.20026257863386032,einwandig,13.970158358427375,0.8044099877186615,Formluft,54.63580833644185,202.61347178634588,2.8445216304914274,102.56826035042761,15.831507823827973
0.5811199295602529,267.85346862299207,3.2875296581084794,0.09903250491069597,doppelwandig,6.837370788297491,0.5757907807706222,Vakuum,61.57401237312597,212.42604523632937,3.642089766508293,-189.89104489736636,16.666424223224872
0.4038926974869967,136.998066008484,1.9259307752358517,0.21988596382102665,einwandig,8.785510229167897,0.9443159692135676,Formluft,39.463149575852974,192.25624315965746,2.054821687288641,54.81964134268709,21.284747007430735
0.5223732292532695,85.31070991153746,1.8688064720864366,0.13577042088651609,einwandig,14.0,0.4577497373303605,Formluft,43.27122539074374,200.9741728284446,2.0032231631308983,73.92574295265557,16.977026052730288
0.6283966623851142,174.22686940071375,2.3544677763685606,0.06232193659643036,einwandig,7.803540551874379,0.7085915949675099,Formluft,40.18935487803989,203.5223916745859,2.7527297604013965,80.51228135585663,19.84030395459507
0.8607170038757203,315.0,3.3843320160555934,0.1255846738381246,einwandig,3.269113844082873,0.8359605615662684,Vakuum,51.883557172991594,213.7298424678336,3.7344330965700347,-186.53503999522115,21.72184161261608
1.0441539662331967,72.98410988433236,1.6134383667053391,0.276396275487533,einwandig,14.0,0.9105968168968352,Formluft,42.51652779431155,212.42651961104727,1.2041394385687538,55.37539115149927,15.088035041632045
0.42356369692459195,262.4699932105715,3.069344542334999,0.1527848300439938,doppelwandig,8.75569467086069,0.941579491765737,Vakuum,48.16763233936702,211.84488406310788,3.466379008912753,-121.15436837107272,21.844872398717563
0.7785654936519837,169.3229493429096,2.5853533918475553,0.2661663345077731,einwandig,11.712365521164811,0.3594829546376542,Formluft,51.23710632993441,211.74699511725734,2.4371255253205857,108.53782169617446,17.843720546872124
0.4918912121684931,93.85139153886789,1.8019044365846246,0.17716483588069792,einwandig,11.768860061969058,0.8082414186179365,Formluft,43.77491262327258,203.5844686138174,1.7730398043187963,63.989419652022384,16.915096207536685
0.7949394176926403,58.05548919949526,1.495292751728863,0.1792444972399,einwandig,10.77980050679458,0.4428730054087108,Formluft,31.726794919541156,199.3230543920549,1.6373400778541722,59.02862359345894,21.024089722495656
0.6737826698624546,52.7985895622595,1.5574857789263918,0.05130408026622359,doppelwandig,11.308460833708178,0.8453836090407951,Formluft,33.417815717018065,199.01648771202932,1.4187804261971035,42.7047406818115,20.17436433907371
0.33381883483049385,100.11196011768557,1.9648264236553914,0.20927601832224302,einwandig,11.952823198195292,0.7904828123535261,Formluft,44.07312836149774,200.1366550596148,1.898913404197732,53.99319309820049,22.311726496835963
0.8856593983136969,155.80495380681361,2.3639803945991034,0.07695346125760506,einwandig,8.560070438993575,0.4269466510202172,Formluft,39.31711431600516,207.77929673296464,2.5505688934607536,96.26556649922345,20.831907773916598
0.5789998574382538,196.80644639384286,2.787371092072986,0.1696871036705136,einwandig,10.693944654245236,0.8829811206936697,Formluft,53.09566992314508,207.41011061172958,3.0040904110129243,118.22672034328346,18.19956100347593
0.593219952325289,220.47208926503652,2.8550790760573603,0.11507921391452473,doppelwandig,8.563281892305248,0.623252162812993,Vakuum,50.72876906514964,209.50470672415113,3.2838488036795974,-124.10583490747526,22.439075473958866
0.48604951774206195,149.07313650342184,2.2177328117363797,0.14809574145732873,doppelwandig,11.643243682145066,0.6806993063307305,Formluft,53.85128269634369,204.97881920791005,2.3390847115655182,77.94541048267305,19.409745705676638
0.5691433446624888,138.01376210342764,2.2899859061406254,0.18426933891670022,einwandig,11.85995220386717,0.9799826274804266,Formluft,45.525001570085024,204.5550492752539,2.512619288542867,43.558355070425286,19.503886108590205
0.7855780881389834,110.17381758332957,1.8677561196543158,0.05361602865049321,einwandig,13.019253669265813,0.7596379112635092,Formluft,43.05408551039038,207.51123912801364,1.7399077676703336,57.9988509038781,20.169472988671593
0.6621511318127189,157.67955854433728,2.2664234458063977,0.1211458958179057,einwandig,12.056976090969565,0.7119942015173442,Formluft,49.365500417646444,203.13667463361608,2.2904290943973558,84.14097871370414,20.322281640315552
0.7657324004564962,94.46814576348407,2.0139817037024095,0.29740298357296624,doppelwandig,11.950495174354408,0.31173394065463733,Formluft,41.19407344258948,203.07532994308775,1.9909963029093924,73.6932736362556,18.98100650261849
0.7723843707857687,74.39537893182123,1.8384516506478545,0.0643497814551399,doppelwandig,13.508054059972132,0.4394503845657577,Formluft,46.13778963896151,203.77531783330127,1.768675028663187,70.83355552184115,17.380701924123496
0.9641323311056333,133.92685215946614,2.0701884462372306,0.12984837203934207,doppelwandig,12.123844952853695,0.3185957947349564,Formluft,50.63252811042682,204.93807269792424,2.421003552040241,92.62335347122982,13.511603569374412
0.6314427698271241,189.16194676019373,2.445262837485707,0.13035536874116205,einwandig,5.4131707128084265,0.5333186980013046,Formluft,38.25443595739989,208.6231760081176,2.775273340142138,106.76488240746349,16.327065855162292
0.40462843663085357,68.80542192569577,1.769919400436841,0.14484648023319063,einwandig,14.0,0.5411558471191267,Formluft,40.87999315914298,194.00161869195057,1.9181128441128907,47.95184273095697,19.491313732968315
0.9134444833143965,100.11645409347155,1.9209943864350543,0.22119522961058635,einwandig,12.796973040103714,0.6712310492742908,Formluft,40.964683397359536,210.1594819668517,1.8846887702263548,56.98358417100778,15.090086676624301
0.633702365580549,131.55733994483023,2.099795907688246,0.11193594967074115,doppelwandig,12.839164231866386,0.782837912894762,Formluft,44.28214947430555,197.69594647823956,2.0290409591775624,58.49660748958153,19.447840991781135
0.9229184889154753,130.23795900701157,1.9936227655276009,0.1650673360340132,einwandig,9.170363833930185,0.42554162032741916,Formluft,30.352981465954066,196.3292046308992,2.2607696482581012,83.0641120857812,23.82004944059921
0.776675422636494,167.07177175653345,2.3863286608594567,0.21121589171311228,einwandig,10.191659355761878,0.7211580945668197,Formluft,51.46010149367732,206.71759064318118,2.271935413889194,95.82821505972191,16.77504933195995
0.6737724939593309,306.7452334565798,3.450705598669483,0.13058051458214714,einwandig,5.148310250454344,0.9418833921702348,Vakuum,52.06539492267828,213.03402388754117,3.8063162728336986,-168.32540526023374,15.94938814348632
0.7697551788092589,52.89722849060018,1.323527100988852,0.2871931451258137,einwandig,14.0,0.42950549931144555,Formluft,38.20934237092301,201.94807777295637,1.342905087403013,22.677191523834445,14.90487036826184
1.0902025120252599,314.2493493766363,3.5333511443011756,0.29491815873567034,doppelwandig,4.333533181447104,0.7613616211857547,Vakuum,61.82074716607589,224.77672376886306,4.2,-198.34748980024963,14.723861388435866
1.1153961058107507,299.34378505518424,3.4345638872874154,0.07991839192187779,einwandig,5.659095809775752,0.33191239887633517,Vakuum,52.18704301961994,213.46393101890843,3.905073192466967,-218.97701461850036,16.54612994165211
0.7138762270265557,198.4868149038301,2.5315852591926062,0.13595497110020255,einwandig,11.106457883948208,0.6718033440037869,Formluft,51.260817829157745,211.95008399126763,2.813922889438407,104.75776370540292,16.80428790497539
0.7320381186634151,143.5580445224075,2.2840382094706877,0.10199301745161883,einwandig,10.152299822385318,0.8190774799740457,Formluft,44.30255428373951,197.99901655169205,2.636763702966372,62.1843751125045,24.05990196870078
0.915248031493277,95.28110087347551,1.9555736658344525,0.0966973988892788,einwandig,10.761191164584995,0.3238292468331001,Formluft,39.81814088507741,200.08555068431576,1.883558543352079,79.06682137538034,21.20063346872655
0.5308677934465305,197.24074740317326,2.723410633273698,0.17274495958456987,doppelwandig,11.882420174001034,0.533565773799774,Formluft,51.20122648946716,204.9394260062667,3.042352495901793,92.9261860753446,19.58926132277546
0.7666140745236509,147.19466281969596,2.1361200447754682,0.19095677703371972,einwandig,13.215556942691338,0.9145698897743924,Formluft,52.82121457651465,203.31728179499646,2.446039554433835,66.13938627949585,18.295005051709065
0.6948274304092287,111.25974250747583,2.0034511656880625,0.1564130101493998,einwandig,13.662648822395102,0.45783585706002705,Formluft,46.42570638480224,205.98614422037784,1.8627255083548717,82.13718126625866,14.196820372002978
0.7627816422915107,194.61658039142787,2.568626852750429,0.11813871827434018,einwandig,11.832004838094889,0.8060121880769875,Formluft,52.98859359676861,206.62424582467554,2.8021721948203737,86.34626406030524,22.60739569297271
0.5333262388101188,212.12572319959864,2.5116438888118964,0.11965539356340991,einwandig,9.233698362133921,0.7285667917492462,Vakuum,48.05451772860845,209.56269267739506,2.8285725952410434,-98.41583155848235,17.542972171640912
0.38208650133820615,250.22427226315344,3.1027035848798894,0.2980320390851827,doppelwandig,8.335207244147933,0.4145813661716464,Vakuum,52.63852885927294,209.79457282309838,3.581896768340484,-155.97757244735558,20.340828788712187
0.3,90.78185467325318,1.7481745835295677,0.28091934349756265,doppelwandig,11.434291076101465,0.8191952597872818,Formluft,42.39967909276964,194.50120177299596,1.6294410390805734,54.95851484377852,15.984103221176728
0.4765231774020784,233.26394653644763,3.2551437726019774,0.0689747102473393,einwandig,9.503859672020763,0.6724566951225384,Vakuum,56.03263597264854,206.52452217160825,3.662500131995066,-107.26709215625706,18.671080169670038
0.6082649430121334,112.22154717828845,2.1163630069180916,0.21413766299903142,einwandig,11.138664665891094,0.3784180605083982,Formluft,40.22886762552984,200.5730651369803,2.234057238401367,90.13179609508933,19.15926475630042
0.6413616826702476,143.7546998223899,2.256710122119298,0.1642194018712111,einwandig,10.540000092586299,0.964559982285689,Formluft,41.90054171660901,208.24762932181685,2.3023463256691308,81.15994711406206,17.330431765764672
1.0874462324859033,157.7431785934897,2.2993210039411442,0.2222035242997905,einwandig,12.256221403128558,0.6443734204004739,Formluft,51.625956395628464,207.7750366065855,2.478557276426614,103.81064294728571,14.094861464589359
0.9211986739814596,223.34672183683753,2.8113321129534032,0.19924017638513836,einwandig,11.785410445107821,0.8215565843621022,Vakuum,56.919295940938284,203.72564255259098,3.217436073750388,-119.13526428710446,18.86220631266757
0.5075817767316745,184.48215125460064,2.3253037994918393,0.2723131000206044,einwandig,11.184466727175174,0.4523901858680148,Formluft,52.900422364251156,204.1236536884957,2.416451574617858,94.78987111027391,21.31053724345317
0.7695416904901914,110.39851355920914,1.6223400243936865,0.06674707857220626,einwandig,14.0,0.3960282465830465,Formluft,43.54108360858197,200.1232249746082,1.6895641444398137,68.27442751458244,22.83879047314332
0.618584352729935,54.33507724187112,1.3037967515727342,0.13739947801442637,doppelwandig,12.230591924887726,0.8189147432909429,Formluft,36.470888497172425,191.9628144797863,1.4152625658809896,49.69059363499277,24.771451230429133
0.6431272323919809,166.07635310728327,2.3214532721327017,0.29637353144389617,einwandig,7.172141893899401,0.7716769249908674,Formluft,43.47700142973736,203.88549323931701,2.736603780257412,72.44577276536266,23.474692960574515
0.7370651298830764,140.85269041107915,1.810990631557286,0.0955713372476542,doppelwandig,12.90793851890213,0.4918753813927247,Formluft,46.00026045704494,200.42296824199843,1.8690819720499112,72.30385141327515,22.449785151682264
0.8238342233950786,72.63963234986561,1.4994687899580124,0.08183335987666181,doppelwandig,11.640342085959897,0.8223984048610009,Formluft,43.33117218154651,204.542707956372,1.5625363189459365,50.35555934404005,22.311368778314197
0.6321483032231969,149.14184894058556,2.155992836556021,0.23224300150014388,einwandig,10.724069292934633,0.6534945827129518,Formluft,50.09103228398912,200.53654623180014,2.2420469470713593,58.35432646235368,17.72172597990017
0.9127703065468716,130.75364036781346,2.013715139919689,0.2443587900043659,einwandig,8.191565970562417,0.5440180796531844,Formluft,37.82370677269654,216.26432508328605,2.1888552992323707,53.02406654253709,17.64171647226419
0.47161235477151914,248.91986786419193,2.892100403185314,0.21806838691866504,doppelwandig,6.978582808703548,0.8508242722357622,Vakuum,49.84167358070426,210.75092940700233,3.136862843747041,-148.6372717924481,16.26478441772413
0.7012678124724536,315.0,3.46877292784279,0.24404895718998132,einwandig,4.120545166841527,0.7317479232795455,Vakuum,54.180500245369736,209.73741555987974,3.646735206659839,-190.30966243155163,21.94037431212573
1.2195347453191663,209.38534531160568,2.9336668367114247,0.22343039302329304,einwandig,8.896759840369251,0.6550878561803976,Vakuum,49.65034081476298,211.09178915830512,3.1319926057702667,-130.10445913527937,17.48728923809204
0.744615948525055,127.12395908734082,2.1163134649223174,0.0839426705722942,einwandig,11.032798035050579,0.8411749677256741,Formluft,46.757726093784534,204.23818094951744,2.2812648754206446,63.94556770200814,18.333957369191854
0.9866429013212346,136.5388620064877,2.008265779517179,0.2020554743696268,doppelwandig,11.766449272934226,0.6813798518642065,Formluft,42.921779199642565,209.99517349588538,2.1503927138780083,80.93074120935445,16.26603998112902
0.7183040356346416,89.41994349726261,1.7051073797238065,0.24421917063988313,doppelwandig,14.0,0.9569741030535119,Formluft,41.31973827292059,200.06294135070672,1.5659723436433208,59.313150307543026,12.743881016527848
0.8161554190659593,96.79636801792499,1.7701239437955598,0.26637915158111697,doppelwandig,13.933903329347514,0.8726389849512342,Formluft,45.50955043811395,199.87307711565472,1.3370215658393663,55.52435877464533,14.11522711843717
0.6886433611214616,123.60309214516424,1.8736314221002912,0.11155881067092692,einwandig,8.665583423949931,0.5507313009181378,Formluft,39.91524521848484,196.35797805518712,2.0385277386617537,66.37880106413043,23.710565619201386
0.6659184837671591,117.53769498976786,1.8249320272565646,0.08185769023463464,einwandig,13.277588496481517,0.625443475382381,Formluft,45.89652273378864,203.4163150004883,2.036304995884365,51.681353364445144,16.274753752507582
0.5441035206549161,71.13594892067326,1.720666194414393,0.2452726108956449,doppelwandig,13.445110671866088,0.9701331480867719,Formluft,43.42403787682398,196.91634381596447,1.4027953977296124,56.451520832445695,21.54873354391829
0.7860602717915106,250.29842266056733,2.939419724657016,0.11413708625891635,doppelwandig,8.546886569413621,0.9266430763557416,Vakuum,57.52227688401567,213.7680159045356,3.1856732495897955,-114.773439117299,17.179837748601702
0.5296925621628463,269.1079682805748,2.9886592881899676,0.057982369580221835,einwandig,8.226901733111177,0.433829876344018,Vakuum,57.342807929525684,201.59698622968668,3.2764769252267993,-197.4942590965773,17.24778417802377
0.8331170472626858,246.02563524404457,2.9617340303419404,0.25630339091232607,doppelwandig,9.258463975071395,0.49201268297634415,Vakuum,55.30197991419124,214.2884054859421,3.2688611678301083,-137.384879216778,13.967402807378182
0.917057400889182,274.03967841248937,3.2100188902692834,0.176497783452715,doppelwandig,6.765234457660634,0.5550943635533805,Vakuum,52.41252069692376,212.1444196530528,3.693886162449417,-159.0177872060115,17.353686949075882
0.773306281447446,315.0,3.2240943663709247,0.13165828310710548,einwandig,6.760298284950718,0.9158943253007326,Vakuum,58.19359528820096,207.72034413996195,3.591089165907706,-193.59032464908526,17.89888409032324
0.6427502532888616,90.1393047010661,1.71500248393595,0.052857276307887294,einwandig,14.0,0.9491921183266849,Formluft,39.917929635602334,201.99874345835312,1.6743576711187627,50.10111121545906,17.555748058295716
0.7907931158617392,315.0,3.650196990152239,0.058831861176986924,einwandig,5.717188431148933,0.8616381685618195,Vakuum,52.52225341123098,215.240455456902,4.099987923953196,-193.24391932858936,19.135916908141382
0.6382653888907175,110.08673624569543,1.9483782977938384,0.24815581764007366,doppelwandig,10.188055641507422,0.4929959122421835,Formluft,43.325061813643146,198.9246445307592,1.6473688975930676,77.1468316866173,21.173066258560645
0.8871094250930298,178.7710282648627,2.7646374933981472,0.17242647124121613,einwandig,10.40730959763073,0.9209453646446621,Formluft,53.44652320879996,212.94011108938366,3.0257395028939222,77.68334499004297,17.31333588806055
0.33371878315697523,65.24976147728445,1.7096645141651026,0.08743051232411504,einwandig,11.107623049555194,0.32301678815848894,Formluft,31.725045406592596,190.0,1.8467852965650147,52.286588541654865,24.14105674827672
0.6328785263762707,103.65158637766154,2.04655279473392,0.13962640681225452,einwandig,8.963144097649783,0.5959624366233627,Formluft,38.21137931380317,191.1685049920458,2.0975927963423198,61.752334406937045,25.182326835721586
0.3018376009752004,212.50936731533056,3.1200878289097935,0.09132628688438073,doppelwandig,8.998331462967103,0.5643400426322163,Vakuum,45.124396977857394,201.2262251062358,3.4427689147744847,-101.90714897766846,18.399263026291095
0.40098783395455895,183.1731860086669,2.5791089273355254,0.07822038829509666,doppelwandig,13.317914118911174,0.6746677241332015,Formluft,58.896937377392376,202.74834382966824,2.8045023403021516,103.04343607202357,13.80157601732586
0.9727724459627818,109.09992245277185,1.8972599108120798,0.1190769551685359,doppelwandig,12.195293746926916,0.6924483900643802,Formluft,42.99347899052312,201.05108785508315,1.857170027562412,93.87376133256255,17.39684179034952
0.8790369963943372,136.5089315352219,2.2381324962964753,0.18737713686559937,einwandig,11.94443090051588,0.45778314079042126,Formluft,53.43887696696582,211.19628092086276,2.2923299517302396,104.48035008949451,16.662189230678177
0.5561039533430419,98.7529454144721,1.7061380983065277,0.10250165195305673,einwandig,8.270879648335946,0.4431889919500293,Formluft,32.82806230340048,198.51578618745106,1.5602748717468922,66.88031031009731,20.329590594602514
0.39949930879182055,212.20389948832204,2.713784143830822,0.1359177703211918,einwandig,10.571153497673842,0.8624966142545085,Vakuum,50.96332351394309,211.38048474694196,3.0768880355653425,-112.95953399293955,18.511919082933055
0.3,259.2314398070135,2.976692371994361,0.16948272098911493,einwandig,8.705945727444245,0.3533377584878905,Vakuum,55.9772369199877,208.2907246885787,3.3552666687635533,-145.1376212082048,15.893604795800485
0.591300898413473,90.31288341240742,1.7822007509336917,0.155007434795788,einwandig,11.412348258611107,0.6453002307034318,Formluft,42.09089033005518,202.80099272587458,1.8065689657520378,44.725251209126895,22.320358088505024
1.1840830024494804,129.8164441787491,1.9407451902270199,0.08215694978032241,doppelwandig,12.11468983833602,0.43415248461837525,Formluft,47.818125911679005,207.1825887578715,1.8697362301406693,81.07339497733851,19.12261487627053
0.7869768542927295,70.10804062777045,1.457825050042906,0.05971640888397205,einwandig,13.587542218621659,0.5236970575846843,Formluft,43.792537019673446,194.24639731844314,1.4419829979716532,44.560551116853226,19.047138466286793
0.5880855427901021,146.92416577138556,2.23741432013691,0.058864681737234734,einwandig,9.20791999899949,0.4941060934204057,Formluft,41.52711861565838,210.09109431520804,2.5067044389863633,70.7874551002139,16.44335407661571
0.7930160419000613,169.29235134560173,2.333682094647729,0.13754475450696685,einwandig,11.431398669919776,0.7959655581630427,Formluft,51.84815550263981,210.4159371418438,2.493092314973277,71.8613247467821,16.596048043368448
0.3878083294011114,152.92555664086694,1.9342762827694235,0.2297005196343307,doppelwandig,13.571131929032637,0.6192144223061846,Formluft,57.449749355625926,211.15877324453822,1.8329064537320696,93.70513160431246,18.19983472544728
0.6405353274604728,162.62605830455726,2.0826749282396446,0.08281382468231767,einwandig,10.478465591439035,0.5096092841122726,Formluft,48.78000826808542,200.75647185788517,2.2227322004134247,88.18793338845617,18.943524386228294
0.7198954946031476,123.24174230365944,1.813843964710056,0.2467450290911064,einwandig,10.1837680375343,0.8819463985861435,Formluft,38.66581731356209,206.1769324322675,1.9008792748424725,49.73334237094281,17.334463189352217
0.6827798696357903,124.65070547877121,1.8647598579130735,0.22891857732845922,einwandig,11.528572223427263,0.3600565989035614,Formluft,44.99038468502751,204.80309924781352,1.9189742690027156,90.20053959726302,18.27405830240255
0.8581612243380161,121.89238413832133,2.0373025725283664,0.0509858727214028,einwandig,13.661916786670822,0.8364524518315481,Formluft,41.34539508779376,208.82041065203853,1.9992330080219094,81.0456271953318,13.452094718167533
0.7689290452472104,102.22491723021832,1.850640164902492,0.05668696824546128,einwandig,9.991739390649997,0.47381893053020846,Formluft,40.35920305368852,204.90180734275344,1.8605713719467,63.41629032533457,21.394988265399988
0.8336652036215993,108.06484572610742,2.024310671563739,0.09875830388451291,einwandig,13.455495374415676,0.9426134558387478,Formluft,40.18538327890086,202.57443647972636,2.1406487755272003,49.85471349333889,19.24571116485925
0.5623255435538481,165.42016331434144,2.436281579955997,0.06403022776264626,doppelwandig,9.508467000100502,0.3038913597586842,Formluft,47.12051899040082,205.25896624987936,2.5874140140496444,84.83148847180388,21.173608962503344
0.8795630816821096,250.4398724217055,3.1643044228010426,0.18283577631757647,einwandig,9.223129352216837,0.6896643361515375,Vakuum,54.53342026478736,211.45290122603865,3.630583895343693,-123.5097870806559,20.82333180767435
1.0257873895247982,83.65873542260776,1.7605293120997305,0.059906815364603946,einwandig,11.779869064343679,0.7355854888193156,Formluft,42.25721043737994,208.99099145929645,1.6385332662266014,66.82969081656513,15.372882441173964
0.5059700960697174,124.42702953731747,2.0268681326622633,0.25066145949884944,einwandig,10.755290351403941,0.7041102328528303,Formluft,42.43632290951635,197.5690916278468,1.9576757171544545,72.96925541489667,20.51415395345886
0.522460868857088,76.65119637056122,1.7781123323076382,0.17324051723645262,einwandig,14.0,0.8705107045393088,Formluft,46.638043638197345,197.88435077628992,1.757487383168953,33.91707120986914,18.570715643325343
0.9671568672640465,103.07323931005718,1.9624978332414724,0.23198859166811941,einwandig,9.604995836181587,0.37851480565866785,Formluft,39.375272221831736,204.04759367659798,1.6222445975548854,84.38273522295371,22.92104600346433
0.6617312026609878,111.04215342558054,1.9447515325377431,0.23767563773396028,einwandig,13.194678519451575,0.590889203004809,Formluft,48.3803649864044,206.4403952214841,1.9938871431743812,68.44088932870723,16.13089073924134
0.9807642784133114,141.85457923832726,2.325497414535639,0.1766909849175582,doppelwandig,14.0,0.9046157411139815,Formluft,49.07027312690036,209.2066379832637,2.332049977983048,69.62201727658649,12.009994728781486
0.6114928576215631,139.9252767010305,1.7675339772327345,0.28134071906336655,doppelwandig,12.872911935419882,0.9221147019702935,Formluft,46.65206003585752,202.46678796405183,1.9820411933534436,76.09329739996988,17.184751711008236
0.9910091152541423,129.25435296741517,1.9904653476182539,0.297560193463827,einwandig,9.106447137736257,0.6488410822671358,Formluft,35.72065110888813,208.93678088053943,1.6992332916533195,86.53880944777123,20.411787015044133
0.7262971633610904,158.70243271946882,2.223750891907991,0.13980367150363648,einwandig,8.469278164182468,0.6905768257090559,Formluft,38.87629442323688,205.77080493135196,2.447340275698398,69.61765866794859,20.745236113362445
0.751645764664539,87.00990648942599,1.8689816835376434,0.08146603506230839,doppelwandig,11.321501584471548,0.8347359083429304,Formluft,39.110701476650064,199.6777881119033,1.8810982391987896,38.48649749660066,19.46398096018609
1.0129436043339808,142.43120364227798,2.3751588786808395,0.1408095446619667,doppelwandig,11.7550357319828,0.8457272760090491,Formluft,46.44736872097121,204.44157376247065,2.629568553186358,73.13229296982362,17.425815007532062
0.6276459045111658,185.8519548669687,2.2692887334042102,0.10583847425356753,einwandig,10.805586516503885,0.9216569096541025,Formluft,50.95841338260243,206.01673909827943,2.4372560843297513,86.57275093936029,19.093168410331973
0.5117755808150083,86.55231294028036,1.9040935796446343,0.18275141676543755,einwandig,10.292799067893606,0.8907001794281302,Formluft,34.84621266594062,194.84870315764766,1.9905395123878866,63.8538153481732,22.637033318382468
0.6102871583943291,61.309568630667826,1.3147597711414023,0.14459690031310035,einwandig,11.72174586733937,0.590096319005006,Formluft,36.966905791057215,195.27117120869465,1.3443281999795489,66.92009247262752,21.048815210544703
0.7904667901286277,211.3143575085326,2.5193325732341374,0.17011235357169774,doppelwandig,8.094176088326645,0.7548273285301597,Vakuum,51.96702753487029,212.7824289523383,2.4400579698908356,-111.09480241136184,17.239661283492957
0.38684818556389705,77.60761620420688,1.5857180742845502,0.2407968940190004,einwandig,12.698315978665043,0.6382646805032137,Formluft,41.471328644014946,202.05644179478327,1.7882898699377607,60.14609916111419,18.318547664481777
0.8274941805302243,100.80099190010775,1.7586769643809743,0.11850524363546304,einwandig,14.0,0.3825730264940922,Formluft,45.41637447717614,204.51744514957872,1.742101341323013,76.22923658445575,15.917548793293706
0.5922457364764513,183.14704213599592,2.231413745130436,0.18436868115993138,einwandig,8.554949815353206,0.8751766440035438,Formluft,46.234849136462564,204.76874409034576,2.2363848984901873,93.9035847416172,22.054966376767524
0.9295625321467127,84.72660794698987,1.7752945595998042,0.1337903123321721,einwandig,10.927919135053676,0.7212344707903546,Formluft,41.56940619956713,201.35592090708124,1.7258238690755912,37.16931895393553,19.157416828005314
0.3,203.80861252645212,2.732379263920607,0.24624021603016533,einwandig,7.6385040965510065,0.3406036426641388,Vakuum,46.728568167989934,197.8355146805238,3.2517824767089967,-106.60428215111679,19.9149580806314
0.5426868449791662,94.38663784363979,1.913199342173669,0.20988415810192407,einwandig,13.911423196393468,0.7738077953062807,Formluft,42.80898976894097,203.53435127549534,1.9049657453041593,48.712798033891104,22.381426734731473
0.36270636975317955,89.4246160848729,1.6503786292123035,0.05212618262765269,doppelwandig,12.681701405167972,0.4981707251279712,Formluft,40.02989114763793,192.1182495775524,1.7073905919866648,70.70737223531536,19.27710961820479
0.5347541067272095,76.79754091515866,1.608442920075402,0.2150128352763046,doppelwandig,11.287608380781116,0.3484856461016765,Formluft,35.901020139190074,195.1476608929295,1.2964894055856875,49.28610196203432,18.85419295049278
0.7495331802217886,94.75758786858681,1.7534966282132982,0.09254050201664558,einwandig,11.905469135728666,0.7246122402785512,Formluft,39.09317661857581,199.12463840471565,1.6590987867135107,60.752995763637664,16.86834611340403
0.664154674910049,170.85253243072077,2.6200195756660354,0.23111844755075983,doppelwandig,9.14566608731658,0.8125460578904704,Formluft,47.333583827349315,207.29003666652633,2.911422841445259,80.76909055501658,17.342992097407723
0.649324486210397,100.80913465308672,1.381336359829711,0.1918346667113645,doppelwandig,13.071554196051324,0.6620990060250445,Formluft,48.7276106210504,202.8208311039608,1.5422480292890886,89.28658695127608,19.65071534716759
0.6681630257239878,211.76213150263527,2.550555399672717,0.1503706694307937,einwandig,14.0,0.3039537914990647,Vakuum,57.38569225101524,207.67785620288657,2.812635663125064,-144.66424984450086,12.852220785754985
0.7406776481239886,131.77569131673744,2.055036656952669,0.2235166073018146,einwandig,12.807336528466038,0.7038179158598223,Formluft,44.159785147816436,209.7564297964652,2.2208508534598645,61.862223806314155,16.761559570798386
0.4982927916113784,137.36654717603005,1.9360968421709148,0.264148321467195,doppelwandig,11.379859290384521,0.30462635272257194,Formluft,41.15679296154609,207.20825418598747,1.9852097406239224,103.03045079370824,16.475635420463828
0.8413699281798102,88.27541388353816,1.6674552574776376,0.2446859284655183,einwandig,11.463163677935642,0.9484858109079826,Formluft,44.40603822115574,205.77903514714978,1.6453614967307584,62.353638934351196,16.288347321207
0.8325331940770968,228.08148498050738,2.805740549388573,0.1863448191429769,einwandig,6.611162711717615,0.4871136104075364,Vakuum,50.16927694126745,210.8565854904899,2.8839087241613974,-108.20299103965928,15.404642796077486
0.7770075875312201,186.61963638336817,2.394304174748075,0.23067358006488242,einwandig,11.801888553221868,0.9097046224479168,Formluft,49.59471699406966,206.11341516520287,2.4801330075959527,81.33727255269385,17.723293687977122
0.8113066885502526,183.96138467406988,2.48136141630796,0.1534786385981884,einwandig,11.759673739880894,0.3084765020318094,Formluft,51.6636513343391,209.0012064122064,2.634858632265154,87.36127695342765,13.34979367594609
0.7592836001617318,119.92690638181058,2.0536376427181566,0.24725653039078216,einwandig,11.069625347073123,0.36805155734451916,Formluft,46.52549984202888,200.05659129093715,1.8455040203946198,72.08559315628767,19.08363748297659
1.1070146605462134,73.24016150058252,1.5504813252500098,0.25726297290570455,einwandig,14.0,0.6159858132218599,Formluft,41.7977532862853,210.1035360300488,1.8699954536290986,48.27900008117945,16.475177213401064
0.682581165789498,140.92969037999742,2.059458312944669,0.08432345921909969,einwandig,11.518971618270234,0.8310251653368683,Formluft,48.23361777724659,204.60840483719295,2.080279047819496,64.60586032137365,13.368673511667762
0.6385833563330846,167.2481409708285,2.3131203902685473,0.10950783989848657,einwandig,12.368317946519557,0.9597931903504457,Formluft,49.864397954592086,203.18154005100766,2.498273193924088,72.86063260315487,19.796972291433786
0.5492944839285243,168.07944318360578,2.3435200934720077,0.1174971843372896,doppelwandig,11.390407924475877,0.6647663706179008,Formluft,47.78593197027401,202.93703895640604,2.374232316235368,79.96818732990772,14.470445048864038
0.49354746588443255,157.02832267676425,1.9951786466139507,0.0915204297455229,einwandig,10.720020173325617,0.5488224995666173,Formluft,38.19298020886189,203.1907113153834,1.8091654665556445,97.28340566639802,23.087339491022412
0.4511056424797849,153.8420306972493,2.2999693332721867,0.14813375172435517,doppelwandig,9.244180009953793,0.3311881779420267,Formluft,41.88682815366624,199.83722031072472,2.704390639132334,73.3335282308773,20.241337898174105
0.5222405373538163,94.18757230352372,1.6858503940111706,0.09825830286240307,doppelwandig,12.354237507686564,0.7085966302170981,Formluft,39.93175744408267,196.08704735310147,1.7242721681775366,64.46426880803031,18.15255060734132
0.6858639236695857,96.19722830715082,1.9588080876788643,0.1988848277316524,einwandig,14.0,0.5660306351489736,Formluft,46.304907190658554,194.81821066907025,1.6584004001625732,67.23570083221902,19.996191327804034
0.7668590256995429,77.08285123061619,1.7053208311913008,0.07540386072440398,einwandig,12.056658495435741,0.9363934392725286,Formluft,39.701156612996385,201.24799921762377,1.5664704805161687,47.282880899701595,16.927206531580897
0.7102284117104323,213.03180801715337,2.8797644247701752,0.1174797882566891,einwandig,10.553687590777521,0.6360414559880004,Vakuum,53.15377468020802,210.73408706165327,3.3738039745011217,-74.96903006757901,11.94537306810902
0.5468929445140573,315.0,3.368349430942764,0.21638016148658917,doppelwandig,4.959528235951993,0.8358128881908431,Vakuum,57.584693467503186,209.87653510502443,3.9145517653188833,-200.99345565199854,22.805575428166378
0.8800369128039927,315.0,3.464292003821886,0.1496362807833373,einwandig,8.685116672260715,0.893747369750427,Vakuum,54.42091068183724,211.71054675381725,3.4980876680223827,-198.6756139542357,17.215721979990384
0.8478825344601895,145.68685022177152,1.9791260286555608,0.15536568546335194,einwandig,11.983711417435636,0.368794328174428,Formluft,46.90458925269856,202.36965751622947,1.9823894645912499,99.5262334770315,18.832286898937003
0.6680703385155966,154.03356772047118,2.1264898604243703,0.24948131323959732,einwandig,8.74493928931522,0.6085924154293714,Formluft,38.715568248262464,201.01695085755514,2.219889782091347,53.743442415657384,20.25963026214972
0.5694167710670576,122.18907681763919,2.165328428217402,0.2961278883227466,einwandig,11.497244032515795,0.9256022017086183,Formluft,39.60303437607357,196.13601237332173,2.3593751871061044,90.43899379266253,18.640296212511593
0.8096855841659598,144.57787623934007,2.3797465966030944,0.19126694581355325,doppelwandig,13.248434912653236,0.597118708823784,Formluft,48.32479029826256,202.32045888407745,2.4726030454446613,94.2801920289767,15.588308533335494
0.7375947174972208,84.59119608295525,1.5045095744429728,0.06976679286590194,doppelwandig,10.367155016619671,0.6956079938771698,Formluft,36.87675443524103,198.68342581938384,1.2994783288974259,77.46005017760453,22.000419247390123
0.4103745481169904,121.02629050573654,1.8994686737982998,0.07572574355590898,einwandig,9.832442260106717,0.9111727631091933,Formluft,41.72860700614835,206.82006776509922,1.9384618708713153,53.64687475843499,19.755931418799637
0.686403948803119,89.73363760465345,1.7064397500336355,0.29212518050735403,einwandig,12.617665150310676,0.46281551068285487,Formluft,42.78782930095471,211.26240205589315,1.5425815396931803,65.29593855162022,16.03023902470095
0.7524071624148762,113.81996113720739,1.9984005353691263,0.21980872818711789,einwandig,14.0,0.9262071639764244,Formluft,44.37890527013649,208.66645791824018,2.157535283220846,65.0427674437829,18.331167058933936
0.5200610427024492,92.96961662760032,1.479785393490329,0.23811727958345486,einwandig,11.330603416230996,0.5779198948327307,Formluft,38.960365848300995,201.45746516425035,1.4073959452670923,58.27503258744033,19.056651226560053
0.7379686785674886,167.29198299537754,2.0978858517337544,0.21894093942138537,einwandig,11.808248424286552,0.7151233300613455,Formluft,53.64108507229058,200.50769109477486,2.140282051188722,87.48080485116667,21.677796609662327
0.4090355029484421,177.8443921200551,2.496199058541301,0.09490440042378832,einwandig,11.074161012201325,0.5296276374460972,Formluft,54.11654426165941,215.49412332290936,2.705817497423669,96.82127595595071,19.08646662256076
0.9672372200024342,151.71748675625335,1.9213841087123382,0.16209054020619051,doppelwandig,10.028023030562577,0.6689833376317129,Formluft,43.335846623127374,208.99221382941306,1.8627017343406975,66.6551034997154,20.36954523730072
0.9495899970118863,96.37242611679348,1.7039597980135173,0.24952010940484143,einwandig,12.912956050649914,0.33450006211575173,Formluft,43.08656434898855,200.982770229851,1.9287127704643436,78.94984814465212,19.450856841692783
0.649496533139407,75.07250334690752,1.6248937980590863,0.2665907407355183,doppelwandig,12.227518092137402,0.34568198266713435,Formluft,36.32937927824627,209.82133059461643,1.7998716447752146,70.22541552048254,14.459601643174501
0.7726908675678146,178.84813821214289,2.4931350011871105,0.10933387868659301,einwandig,9.813186964463403,0.5903059333563099,Formluft,50.20736978729995,207.61833056595037,2.789948080798701,84.40644974900225,19.41442646396925
0.3,131.4402911878756,2.03026461517143,0.19899044770845514,einwandig,8.391448914756843,0.5344663464035049,Formluft,45.82549363900657,202.85738398731732,1.999194098652405,61.75216901332949,19.297076917784356
0.4687304679469334,60.57991740123974,1.4297758313527884,0.08927547568461335,einwandig,13.436629595236363,0.7310542671925757,Formluft,37.850027423797435,195.6449274992764,1.4399611651544795,49.17843091065038,21.20481734035925
0.641244215969574,140.36697881884777,2.249621459508254,0.2895692182804379,einwandig,13.289012542773907,0.32653711693066434,Formluft,52.29292128860876,208.10937676814916,2.5082917234361366,75.83377185089051,20.131804424901727
0.4855733957146281,154.5976951280471,2.2795624499792404,0.1130510722481219,einwandig,11.249909171358192,0.4173680688158239,Formluft,49.01140775017332,206.18330951962704,2.327863909894309,91.90128029291105,17.880869566390988
0.8428792965261317,66.45884986681764,1.4346183056418222,0.23165878215097419,doppelwandig,14.0,0.4467143258880545,Formluft,40.671661527436676,205.86617366228012,1.17785012422042,47.57218509915069,14.320070214672285
1.0994593061495987,168.73897307065292,2.355570219067559,0.10777823605671359,doppelwandig,11.942180565123712,0.6083442379708603,Formluft,47.656357014845725,215.98090398538008,2.3101759594348943,106.82072979049875,16.826743737362026
0.46467705611413956,69.84295140153378,1.6162189646106992,0.2040134857196354,doppelwandig,13.134843602301215,0.4727843336652669,Formluft,47.45904858354952,200.65211908069375,1.3941208765256485,49.37596021841253,18.50122274219476
0.5325073191829615,91.91880291821016,1.9930860095633887,0.2148160767556641,einwandig,11.44617882103111,0.39636388006541146,Formluft,41.931818402025854,200.7270271269926,2.203427191279999,56.535674062432314,22.725129731912183
0.747089673661986,70.00408534756289,1.67798123302424,0.13210702586368817,einwandig,12.27737043558812,0.7183015716477065,Formluft,41.37558542234862,201.40858117409127,1.7597943563450391,51.831664977595814,18.878235380671683
1.022223229699924,87.9262375187978,1.885593428543474,0.2547084663565128,einwandig,9.860823114155812,0.8207103844622552,Formluft,35.66592199295528,199.58150132803925,1.784527269671191,36.07285825091549,20.26956521868199
0.4555251374920193,75.31476859059526,1.5109270392798178,0.27134272456186265,doppelwandig,12.582973005038466,0.7796876467580551,Formluft,39.87012993206479,194.19955351582894,1.50068590863185,41.47816552924226,20.61958794572493
0.7498072244613884,212.33659062690526,2.6200652890769915,0.26376748256349875,doppelwandig,9.983582751455675,0.4933260666592648,Vakuum,47.800466687817035,206.84600190271013,2.7225566458536696,-97.62298788359945,19.22438889994631
1.0642597701626217,116.93592733412862,1.9001804197510803,0.13269955486617935,einwandig,14.0,0.8981113854568747,Formluft,49.51495017473131,214.3867784388457,2.183691526033964,66.02208019772016,10.29365632556482
0.3696481703641465,105.8191082236485,1.8250169687934632,0.2360850647531635,doppelwandig,13.411162940966541,0.7282755255991815,Formluft,43.71478691457445,200.79255236246004,1.8389237052684686,74.96196082394083,16.560738088660266
0.44378615863083354,222.76090844282777,2.630883523872189,0.18987268871730606,einwandig,7.701269328653352,0.7302666907051967,Vakuum,45.51403919633279,203.67870458444278,2.862083324284187,-123.86263436750896,22.915137801532907
0.6152786787078323,216.8485156034012,2.9246781688107326,0.1981570811230029,einwandig,6.700050558877358,0.44899391620152007,Vakuum,43.517116562293786,204.2678079686225,3.181878408875769,-97.35724277651389,19.398480984713366
0.5958823174289177,109.63530366257297,2.0095851749644025,0.16935627131461545,einwandig,11.84601323402653,0.46954902113530744,Formluft,49.7108871521042,198.87639613596113,1.8903945787949101,61.431237740413785,19.54387523091775
0.8625202575507289,150.28224226907759,2.1564062589573947,0.20006528699221793,einwandig,12.866472836928558,0.6323251522066733,Formluft,48.301083653676,204.01614231304274,2.2798196375135484,76.19399452128555,17.3086254621195
0.7483319439641676,99.59589338595832,1.8930237444397444,0.0839135395089375,doppelwandig,12.068869991962266,0.4664747217284091,Formluft,42.78008517117922,203.59508358865415,2.0649364953970144,78.93478988805133,16.805745942375417
0.3450075880715743,125.27438987084965,2.035629993417373,0.1522118082793638,doppelwandig,12.95210860323995,0.7816544155397636,Formluft,42.761817132185996,198.97872392646383,2.1484989207131697,77.89791981585068,18.674896894780222
0.8030820805801622,80.42076016685,1.7513402784745062,0.0944179404969865,einwandig,12.627230097324373,0.5159881585790307,Formluft,39.81226032740104,205.24682274219677,1.8138500658959602,65.72394481958797,15.376916068031337
0.5844922225288698,161.05633202317978,2.086804587656594,0.12002638274285644,einwandig,12.407592568851705,0.4063413077729444,Formluft,45.54886427452803,202.92554854763114,1.9956111944565076,104.53051800063255,15.056736675129745
0.9548894433882478,227.33633255424667,2.796841499454358,0.08195363398053344,einwandig,6.122075640732511,0.4061296976414307,Vakuum,47.41560569741223,213.17014129163692,2.8946374622998596,-135.12980058878685,19.34975382621268
0.574482492712616,206.87612875694887,2.646303250869722,0.10312390130550501,einwandig,13.036461021368478,0.38905944509781243,Vakuum,53.55920190226666,201.40394082164923,2.9118932777311204,-115.41494784635981,21.92665634113609
0.5726769433795528,134.35886117495374,2.168417204341378,0.245482313946929,einwandig,9.416061574178736,0.6078250552764621,Formluft,43.46639919544737,198.37955927899333,1.977196862084067,68.65591191052587,22.590794874041233
0.8082263221609063,58.98165108486483,1.3775875685015986,0.18745911554441758,einwandig,14.0,0.3021280254433357,Formluft,34.9086708046176,201.098108476143,1.348260695162326,81.20285181211281,19.665138891426064
0.8525852964673872,97.60765142380635,1.4058716027780913,0.05591077962805875,einwandig,12.01544072506693,0.6796606018117715,Formluft,39.444482581759004,203.2283853895981,1.351828227809135,56.76982073767224,20.754731315757397
0.7896198727872407,125.20098274565756,1.8393529043128223,0.24713112095052892,einwandig,11.63831963062476,0.5088120460436852,Formluft,47.50328966324439,208.6518329195037,1.9337866861823934,73.5443560095739,17.720086191980453
0.3628805365230383,71.80085053756193,1.5652496064438592,0.27736709898237266,einwandig,12.722774924620655,0.6867351816721503,Formluft,44.116341337102085,202.57138121878225,1.5372925848075092,55.47705982682082,18.297769975103154
0.8076068879856502,67.59935736634664,1.550377492756273,0.2701073189456594,doppelwandig,13.82122523594432,0.9547977894091082,Formluft,41.00806327778413,207.02497667815032,1.4650616358072337,52.795715413647066,14.69283790571749
0.49313838966512014,260.2239567107349,3.334353872079627,0.2557542207183304,einwandig,9.409450168793416,0.9083333271284384,Vakuum,54.99888701801734,215.02235266527646,3.2957896417766914,-153.87208260760465,18.523693899666657
0.7470552223176526,194.62429830286905,2.6444063525216674,0.29805411070023424,einwandig,12.251115566074409,0.7035008879569189,Formluft,53.75639810887117,216.5535695352103,2.6382798105131853,63.02099825460742,15.595659145247431
0.4152531129201879,167.22302891446742,2.3500137732004625,0.19660048888448323,einwandig,13.63532204233307,0.5926492188471075,Formluft,58.76633151396725,204.49669176572345,2.6358288554247147,109.91606575964599,15.794102729989975
0.7892644295086126,183.31464228160797,2.4616584467356484,0.2906469071287262,einwandig,11.080777036513206,0.7888538697577545,Formluft,49.137822919255576,217.2304295967081,2.364513972415618,108.75682085640159,14.709141102143244
0.5386802191385254,76.2275808664502,1.7754481542570555,0.28721105812535686,einwandig,14.0,0.9461975328371648,Formluft,42.357678286792975,211.14872318078403,1.606813456623569,63.05325164941043,12.984484873131068
0.4434730699478956,86.7249578472596,1.605283094954461,0.12830968262585984,einwandig,13.017821139463466,0.6426829475576847,Formluft,38.68038869722999,192.46933849131506,1.5775930506125264,61.045057534411654,21.779318455444415
0.8427640272964798,145.89879174616306,2.1461477658082146,0.2658584390139677,doppelwandig,13.507410930851771,0.369515406859723,Formluft,47.788162790842314,204.72638573360018,2.166445405937631,101.7990833226137,20.713271488511474
0.7483289043353503,151.46643781629945,2.04834278450965,0.2481181663896943,einwandig,12.070778400404809,0.8362617402967929,Formluft,49.22519354326237,207.9967085288077,2.2690881051820915,80.25158878193612,14.730341130017562
0.5772046397214206,70.33951502698352,1.7755520275201637,0.24394969435027142,einwandig,12.14310286147468,0.3073354077260689,Formluft,40.97766272680789,200.38096181895722,1.8070005307620582,64.93065466462294,21.382262383258123
0.9902357698042128,140.951272747016,2.1864850225263703,0.2740701928229805,einwandig,11.838686490084289,0.8352469357484715,Formluft,47.13096770391159,201.75063208733116,2.1167476866051134,81.82997586315693,21.553078708355674
0.6118695156860514,126.27964929189116,1.9041086999345376,0.14604750248007692,doppelwandig,12.84935252272097,0.359441622720599,Formluft,48.77443343535632,200.18501834411717,1.7589707162958348,86.73284854898134,16.22062142302901
0.7064215347941869,203.50047138942466,2.6108355195676514,0.15001374147184549,einwandig,9.848091952459168,0.37463160205640084,Vakuum,47.1451008986048,207.94798187601188,3.2320908232350036,-130.54409100736962,13.790538800129449
0.7537826895357201,151.83024955594726,2.29108961092852,0.21001307730090912,einwandig,12.029956797096432,0.8471948090080681,Formluft,44.57470215430636,204.36710963526707,2.4093470824511845,51.14009785984549,18.281633534068334
0.5760668131742772,276.07364702636346,3.1709813393025663,0.2344511344535855,einwandig,9.828884742994703,0.7826651934267836,Vakuum,61.204062909172706,214.52209447463616,3.710261016157912,-180.0782445822629,16.322854243765086
0.7942272586799859,109.91525930024528,1.7991514811450722,0.26993427566440364,einwandig,12.205372233502082,0.6933321905356464,Formluft,41.73102283997846,211.36240879161332,1.4029072137388447,51.48579949810521,15.822202726592172
0.593309530567055,78.15442094553657,1.527094314666643,0.2689613301648205,einwandig,7.158364138996623,0.8744096348971355,Formluft,26.740022750515898,190.64457762845245,1.4495715034864038,61.665211564917044,26.48832300920652
0.6176723355567582,272.1858606836047,3.2283311703550046,0.23033490609656498,einwandig,11.551893785896626,0.8959579575206342,Vakuum,62.064224243447704,221.9289186953685,3.5394687221403407,-162.6812080192129,13.217464152905748
0.9725285279606681,155.7113841118749,2.1919829310133965,0.2892231944553807,einwandig,10.51203253676247,0.6202585789594006,Formluft,45.864577956076225,215.89763476839195,2.179980305857404,80.59728105150106,21.342094788932272
0.4918827894975133,126.62922666700297,1.9449701531216115,0.09465715473656057,einwandig,10.18770889166033,0.9974090809381762,Formluft,40.963834325995556,193.30835039295457,2.136845844937053,75.62008134321292,18.450302586616345
0.3,88.05753721266797,1.504051034443033,0.2875849617950216,einwandig,10.550340978377665,0.550305957747375,Formluft,42.318542564713425,192.31587767256553,1.4976341153760582,77.76201565683745,19.987649117267882
1.0221873990023789,110.49614782799439,1.8956152691030306,0.0660478705084054,doppelwandig,11.564704499632851,0.42005543663455874,Formluft,47.699976680826886,206.46866977044647,1.8391352343831,83.76708526645203,15.930862757087004
1.2098655905214004,107.87819157614098,1.8358420167903415,0.18890547029797955,einwandig,11.177549547962512,0.8921835101839242,Formluft,43.94431532457656,205.31270358245706,1.787767961355749,69.48916908045061,17.920978723962545
0.6189461469101336,76.85499056974797,1.5665926722616892,0.07254923925203056,einwandig,11.604606307986918,0.5908991956915312,Formluft,39.39937541648694,202.01495629026613,1.5533262722832364,42.87935965181809,22.068825728150298
0.31263239187596287,54.59639525816836,1.4665867636886547,0.19200024379953412,einwandig,12.270837578856643,0.91214975586003,Formluft,40.77936179831812,198.25855524059102,1.2745185800925776,29.09935542990167,17.092904833715533
0.6379032047608112,106.74326322692104,1.966146445225753,0.14752742811392988,einwandig,13.39090406744662,0.3428164411432828,Formluft,45.38617447460291,203.22546828935083,2.1459425008167248,57.7050425505039,15.760441980399255
0.6427554100318661,185.6702350733713,2.5905967013780407,0.07040235787559672,einwandig,14.0,0.3777364780546491,Formluft,54.89915659379431,209.57312649423338,2.733149927561912,87.86925773796843,14.460373749083026
0.6620152317955486,237.43814433479886,2.9824144298133555,0.21202920125604707,einwandig,10.70518958765983,0.3281908628567737,Vakuum,54.011072661937156,209.14974378120377,3.2647007258836402,-137.38894584126288,17.412448884094502
0.4773223916156303,207.568893171866,2.62445060357957,0.23279949990571047,einwandig,12.05597404021249,0.721407672211687,Vakuum,52.262311104732326,207.58262823837325,3.143433495572971,-91.05006912181574,17.681874185214326
0.8159122284952954,213.77204762093768,2.6251266305763155,0.09354635340499533,einwandig,8.90087874658308,0.8823049267815497,Vakuum,52.45829361049688,217.96612555729874,3.1598678061238417,-97.77749491802422,15.4495634522861
0.8049014750572172,80.3059290887417,1.485860086511568,0.22360917982719225,einwandig,13.201682503882614,0.5818625485260702,Formluft,36.89415783576081,191.72903242734634,1.5199112270801465,36.341830774331726,17.881418825868867
0.40111887603613866,147.23141374832647,2.0888778338858995,0.09476188728693323,doppelwandig,12.17217946475241,0.36348681476971656,Formluft,45.79482375587801,201.29751499076826,2.0543460388447343,87.00772911311508,18.62555132968279
0.8398393463389775,167.86833804753826,2.3458942186507916,0.08434911232881913,einwandig,9.484175761526004,0.5614281792016673,Formluft,44.15460624194735,208.5126638619066,2.436021529419463,86.42993745197597,21.53354103630589
1.1105369963891782,173.205735444652,2.2677029653093435,0.08684081663118644,einwandig,9.818396472785464,0.5436322926378109,Formluft,42.23563064093333,209.1007221864179,2.5314892819040997,64.22433134321557,20.079617599602674
0.734392066487412,125.30974518431042,2.0168865323420997,0.19976961723858372,doppelwandig,13.576360287058392,0.7504303473348803,Formluft,46.300406200172716,205.9323320390101,2.0453168328631888,80.05617243391106,15.973527399617224
0.6325349675862988,138.6657008888198,1.9645071054237788,0.2446977020316508,einwandig,13.713942987979724,0.7565061401574336,Formluft,49.60622410732165,209.66939123917305,2.200686032818617,84.2442117448777,16.132882144850296
0.6715993571184957,204.4279716450566,2.3862749898093996,0.1992234253684534,doppelwandig,10.0241212479041,0.3721166020759471,Vakuum,53.656569787158574,206.58103376824528,2.7220877777219585,-141.26707225467197,19.691148247808428
0.8230513533937123,164.88275975781758,2.44197299619226,0.25233786325456126,einwandig,8.487616644497107,0.5941237442678691,Formluft,41.545567869709664,214.41052075999892,2.4479886957186183,84.14154495868212,19.35051272978563
0.3538656788985563,180.14426363309437,2.369991919759878,0.19786933526759232,einwandig,9.905209442737323,0.7497601687731357,Formluft,47.74875905293459,196.35054005199947,2.897340415310547,91.05238446610542,24.58574097188663
0.7328781405954604,104.55719791502841,1.7109025353366438,0.24933031183712168,doppelwandig,9.503407783112547,0.4812028464330243,Formluft,33.17029054445995,202.5469967485129,1.7995668794256865,74.5304495084176,20.45247050098936
0.6219072101074379,175.43880166613775,2.2394333421344865,0.2941306252833252,einwandig,10.76443477801601,0.5849562005699342,Formluft,44.779173161686394,204.41192219192683,2.4062069192936364,83.99521932960442,16.185162385054564
1.0695650025912091,137.78801905966077,2.165759548686846,0.14773995199205614,einwandig,12.066105746051319,0.7295864521515132,Formluft,40.542739811033606,208.41142146090786,2.1710670178640834,64.67745687290957,13.746961679439817
0.6651654532390083,194.02788483197153,2.7584592353759674,0.08748554423172368,einwandig,9.607882037125158,0.5820094908714313,Formluft,51.51418288773065,210.64145952385576,2.8485714427545106,85.32917037423385,19.111993640944625
1.0335775222239039,94.17407558350763,1.6929315255171393,0.08384920292623942,einwandig,13.12907055517872,0.3216026800958975,Formluft,41.94963172478279,203.5048631799432,1.5632777579740103,87.78796822674063,14.62482612245522
0.47925186044359847,186.12916139852766,2.4566987849888338,0.19936939916414953,einwandig,11.180573443204485,0.4558311968006541,Formluft,51.123407809535905,209.40622169524386,2.5359598786624433,113.38427282517782,19.102791503791373
0.8174518333605584,111.18028104591166,2.050187024350654,0.18677576646383548,doppelwandig,12.734217059666456,0.8432566401258665,Formluft,45.83371719522728,212.989233853243,2.4092985368513746,49.72302604477309,14.323667964373204
0.7638800527582457,186.55870694066382,2.2209027998715634,0.09605884463550769,einwandig,7.932971741889546,0.47395285512502144,Formluft,47.09181456884005,206.05673339180302,2.4979476734056534,87.69713822384097,17.095880557708547
0.5261905504270434,147.6919792529458,2.4765661304604665,0.2705262406669184,einwandig,10.801171867650966,0.8723980122452297,Formluft,51.181204764385704,202.28636059469997,2.4658278549056147,62.155007248955584,20.406991643669826
0.7354792229273881,133.00526471678558,2.4306571630832403,0.2891870921135471,einwandig,12.494554338612897,0.6268354779912767,Formluft,46.326841090875774,210.007613369513,2.85950667572618,58.060980576425294,14.250284882305415
0.94250376736632,113.93915127223747,1.5055625807648874,0.11330391077582543,einwandig,14.0,0.6310447960380946,Formluft,44.73807772923344,210.27820495774347,1.6623241797623436,92.5152388880283,16.719109600157083
0.6352416591426798,126.88584947313582,2.000461311447573,0.10172073272526676,einwandig,11.284002262694209,0.8393613507319644,Formluft,45.63254468479841,197.0782647775387,2.008328538905445,59.61383958809953,20.740223556554508
0.3616074701660473,106.85533439366986,1.7470006203689243,0.10348046307688681,einwandig,13.430297041054473,0.5683054591111265,Formluft,52.08586120082978,203.56776396875108,1.8898966302978366,77.30643861524125,13.459753030418124
0.6964874347045108,112.86125566564336,1.8631742796894368,0.14685538242283985,doppelwandig,13.934772432206563,0.4669364145066596,Formluft,45.008412977285495,206.54488163793962,1.8165406974378457,68.76472494283065,19.7618926051375
0.5195153810414974,162.71633435007124,2.2389729143581816,0.2633067938247366,einwandig,10.5388362445031,0.3735226637022032,Formluft,44.110927255452644,202.41394936390967,2.5887426049422806,89.97852399057429,22.223196126589244
0.6315318122672234,63.39905410165617,1.628956297585153,0.19899015248527946,einwandig,14.0,0.7703369133181376,Formluft,33.14299292445868,203.53614046282655,1.6683902983836685,44.46383332146488,19.45942414654033
0.6836824460629758,185.28135861140706,2.4653653828460578,0.06688835793316748,einwandig,12.772313697576616,0.6289597778550183,Formluft,47.022605600498714,199.7763865191723,2.607817202752188,98.53446022225269,21.06007684263688
0.35886955679689647,186.84609175153912,2.358132651882319,0.1682447712930168,einwandig,13.089617174333904,0.8665848164900887,Formluft,58.240976723339934,197.10940839877253,2.439043939744036,86.51332986946116,17.824691321693187
0.37686833213586435,115.50827880294915,1.8982384562293246,0.07258292075702315,einwandig,13.029157367897334,0.6203722960020144,Formluft,44.792907922769075,203.8868414818011,1.995473047964211,78.86360121865113,20.31385105394427
0.796413367105105,140.39851615285465,2.200405764767199,0.15155352850211,einwandig,14.0,0.5903674725803885,Formluft,46.63451746337583,202.75252966423005,2.348552017678484,93.24614182262582,19.229453732806338
0.5954562607660638,84.29215865077464,1.4967790700414048,0.15088003557582924,einwandig,11.66212980820195,0.5091964588523161,Formluft,39.116011976587096,199.4175942603067,1.6636853571455315,54.32844927705163,14.961871293624565
0.3,157.5828199449118,2.0137275062137974,0.2120881664274114,doppelwandig,14.0,0.43959951105825046,Formluft,59.91383120956737,200.04479507061626,2.301996775269241,91.61439164238709,16.114832089135337
0.856968807321627,88.56273528787264,2.007413302428279,0.18736349174077527,einwandig,14.0,0.8813058612539253,Formluft,43.84009994881244,207.65640395084927,2.1282018675419216,34.3604187752687,14.668340418894221
0.7544739510548479,50.0,1.3036359980437344,0.2686886955847715,einwandig,14.0,0.36664795966273644,Formluft,44.944089739114645,203.48739250356445,1.0851524190208435,47.069083059226614,20.629276707438354
0.5572250351927032,232.7053808604338,2.841040098845542,0.05406879566636809,doppelwandig,8.542289969405733,0.9314894063461521,Vakuum,48.489978097977136,206.09068063563498,2.9553352297419586,-115.52932837574006,17.331394168955015
0.4366339577883516,80.61453512218108,1.5852469701036127,0.2434997055236623,einwandig,14.0,0.3188364058661453,Formluft,47.25462658352224,195.03654266390814,1.3228518937835494,62.85593075630244,18.200280274939825
0.8671615792628674,125.60711424007148,2.087070069532893,0.05566458523896044,doppelwandig,14.0,0.6655766346625459,Formluft,46.58962993948829,205.72939372565193,2.1008212459876354,71.01647004394289,13.992848887856262
0.7698701245120859,142.9586622896506,2.4095877867808615,0.12607245711909149,einwandig,9.25131615531099,0.340829993505759,Formluft,39.49852524779514,204.9611466708338,2.415057587137158,92.71439131067655,18.333510759410697
1.1765204565368146,162.53915389627232,2.3873033074295713,0.26991578454489085,einwandig,10.609868588962351,0.845724984916743,Formluft,43.783759255745345,208.28616177585124,2.4133344075246517,89.45012091435731,20.14919189912377
0.7840377197449875,130.85839198138748,1.8191123637201012,0.22260354291928042,einwandig,7.446034824002937,0.4480475668413793,Formluft,36.134052371838216,200.4123747748768,1.9885697011092374,54.087497634234865,18.292484668219682
0.7775406282524029,149.04725072653443,1.9847594917609963,0.09299916959153583,einwandig,10.917152778138327,0.6961458033655749,Formluft,48.464241348310516,206.642938022668,2.144870368439396,81.95883863651986,19.16874823048652
0.6666144139782869,114.26843661136864,1.8543027765919118,0.17269613602798572,doppelwandig,10.511272697795611,0.941512271813661,Formluft,39.1874051558543,204.07830997685215,1.5744234796278858,57.678712495640966,17.045500523841447
0.8633551734401581,66.97864445196662,1.495594175685743,0.23047604524449644,einwandig,12.889998512767363,0.7544812549286983,Formluft,42.44840465897542,204.91686116558662,1.842911461707638,43.79916802656656,21.71961311697542
0.8250170402496307,128.4919662768728,1.7696430397829923,0.28433583033488236,doppelwandig,14.0,0.4248239754817408,Formluft,46.466949676869774,210.62371076390642,1.8813648761764767,96.10312536234773,15.846867076795817
0.950345001713039,173.60056873111915,2.5117056878751196,0.20858029980455095,doppelwandig,14.0,0.8576744381284305,Formluft,53.78587656185319,210.69216768679536,2.6689988802107956,63.237278328340565,15.392009266649861
0.595735416272543,82.54185379754043,1.4973867466981017,0.056168852858231824,doppelwandig,10.057558581660226,0.6090357247658444,Formluft,34.41636148453638,202.14576359835948,1.4741805049773122,58.02561779353305,18.40678205848265
0.6129185054112075,143.66549277123693,2.373319176488759,0.1749254649240709,doppelwandig,12.519839283917886,0.30922371683992966,Formluft,53.2113502756365,201.21571248734205,2.4676650818658654,104.82043857244382,19.159044677283898
0.6041793658176039,305.49529605062503,3.7170572579858585,0.08824040979270693,einwandig,8.960479772852851,0.6407354790754844,Vakuum,62.340878890811794,215.2436397779433,4.2,-170.0842416012784,13.722827800558905
0.8581603442357978,124.56290939122599,1.9592652452349815,0.061944887618730335,einwandig,11.210133091810171,0.868739274084338,Formluft,43.978432707432304,206.82591820386517,1.8981288783954677,55.479945004425424,18.152665967139004
0.9996748880593465,127.56813039072814,2.0863909391885525,0.19962765867039606,doppelwandig,12.167411946548894,0.600970341583529,Formluft,44.37290951901552,216.78805314007687,2.1544612151076485,72.02797677768208,13.67835934300137
0.6082319013701398,65.21586052438082,1.3369348008824165,0.24423047562760614,einwandig,13.921567901720476,0.8308996353359945,Formluft,39.1360623423339,196.4293307291366,1.541953061364373,68.30652871107932,17.795636143180285
0.6150452544413817,78.76953256573654,1.7237077094977595,0.05901513887410108,einwandig,10.337538940132866,0.7938681191740836,Formluft,33.04014178114485,192.9890957325522,1.7397713613744477,66.78578552289076,26.36536395062499
0.7628154447739598,88.96237101902098,1.6369701046370124,0.24589731774137985,einwandig,10.713282016352178,0.6198386221367993,Formluft,41.9253555272631,199.4744990779062,1.7077345128322663,54.42471885445481,23.113381578925615
0.6508476999974196,170.24699725822393,2.1988906798275383,0.2265969699528772,einwandig,11.088418505426382,0.5262978095178131,Formluft,43.54525565787614,201.7499283329463,2.130835591161428,109.84755560621014,22.480862543742816
0.8904107306279779,84.78208913669695,1.6348564648556279,0.23799672204209033,doppelwandig,13.07925282754611,0.8085780010935093,Formluft,40.629533013061966,205.20491525709517,1.730893153443804,62.106341979663526,19.27972336024132
0.3,58.720568258826745,1.3999023448098096,0.11118209317892512,einwandig,12.114860362694793,0.5582428924168558,Formluft,39.500877440205414,190.27221567903877,1.4319506578672194,21.088134009974198,22.52217425408553
0.534658990616621,155.9953630983166,2.19918899433597,0.14839886387335727,einwandig,9.511363642834395,0.41906097471005616,Formluft,38.81388659492524,202.39408257100942,2.3433877841063278,87.84805476292307,23.124867485947842
0.5435167332077108,92.34493988976259,1.8812115045405544,0.07993770680180474,doppelwandig,12.511818003413522,0.5246041430695856,Formluft,42.13748160580631,200.23199809895112,1.9981265984209864,86.10804933035303,19.657937520926257
0.3,66.02486244849993,1.4104027606926395,0.10972273755861663,einwandig,14.0,0.9137874350496338,Formluft,38.51116973503202,198.90718877353885,1.275034425234044,43.38352869928133,19.883438245570847
0.5072723111262392,180.62150385387244,2.705225480797061,0.1256974178693575,doppelwandig,10.33149086175945,0.4983723784961699,Formluft,48.35118943065592,206.80365630344295,3.1638578591107933,114.00601648556028,21.43436685447535
0.5169687768308147,108.41223363086144,1.6685389241230886,0.12985915988419655,einwandig,14.0,0.4644723743913153,Formluft,45.70381168317323,204.66942610370916,2.084314533911325,54.1184733433296,18.878122897869822
0.6597790690962339,163.13572050118802,2.5474003049862937,0.09375997202420296,einwandig,9.529965892145176,0.3933940495113935,Formluft,37.96556084219283,204.45053507592013,2.642478182446141,76.55604356540377,20.34790551289714
0.9225931783320527,65.30082817769215,1.3699300321355334,0.09717794951778584,einwandig,13.753698898467348,0.3386244911974068,Formluft,42.50670851329026,208.56737032175934,1.422503435771362,72.98052941134569,17.981718223298625
0.6509878697618595,53.41472829119966,1.4271658414491049,0.27536759994804005,einwandig,12.956040934511996,0.9836846479397421,Formluft,34.76720747906547,191.9753907490618,1.3382617578453708,49.32834982746539,21.022337873569157
0.4938372559457692,137.21016505532748,2.0241519034209166,0.24597340370390147,einwandig,12.745667766443034,0.6757437790824273,Formluft,45.761319956617555,196.18795773196436,1.9447696463218316,75.81651426853571,20.94749813756898
0.6886090917572941,77.7048096513234,1.570079176479909,0.13611942587285936,einwandig,11.494203994266522,0.8107511224344883,Formluft,38.16621279482816,200.09766753899368,1.7114353910123712,62.354317986567764,20.807490782330326
0.9098347242882698,136.27916284637513,2.2104368882243337,0.2869108848702402,einwandig,14.0,0.8410814128080937,Formluft,50.68061545823731,208.78578921985553,2.2145739656634222,64.5587351028929,13.33771881564593
0.504808236777019,137.68155345767343,2.326426447245709,0.10973067819808098,einwandig,8.176736357406153,0.5466218963043308,Formluft,40.58206022974344,196.5070401397666,2.543759622939854,66.00689838344353,20.414936723422315
0.5178850232157102,129.49244575405504,2.2145182717757868,0.1517051133625127,einwandig,14.0,0.8592341371128547,Formluft,51.11169109418866,205.8998537435459,2.590888000030113,73.48181405519236,18.376444988737603
0.8117097918548446,212.8978283780462,2.6424541771730925,0.25338132785864265,einwandig,9.85753122876651,0.9730389710940341,Vakuum,43.88839821294695,202.4482371615006,2.9389845739197873,-87.00378241475916,19.999173859796013
0.6556927768538399,315.0,3.547638283360683,0.16072159255090668,doppelwandig,8.229849163493826,0.8192332951683738,Vakuum,62.06204312494827,213.41479878157426,4.024292099864274,-183.83456021022917,17.742491367068638
0.8294969381418948,154.65687158321197,2.1199432916154413,0.1086563307270365,doppelwandig,13.802628016603617,0.7982131886639452,Formluft,51.436465863545116,208.22275101268343,2.1011257839796005,81.65172412773043,16.93877702420349
0.6972706416409407,305.3328582283856,3.2939303189408804,0.1421338669053721,einwandig,9.0820015346225,0.602563650607414,Vakuum,59.32737875422408,216.1468921682889,3.576968306120815,-204.42758396432308,12.310291359879095
0.8403327296179134,109.73592810100091,1.705942288948707,0.17518026809367038,einwandig,10.796548021888853,0.8889240880661562,Formluft,41.38987026846264,201.9684155104373,1.6951045200896964,83.79507088263216,18.986891575947492
0.49298437719187177,72.34285309649745,1.5131068287243603,0.20516109591508436,einwandig,14.0,0.36218616258634473,Formluft,44.64279159284947,204.46755917153635,1.4469802483305232,48.81289978137892,16.77928546360604
0.6975830698423464,94.97958769456821,1.797277546208787,0.15140162489538084,einwandig,14.0,0.8247785985693639,Formluft,41.96792025680962,208.69737009432492,1.9001795620972974,59.459991338071575,16.471666854294536
0.6578619971273686,112.71582048580986,1.6149542899237532,0.15782608277999355,doppelwandig,10.407521063533109,0.5533954795,Formluft,44.46540010218099,208.96420228444538,1.5028134820255106,69.49678451127521,19.686077167558977
0.4568218151791738,315.0,3.5130469446128854,0.1159859032003563,doppelwandig,11.361857022387955,0.6961817410584539,Vakuum,69.69031801728784,221.6202838840821,3.9292624035950614,-198.35805568216446,13.360514726624343
0.38730441042626224,132.9951754133221,2.291365171989005,0.1838368246043529,einwandig,12.446525586604077,0.925074638927919,Formluft,47.47357838566112,205.37622341710843,2.429799703488448,68.98132710354702,20.640149735460096
0.8371498070549324,216.99829682299745,2.9042730349450983,0.1048640584423866,einwandig,8.708587035584548,0.7235136919681326,Vakuum,46.0459479743591,211.20915133083903,3.1339638947929,-102.91142713844171,15.95182721601786
0.6298095235564043,105.66709848455817,1.7575591763974656,0.26688155452701895,doppelwandig,10.571743768669538,0.3179070712537263,Formluft,46.1741364679947,199.76762386124122,1.8046882477425583,77.78769509345457,21.548498075136838
0.495543943670534,100.06066577008245,1.5909543897682417,0.23684176756657538,einwandig,12.051909206931388,0.8058233918661672,Formluft,42.55398598355947,197.63277031644182,1.5972839249782107,52.06767667595244,18.673924758144274
0.6807642126153335,64.46292142102075,1.58467791733789,0.15256974710354604,einwandig,9.477870302333491,0.9503171543425475,Formluft,33.240680506516355,201.9829653634823,1.4378380171936056,31.482336218284082,22.584527328848527
0.9256037714698605,313.7509974285374,3.162393741897174,0.23680696175821192,einwandig,6.32573612616899,0.7494083617173914,Vakuum,57.37728849577156,209.15710159088502,3.6067815590355568,-221.72582471635198,20.283751959289557
0.3,254.73722622964218,3.204420927219539,0.05174898545234326,einwandig,8.105714856547722,0.9029940542217016,Vakuum,54.81644195261728,211.4261076927126,3.7637915471112766,-155.3627959482206,15.68720088320985
0.40067226201933465,144.38345772922276,2.123029543151296,0.13612230566059913,einwandig,9.241586258544592,0.877707028739354,Formluft,44.74168371113875,198.3893499104285,2.323733635952015,81.73473053006882,21.259033399581696
0.5154227116209464,115.76032933402725,2.200777682758828,0.16007528703669716,einwandig,13.601682156458038,0.9029045980887735,Formluft,46.29885753154094,199.6132635964694,2.222918356471006,61.95241032338838,19.427118514023842
0.9922357733440658,135.41690413846806,1.8242904102712747,0.16744962688642434,einwandig,11.177044820959523,0.5408702818845923,Formluft,40.640388150868446,209.501416298309,1.5867884769080156,83.61993866778757,17.78207257470984
0.7565173965838593,71.31519639808248,1.7082435049658349,0.2371828694275847,einwandig,11.945531000819082,0.6319144689760767,Formluft,41.1645717123062,202.81326212603608,1.9422265703444554,37.631209159802715,19.297426178412213
0.8534634480922454,162.98302490787938,2.2887878737409055,0.29070185689042843,doppelwandig,10.274756507165929,0.8936234535208121,Formluft,43.60659035956573,204.81949590936497,2.3662217315077902,75.91276365287325,18.412971662078853
0.4719678161747538,243.6958539606706,2.899909251964553,0.14499928261070077,doppelwandig,9.617818597614928,0.9372790024520186,Vakuum,51.54126942022095,203.21973017749258,3.4256964283864177,-115.91682018891049,18.40607190272657
0.47609282494589467,250.16282272225484,2.7958260619962174,0.1376499623819687,einwandig,8.892371852877618,0.4027890494818225,Vakuum,53.834731857770926,201.80004185788326,3.3602295912117848,-173.05579839940165,16.7372477335842
0.789562743344542,65.31014057935826,1.6118433106416235,0.20262880664509902,einwandig,11.965296309340888,0.42707266571403874,Formluft,36.007344721291545,191.69761571301464,1.6782327969658115,39.357586561745435,22.625512169589854
0.7116548661870893,215.9610325197948,2.8291088678748872,0.12031340354789473,doppelwandig,9.852281135086017,0.542780720038454,Vakuum,52.78948317223085,215.08524350645263,3.190612182419183,-103.97637333756732,17.669457132876182
0.8097477637728253,71.48384173240137,1.8396399041540943,0.08533758345379731,einwandig,13.11155204155745,0.8392084797255506,Formluft,41.8891937999102,201.68680267218375,1.8971090058885147,66.33094065472834,22.47462692642859
0.6624658018143095,54.203096376109954,1.5848323104379685,0.2903852176230497,einwandig,11.365994144299625,0.9124868100805263,Formluft,33.55295483511184,194.18115167934664,1.4896714658828487,53.37162745345184,20.930536562937817
0.7556287452909254,220.1853043982902,2.6723981358429616,0.25238248920225553,einwandig,8.918358003028224,0.7061680989823418,Vakuum,50.83910883817216,212.31536489411542,2.7119056727189577,-138.36216417621162,18.322517605647043
0.7316238169810217,101.90703471476395,1.6646768901754845,0.28962488825603194,einwandig,13.611000672972677,0.3792877227752617,Formluft,43.27266534452496,199.87932308481328,1.820232395607889,66.64542829345932,18.80682550025336
0.8555534778169851,204.3113091306508,2.4292167580168487,0.10445821967097917,doppelwandig,11.036493791526746,0.5126237609770161,Vakuum,54.68350640228146,208.11888882292274,2.427178987374142,-91.16245785367637,19.60808056585672
0.8614016563888941,195.0385630764967,2.7812921564578943,0.05445230374241765,einwandig,9.664107258280795,0.899916104534342,Formluft,50.27078093288446,214.36848229077648,2.9170692667728146,91.78451547040888,15.694201296395136
0.37602560112164596,182.5980388165788,2.3440581678909505,0.1593153939345266,einwandig,11.788594619157482,0.5432884847890104,Formluft,53.283688079232746,207.2602957099124,2.4986998861341183,98.93974291079319,17.871986553165115
0.3,134.62421861121973,2.299028229235454,0.28340224074789533,doppelwandig,9.674483540750263,0.37196507016257696,Formluft,40.7164237666923,198.82133396293187,2.5840089909991786,75.3171031736937,20.767324113287987
0.9003490795303014,74.33528647575923,1.6734430979353838,0.08458133471793973,einwandig,11.243642161719366,0.5114479262791547,Formluft,37.93377264316789,200.3272692274592,1.6443115565453776,65.3023711517837,21.182193514615278
0.9375450186523873,112.82689059960204,1.9521005570359105,0.0792963807086496,doppelwandig,11.676817808422587,0.8646944466098658,Formluft,44.08765764745161,206.99299965377807,1.8896453053905387,79.78674058257565,22.551206494406095
0.49587539609733244,252.37142613194115,2.9729411621714843,0.06723819606146052,einwandig,11.685846618875741,0.6454356731133996,Vakuum,61.56567088964514,212.75394479434314,3.294063799012263,-141.64311087398252,16.946734142833193
0.3280329186908742,207.03254416937844,2.7553612903053653,0.24125449973299368,einwandig,10.15068964884195,0.4201009428849589,Vakuum,53.10368850819459,205.47219514172454,3.4017343935626614,-118.64121285759609,15.628210554483235
0.7198069642014402,115.55864657983783,1.9221485582131823,0.24648163345838475,doppelwandig,11.56030221617251,0.5188426608059566,Formluft,42.30712215679599,207.85595072396006,1.8378308628657216,43.18918704125383,14.927192720092808
0.8861676452701058,114.89945125376559,1.8638136163098034,0.223844013915866,doppelwandig,14.0,0.9675068957715243,Formluft,43.53881955165884,201.3379823447481,1.8499483071536293,42.596009199862266,20.236859755852436
1.059518904486863,174.47077610721186,2.500166926854925,0.06332296128058403,doppelwandig,10.064353726912627,0.6023702416690384,Formluft,48.557246008804746,209.7877683462823,2.6502777483909066,89.8772706545669,14.110318300291212
0.8032595144202902,139.3273049604612,2.09302262330052,0.23082208395380094,doppelwandig,14.0,0.609119478364265,Formluft,51.27536004765465,209.67254610035343,2.179501373059061,86.24179547197734,16.528138039550957
0.625656660682861,118.34301611052348,1.8269939120733638,0.16215720211542178,einwandig,11.018858349995423,0.40714872143094927,Formluft,38.73552384963944,198.59476891673714,1.9710724441585679,59.1759338904104,18.484467610105057
0.5213738756830274,167.2297455698419,2.4278119808778333,0.08947360548415124,einwandig,8.79579890225135,0.5131880132299993,Formluft,46.44008816469946,207.30873476919385,2.7427626502940092,91.85140379109163,24.96050201269489
0.7022902583341308,164.47402687026135,2.306194366617806,0.12378150262115052,einwandig,10.555425378539713,0.8702802930580325,Formluft,47.20525509332142,211.18148945985183,2.626313484818744,89.34519267224981,14.509966006062402
0.6401470592229487,96.10793219574643,1.842199959329642,0.17528670998324025,doppelwandig,12.099133173432305,0.8503392820822842,Formluft,40.9247060945176,201.24753864629076,1.8745202300719415,56.60080114119663,17.4322807900646
0.4969864188542367,152.8985004753156,2.1551090250493967,0.13241286806742025,einwandig,9.562097535418545,0.6048491592601337,Formluft,44.199992149974115,203.60902544123,2.363545723467457,75.93871803648969,21.28564541468781
1.1097511301726573,159.547655317669,2.0950130468392087,0.2924373066853981,doppelwandig,14.0,0.925556583509987,Formluft,55.1389372339041,212.08873739746124,2.1843619827601275,59.91186477734879,14.717855257462126
1.0570336804144262,129.7757234744137,2.298466882172451,0.1686854354267998,doppelwandig,12.392860048750158,0.5661812419439756,Formluft,50.55578788257317,208.80036686172144,2.1940080391511407,85.53754632750028,15.27124631548385
0.9272097367110856,91.74671172187192,1.9659654053895115,0.1430376275630359,doppelwandig,13.63483135429637,0.9050307058753537,Formluft,43.39142906385209,210.18986760349765,1.96857026752415,46.63216880924015,13.761010850878984
0.5158299204381744,111.22674563398778,2.022381709261196,0.21829135724200915,doppelwandig,11.295572824876464,0.32209588540929185,Formluft,40.98809570469982,196.67272132318635,1.84654704500608,95.63272173872936,18.98884312642155
0.8710038648594557,84.16607858644441,1.6151570258854144,0.2126362642139787,einwandig,11.74050926584863,0.5430612031607975,Formluft,41.056198352635526,206.74783138393346,1.6351778693995362,63.006356318404116,15.69905919453797
0.8279252818995804,154.9430897849861,2.194497022305728,0.05060982010131686,einwandig,13.17753946681075,0.8985479346138847,Formluft,46.29261155375895,204.7701906027564,2.0844599962463697,81.19735474221488,17.440770998169214
0.7885091248408106,65.42837906411296,1.7307761493973735,0.20461842457518575,doppelwandig,10.012606978217654,0.9309166930320296,Formluft,36.4610675542684,197.095404751737,1.5315221936971812,54.61887264331649,25.205083266853073
0.9499330534087553,266.18568881640783,3.076411004896151,0.11094224369225843,einwandig,6.059628834009067,0.8294968288542677,Vakuum,46.78531695738693,215.91709524488633,3.4474985460343777,-145.47889834338957,22.7783966880229
0.8270742285722554,237.70386762509878,2.8067475355486953,0.1438084103969804,einwandig,8.562786298157421,0.7689060718269904,Vakuum,47.8144011067192,212.60098204579447,3.115373937227486,-124.23495275574581,22.31786305190501
0.848002847260867,161.4321010178365,2.5722920094881596,0.22658722268371106,doppelwandig,13.666292085822711,0.8708534366236094,Formluft,56.631064230567674,207.67691965699578,2.688756646812565,71.9831820909473,16.211213567348768
0.827381256674442,200.82996558947553,2.5994880724737235,0.18934655525267396,einwandig,9.230216914324163,0.7952907317554905,Vakuum,42.46587245259434,206.3707428973663,2.717613573096231,-110.25943738147097,20.617075757476204
0.7681582816004211,194.02263324621669,2.8174448652468107,0.14216378603877422,einwandig,10.981737283392976,0.4779546681256248,Formluft,54.97154859239525,209.37075173401195,2.902669182993774,90.0218077390667,17.695782987069016
0.34327777405716325,140.36226290528086,1.9131393166387467,0.09185258795928102,einwandig,11.546400786144162,0.6263658304864048,Formluft,50.30616716674798,202.6075079906742,1.9976813178795663,72.59705744491346,17.01966147314966
0.7167242154821114,119.88120487350119,2.0367773714056847,0.1763705468119383,einwandig,14.0,0.7624934985203116,Formluft,48.604434955132085,203.03005480268772,2.192896287617006,92.59787382506752,13.523242036047634
0.5887616082301749,113.66290238432,2.219965608957052,0.12984150587680082,doppelwandig,8.988981403966157,0.711461929982813,Formluft,39.63692362748548,207.5107890015967,2.2725348324531303,56.15032121410368,15.001220982178339
0.44403180847199586,271.4196649357632,3.1758199311849347,0.2782319521020188,einwandig,9.686434784051475,0.9195683249861422,Vakuum,53.28364756850876,203.4952768728524,3.2289398349058955,-178.59792983876835,19.87419242731823
1.0363633238601648,90.36714004513922,1.6833364465209444,0.18358666007226265,einwandig,12.343023639386324,0.6316912482714798,Formluft,39.584245417493264,199.1164032848878,1.4560264618184275,58.11241922952399,16.29946882854484
1.0457990681771407,91.11270568869807,1.5537388578698215,0.2664909985426031,einwandig,14.0,0.4245911646162444,Formluft,45.20888211567046,206.53643332092435,1.3602183626701398,52.64247624245989,14.86588126306135
0.9718441200591224,209.9396314613511,2.841868509856096,0.14754525712087785,doppelwandig,8.11294500126559,0.4502074261890171,Vakuum,48.784024841855256,203.01215851370114,2.9796072502413145,-105.15003534733175,21.252287787890232
0.7510426833711749,199.84190673072598,2.4832160414497046,0.2568592909469901,doppelwandig,10.052738471457525,0.8922395912015035,Formluft,51.40901152665634,205.6722996678985,2.6276193109697417,86.59745199105434,13.674607035709723
0.9701250241905313,116.65348500881133,1.9190065961619924,0.06413422554301966,einwandig,11.878649452954347,0.3061046679561784,Formluft,44.366335803046525,204.12312522228225,1.8168864150001558,72.82057357170385,21.50918062351524
0.702410636120365,170.03946573273103,2.175140383892957,0.12452975639200374,einwandig,8.744142414040898,0.9083912533977836,Formluft,44.207237413457975,205.14983926411426,2.3952082466434623,94.80072461364081,19.706757431344506
0.7405594553795558,181.30495929284007,2.6839738643573354,0.06954398326117485,einwandig,7.90654999178507,0.3389116599227893,Formluft,40.322996069783144,203.949925586399,2.655998481820672,96.83856688582766,19.48110962885571
0.48130572590760334,73.02335609458981,1.757419645365571,0.05791254517871848,einwandig,12.01359337390897,0.5741609276625838,Formluft,39.44334164329862,198.8709082612841,1.6943431288831636,58.890873672348185,18.12104110044447
0.7793982608997679,245.7572059748406,2.961319935416755,0.27971556133077974,einwandig,9.115932108618983,0.8601233592119402,Vakuum,50.488978643695155,207.18103932628156,3.3796986649135015,-135.26536409733035,19.937170255011488
0.7120771856848834,181.27294217509623,2.277061197062731,0.22921718609991998,einwandig,8.954351997013607,0.5853307637756793,Formluft,44.77620606942535,204.21876592699388,2.527896287720638,92.68498186433554,17.59571115572403
0.43946957663310704,162.9178266565045,2.533728670638431,0.20627751611711764,einwandig,10.266907207531752,0.8756437309378367,Formluft,50.207018691774046,205.82270059167064,2.7051935092705754,64.29444089330647,21.566443085730103
0.6897605776366805,181.98377592180427,2.400980448317362,0.18312320235295826,einwandig,6.678810892987752,0.37020918416804816,Formluft,37.166839545724436,194.1269097273523,2.7127713247935383,109.73432569879216,25.28754061537777
0.6840540872286383,153.37191050008886,2.0611945578780833,0.1923885090542105,einwandig,10.424402396530319,0.6580795585046304,Formluft,44.795663990046855,206.19918955085635,2.2160347692102946,84.89202927061666,16.894159740628197
1.059512233328928,126.26306751050879,1.7457868382131885,0.20967259534661337,einwandig,13.890596605487294,0.7077318125993064,Formluft,50.759338595662086,201.37172776505074,1.7588881604779179,81.26419923768447,17.530232997543152
0.8788426657026819,140.96593729499133,2.0308327285758647,0.2566449486850258,einwandig,12.886212219565383,0.9236080180660686,Formluft,50.02725762579412,208.07179298465124,2.194476334865238,72.63176847886179,19.457524812437814
0.7022890878182931,70.6818457708271,1.3472590477871258,0.19922213894888208,einwandig,13.059109981675036,0.3655349844374353,Formluft,40.90510220399101,203.02254568965154,1.3597487473233123,73.27387536482786,18.857483362851347
0.7497574619602165,315.0,3.4265768745215763,0.23714519077772062,einwandig,7.612305450028327,0.5370204796980983,Vakuum,57.47030978892357,215.46905553061515,4.05643824615315,-206.03837184114772,17.078935573128383
0.7088424756208396,125.26546418702843,2.113785023550885,0.12024451295743373,einwandig,10.211842604135974,0.7615436664277869,Formluft,45.34567300666292,201.6055547068306,2.1526164964591943,86.27078742815635,18.104970310851748
0.6594172030408905,315.0,3.463689975403715,0.294190434454118,doppelwandig,10.3738773665828,0.9859510573020545,Vakuum,60.80103267292685,215.18099611459294,3.861556641392395,-166.86410606586583,16.02063219541411
0.48351456052234254,142.12314053279286,2.190339131579399,0.057974302109257234,einwandig,14.0,0.8937920267704997,Formluft,52.33357865570901,200.24483490552905,2.356359124321147,62.91115233091533,17.279008830817162
0.6697896244786141,99.65777095001913,1.6887619686703181,0.14664414881932886,doppelwandig,12.83820298766147,0.8925465431871227,Formluft,43.52679902777004,207.78735683444023,1.7094654266152118,79.01157340444905,17.56395182655961
0.5507803486694973,242.04846076241935,2.94616304605399,0.27051238787592596,einwandig,14.0,0.6620277705973516,Vakuum,59.885735455032304,213.58428335064954,3.6031208265013173,-111.45001895713997,14.163414333800919
0.44993689221537064,159.67480366528451,2.5655335526351792,0.09513074067154755,einwandig,9.647765165297203,0.6950093854605488,Formluft,43.35959737606422,197.680083535557,2.8325784970475554,105.89785858295753,18.877732484575404
0.8022443629095068,315.0,3.4677270882959657,0.08533452323341449,einwandig,4.622841519862094,0.9010060658564565,Vakuum,59.554505701059085,221.00075128508948,3.7871251927195333,-181.76217569777998,20.10287377048277
0.7782529319866469,98.55126828218835,1.8460745619004557,0.14135769172497836,einwandig,11.116970784757054,0.9087379103797317,Formluft,36.35031665111035,202.15119729176456,1.6602861367061612,53.437635586103596,20.349262335017016
0.34265849772638435,247.38954528913723,2.7442872781928322,0.1570486751292069,doppelwandig,8.376280837621588,0.8615921958304782,Vakuum,47.484347369261194,199.69219698221144,3.33647141093776,-126.2908027315315,18.94408887569973
0.6754630725009745,254.32692417952353,3.2626313117987187,0.2833485151654319,doppelwandig,13.26595999791784,0.8729998926292029,Vakuum,60.48410065394352,216.99497802701592,3.5307497885500125,-133.8418256899489,13.071020667358832
0.8991402771799847,188.94635175268314,2.4399898196797354,0.25902988367720525,einwandig,9.714022951371001,0.9157409013006175,Formluft,49.39766911849377,216.1815367743679,2.640894052695479,97.83635145358406,17.909312210669277
0.9118447477792642,255.44894847570987,3.201171635291654,0.16602240942262853,doppelwandig,6.89446466249921,0.3796473517643508,Vakuum,55.335366165300115,212.6292501826627,3.4662034884553288,-160.27765601941178,16.800200737008936
0.9051673685770477,126.63038273541675,1.994566017519498,0.29324377522040074,einwandig,10.037322712459709,0.5048475638334796,Formluft,41.33870074635128,206.74756854397575,2.176124922578818,94.77437814543599,18.170061233454376
0.7077826413802919,90.17859382418251,1.8131656553465811,0.21056960103976607,doppelwandig,14.0,0.9832794737675252,Formluft,39.13581125627758,201.04446659669776,1.732615489899778,39.648814915603836,17.349100598473434
0.5309909344061697,103.60692360229132,1.9295072528999806,0.26841468299547283,doppelwandig,14.0,0.6813433119747966,Formluft,45.91958573695097,203.75435527799948,2.0114702833974354,60.55447439379351,15.720066607836113
0.48326023452838784,137.4319699955829,2.031589709037756,0.11151424512170637,einwandig,10.593244377403206,0.4235247020291844,Formluft,46.12750489615416,205.17959372989657,2.0944814231321107,70.90912374776559,16.322971226804437
0.7689209809500714,193.9024749623389,2.715005765062989,0.17224101857499569,doppelwandig,6.400869893787215,0.6521389432396689,Formluft,43.751441286003946,210.45235263446446,3.297474531501668,103.6682201783124,19.315948184428645
0.7758560068730326,92.83758827136757,1.6288529765719755,0.057429303339108326,doppelwandig,10.42187320379724,0.7520489227125139,Formluft,39.38120323306687,194.6803420319102,1.5426105689324343,56.474515776031375,19.322048264982538
0.9574662223210131,113.70895453368702,2.0263617692736275,0.052220048316612214,doppelwandig,14.0,0.8797553887563601,Formluft,41.229101246058804,203.39525755487043,2.088361351649934,79.38959670301244,16.088996091891307
0.9199959300684166,96.02175879736015,1.7096432762539013,0.22636330523486614,einwandig,13.977071799164937,0.8685237082164274,Formluft,40.654960341277594,208.14607917761177,2.1389889461769886,48.986237220444806,18.09372170509649
0.6735542686937656,211.70682691761976,2.7460883076357674,0.07957340561640018,doppelwandig,9.838252078176115,0.3344690453326917,Vakuum,50.71188386476085,205.22436810752603,3.1081175770666047,-106.50453108672677,17.44716087470102
0.45115882422782605,315.0,3.450701049646861,0.18695205927770442,einwandig,10.862666346302117,0.6174674908806858,Vakuum,68.75327697047676,215.4286537308109,3.9544685763158816,-181.08317966940803,16.967670273049286
0.6361786805978203,83.95859802212104,1.6791651803829575,0.22400187055250498,einwandig,14.0,0.31439833933090566,Formluft,40.906738955187755,196.90589116493746,1.7044772165541053,86.18068292175835,21.1295144739667
0.7434462389621049,174.05749188363762,2.2312558798153357,0.05805864655740982,doppelwandig,10.576683498986462,0.9217092865663754,Formluft,48.539091028736266,209.72030674297585,2.294680488392149,95.39374202019869,17.295927095366235
0.6595833509221192,225.52190689323385,2.8413088028491895,0.16218534978642052,einwandig,9.326808806605822,0.42173425286303745,Vakuum,52.34959716723183,208.92922036650543,3.3440970402620263,-98.24684081794203,19.475936335817813
0.5844211783844688,121.41663696476793,1.9779612709620815,0.22103798424645993,doppelwandig,10.800490711656646,0.7374122866173469,Formluft,38.882756862893125,202.94833892069448,2.0241202907401714,62.44731723423699,17.22736580926203
0.7505769629939797,72.00986057988285,1.495055851528192,0.2724327469637125,einwandig,12.630546910532658,0.6994328598962802,Formluft,37.167436737838734,202.0230617144789,1.43719550104919,36.88122365502513,20.059567017593693
0.5992084517178778,240.86295705876157,2.9186494615115484,0.12480752515041411,einwandig,6.005776121930719,0.737870604250006,Vakuum,47.63835437995973,201.5075069208471,3.12623305947758,-137.00932262702915,23.28937605385877
0.5743867832549252,70.4449144348861,1.5836599869042753,0.2935541324210826,doppelwandig,10.258104386759728,0.6943916359819856,Formluft,33.8211258001681,205.65501549434373,1.5084221339496962,35.76553425206313,21.908193166604825
0.7622905668606879,278.55383219616914,3.1359770995795864,0.26113537491492433,einwandig,4.590836457283969,0.8009120741566254,Vakuum,52.15173074944018,206.40456141112733,3.487832534197661,-174.923185568489,23.931695345420884
0.619601483974159,95.15219678573649,1.7419037879264416,0.21265876802046357,einwandig,14.0,0.7382769762162166,Formluft,43.35590979542989,211.40422763876953,1.9320591161001939,51.864630523790616,15.980730064029506
0.7488208777956704,66.97613467846769,1.3849762862935033,0.14798137681153278,einwandig,10.20279218721318,0.36321017273956996,Formluft,37.06340502654158,191.59000285013138,1.3624562275511367,60.26617346826066,28.0
0.7546408045704245,107.07772011554611,2.20848171676852,0.22777759404987463,einwandig,14.0,0.556737565705208,Formluft,44.96399376589144,204.21650485954692,2.4245716485803075,48.04827101198143,19.14016673710177
0.472114199781685,132.2158220443199,2.216594375385787,0.25404831726758836,einwandig,10.233848666493191,0.6826154051542562,Formluft,42.35861855429417,194.939991099544,1.9663055795658149,84.4185207928312,24.19843262339493
0.6037517752269175,145.79102947599802,2.2072923516527165,0.12582496872163934,einwandig,14.0,0.5276381981287239,Formluft,53.09465172856923,212.2647058498433,2.5098772881391924,99.2819577274015,14.16943562994779
0.9875553879832925,181.42108584760354,2.6271856259023325,0.29820751622675734,doppelwandig,9.734364168078963,0.8322316193648187,Formluft,46.970796487444936,205.6436263445977,2.4998866358580147,100.22810646398482,18.160670411438296
0.46758409745314256,152.25886236713717,1.9211830274345305,0.27715484243865973,doppelwandig,8.061154898980616,0.5225284005384943,Formluft,39.502807694044805,195.91548151138034,2.2022042531900032,71.87440518419147,22.399656030357363
0.3,310.37023648703723,3.0993099312211974,0.17137536008573068,doppelwandig,9.808301883955007,0.8800789220121277,Vakuum,62.691794920749615,210.3971963769581,3.1816101848772664,-200.8871565654896,15.54137142186061
0.3276309693514976,129.26511962829136,1.9742272977638449,0.2307074789438488,einwandig,14.0,0.4027136046870386,Formluft,51.3916145171831,207.17371222894482,2.124866197475433,78.1194850934661,16.53984102777259
0.7058219893153338,156.25163181658922,2.043228432992397,0.18100222365469548,einwandig,9.281607204051248,0.8385747954901124,Formluft,44.452059940957895,209.69740693685355,2.294933473355073,78.71583038576898,18.098441627162067
0.7061834556065397,149.87515415052223,2.1635104045369284,0.24023263804925654,einwandig,10.589816613042043,0.4284258085496322,Formluft,38.612803908846004,201.9251139854723,2.1379601518813036,106.65813436497595,21.881097931516845
0.6764778289149758,64.44804115472134,1.5464328253270057,0.25674555096949536,doppelwandig,11.577207098010007,0.6696106962885137,Formluft,34.40641620160974,197.2037598186575,1.508822605617865,45.594575544764226,22.728302974966905
0.9428379657857002,77.8778696796284,1.761085132188119,0.055805638789260634,einwandig,12.811999869093851,0.5243670610747458,Formluft,38.266499922091946,205.35248427689032,1.800643622332805,67.299929595061,17.77222299928989
0.3,137.69934769464595,1.9308551839158858,0.06978300742516232,doppelwandig,11.77317460251556,0.7461341051839276,Formluft,47.466170488840156,199.97812518123584,2.1615565255151847,53.60051918730721,18.548889012332477
0.7791867748861647,165.72169392101918,2.3857181542921646,0.13411685396918177,einwandig,10.154191533743663,0.44891828688911817,Formluft,40.41536747885102,205.05841608228013,2.3202507319487546,92.64322863472854,22.84740863259648
1.0122876403607146,57.399545783223545,1.4613548202386233,0.2794034081580874,einwandig,9.927228564637705,0.8567868133463248,Formluft,33.59617834480858,201.48164323195124,1.5375485528365083,54.84155637544647,16.57112229941104
0.47444384702165715,315.0,3.5721263964899626,0.1495683957858474,doppelwandig,5.963241369819956,0.7015087064565081,Vakuum,58.44189518150147,213.66772660840903,4.2,-204.19104685633857,15.437546027613791
0.6240386976420209,172.43048463020563,2.301478084428605,0.2718780538004811,einwandig,12.096275411352943,0.9700912078648718,Formluft,52.373443609546264,208.47808011599952,2.6846779337830733,88.47611507637589,18.139867522762902
0.5494216165542758,133.99424894310818,2.2794242625241834,0.16560847815793822,doppelwandig,11.232344691230463,0.7982392302410564,Formluft,44.04348124318349,208.1455703488493,2.236453123083485,62.21519713446609,17.444863041765686
0.5211307907844942,168.47043758693977,2.3322372034310597,0.12221323007789335,doppelwandig,10.133357805203094,0.7251768776522757,Formluft,41.60878086385879,199.53700010198338,2.3869607320591815,80.24042935744563,19.623172932526117
0.6347475989953919,104.34293785694737,2.1008708363811444,0.2751612957656238,einwandig,10.529873463514786,0.8804110833124388,Formluft,38.703297184952724,197.95613271813906,2.168593262287084,57.89369843754773,16.471731865208103
0.9854970567369009,146.5621812899795,2.0539391522675023,0.1901676922296694,einwandig,10.115842729355279,0.45377779743324365,Formluft,48.21743441397229,208.57318925300956,2.1919359184104388,78.44245312091721,16.116575739675405
1.067477335097504,158.11865785699044,2.3763733638492566,0.14012107375751032,einwandig,13.86492976673916,0.7429197226051201,Formluft,50.14350053375583,210.06352113700285,2.5509242943691195,92.54914006144153,19.0531948199401
0.6328121549919704,242.3576282612522,2.929910754005938,0.0611017509069542,doppelwandig,6.661504779864478,0.573282694716396,Vakuum,55.61612401842548,213.42393584416908,3.1599156982317154,-130.3519856928869,21.439630741387663
1.081012042812894,123.84588122221338,1.9416056872776926,0.07773328311205598,doppelwandig,13.345499162815125,0.8206536854025068,Formluft,49.31686151070929,205.47924884445777,1.9330526966865667,75.6017300507117,18.94679211461821
0.707115295396925,71.10991989217547,1.6637266602075358,0.08482758191038263,einwandig,13.316362444502662,0.3171285866438861,Formluft,40.073588486900476,205.84515649719154,1.5421573990520012,31.581226198920163,15.33501561401484
1.0507382053402161,89.19928090959633,1.6687182253983321,0.1412090726026516,doppelwandig,13.259639303502897,0.5993984675688399,Formluft,43.2484653014876,205.27727671526713,1.4846571714790597,57.41768247300577,16.56800319665244
0.6813402700693016,119.22158269300081,1.5544778609704073,0.201833238936086,einwandig,10.554747870645743,0.7561913312830434,Formluft,42.428283541637846,207.41464007615792,1.6539162586435574,77.9279459528545,17.233580119632993
0.7262115652092288,73.89840809350525,1.131757046271896,0.12689752860548248,einwandig,12.448985065566534,0.6224475355095122,Formluft,37.54449116489802,210.4488986793893,1.0654122294902977,53.34017467590935,14.924216943194965
0.7730948945285668,85.2452056444456,1.8728249691981722,0.06638190844120005,doppelwandig,12.857429498544946,0.46658011699962565,Formluft,40.13126274742158,206.12867596126853,1.9092186675864826,60.49905905380066,16.091993919975145
1.3357707358735071,89.54338533319384,1.900885851347505,0.11620218432933345,doppelwandig,11.72008143745176,0.6250444761756051,Formluft,45.82525341413648,213.11892990449968,1.739577256988631,71.93630073474152,15.888227033376738
0.8702571149689577,115.52149435410959,2.2072730967712686,0.15217041272490256,einwandig,12.774826849220359,0.8948211678426683,Formluft,49.332409632033304,211.3728352357373,2.3281266197947095,74.90018417079442,12.772901532118958
0.5585470940097073,171.30590717513314,2.367818020158739,0.29806748216808227,einwandig,11.632230352867813,0.4447873121086925,Formluft,48.36140400090815,203.47212761575108,2.346615628097382,101.01973170468294,21.16365663475654
0.8937995740551715,113.02758060319712,1.7103254245258932,0.14824672618773466,einwandig,14.0,0.5570205145407503,Formluft,44.42678619399132,206.69380528238227,1.6559099291980441,52.772959165322746,16.27837976756301
0.6276334925831316,177.14320845640026,2.354208091253552,0.072298854686861,einwandig,11.127799847314735,0.9932348650500893,Formluft,44.507732767344635,201.8185846350401,2.417480416729589,68.74149671731419,18.12666696817839
0.6020499634197581,134.05400657072514,2.074145729869998,0.19527870361848337,einwandig,7.824164524694197,0.9389720182233146,Formluft,44.639697174282645,200.43752913112513,2.219758520229274,73.16395801230983,17.760635079957144
0.8817202719784222,86.41760979687348,1.5402851447322212,0.2799100181565724,doppelwandig,14.0,0.32377783948865896,Formluft,46.64299424874633,206.5505499339695,1.824109409534348,42.18922354648964,18.334453960712978
0.7062171175542306,159.4328528206614,2.522749031011371,0.24667392471543753,einwandig,10.60643739621108,0.6712323773214101,Formluft,49.96282680545936,206.90766739974546,2.72960675674156,103.69817205419018,15.927271798958653
0.7557151829023612,147.4776161525876,2.515746361167261,0.25905457729680914,einwandig,14.0,0.3457891187935185,Formluft,49.267161975260485,208.25617969525055,2.6146466248583087,89.6061358479629,17.24623165740105
0.7027970443730585,179.5034487986509,2.507769695498734,0.2820579490255826,doppelwandig,13.454262685044343,0.9467334465603976,Formluft,51.93040710185743,208.24807852760784,2.6481004762338776,75.70923011639613,14.522918015032024
0.7673166253210869,198.40188722634392,2.585585535806022,0.2091358758463845,einwandig,9.029418051918269,0.6090814388795216,Formluft,45.29668373690278,205.96581252204254,2.6900720674771033,92.83503268424616,19.494805873855857
0.7849931794872298,246.38581179137253,2.7768414475598155,0.29873068266337466,einwandig,10.284160272958037,0.5929059027496011,Vakuum,46.597823710137675,212.91594796979103,3.250763509485077,-127.34402999431323,14.057662834770781
0.3126066134589169,174.18655157198498,2.6254574969992874,0.058320392469912705,doppelwandig,9.457425915204599,0.49106222228751745,Formluft,43.302072109729544,197.80163980059874,2.9344793553710904,78.5730301103609,20.696269376387857
0.8333145337219067,145.1199621932477,2.1724057191733386,0.2587099190358906,einwandig,11.377382597998194,0.6981732862745076,Formluft,46.85245377810744,207.66691228392335,1.968618284353856,55.26170546879112,17.473684009950436
0.5035961160339398,179.91948421711143,2.3959812139752996,0.2642526673805654,einwandig,11.853982523280122,0.4014991060953749,Formluft,51.67269349990428,209.8472884351375,2.7970981395886683,86.01530919473527,17.216738792740525
0.4115401728881177,107.99980620262747,1.9361745629222005,0.27917509769049126,einwandig,14.0,0.859268500374883,Formluft,44.311498640976254,202.4983562569683,1.871110499192962,64.86241141623717,19.568945305323535
0.6883177512282634,104.4446542322467,1.7477005045095957,0.16954236440896225,einwandig,14.0,0.6438472413926085,Formluft,47.69731883174197,203.76903166920093,1.6817653886329667,84.68385850917478,18.444010721769843
0.7167962006628908,264.22928476336506,3.135865554075193,0.24693898090514999,einwandig,8.54424714474153,0.6965240239199123,Vakuum,53.06469376320266,203.72496415602686,3.5345452740980985,-155.46591064487473,23.485273489067314
0.5612987670855438,103.09403029649593,1.6083822147451186,0.09877009978029495,einwandig,14.0,0.8885633233581642,Formluft,47.874428872778374,201.01036766448996,1.5741431395801004,53.63228022183176,14.850391638890756
0.8662063715335948,90.49990923083391,1.8870623522345362,0.2007825562945536,einwandig,12.007461456174973,0.42960414171946426,Formluft,42.737932640359475,212.58678729063016,2.2067510948091673,69.33207647577515,20.700492477705104
0.43156496672581857,174.139742506649,2.377456283882841,0.13966128809086537,doppelwandig,7.432105173935179,0.42262815133948095,Formluft,44.73204674727781,201.13425194320283,2.5659341623661365,99.55869136449192,23.318817921644047
0.6186112502454881,108.41262150213441,2.0411211011121773,0.19904341266549386,einwandig,9.460285872027992,0.5945611710088923,Formluft,38.25958422652399,200.3224164393578,2.1957562767858363,70.73998569435314,19.46599038135331
0.5830251730133998,197.37279239109927,2.5488119124525515,0.2188901267895751,einwandig,13.013695650467206,0.8502897688362203,Formluft,52.66087648606711,207.73867456790782,2.5388253529003597,69.19074481856681,18.984347519162196
0.6906825459321321,236.88662936268034,2.874663078583846,0.1367671666865447,einwandig,8.924528426239384,0.3409818874641023,Vakuum,48.91360796063094,210.19174446825087,3.0798641565389855,-165.13151102815277,22.12610423711817
0.7557728569294477,95.83508940640917,1.5848331010074796,0.104059574825718,doppelwandig,12.922237760947954,0.8566191427291219,Formluft,36.25432540825128,198.36708660387296,1.563958610406005,66.60883126892561,21.644817048335327
0.498421410075291,184.73360139696783,2.591832357128464,0.13042197721483367,einwandig,9.296612205227131,0.6505296155142668,Formluft,49.17344522546886,207.62974659944834,2.952704795838358,115.78175911392377,16.52193909353274
0.8448565354912456,102.01204263002987,1.6847203479367754,0.21598931127686066,doppelwandig,11.544293975650874,0.6932344149637572,Formluft,35.963667833458636,203.8009703138155,1.512581173084927,68.14609023347288,18.61787773916441
0.7126004736669399,120.40722634251912,1.8902944547602687,0.21921855841820265,einwandig,10.415627619538432,0.6950701567954212,Formluft,40.79180966654081,195.72139647098703,2.131267489619217,82.88070630923869,22.772353760792207
0.32161074933761785,155.85103784247406,2.246965380652173,0.23532923400602473,doppelwandig,12.046025680598326,0.33931717227040414,Formluft,49.03897690913832,191.34191441234194,2.4725234399330973,101.6585906243399,21.32219635749417
0.3082817119205937,104.54645258958331,1.85455524827007,0.0816341521431765,einwandig,12.191578850186216,0.4748395584027013,Formluft,39.28306544097721,194.65559218267092,1.986126875395112,65.16120427243385,21.4580081342035
0.6975361414141377,149.04344980155915,1.9364330573798094,0.2546293475636154,einwandig,12.143924510567825,0.8287082160602883,Formluft,47.374590672429214,200.47096676903075,1.9112867690641944,60.42018678080916,20.18170931274241
0.6558065364427291,125.06400954288047,1.9658911965198411,0.22203695038523885,einwandig,12.552276532062955,0.5885876836424986,Formluft,46.55872809335489,205.04484798070757,1.8874647056564748,87.63790853879155,15.542139368290592
0.6793159772850732,199.64264428743738,2.716425687096056,0.0576262691726598,einwandig,9.157176425548272,0.6923618875762979,Formluft,47.61998675758064,205.2782352040442,2.7207426366199194,119.7953078253623,22.120943107923726
0.6944035086939564,199.90568043546264,2.5424947383051157,0.1338994623587627,doppelwandig,7.08489673850786,0.961408035418583,Formluft,46.12267478666561,208.39633996069205,2.790450159920637,85.8645166892304,19.809944536168558
0.7451119679020362,104.77442258485308,1.8044856175468265,0.1666778139766193,einwandig,9.289040243379958,0.3323902378221529,Formluft,35.95937087194559,202.98815701595706,1.91120438285334,87.65995322948018,19.75987051055876
0.88952992196966,157.58575687751667,2.285046962646542,0.1401543725967037,einwandig,14.0,0.6147762559716738,Formluft,51.276909990458044,205.03715470727857,2.332201372724197,86.59040900459445,15.011698924839632
0.4777790198164883,215.46284100707817,2.704808663174575,0.07935422205210328,einwandig,12.569775863669664,0.5528918929935287,Vakuum,53.81480133490016,205.26081027491256,2.8289968046391865,-106.78409232644717,17.117716399814782
0.465605681419841,84.68684330214931,1.522917421059054,0.10183657112625176,einwandig,14.0,0.37451459833631884,Formluft,42.95559030628764,196.9492823078755,1.4730694668379618,65.83969359692377,21.07351811432474
0.4813352284225234,124.70006362429731,1.9921485904443428,0.05614034872753314,einwandig,10.533284795418778,0.9655560441318585,Formluft,41.94212823971543,204.04960887069353,2.135566195991116,57.68615860106156,19.498369182154903
0.7577833334337414,154.23726636451934,2.383009106417039,0.07326929033814071,doppelwandig,11.163087808413257,0.9730217128239804,Formluft,43.83049752627479,204.43623751668724,2.522081554909814,79.97098403560159,20.116176122528827
0.948989475729289,83.25636335825675,1.5083745147759906,0.11657502943113619,einwandig,11.287865331277239,0.5180417079325847,Formluft,39.59576537797597,208.91354283223393,1.5362136298884366,65.9813069080591,17.302956003438933
0.6137321123520978,110.33233196878291,1.8264863723273905,0.25499256640893264,einwandig,9.617527510448646,0.962701627482355,Formluft,31.155014444743333,203.4403231941465,1.603443130323407,51.80812419538936,19.774835659154302
0.3,292.99843750386844,3.136742801440686,0.18165937748430006,doppelwandig,6.497492021651887,0.3246215247069999,Vakuum,58.101302669568796,207.7897040550936,3.573278148069784,-198.41896887051146,16.441984808078097
0.35920142747792483,102.95933481822243,1.9648819711193313,0.15612447267277652,einwandig,14.0,0.9866271932353414,Formluft,41.302674135806086,195.60031060907048,2.0453608121632207,50.872527607368404,20.210824465954786
0.5333926554407976,108.00010675964965,1.8501471230515154,0.21554073598963724,einwandig,13.981488064856697,0.8851524114860652,Formluft,49.247980842788074,199.10109213139134,2.0106523483117567,79.26869771531122,18.055117239586693
0.588454222500957,173.18181214781333,2.2579245521416276,0.1853776400812513,einwandig,8.730358693060623,0.4500311545678497,Formluft,46.35792225324874,207.3064473870825,2.3466541984754197,80.27716232750102,19.756317307953253
0.6183222745490546,79.38504361744715,1.6489201889610536,0.08287848168890656,einwandig,12.38574180924887,0.7196830077542119,Formluft,42.85832918564111,200.3961109603316,1.7001122109805857,63.488044709809174,14.226247266020952
0.7077162245961833,125.96893808792348,1.8272114724690698,0.1056558409560474,einwandig,13.349022891675077,0.8588095536585119,Formluft,43.76597214231514,200.70593625474226,1.7750267165634448,74.80128125203726,23.972241118720255
0.6376507338355105,90.86292164855149,1.5718790434693508,0.10563059024765191,einwandig,11.586484168411538,0.5235092748054453,Formluft,39.148433679851635,203.86920451129365,1.600019378207295,57.09354553869936,18.651193258102186
0.9098679221086814,148.90629250988218,1.9722303106012904,0.19998812815308553,doppelwandig,11.436515176918405,0.5476262544649807,Formluft,47.3359569854809,211.507984307763,1.9943566787686586,73.31070664718501,17.670548888764603
0.5647965388637262,50.0,1.23998311436639,0.1654060915473366,einwandig,14.0,0.7402809429150485,Formluft,40.48386647377823,194.71612981563328,1.121808309598707,51.12030871023481,20.422995334388993
0.5275364081048913,139.16609479464677,2.3169293959571453,0.1468962656402134,einwandig,12.302708733822094,0.4029658356534065,Formluft,49.36525525437503,205.00414654638385,2.775684221233223,83.29785216250468,17.15238161096727
0.7957751077040923,156.32101054392746,2.1406003346590303,0.18915979322044701,einwandig,11.600265591782385,0.382747426805686,Formluft,49.593041308613536,209.74459235353874,2.196047012135322,84.10291992836183,17.941431504542493
0.39287158601477606,111.6158042212756,1.9628602021679267,0.2925289464456393,einwandig,10.90221054690309,0.474863694683597,Formluft,42.445165331499766,205.79764361484442,1.986335704111653,77.8533797583954,20.96128223341815
0.7779383410640004,114.79216462922757,1.7928921040404324,0.12854836401396919,doppelwandig,11.02824670923168,0.8188818217429219,Formluft,43.09999448311027,203.2493526049432,1.644068932570385,84.2174779995764,19.31581716904685
0.7205106367452533,105.54283032525973,1.9582727044665609,0.1800488584083793,einwandig,10.094129538827257,0.5566194584880897,Formluft,40.88583619137619,202.2632182888347,2.1327005730937962,82.90044961001725,21.525376851174865
0.6705115020163664,125.19740364076279,1.8476669289864052,0.17009250391102892,einwandig,8.747391721976387,0.655150755156256,Formluft,38.8285416091111,204.31339274896598,1.8367004397045734,73.98234665892505,21.489838337197394
1.0176552214298524,266.08773972290976,3.1345861069475416,0.22916075793646118,einwandig,8.118309023546798,0.43681538976527284,Vakuum,57.98111810296887,221.12917579716523,3.382600144018715,-196.94472212959894,17.46263207818984
0.5755585109410564,202.81396824919426,2.6304394424738966,0.23257256699572904,doppelwandig,11.562170022944526,0.4358739671447003,Vakuum,52.91868857115872,208.82332340858477,2.7411594544940483,-109.2908455804855,21.33503071038494
1.1120596341048157,125.1409320941565,2.350298257217241,0.23226768035326012,einwandig,9.110911909338194,0.7553158814643669,Formluft,34.342621917806696,206.522053060367,2.4207970436398742,57.87176632507218,19.839838655894443
0.65491371015438,110.3499015367716,1.9773630054911975,0.1003798949846862,doppelwandig,12.787198949829225,0.3758626763079176,Formluft,47.99508443536288,201.51541734010817,2.1372337514214466,71.78378644270563,18.308504848067297
0.4445967110059543,193.226431182558,2.456875847311073,0.16227328409029695,einwandig,11.73860164720284,0.7674885090514842,Formluft,53.72071047389106,204.29104215273654,2.8868865635643024,89.25119730626065,18.21432752965412
0.7139839161989651,144.312321111919,2.257255913442929,0.25279367275728437,einwandig,7.718724434559332,0.5804912966442344,Formluft,38.76427984020462,202.182494860928,2.345087144640441,77.20708455333578,21.743926288252666
0.4847509599362463,82.45288972856133,1.9803492884012721,0.14538254263516093,einwandig,12.39751555651353,0.7698896395323378,Formluft,40.55206619749816,201.40519892383753,1.9440683914763122,67.52860355772144,15.725102397824791
0.5496488304373,118.53444151155375,1.7038301185197857,0.29606377932248223,einwandig,14.0,0.567210633910842,Formluft,51.94522803341805,205.7373776226471,1.648378859030246,69.57411818762424,19.894438717593545
0.7794066600030982,251.2824877574145,2.883887595674007,0.1411966854480498,einwandig,9.821819841579384,0.8922365285546487,Vakuum,56.133363316988884,209.41329717266183,3.1697150054027703,-122.89479049741789,17.449303444974337
0.811116417730025,169.79564443672228,2.322830521626784,0.17441670683549204,einwandig,7.014194590957366,0.33888931845095793,Formluft,45.5581957075191,210.19026390577633,2.487885944269418,101.67537065069142,18.992933323202198
0.5755664599491483,110.89124558986613,1.8245667306476363,0.1686313987006367,einwandig,13.544397785076569,0.9253081182685237,Formluft,47.10187036837408,201.88137429406706,1.9579389451997844,47.98915614372247,15.140397007668057
0.8974810290092801,69.44133215615136,1.5056171524997297,0.15841595061731062,einwandig,11.768493107639557,0.4880628240666667,Formluft,36.427740798255144,201.28323349983017,1.323396754406696,53.05004088889168,19.285770510420335
0.9315015516042268,148.54679919141535,1.9927395536923362,0.2614078420799054,einwandig,12.668943880400136,0.3297795469758371,Formluft,44.70049042162747,210.37610651766752,2.0783793973337206,72.3038106139162,13.339335026503553
0.9872603513126581,134.39908258145272,2.2857860686841236,0.08881880938700339,einwandig,10.259859402262133,0.6936830953175277,Formluft,42.869751530180956,210.5457028023912,2.2126333687246404,82.16987225666062,13.782185932473793
0.8058826814251444,123.35310157111346,1.7734335227974147,0.19191617660349575,einwandig,11.810107571898234,0.45704796126676744,Formluft,48.002973099409104,207.37103359144407,1.7912458716597952,79.52582146953829,15.89583170818294
0.9726857424171398,194.31779769580217,2.524510460123042,0.2046503943388559,einwandig,9.066969520479047,0.6214421862288837,Formluft,45.93318813470733,217.10724930027598,2.875818877380156,122.29918102618993,15.897283592103355
0.3238403144051884,170.8352887534772,2.5235568987919224,0.2628053270173427,einwandig,10.73543322664008,0.8616199442434724,Formluft,48.92375041358138,194.4874573649719,2.7353107501099987,63.64772608898495,19.373669071011648
0.6364186902743074,70.23071124755539,1.5573179614085653,0.20230003998152712,doppelwandig,12.109671870989091,0.8540827325237061,Formluft,42.83026360804937,204.57825203450454,1.3950637503063106,59.869783831053866,18.67942283468841
0.5265989487353147,134.75379314507492,1.9311212201251844,0.29000508694694516,einwandig,11.18407868826417,0.7202699313983902,Formluft,38.98320820270662,196.29454341602386,2.1036303944555903,53.11579754225828,23.28202006890785
0.7238451722254784,76.30502249934149,1.4081388315386383,0.26804192806523225,einwandig,10.741164420895107,0.9845103360603531,Formluft,37.68336201700428,200.345966577322,1.524209148178003,35.14428406908111,20.273007312659082
0.5857101561606525,106.32094131383862,1.8160676511065417,0.13718498708818289,einwandig,13.323295657982015,0.6246257666721977,Formluft,46.402583616703275,202.42260450340186,1.7662913977217065,40.84832827037155,13.106429876398494
0.6667684316100535,74.2652149692206,1.4805672848761948,0.2649766113227086,doppelwandig,13.493940043057334,0.32757187324836934,Formluft,42.26918201257002,200.84134967476066,1.2151964953363277,63.63187932090445,18.252135964967486
1.0764349760408098,75.21624689366737,1.6325146389047858,0.28961945352336393,einwandig,9.886529479450013,0.8735976048673315,Formluft,29.70986928741644,198.60762130357003,1.4061938496007513,52.75793507827251,21.93249471391287
0.6660560407159243,157.36233563704317,2.048681012937718,0.11429929523114658,einwandig,13.051774929477775,0.4549057090398025,Formluft,48.098892487264294,200.02035314715047,2.1209669107956852,84.83780919057351,17.90447406081296
0.7827584634380428,149.89630849357172,2.321125828481717,0.2025522016661021,einwandig,10.900016368351714,0.42336716629791715,Formluft,39.35010131953361,196.30023880009236,2.6553020854965568,60.65932773315228,21.419091259348505
0.6535461340151529,130.0828183312055,2.0579949751243136,0.12045097808553389,einwandig,12.071454334191683,0.3490069453765441,Formluft,41.38555851879172,201.59080718515,1.9734281551624588,75.41351894418722,19.39926007869214
0.7151426575913666,102.32535418650613,1.8470782926449205,0.21239181977055438,doppelwandig,13.970989489395718,0.5295299605470472,Formluft,47.95793217981832,204.7921945320327,1.608830676209943,69.12613044538173,14.647032981929124
0.7012033360872143,72.35868288566216,1.7950309798212998,0.07341070113675548,einwandig,13.847517412578414,0.5283112769379315,Formluft,40.618614110005026,203.30903686506898,1.8015923235555,46.14256645455326,20.148933501457027
0.7896648131946319,106.53920396936468,1.7866443069991376,0.23354700546726437,einwandig,14.0,0.5119400723765166,Formluft,48.442440402427536,210.07097719156465,1.68626686600735,69.15143076712774,15.09529181686501
0.9330615071094354,150.21825245773954,2.092873515451933,0.15495495714883573,einwandig,10.65795264414569,0.7152350578380742,Formluft,47.50413695238259,211.6125485881628,2.0278641919534133,92.66411483605958,16.294411654739328
1.0294787995206658,148.57153633093066,2.1064077463954143,0.19682679466910918,doppelwandig,13.354570364180812,0.8260795185296741,Formluft,46.495928039726806,213.00569746340446,2.252005739768857,69.46155610205982,16.315704534502878
0.7619240163818333,248.55464377941584,2.959558164806838,0.05646560063087454,doppelwandig,9.031983141129245,0.9564367030531373,Vakuum,54.591950751503916,207.44325179416262,3.2560923737903913,-165.6413297129268,15.342028719652083
0.8179093772071204,230.1876230587346,2.8278562502511777,0.22386036380258206,doppelwandig,10.260576272545016,0.3658350550761033,Vakuum,49.33276601272765,214.37374634112,3.2269024721679407,-118.85412489732938,19.311466817143895
0.4698270981628866,132.49928525857248,1.9353896215783137,0.17399783853381084,doppelwandig,12.494776214131496,0.4052672827417029,Formluft,47.21465801344568,203.54027782412078,2.154764106584168,103.02974046325227,15.956292779805485
0.6824246515168758,106.05057164385059,1.5449417851958458,0.20631275192196052,doppelwandig,14.0,0.7128897573671971,Formluft,47.19725801900241,198.5526652356087,1.3788412394084228,70.35643202545408,22.59211239475117
0.8880578929767178,91.80953111273695,1.6503368987700398,0.12891699309404353,einwandig,14.0,0.3686949157140822,Formluft,43.53487551390296,208.9497247005113,1.412718899496435,49.80361537648096,18.49082266906745
0.8731937276834306,68.61977947071848,1.6029320857087814,0.0864550433553536,einwandig,12.398614552612345,0.559534999233484,Formluft,33.50558082050351,197.2147458629472,1.664364224494524,71.29966309914806,17.524086086708298
0.74232194655901,79.35411724897318,1.6552716839298092,0.15885723549903552,einwandig,11.733612980775973,0.7371865613822258,Formluft,34.179894788848124,195.57183020530994,1.6133803746590702,49.37474145115046,21.223458455840916
0.8772787919135905,150.3248801341947,2.3825322115474314,0.2859947803215908,einwandig,11.142369701455468,0.8463815224272031,Formluft,53.723126293347285,215.6213546987869,3.014480059015999,73.64919158519413,13.67026257129885
0.7981533417987637,176.6721005161377,2.7066997857236696,0.10694850666345133,einwandig,9.062994604938062,0.4523195012206221,Formluft,47.37822441648341,208.39156487315927,2.9793661648273657,80.06081877786627,16.215111749812213
0.9400612516518643,115.57983733683552,2.0385387644134543,0.21895975300881293,einwandig,10.006119663926416,0.7675898948679083,Formluft,39.04407880799576,200.52622868606963,2.266464911125743,68.04315461082508,14.620070318610546
0.7578718313914222,315.0,3.727378096361234,0.06246088600863535,einwandig,3.0,0.7521087660930492,Vakuum,54.07973566056605,211.20076283814737,4.055838703978616,-204.21634195438304,22.345253884233955
0.628860336885793,79.64307239807734,1.7521607230240865,0.2295249463167321,einwandig,9.910397674390644,0.90173128838082,Formluft,39.810806570996974,204.2833864201398,1.73652520213418,36.81281052358668,18.219637979598396
0.7671682513866047,66.49300997945082,1.788428968224714,0.10960929670037327,einwandig,14.0,0.5196232470347932,Formluft,44.8107561459867,197.99028205219327,1.8424262850164728,62.57733892304266,20.479488806220484
0.3,315.0,3.79762804514369,0.16287926505733313,einwandig,5.811999500740446,0.8250643054217235,Vakuum,55.681119374362645,207.7708104085511,4.2,-180.99747789438754,20.89739165191288
0.7765771472770099,71.16252069737534,1.7119749411958416,0.1419382751486935,einwandig,14.0,0.8263999051090463,Formluft,40.73787974012516,201.26357136847454,1.6795397958868665,40.20151204572073,15.25582968949888
0.3,114.86787131540832,2.0248999924869544,0.07821008582933887,einwandig,12.93461241942595,0.46743617939388016,Formluft,47.454093830645846,210.4053323332327,2.1792150618859685,71.18964844214075,18.031636052911157
0.35530731851891634,94.982987362399,1.729079073108587,0.13639548812794394,einwandig,12.525909272667814,0.7348104864308993,Formluft,41.238323879646074,191.85230409478132,1.6994922592392296,68.24033050648985,22.166326107173287
0.7903537201881968,155.71362527886737,2.2395084100863523,0.13753123957329638,einwandig,8.105949134385849,0.772613461367925,Formluft,44.87231173298209,200.25636931535553,2.234942091606366,84.77924389255926,20.077846759917605
0.795505867453359,111.02458983204271,1.8375211189538025,0.1805264097574379,einwandig,12.233723045351029,0.49209988883559164,Formluft,43.67993223782579,201.93834973297626,1.8340953195451397,79.50167141302776,20.7938426424119
0.46751424397201385,176.94664990758662,2.5087609408949514,0.29308788323499685,doppelwandig,14.0,0.6162599967552473,Formluft,56.814064836947765,203.74325522866576,2.6582676996071655,77.26849664495997,16.719162045169433
0.5575795916242122,196.31064301144264,2.462432938487639,0.1675043806276576,einwandig,13.207507412747411,0.605044409079545,Formluft,58.449476901606864,208.62931978633924,2.5713163710496705,90.09156288730374,14.759432319280378
0.9741081977228263,68.40288254783528,1.5185571289156956,0.27860653890815845,einwandig,13.838405241699276,0.8414566978597253,Formluft,37.22067761192469,201.17222714472322,1.4175181813365307,71.12924858940914,17.61821003717538
0.6031939736854647,90.58457032537099,1.3714010798262228,0.16538941464063883,doppelwandig,10.438049010055693,0.30048387913962055,Formluft,38.0957307600241,202.96149528580057,1.1862532983511749,64.43243465796822,18.47726348896252
1.148584062480597,184.5157669328127,2.7345896196783777,0.07688582521873487,doppelwandig,8.472775136181378,0.6507186280196853,Formluft,48.837766184520724,212.67493376664314,2.907018755335331,87.79743190706688,14.580115290345978
0.6996160293647308,216.3228304162792,2.6975114559422857,0.10753822381898505,einwandig,7.886745552808099,0.429038569494668,Vakuum,45.734759892528956,203.15280222924474,3.0084249209825673,-150.05764537909332,14.718090545046184
0.7816072353762533,142.49223239544705,2.208274924764063,0.15187941901440005,einwandig,13.994004044839224,0.7527893776388037,Formluft,48.644494128904675,205.57749563130093,2.3884109723517186,78.69909721759689,20.481687760492548
1.0233748796997215,161.31572494538182,2.5091938037697648,0.1313421932425462,einwandig,14.0,0.7762582040796647,Formluft,56.16213397404086,211.20261416937788,2.4825678327852216,70.08454527012871,17.940365748478232
0.7262054232386839,256.85510784804444,3.0998848784005326,0.26645732188312293,einwandig,8.970407973734059,0.6507885560855082,Vakuum,59.55305512094713,217.34363247915482,3.2488791706303726,-156.87495309101524,19.680700187970466
0.4995312038618397,111.64358182773724,2.109800209935913,0.21966140054913785,einwandig,11.602749583260263,0.6794206792490871,Formluft,31.717466269951345,200.55052550819556,2.408726733575058,63.229846355896974,21.2952985630623
0.6780545096611419,141.7527987473569,1.9477617181561502,0.19457711297966834,doppelwandig,14.0,0.5205407323386181,Formluft,53.806366758605535,209.67001435203565,2.012719331014732,81.36840126614985,14.921978636979727
0.6928778527619818,230.31967248260344,3.2021638683004827,0.17280738780917265,doppelwandig,7.284861106205004,0.5193258755102599,Vakuum,41.77655554069787,203.2888499187393,3.5732928576260647,-129.03811742884005,20.398170589039363
0.4270516695596869,237.8018517600941,3.0654813438540676,0.1493176545722667,einwandig,9.15860036119838,0.8215819418952524,Vakuum,52.832328716637754,207.8143228502585,3.282008371858071,-125.0106352229557,17.36186804624977
0.6488335857318352,125.63655012565583,2.0364727748782427,0.20304810995800282,einwandig,12.785018245950866,0.39221195719842383,Formluft,41.93209323537165,197.78718849507655,2.0732055778177156,83.19388474596249,20.601183507273362
0.5515615812005126,91.76224438423549,1.9478598549677006,0.08115179136109525,doppelwandig,10.980342676041314,0.840052320285305,Formluft,37.13341896842811,201.32161606209004,2.1181718209102054,67.78752922538561,20.469895532638372
0.8848715514374867,124.99573229094666,1.8246706254291676,0.09063329705422642,einwandig,10.603278249943719,0.7585092271213478,Formluft,42.400283608100416,210.21157871710446,1.8686883008123205,56.612545677812534,16.64117976427397
0.7069223748370511,130.6063268057426,2.0015583826305168,0.125779088349175,doppelwandig,10.30736667148123,0.9191322792588486,Formluft,43.8183326044971,195.4673719859312,2.0456055954268635,72.14241910822368,22.193368207357167
0.6434408501704859,90.4077968844781,1.9398999345361816,0.0927961541152686,einwandig,14.0,0.48210128453985823,Formluft,48.33715352617383,202.79624213020233,2.0260885998541003,71.21029411256926,20.10319045331291
0.6787636138754847,95.96145458112257,1.4876326095147359,0.21927467975620418,einwandig,14.0,0.6543253362713428,Formluft,40.6795593032245,201.0949835027839,1.5372140177670095,79.9613427027785,17.96990666030809
0.7446244036812332,237.97414139043667,2.9878617973673145,0.05619208035156133,doppelwandig,9.280231525712205,0.3272926580704623,Vakuum,56.73002641766273,215.19716696038645,3.473061448772802,-148.25795799253206,14.250451730574435
0.8233628399379559,164.96320599597618,2.3995320719445825,0.09004437291668753,doppelwandig,10.339482676015018,0.9387546025383497,Formluft,45.57339719712811,204.4909389914736,2.526856815142685,91.94244859271129,19.961860750256516
0.5000575542661236,115.12035427841906,2.216346706750677,0.27565202737470085,einwandig,10.92230899305293,0.7727740224754107,Formluft,40.70520340654111,197.5126088608891,2.4349074483200805,67.80082768933644,17.720012131061516
0.49168247347574556,81.48240985792279,1.4144159659050468,0.2993857870555217,einwandig,12.96643238045259,0.736012674350009,Formluft,46.21876679044901,201.06750267984907,1.3877524179599365,49.6968134148192,16.720421692060206
0.9209358430805059,96.44282829620234,2.0129872849243635,0.17189761945702325,einwandig,11.488485789721361,0.8128824406906221,Formluft,42.77974347133445,207.4543357587853,1.861313130603938,73.67001827407466,18.249782095736272
0.6175326255590539,64.87411952107202,1.4350723446962408,0.17384251825543956,einwandig,13.184086527262759,0.4990301997315551,Formluft,34.46927892445436,198.71196188957074,1.4528861129790664,39.999584045760315,20.341038744993163
0.4166315814806251,144.26461229537267,2.087065479376203,0.24334969055935957,doppelwandig,12.21985033862353,0.7227021881265641,Formluft,47.07248646042542,205.30454957790303,1.999818249430739,95.73171770464664,18.023659835356845
0.7887625418766209,94.24539016777777,1.5706624632982533,0.05904739440514377,einwandig,11.83323936022482,0.8606453372836715,Formluft,38.366150549955094,204.8021223758769,1.656745893077517,65.9705046284172,15.904366860621955
0.7926739612065373,149.73024343869548,2.034664141889525,0.15675537047524452,einwandig,10.877567788804418,0.36320611129284497,Formluft,44.24334979411796,203.55006053937524,1.9471872842262776,84.29008601798503,25.050917861454852
0.39385694854865866,183.57644337472965,2.5291398991159255,0.07495697045373996,einwandig,10.03967994548715,0.9711718225032093,Formluft,47.70631499445177,203.04216409556255,2.6890021041003087,65.9003245467302,18.321801856368293
0.7458963430927212,150.78057757503848,2.0393948333831045,0.15023159566412148,einwandig,10.59535869117176,0.9243207617509226,Formluft,46.55501868945717,207.9846660000934,2.011178375342343,73.82104941868788,18.957047797921867
0.8471166184856747,108.88010508719518,1.9820834907454987,0.2959554602822187,doppelwandig,11.395101618787699,0.9741131837343497,Formluft,37.810813441115926,199.880905615035,2.1131797649312225,51.13424880761685,18.29704051196388
0.7748772903412525,88.55481398167484,1.6089936048079359,0.2384083202008403,einwandig,14.0,0.865843956322123,Formluft,43.161320730179526,200.42553584887943,1.407903443637444,35.35731674764932,16.075945576795885
0.826396296752279,77.1138536556229,1.434955758367686,0.2962614689213045,einwandig,9.530681600656543,0.5060177647075241,Formluft,33.22477070198033,194.58320719904515,1.478816808625465,52.48101063029908,21.95324132451529
0.41914618038185014,226.13971839327377,2.7299463751922057,0.23651215641765044,doppelwandig,12.495066758170683,0.707088827344258,Vakuum,58.780357931948274,212.65238173498565,2.9477832599991562,-105.35807049782068,14.86640022093437
0.7662080309992391,147.65932661701555,2.23178069169957,0.20202751795164708,einwandig,11.579575760980605,0.3841136955668791,Formluft,46.40344364670673,214.5650759297228,2.3150672712513556,86.95873705858352,16.02849581460064
0.6394760481059106,111.61294354716955,1.8513005590877034,0.23855520823181087,einwandig,13.42971156329379,0.8279167121662392,Formluft,48.38031323321241,201.11463831135578,1.813391561911198,60.47056192551422,16.813452603040222
0.603441968255071,171.70574441162967,2.378777473042957,0.2147729182427462,einwandig,12.157511956007008,0.40754776619496963,Formluft,51.26396743375748,208.46733043366046,2.9181500892260557,76.08929036931976,17.350730082755007
0.8741111218839452,207.81350594839782,2.766939166862595,0.16601650747547708,einwandig,8.388544031228912,0.9067767544469625,Vakuum,49.846835135043115,215.13121393902813,2.7274068749051152,-91.16428782149998,15.622231104608064
0.995854902134846,95.05663548568404,1.9228163016280146,0.12313658350130251,einwandig,10.794867000499416,0.4683898667589679,Formluft,39.53625288485481,200.25554193197078,1.9526684398082024,85.44441193482974,22.156942209096577
1.0588740109200718,145.54893570499073,2.117877189351511,0.18004451483358874,einwandig,9.296738038067577,0.41228833509804924,Formluft,38.75134758809386,208.44344885143605,2.155900248714016,86.08690829676426,19.146154695554404
0.962961574301181,146.949732205855,2.0189645553104167,0.11462336847535763,einwandig,10.832120635196448,0.34963305458368077,Formluft,44.00773943173842,212.83372558531008,1.9809497023706613,83.35334750968585,16.349649384922454
0.6780531636739632,251.1357290794824,3.0205000044742367,0.17166908661053631,einwandig,10.120016156114998,0.797955589635568,Vakuum,54.346073562757034,209.46578408287758,3.392368880688775,-134.96530788443064,17.787298495933385
0.7705440326052686,110.92501478737428,1.9579975562146048,0.0865338514802715,einwandig,11.059350579873994,0.4303426438335163,Formluft,43.49450321361027,203.6126594452867,1.8843426464014192,88.25022367789875,17.98782109305926
0.8533645743568488,87.2933725416061,1.4792381844370563,0.19134877474251022,einwandig,14.0,0.4383674684432039,Formluft,46.22966504050968,210.52772886059523,1.2853752555381597,81.15907508239516,15.880676144169005
0.7242355898598923,153.25081750618978,2.0924152954983803,0.1113209227030262,einwandig,6.432887124622858,0.41878762270394476,Formluft,37.723665381189704,201.30525944821593,2.066534661244279,92.30070411301054,25.00200625861975
0.7261528375823089,178.7091181736982,2.3217949109951443,0.12340202598539242,einwandig,9.761137641707046,0.514056585727946,Formluft,47.45091033008571,204.4554150313478,2.491837283111499,74.9928013346481,17.998784519268185
0.8647506263752364,139.95510730516452,2.0884675301332596,0.17475703544559712,einwandig,13.835397052594011,0.9588480038898755,Formluft,44.959845860014894,205.70254958006157,2.068600860734126,81.91745657609536,17.259563502087342
0.6881434707948135,260.0914730856727,2.966576699141364,0.09063156325539519,doppelwandig,8.155770594792312,0.6406351745470255,Vakuum,52.722065807954465,217.75474114534876,3.1941260844668333,-131.855082363692,15.044818454931962
0.5541426127252677,110.7706919579515,1.9922216444281469,0.2905949709089798,einwandig,10.57244542871888,0.4826145575140367,Formluft,32.81668726959543,201.35015079030737,2.126635077649916,65.38637467289749,14.166042010023293
0.6171053868328282,141.5940556242382,1.891982464775143,0.16173607884821906,einwandig,10.146462165118852,0.41927353179312116,Formluft,45.68233015427709,205.91402489337358,2.1402549152327417,72.38811042058728,20.046628754024596
0.8267820755467484,70.15379150865212,1.3242725274900535,0.13806980740668778,einwandig,7.190110086147269,0.3132309937938066,Formluft,36.04746941156921,203.2297813253043,1.0774072107666197,68.23117207326736,23.21994781385865
0.7005986582399911,85.40123406068392,1.633126550758752,0.057299151273145235,einwandig,10.841365207659061,0.5554948529478432,Formluft,36.16300174561529,195.66938460972196,1.655205649972412,72.48743503001046,21.870322695178626
0.7680419953736676,95.30869319201194,1.7361216249151172,0.2608135907780582,einwandig,14.0,0.3770430319582575,Formluft,45.32354678608267,206.26685247568363,1.8247607690943797,60.91918335301627,21.819571637156074
0.834015848440438,119.03612270867022,1.7340924007406462,0.20645847882659607,einwandig,10.858891398490782,0.3189083969684138,Formluft,43.08205021540457,203.20755110195114,1.9524813447499387,86.40370548764216,18.227239325032073
0.6250317074204781,73.9728908645801,1.500770800519506,0.1541012887103243,einwandig,12.221589004383047,0.372085794155083,Formluft,35.46591379787294,197.92815978734427,1.4369876278098348,74.77964736903537,17.68702339340894
0.8512496327259612,170.52573493191886,2.3040493068424874,0.11138319983461893,doppelwandig,6.073232252629213,0.5229650614746844,Formluft,39.000499328002924,204.56337617991605,2.609403953845232,96.0024074957312,23.677197223737643
0.7757685206916789,91.86302601074627,1.6759095160326483,0.23628435466884629,einwandig,9.441748763506219,0.825604591006802,Formluft,37.42189885333363,205.456480791571,1.7607003471101639,56.518602588931905,21.906268406382733
0.4530373826177042,315.0,3.542782222493394,0.2863686439354168,einwandig,9.505098357199506,0.3468903758179684,Vakuum,63.41616986278202,220.02559007070707,3.7172845855600825,-204.81527766263554,17.906981389801498
0.9884609582372488,93.18298868149726,1.646227076788444,0.14520242641300507,doppelwandig,13.905013444285691,0.7750717466296075,Formluft,44.38971392983409,202.73514675412477,1.645834894028229,50.362690127940255,15.236011856225987
0.5998510512486167,134.79561038131675,2.3000403280517747,0.08371901709480782,einwandig,9.035231677588218,0.7343797701608724,Formluft,39.54976340008203,205.88629697255766,2.4169692133688194,82.95262958883623,17.72337151951431
0.36898093136296317,127.08696871106332,2.0899264456485422,0.07729868681818435,einwandig,10.561680999076977,0.9173931438267515,Formluft,39.81313768374642,198.0841640172583,2.3339825737975737,80.21924925683437,16.834340896533465
0.49099125808273947,82.62753539762198,1.5399532550847774,0.05159049308347148,einwandig,12.875966929061883,0.42879090593044134,Formluft,43.119980285053565,202.89788531875962,1.664673707176618,64.7788435489572,22.4281918060414
0.4957909678643355,119.24323944315515,1.9681226395503773,0.23598886019293047,einwandig,9.626663549607608,0.8559873939752818,Formluft,44.91829193867194,202.826524931292,1.9038420387629276,59.99796732697394,17.705566753219887
0.7104346637315067,118.58014408684006,1.9672434504855612,0.29534884647541765,doppelwandig,8.027208630801796,0.9054056519336526,Formluft,30.66240068956816,197.44980865119553,2.1880191524343378,69.76931599266966,19.219567415475034
0.6452298988907526,196.40677482480737,2.7534624197731263,0.29820443818839204,einwandig,9.771409854500943,0.9835388921562158,Formluft,42.697600965559815,202.68804573179148,2.9576039353968104,78.31680638417012,19.46297725329717
0.6326336064718814,156.0043439715923,2.157977387435286,0.2460493135857314,einwandig,12.245108525056674,0.8659845506134107,Formluft,45.118147064396446,203.65164966583882,2.1757184828804843,93.04155159718385,18.472711940965034
0.8239403930964957,169.3112363749696,2.4695906956578426,0.0905459445740109,doppelwandig,11.950933730085666,0.3866377405734285,Formluft,48.505423374125876,209.6815854293961,2.7635141691902456,108.28940177490021,18.319868916780784
0.7679750722385407,194.26825171876874,2.5604241851175216,0.2944273639782804,einwandig,11.893768478115074,0.9629903071144015,Formluft,51.93414942060471,211.384874946947,2.659109216719791,94.88267947011961,16.170312711286257
0.7632095741288571,170.64454362169138,2.5888913264408457,0.13195336075048775,einwandig,7.626771885898067,0.8704944369626486,Formluft,42.587016211216195,217.67190487941886,2.745746305577775,77.82485334981294,15.524049861374497
0.7819656914657385,144.97713586419013,2.3534508048094325,0.1334049023731359,einwandig,11.491375423049124,0.44862762911827386,Formluft,46.299207325235244,208.50295267709274,2.4433369517751844,82.22758636340367,16.50795081224919
0.8232269336004476,94.94913648296152,1.7891399875525822,0.22183423822310971,einwandig,12.089368859467719,0.41563818038240663,Formluft,40.738792185671024,198.3755726804387,1.8625296142903704,46.959433068535034,18.283636938239752
0.3,140.6557572839152,2.0859036651189125,0.06226229676861285,einwandig,11.309164696907734,0.9554899052802668,Formluft,49.05165367307799,206.26825821746445,2.3925362046141374,61.149816452420076,21.094234119876067
0.6271123495471077,87.8370447156426,1.7786872441770591,0.2564424324768898,einwandig,12.38051061484066,0.4089890382741149,Formluft,38.04787549242792,202.57182327384032,2.063833645654719,74.33633357700995,18.402873691478106
0.3,123.35231850475411,1.959751043968958,0.299324319121936,einwandig,10.595295676166117,0.8439723697863606,Formluft,44.595601081499275,198.70577302321712,2.2620133583926676,57.7956610359916,21.67244006098622
0.7072119853595591,116.20939257556196,2.181721206501246,0.24376744452247934,einwandig,6.0591842771797415,0.5836814779842108,Formluft,38.80698595111157,197.84852745294674,1.965131625986746,99.72573639191768,22.297894082950002
0.6990734055551309,119.52529994994032,1.9679729113260744,0.2454191228018333,einwandig,14.0,0.806663685844931,Formluft,43.13133893555837,202.47268882030988,2.2677735576464455,60.70987447552208,13.612782638257485
0.909106454957936,74.23083083720735,1.5330002518207333,0.14757841764163776,doppelwandig,13.804209560019995,0.3642959661166541,Formluft,35.90599285648089,207.18704164460098,1.551197612315033,50.74094077510967,20.165682604917816
0.9375268785442241,50.0,1.3310577370889112,0.06648034725391423,einwandig,10.781420424926985,0.8075408014169285,Formluft,33.963401579144765,203.4883741294823,1.3369578125800277,46.356770975236444,20.264200961582027
0.7405550096504734,106.9476183955058,1.6736256093842403,0.24816685855860582,doppelwandig,13.272572846097866,0.6583379641233562,Formluft,46.664827460614234,210.17715377781607,1.6408591571410431,70.55629715129962,16.922644394706467
0.59992778452062,217.16401525695838,2.8207959912696654,0.19928952172620013,einwandig,8.676290004573099,0.9302648697371934,Vakuum,49.785640256608154,212.7125506731511,3.0933780768777535,-107.54066009963873,13.068868724650152
0.7970322225091475,133.87826487486353,1.948024438602983,0.2773346722805211,doppelwandig,10.815098745292952,0.43187889207076946,Formluft,37.15516643929199,204.25194724246305,2.1779358557247512,77.98541792679221,18.473445957564348
0.5944164725351373,209.20612006565108,2.8383711983533706,0.07899072504170813,doppelwandig,8.233017795380658,0.376549254582501,Vakuum,42.86374190982254,192.5028616064591,3.319908472702278,-123.88805738747318,26.401085621042252
0.6997214697113302,88.0664989432525,1.510591733445784,0.1262807657735271,einwandig,13.872198471723218,0.437354208939406,Formluft,42.01381685667736,198.65227416758503,1.5212795890333333,57.89212759273697,21.501280455108216
0.8972272633921535,104.68376194199723,1.8565563128819655,0.14016403843084663,einwandig,10.783258808417672,0.35500275707456597,Formluft,41.21915200041231,198.75423887545224,1.6932983962434762,87.20364692534069,19.690969791799805
0.5884457308021153,315.0,3.692533563774618,0.22081992713617288,doppelwandig,4.9313306278188,0.9861053786032206,Vakuum,53.612822632156515,217.2795503033645,4.2,-193.13131485270023,21.14704406706479
0.8611357278485001,90.18427794320533,1.3986371638520971,0.24693629077578877,doppelwandig,14.0,0.38599963813789534,Formluft,44.662238241944834,207.11606163442696,1.3317823796068158,59.75791028237558,19.925507707772898
0.8354802737384605,167.71006955956875,2.644420388045378,0.29025510214610506,einwandig,10.44948544147733,0.4405956619162857,Formluft,47.49008063679297,207.19296149784824,2.5870477961263574,90.88473068173221,17.887052478877226
0.5090416365738356,167.58268990786428,2.2768687396831977,0.12385178958103861,doppelwandig,10.515459972318975,0.8667800230934724,Formluft,49.83118755174832,202.75282498580552,2.4459745637222325,98.58025196944357,22.203709705874214
0.8947788256434801,158.7796009308983,2.2914011147715074,0.1734091021410618,einwandig,12.415438217280872,0.4727280769912506,Formluft,45.91884644884723,212.34704232806652,2.4533703064388783,97.57894649998195,18.756351511871102
0.839713269074301,168.74083344578037,2.4356440513936946,0.057240232520324605,einwandig,9.446305762163137,0.45560533813337645,Formluft,45.51672180140744,203.94931906465266,2.667446568987831,85.60701875784524,21.384957280083167
0.7203851774745315,89.66704360704023,1.826255707273655,0.11324696952722198,einwandig,11.822017564530224,0.770616846285379,Formluft,44.355830332513875,198.08990960907144,1.7707967816263088,42.87440911497813,21.875058385104
0.5475353083944695,109.18026942549024,1.9145247461428743,0.1435008770299101,doppelwandig,12.881923803808414,0.5791356613078802,Formluft,41.91909069400635,195.55983638870916,1.9229552683376316,60.615489973806106,17.998053128334472
0.5281587962848859,50.78591378429246,1.5558949978302947,0.19845155163136208,einwandig,10.647596950465157,0.8848354076602185,Formluft,31.37929990229954,196.24657421072857,1.4978180009096078,50.53092856017689,22.591335074122522
0.5924674846193955,255.5262958263955,3.122070973549436,0.16771137339979353,einwandig,9.054040697876541,0.7467885419638173,Vakuum,55.219220222694055,206.97721944443413,3.718270537894556,-147.89948028383978,18.702445063529158
0.8085188926583919,168.25039397798656,2.610135322828738,0.14111876494424935,einwandig,9.2823172321876,0.5017503019591338,Formluft,41.72655627646806,209.99859106951183,2.923673544980841,93.45968028145644,16.11998403572886
0.5088749665197203,95.35415758125129,1.8411823920782,0.2060194916323354,einwandig,14.0,0.7185462929337874,Formluft,41.14958001246847,199.85748721154837,1.9736934280728604,55.6982635347105,21.631043528919697
0.787502449723974,88.44726003278078,2.0022734082447093,0.2571539192792501,einwandig,13.882145152880298,0.9065231350835248,Formluft,42.56010658282505,197.83783337692594,2.089482261350354,44.18557319354236,18.590216383415843
0.4516488942243214,219.08230624788362,2.8878202760187173,0.1104202832461973,einwandig,10.35203905775297,0.5551380723867233,Vakuum,52.19138896789899,205.44377194097763,3.171002496534825,-103.92721956841946,19.228911560515453
0.6591862831122302,92.62537104080327,1.4701404494611867,0.13571896981510306,doppelwandig,9.470448426870803,0.8155295050669633,Formluft,38.416254525775734,196.82802961389436,1.5652487987401378,67.20786548299793,21.617790787995165
0.7219295509148017,95.23129927624626,2.153515795968146,0.22623091242175497,einwandig,12.412426727746205,0.5910830862640076,Formluft,39.07998533983003,201.24435252921114,2.022344421830291,69.62076303913715,15.308287927649406
1.1890260290117833,81.29895513824563,1.5642400248343824,0.24448514968963259,einwandig,10.612993000715305,0.6801513784449498,Formluft,36.950698386723374,210.6175060553241,1.5577267398815575,68.54712211761858,16.638691367512468
0.42453686889592646,183.79228845955586,2.694669909956707,0.25634921793366183,einwandig,10.331464982557051,0.8135900194587657,Formluft,52.35464723952379,204.3274984571721,2.609679839463907,78.90204415660978,20.7043818500728
0.9944029132980267,207.66094424283622,2.6653065704106056,0.10233280472425717,einwandig,5.177917040149617,0.3423691599168907,Vakuum,45.76401491617534,207.88332266441193,2.6342133426561007,-132.49993477238968,20.721843016087625
0.729968482797456,116.52587537355885,2.0913705416288577,0.1848167403111039,einwandig,9.005188578910543,0.6184646656391838,Formluft,37.861869141242494,203.88264094907154,1.865837159258692,72.20369601861378,19.000285600435106
0.7822343836031926,208.34136729869002,2.563459101759651,0.2750027746313211,einwandig,12.169533035213124,0.36664946119483366,Vakuum,55.47287291438681,209.21783845629756,3.0990131275201795,-110.89615079336915,17.594504313409722
0.7236695826776408,152.39187235585223,2.312996660310256,0.14798761377287295,einwandig,11.928309543116816,0.8075038811304651,Formluft,45.042267018383484,207.4505732156216,2.4126210091679354,71.9393992441181,19.786184836252303
0.7889453636390465,79.47496876123287,1.5978211682807022,0.15747077255538894,einwandig,12.305494086009844,0.7254643856295973,Formluft,40.553447490057486,203.74090168847792,1.3808741605591077,30.594111117400516,14.566452770827436
0.6692629791275964,245.93235595528773,3.2043093143807853,0.29620573597517147,einwandig,7.034204455745361,0.5288507622724948,Vakuum,54.76447981825653,206.32198817975248,3.973287175897036,-158.83278253767497,19.922148370429685
0.9908100362914916,80.97781372943237,1.7136227349480102,0.07826316150812636,doppelwandig,10.807046821590005,0.35339705937498483,Formluft,41.06802310904647,199.79504176966165,1.573919549738045,28.7668624076816,19.94011101112035
0.6087057711550554,120.33309460606301,2.103056153043739,0.22640049736540901,einwandig,12.391984145025475,0.9480617234209423,Formluft,44.67880763820557,201.30912781212598,2.27014734108921,71.62139572932277,22.61949010675538
0.9264469144358495,116.67760464128897,1.6088093064093512,0.26254603176022295,einwandig,11.395795264783084,0.5205026043833634,Formluft,43.55144737418131,207.78682668126402,1.4771656820304828,80.48458849632944,20.259524715626434
0.5711265759573954,107.70439697430065,1.8487992738261114,0.08769837915850436,einwandig,14.0,0.4927637441777182,Formluft,43.91802439621013,208.6232582755224,1.9918831495734735,77.2878303702063,13.057033499650272
0.6879496307197426,59.03910861953025,1.5338956142149864,0.22861330900180937,einwandig,13.154494844491044,0.37070347964230854,Formluft,35.97357303594619,194.639778029746,1.4774372947259455,55.266487937859466,22.96040805993949
0.4856074895419561,315.0,3.5535422359659563,0.16743455550261055,einwandig,7.242440984489067,0.7041472463676062,Vakuum,57.74360908704259,207.35317835385723,3.95333440149225,-223.0779658611092,19.458817659045447
0.7910047440695039,61.146291849705165,1.6333439168553188,0.2632227211686608,einwandig,10.694335767646628,0.4859574187727294,Formluft,35.399630198815636,204.17392417507492,1.3430420787762753,34.639609644152664,15.318560940190247
0.9890251913853068,253.91440307031053,2.9764295877918663,0.2768630792089765,einwandig,7.9307414728879575,0.8899971575482444,Vakuum,54.91083811260406,215.37334178642874,3.089028729310778,-133.78028397830624,14.486148887924074
0.6845287640358292,87.26081498714177,1.7054045856523288,0.26812122578864334,einwandig,13.172462435457428,0.7779367485387707,Formluft,41.94393807611435,201.0423036019324,1.5286781979588917,77.92849244001572,21.406834774104652
0.660622860259218,99.07375338814508,1.9697740417674094,0.0660962843947532,einwandig,11.77758474287,0.3027404340665847,Formluft,42.40895547052722,204.67173139485874,1.8222848841574082,83.22044038491958,19.19326610920058
0.47707660738641455,241.05942136293532,2.586672020386679,0.23921381920374357,einwandig,8.002257398778152,0.69597222816622,Vakuum,43.67578019757328,209.63066168346924,3.0317282025144916,-127.06260657603194,16.678521586854238
0.6541414692895383,160.2712893082342,2.370572889711625,0.28038189374645733,doppelwandig,11.64703701852479,0.4622842737738104,Formluft,48.70856175185108,209.88511615654267,2.7192574741201256,81.82165038244685,20.437681468889465
0.3814411480556944,70.95095670168203,1.5175249297144233,0.20533711016773276,einwandig,14.0,0.31075698401945995,Formluft,39.853445594048374,194.15902989364082,1.4194703983734314,63.29926914150447,21.271900060896684
0.5174244026562345,70.46128541588466,1.426842564644034,0.20021901511962253,einwandig,13.528406605218539,0.7335570140912121,Formluft,37.05398142807558,199.50081074298615,1.0935339179029115,61.12535283064415,18.04727491528641
0.745357209221827,149.12162293792719,2.2434546171448146,0.06125134684952775,einwandig,13.560331993498096,0.44344005214379867,Formluft,51.665151494740634,211.88373479315555,2.3880547806026664,89.35839651066573,16.15669769402036
0.9638026395482793,80.45246783018243,1.827737437162758,0.2640082555514846,einwandig,14.0,0.9297450669672604,Formluft,47.1957771284004,205.3034496532398,1.804565853339227,32.86867812662375,14.994940152835044
1.2618421722459006,163.9260808773388,2.4672802217413374,0.061600890207290385,einwandig,13.070554727402232,0.7013665186673357,Formluft,51.15697513005969,215.37125289611328,2.3990965848744406,101.70659247622437,19.269973082602874
0.5826829829858198,172.12328338419013,2.356719312437527,0.1283774015961685,einwandig,9.477478068701972,0.44642957680402534,Formluft,48.353635329795445,202.80100989798854,2.531295196982989,99.50315339406563,17.201244648479637
0.987060031329088,90.96793251333645,1.859104604670834,0.28146576632180387,einwandig,12.311946697197785,0.9853892077810691,Formluft,39.82453014137591,201.05325712659445,1.3299455933961912,45.777187268451684,15.99629814117404
0.7487504960803295,101.34268280117755,1.9409516471762969,0.28743628568237806,einwandig,12.060885788441233,0.6825090966277809,Formluft,48.029305155630446,206.4566904747917,1.9632607546634397,67.28682187203302,18.033680541399278
0.6697504706507248,151.44246384632038,2.198434020196588,0.29797513511898066,einwandig,12.30649287696994,0.41583052048846264,Formluft,43.59619443120607,207.80796266207543,2.2940158160359987,101.82655430150604,23.48248613627753
0.7865188903452304,89.36293655283603,1.610941409624457,0.16910057140322154,einwandig,14.0,0.6620695191183518,Formluft,43.62094359542823,206.60965934097518,1.7775415981641944,63.99781000689382,13.504912848031386
0.7123832967359918,133.96500789662133,1.9764349585046215,0.09435738659525271,einwandig,11.90098718480825,0.9715443407561695,Formluft,47.751894380331144,199.97575574999146,2.0829335259723827,72.54286692356459,21.09914364485088
0.7220791451224436,315.0,3.6456780023302207,0.17198612170727096,doppelwandig,8.878413154751728,0.5969471615895531,Vakuum,61.68853726032729,220.6263837215217,4.090672736800925,-183.3675530112589,15.807733142230605
0.618333367434666,154.91444932348077,2.232993572530942,0.07557823127076231,einwandig,10.000475812950235,0.5977418583263165,Formluft,48.7198377044021,207.48802875166953,2.58325480828878,76.44426685899236,19.256498735348014
0.4203780680402298,108.36590707294499,1.7099999236239718,0.26813402724249247,doppelwandig,14.0,0.6227887055573589,Formluft,39.9846817088629,203.20454410032974,1.6429858658624439,55.533883900309796,19.961395792319063
0.3912749594955836,315.0,3.2672705746736312,0.1901343083166262,doppelwandig,9.156618884371735,0.4960724858081421,Vakuum,61.94833708471113,207.7835956940985,3.559306391223208,-230.1422570331676,17.21783929270004
0.8306489766562454,190.34518992588696,2.6475362372215523,0.15112647479168884,einwandig,11.596362943702152,0.41324852913055604,Formluft,50.96688127392741,212.89601329289945,2.938396423561144,111.39949097403137,15.660956162084641
0.6446599819828572,81.18196756123373,1.5674389771502364,0.0698826756202011,einwandig,13.238790377931583,0.7052493923578984,Formluft,41.24072532914655,203.47996516184566,1.6636279698876886,67.27980128641747,16.24404822131265
0.5807822200687667,87.09471287046144,1.7463158663120888,0.15131016920415763,doppelwandig,14.0,0.925940137702286,Formluft,38.9025552890276,194.58596118002833,1.9046684821847644,54.272578021672544,22.687171625121557
0.7017011253446307,63.14670521582113,1.6911296777869376,0.2665479020975272,einwandig,11.633323439127492,0.8150108193309935,Formluft,35.64356568893257,201.12913597879967,1.609239474394783,36.56138039482184,21.94999789336809
0.8589864505831255,150.12806095834924,2.004685816138771,0.2258514831193032,einwandig,11.643523004761686,0.36733118534628595,Formluft,45.96117309005933,202.99021940541306,1.969406778697807,109.72331157966636,16.20775467269049
0.7360727886052796,56.45311387913594,1.4448543039561608,0.07061387937774165,einwandig,14.0,0.5805942832387996,Formluft,40.703880036683564,201.15295743890917,1.2458010544665161,36.30809462525221,18.799852962438354
0.5687890126718065,315.0,3.4943958780671696,0.08997679993154396,einwandig,4.46596867369703,0.3037071159338514,Vakuum,57.13352874318915,221.4949624776202,3.867972345613689,-219.21841429994083,19.9504637321762
0.9452585911297899,114.1520613862845,1.9701779224344702,0.14807712267687617,doppelwandig,13.09536697122193,0.5155582701209535,Formluft,45.60436125646644,208.06562504387696,1.7797352209111224,63.612933777043104,13.187387888669702
1.0158371005963263,196.2513719890829,2.7558849756757287,0.07534377067147967,einwandig,7.596078248909297,0.76856361482986,Formluft,46.476413658084354,210.1677224606891,2.848368806160532,107.20841094976429,21.96395816228058
0.7989113310645706,109.5996328938346,1.6773792909513157,0.28351029799831773,doppelwandig,11.404172581835272,0.5031639984437071,Formluft,45.45202218062967,199.0248528788739,1.9878576551424563,68.65537843196576,19.6483961440844
0.894732702268818,148.870989216646,2.276437606039033,0.21307301115771898,doppelwandig,11.357747188136447,0.8883908233666165,Formluft,49.87608153392332,209.84656645792765,2.2716897332386754,94.63839604640732,16.111874151691758
0.9483919993627622,121.08099872028279,2.123376556011318,0.07370575032598627,einwandig,10.511502262727317,0.6341689494784981,Formluft,34.297197475471854,203.16913143676214,2.159545394886157,81.13323901312114,22.274824927490286
0.9260198632809027,132.17600667175958,2.029451493780559,0.2470143655951152,einwandig,11.860707910446648,0.7684177139879597,Formluft,47.60259495458267,199.8108642543759,2.1607053468732826,60.880921602022504,21.854738752758045
0.8228198354225247,227.46601552435357,2.79911107526086,0.14210148214298574,doppelwandig,9.4464635927636,0.9187056562970384,Vakuum,54.67291573650203,207.39666588793557,2.985637737802036,-121.7360930181934,15.666588948975932
0.8196694094149766,285.2214261200003,3.344538814307741,0.11121766113830521,doppelwandig,6.229101068282311,0.7779672160545958,Vakuum,52.652333042503315,216.51179890754423,3.6444232237769167,-184.97175147758261,19.593786827924195
0.8039321146693005,273.5087598693482,3.239792640638254,0.19249623548492278,doppelwandig,9.298229920914956,0.9281283429998308,Vakuum,56.182307061784954,218.61478879057486,3.7554901884360983,-134.29001568625904,17.44475659102397
0.4805324650905912,315.0,3.6073528911050685,0.05334303328013533,doppelwandig,5.596686993387537,0.8656457491477128,Vakuum,52.48666718497881,210.07295583260128,4.134607431441312,-182.98007388553683,15.136478795966875
0.8401446313719171,93.34623175972466,1.8309619330379798,0.16634941502606376,einwandig,14.0,0.6969449717760733,Formluft,38.57792375653702,206.92916434518156,1.975953145732609,41.21337553422859,17.752299405156585
0.42883720577468915,155.86601369973528,2.0996322637555345,0.2609512482737924,einwandig,10.884392010845408,0.508063170012232,Formluft,48.845199244305334,203.14988815691052,2.679696027563079,93.1524218171277,18.11361627628371
0.5410801089749889,94.24382623689544,1.902490584550905,0.2820143989963921,doppelwandig,10.301316054097548,0.5086996832559493,Formluft,40.14697019729133,196.7730410342392,1.7906957489229591,64.51413893462777,23.38982741223095
0.9607130135616175,222.6562633375458,2.956267581028902,0.13563867610410996,einwandig,7.46490988413381,0.9127317629008491,Vakuum,47.8556881928245,220.02682619536645,3.1341580705535663,-100.76049616945622,14.629180509549714
0.8680440325388394,82.68638505559721,1.6894035144983226,0.2106091470412611,einwandig,14.0,0.33771896081695124,Formluft,45.25193798036478,199.23821870337324,1.6268615132478288,55.575306326051845,18.710264114375224
0.9974796579371725,229.51587881585428,2.612003734544384,0.1067058595922084,einwandig,8.443799730166736,0.9590057936677767,Vakuum,53.81146705603245,215.36219158044912,2.7434040976220198,-130.02573788139625,16.009743567095114
0.6456651232625416,142.2004231711709,2.1203915294693534,0.19005326774617726,einwandig,8.71746180506079,0.5289418601345243,Formluft,35.36812895877284,198.5394745180323,2.167325773841188,54.98613090530283,19.85784888598258
0.46955023174464644,124.25158372339655,2.0231735513282576,0.11350693153829726,einwandig,13.60113590117062,0.8172097418693838,Formluft,48.140179865537476,201.45768550772462,2.301146107390397,70.71377188244884,13.271311497898758
0.6519125605859314,130.92880133504332,1.8757403750123238,0.19283912715686324,einwandig,10.895632191067753,0.5310208268462138,Formluft,42.59543678456215,209.38370082967486,1.9685231131090246,78.56906526161116,19.80034650104616
0.7204062594481148,77.20439534305649,1.5636144532079002,0.09293052932330774,einwandig,14.0,0.9673109724632125,Formluft,43.76128292670623,202.6737471457393,1.8140213795532272,44.78851352709847,20.134986169643312
0.7157977432680019,79.61748163699677,1.425534444962193,0.2853081391901858,einwandig,14.0,0.325531821109708,Formluft,43.31314021946442,201.08642528626086,1.319914615685222,65.16091519730428,18.136933821020616
0.9267360957513403,143.41058049285152,2.2383784776907785,0.27172936910182294,einwandig,11.9636625652958,0.5473232136482216,Formluft,49.05352852639713,206.47499093921147,2.565881144113997,78.79947660850523,18.464794767764904
0.6277459149993109,142.94747955248147,2.168473133655159,0.13422956236220995,einwandig,14.0,0.9072227329190707,Formluft,45.60516305490958,206.27057112205713,2.5093502636227485,58.86349138194704,15.068299108876428
0.7704068943605848,96.03306204515599,1.5213970216391113,0.24416572223123567,einwandig,9.149688463004653,0.4918395773958816,Formluft,39.935307195948546,198.75676768842666,1.4973542264234483,58.62880244335429,23.35070299404722
0.5022745701130787,113.5923130742823,1.9614582338315556,0.07387603268304864,einwandig,10.524292022599326,0.492933633615293,Formluft,39.00381762442447,199.9822645630681,2.0923828636482535,63.10961981651169,20.534625022061586
0.7900634556087626,162.28530584134717,2.2898061046222336,0.23509022717635597,einwandig,10.430967344758406,0.9291262712480313,Formluft,45.84720437579517,206.11819069128546,2.5538754950177185,86.12941134697327,18.642168161104628
0.7006217100371273,89.16809774299858,1.7908069243571494,0.12061478240317604,einwandig,14.0,0.8814075772208099,Formluft,38.621519598870826,197.96355938447775,1.7256510437463286,41.3877739882073,21.996073744553122
0.5500373323430965,61.06205375405216,1.4297665649691031,0.08391044216896558,einwandig,14.0,0.37403983670747243,Formluft,40.21677514899339,193.14503671660233,1.5728177355462463,50.3896153892338,17.101234129769033
0.6528341275650293,260.3697189786951,2.962735841718107,0.21954780447590344,doppelwandig,11.068138760320455,0.7061259369085426,Vakuum,59.11249083957277,212.23946002471888,3.169406680205892,-146.002671901355,12.383753511149873
0.6631648506969556,148.24877968463437,2.0703635435084036,0.1674517044548473,einwandig,9.70553262639232,0.45637663183794785,Formluft,43.02042991025467,202.35027301318644,2.1113168025089517,67.18820673468625,20.78798263582471
0.6459689741325807,103.44531409627203,1.7468369802879156,0.182534900432611,einwandig,11.058837668052341,0.45059679023540056,Formluft,38.11156031865778,201.6333304732996,1.7040152548408765,64.4722034878582,18.853003486944427
1.0542682484535366,94.12445483896,1.7558194031988372,0.1801324460344802,einwandig,10.98976855874509,0.7307827908324938,Formluft,35.4176635424979,195.8611422829658,1.7430982039545568,59.94916137899559,18.292551808569243
0.680310799538424,88.81649014724334,1.7327256909916657,0.06486199552650489,einwandig,11.212733970237391,0.38670631491550883,Formluft,40.76483087481092,199.64540268746876,1.7688447833959287,68.27043506562873,20.110742271706027
0.6512207779645324,222.20141059087737,2.7490033030558036,0.06284506227316926,doppelwandig,12.430373949780014,0.6288453007020831,Vakuum,51.82741758445533,212.09693044919695,2.949014393092204,-96.42266227014576,16.809957845859593
0.3,72.57639912443807,1.5171132606460267,0.20029187598702425,doppelwandig,12.69805577509736,0.479075213984016,Formluft,41.979444456878575,190.16952637368573,1.5195087641299003,49.14591102223383,23.29293978632225
0.5211585296041045,155.67122786220816,2.192659332696843,0.20596616058885414,einwandig,10.885222974156912,0.8977457308041501,Formluft,51.35751125421727,212.36969122572455,2.1823599000382665,63.782470160266165,14.288460815132254
0.6473853151087294,155.60662980636548,2.621011756276964,0.06179363912877865,doppelwandig,12.658607828687725,0.6881459626576923,Formluft,56.108627027739274,209.2599992845101,2.8979976660657885,76.5064940628626,15.70537228204042
0.5628294647646714,185.4605385861907,2.3680755359647945,0.14460983297195446,einwandig,7.036430587277282,0.4505761818831306,Formluft,39.67014566094929,202.24114912474022,2.665808365729231,100.84080861302033,21.829573935307703
0.9763415186755593,107.82284070585786,1.778886924364934,0.20321281989010687,einwandig,12.40972062489183,0.9485259569052638,Formluft,45.04875160239282,207.34868920737628,1.7141813442095637,55.40394592651284,19.64659895726748
0.6670124449207562,248.75806412159875,3.484142629228012,0.2141701639382691,einwandig,6.58730493961419,0.8760275712847261,Vakuum,48.02046758427581,205.15955613475873,3.796086547660704,-107.41616797788578,22.668306264646276
0.9576888498636504,188.2220085692201,2.5689280639228436,0.25706893981913786,einwandig,9.705619944652861,0.48570456125613953,Formluft,51.73031933010241,216.92584513220868,2.591319060939632,125.17908503123958,15.081389776298405
0.7123409268100735,106.21296030600249,1.6427065825624654,0.15518307089922023,einwandig,11.171834604431513,0.9727356354628782,Formluft,42.03397867792991,203.50623740871538,1.5368743267959717,48.23871990971275,19.929788414720743
0.7074455672843153,92.29947914714927,1.8647989137737835,0.1870644452867422,einwandig,11.416551529258754,0.48741724199943226,Formluft,38.74894015990498,201.57006354603845,1.7179351953481976,49.0722542292846,18.003891891340054
0.6822407104574998,121.23547526256098,1.8333779687203158,0.19464009390220433,einwandig,12.420276731848706,0.5048501854328835,Formluft,42.1735807755344,206.95987952889476,1.7524714879298493,66.35360120705168,16.391991851152074
0.7007592503242918,104.65726708306696,1.9736173628353,0.12801132082507977,einwandig,12.825995127708348,0.5701743480133444,Formluft,42.53696618134754,204.30308126327085,2.12897031146074,77.73551746491987,17.07544863728045
1.0437590006099717,86.22546596145554,1.658159385786042,0.0634563506104029,einwandig,12.404722172495642,0.4153636543181972,Formluft,38.652555113028924,202.40028101289502,1.706528097152362,71.62860273055956,17.033979022728435
0.3,133.68178803673243,2.003484926870448,0.051056481551276164,einwandig,12.399323985064001,0.7809112970989375,Formluft,46.287629376671944,199.8562543425894,2.0239401972597744,93.67634047891923,20.703013231042593
0.3,113.93070023554776,2.1528203472085194,0.25903135402963123,einwandig,10.414503412404207,0.6901361280794556,Formluft,40.49936475639117,199.8974530513959,2.4102517999809407,55.482532734320515,22.116233853619136
0.5913658337887772,280.1125483417809,3.325860589633134,0.10005795563059659,einwandig,9.360358029534332,0.9261237370863462,Vakuum,56.79852850559803,211.52291294239222,3.5879599893544034,-173.5786362804734,16.8083321184729
0.7029055763875137,104.58319704763171,1.982613991998435,0.20756366603978388,einwandig,11.973022029493995,0.46861265795257323,Formluft,40.16909485214385,196.67671639845022,2.135029391211754,82.0450084111776,20.476714564646183
0.8380208849528025,91.95531253711212,1.8008804522248891,0.1942618696609799,einwandig,11.733790062296404,0.41916162061943957,Formluft,42.03774468848399,209.44508914281883,1.7992580982831605,54.1119965413276,16.175905113494082
0.794617439605495,129.63155983021065,1.9703858000727208,0.14990826918512973,doppelwandig,10.16969338083877,0.5510363748756708,Formluft,43.96272939951831,205.73810503490395,1.9581532279829,90.50895022055965,16.66858092009173
0.6231508174238859,145.9936635002477,2.2596524710407127,0.25837332717515843,einwandig,10.867363491560445,0.40227607845566205,Formluft,42.64219051225407,201.58017350413394,2.464053342395048,86.45701761632327,17.02178599278065
0.9038087386483524,151.41543483137883,2.3927057875537,0.22460039892334477,einwandig,14.0,0.9623057197166269,Formluft,51.206239712989536,211.87231098432804,2.6921676651099733,64.3550546996025,19.12818616657005
0.9060390806305462,150.70086039518776,2.225817589689135,0.05568536585979324,doppelwandig,11.105850949915126,0.8022126878085858,Formluft,43.48196181436245,204.9784587602031,2.1175443079782026,57.09789249318319,16.815853759052047
0.7368115662543131,131.69980019684263,2.323844792226717,0.24417351833917117,einwandig,9.418697922792056,0.8573341582544143,Formluft,48.58130042642955,199.72214928346833,2.5994294913848726,75.92907659318232,22.007405392026527
0.8925315144973682,127.24911787929645,2.1455660235146583,0.17674970450044059,einwandig,13.656410186587681,0.8236305363604617,Formluft,45.02956814807862,206.49160123796162,2.075502000809018,86.66239995940101,17.657223783267064
0.7545290526864257,172.60940568881426,2.412672627976256,0.13675482227071173,einwandig,9.740907986196136,0.4699734223408808,Formluft,47.00666337588283,209.56159887293757,2.7439942593632973,97.74445634713469,15.368523388619966
0.5877033946434232,83.16800212030715,1.70306699661513,0.2317211641279195,einwandig,13.488317955697262,0.39845964661416555,Formluft,43.59437987775474,199.93466827208997,1.8491748317428867,68.9062636360521,19.455037845627306
0.839563367800001,92.22714028673295,1.7584026916390074,0.22151640741156736,einwandig,11.48300039197852,0.6006035081066141,Formluft,37.74063815108043,201.64327377110536,1.5661465259790184,65.42772909605247,19.74716282736907
0.7221226245157355,66.51780452789,1.3444566183838713,0.12764705946723726,einwandig,14.0,0.880313385242137,Formluft,38.60115798788052,199.8555655514163,1.2147941545839873,57.34116685356547,18.233095715397315
0.7002679693508973,83.69589123345278,1.6560563004963316,0.29575971787447036,einwandig,11.726083205871753,0.5313607300205379,Formluft,38.31207441731903,200.38283249804516,1.7318796145302802,75.72772233435518,18.332411108241146
0.9945907144379149,211.02709797627443,2.7213947566113705,0.21217712167793834,doppelwandig,12.520038507748213,0.30669405955982004,Vakuum,53.26418912955518,213.44035507702313,3.0328915092825484,-125.11391604338401,15.623955099652067
0.3,169.01715379855904,2.289724462198493,0.20144492811347342,einwandig,8.676049985978452,0.7620424914850292,Formluft,44.464197951247655,203.73471625524536,2.594435002900617,81.26586375309051,21.018665977103087
0.416463165968086,300.10901688455704,3.4515236878821605,0.06747009087044302,einwandig,6.911461806455115,0.44004414959721483,Vakuum,53.904568910767566,211.8789444447423,3.987633513328506,-180.34130438201504,16.930035246367254
0.4625859147251259,262.3827558089533,3.102258170024893,0.11982969508618437,doppelwandig,11.240422676589729,0.679984613674148,Vakuum,60.158564331835535,218.2948715148493,3.4228316896612423,-147.6549331568253,18.21776029188414
0.6273478704862389,169.72984119507606,2.4738925132254237,0.16174350058161036,einwandig,11.093102419685776,0.3104160350179332,Formluft,42.14199325127108,210.77088158685928,2.654339965786405,91.88791979371125,18.522459184330522
0.6490783660467939,138.66894365586188,2.208818406406755,0.20765642607741908,doppelwandig,14.0,0.6561948989351041,Formluft,47.41942894361016,201.2081887081463,2.3068870295584523,82.4720141721311,12.655939843769872
0.39853487044539043,130.7980816810648,2.071457646586244,0.17819090768259443,einwandig,11.191767059497344,0.5755259400370467,Formluft,42.58084740945006,199.02928444702232,1.9947591779501568,80.39810404838798,19.40365652274542
0.5029683935378346,55.666560796155814,1.2402505526739467,0.2407582333678478,einwandig,14.0,0.91628839088789,Formluft,42.88199608604383,201.7872419605094,1.241166848960227,18.583293109480714,22.488304833495903
0.5278316642952859,124.11141845512493,2.261499758443175,0.11564192811697548,doppelwandig,14.0,0.8052696596108209,Formluft,42.550090344519695,194.10408026438037,2.3324996871358112,42.18840563901853,20.510514187909195
1.1914848184151783,99.04502035692019,1.7710765130696902,0.2255392488206211,einwandig,9.496028057592458,0.3252197084320269,Formluft,40.024278665180574,208.93797077795472,1.9324520666245646,80.6109894473221,16.672798643106887
1.0603483895494292,85.16143373394064,1.6691585018172554,0.2541492617227906,doppelwandig,9.595464090288408,0.8526656776471788,Formluft,37.47035661338271,201.47351001175656,1.8056365649235318,43.516866134215974,21.491142641774804
0.6176501164630701,156.59967608962654,2.2014192814121043,0.24126249389573834,einwandig,9.493991743340521,0.8538592180629625,Formluft,38.524519682158555,201.95617667694222,2.3736656034415975,99.08765353007662,15.354030188718376
0.6272833419386402,117.31438290408484,1.8652533148228483,0.24271164614700835,doppelwandig,13.69388580634453,0.7643866838331803,Formluft,48.340908271908866,204.0296912940403,2.108631606927325,77.17877835414257,17.987180548211903
0.4701592005623411,134.58740971646046,2.308307984931762,0.27212676431554134,einwandig,8.415612390424611,0.9505077151325634,Formluft,36.50842772782801,192.01498519469294,2.5624549221102515,46.89141441436803,21.935228532243737
0.3183739173549466,80.34988525009754,1.8507057300586924,0.07104463562012238,einwandig,14.0,0.8622774693662951,Formluft,44.55560976397574,207.63843086270813,1.9059748498662217,41.99726537979298,16.434739272609143
0.6766239627182952,192.30355419630578,2.605087444107097,0.22429789284352575,einwandig,11.245824534070142,0.45322906522136797,Formluft,53.21059963839905,206.25253796034085,2.5866592864770053,103.85169535121972,15.137622090871318
0.5004296033511948,104.3635869592314,1.8187836725092423,0.29216955027911523,doppelwandig,14.0,0.5670821195170257,Formluft,48.10310168823963,207.7287094804959,1.849699494148288,61.99523655087474,15.37090216258409
0.683029893667598,152.58685618948425,2.313562547267937,0.19341266246863453,einwandig,13.276298446287639,0.5449462557054612,Formluft,48.49335266832139,199.2753002716385,2.393397116876921,82.70305247758391,13.04768033774009
0.37995883019130444,108.25870708259792,1.8771392039261894,0.10432907799609815,einwandig,13.021632797930604,0.6534354715075825,Formluft,46.47630070959249,197.54088387234307,1.9551648354686557,53.25859811122932,17.992568152542656
0.5476051083379484,53.531664405256436,1.3997198774935868,0.2996884514435532,doppelwandig,14.0,0.9675995341383448,Formluft,44.243675990708226,202.89752674693463,1.3055311121741597,43.69177414193607,17.792152234169414
0.7297254190605661,159.6874819644859,2.3282157439418367,0.09366932320536973,einwandig,12.085620833117586,0.7309188579134682,Formluft,48.04278465759758,205.43204960470067,2.5836108217231883,82.85292814247576,20.29950661731048
0.7732419195567874,120.84238364366541,1.9005654071075064,0.1338894243437148,einwandig,11.05880029965396,0.5190573415940901,Formluft,41.91414605960327,207.04523618486718,2.098599740168837,83.38646301816544,23.380835559266377
0.7834943917484029,65.08642526210363,1.558531041697344,0.09301554710429195,einwandig,11.083627814349686,0.959062416869807,Formluft,37.89210369895632,203.5292704168769,1.4467919282240487,43.224018447078464,17.0240651991647
0.43590220316859246,76.71615417445184,1.64436237223886,0.16612821718751708,einwandig,11.943364938252543,0.7901900309807879,Formluft,30.16406333961018,191.5512662867103,1.4773769442542084,44.551006180535865,22.503089314689785
0.8709371460271123,195.15744301385845,2.6516999472995564,0.15471900240273956,einwandig,10.040916175559301,0.48625636643740233,Formluft,46.547950791000055,213.6603878543931,2.689168107656634,102.79306832495918,16.075365850562527
0.5399576606796299,66.07203216961422,1.4357057137355724,0.17281022412764319,einwandig,13.698236006458853,0.9345589381615604,Formluft,43.60695971042069,202.10916512027217,1.580459285591151,49.1159639709808,17.215442910907157
0.8265715829214613,103.17293270569404,1.9319039145770336,0.2819958500138574,einwandig,8.150285486184131,0.5409490284619359,Formluft,35.51255480938066,196.20659475636535,2.1129074197669215,67.61004709513433,22.318701968743166
0.6978722646763613,314.2713294770536,3.378223911873853,0.1695810964585563,einwandig,6.7040960932256715,0.661347892909139,Vakuum,57.13347903949621,214.04735940977037,3.6442634697375618,-203.21508621016739,18.03708823648467
0.4247225001844104,161.70485970304355,2.2077538798811625,0.17865658155341102,einwandig,11.0145420465228,0.6354559919828253,Formluft,44.405947251591,204.29957128457878,2.187592872859139,72.68156444453012,22.775970917740647
0.6367604590837623,181.69148888647825,2.374193152219964,0.27167052647961704,einwandig,11.552787667597725,0.9465416113094309,Formluft,50.67778462941085,206.3485619305019,2.4565490180834777,95.83173103801644,17.230032794032116
0.7730727484127535,112.75607960436575,1.7412408709788743,0.25443949850370806,einwandig,14.0,0.48596435158068907,Formluft,45.13805216690875,204.72691234120657,2.069398437870652,57.68259132604161,14.552328966144414
0.8225930760949198,63.37771947170466,1.6593710982814869,0.10993050780636106,einwandig,13.786864084097923,0.5333147228064188,Formluft,35.18109851000042,202.5171676416835,1.64859192611228,61.685009558320886,18.1310852907411
0.6718024205111163,140.7199885878934,1.9804020372746773,0.053231488807212554,einwandig,9.662874532807228,0.762112128336117,Formluft,46.18743705480243,197.9812484965924,2.0523619573168825,50.53925189604648,18.560410998506295
1.0063557781202106,78.71205207850502,1.5248589660170393,0.2073748980505128,einwandig,9.39603993083443,0.920630992039581,Formluft,32.27369269883741,201.58859141674407,1.4386397425525144,45.944853052303706,19.343339386320665
0.9015021541973117,75.90110475723363,1.795519994630865,0.26121245595938003,einwandig,14.0,0.3804188634681974,Formluft,41.492646281031966,202.3111308378624,1.4248316692810397,73.49975427828238,20.003758511797002
0.6486691767200494,133.12242326185776,1.9793919808168143,0.18821252815260003,einwandig,9.93376469949873,0.4469184632338181,Formluft,36.5060649442078,204.11765103935207,2.024718567557699,75.44583336106237,18.707696123670946
0.8500243624273889,80.80625150625718,1.6182286092793432,0.10279423000321129,einwandig,14.0,0.9636241377389605,Formluft,41.29137632648357,201.03071217848913,1.722189118106271,47.94264287782084,19.13723512990559
1.0867586970376373,126.05424845284782,1.8566296374853024,0.2353387726688267,doppelwandig,14.0,0.8441079730831014,Formluft,51.34432908231117,218.3687072336329,1.792752243087344,71.17541551072648,13.197079801735136
1.0920969201566053,93.5054332184972,1.8729861468913802,0.2173848206528175,einwandig,9.574214637579221,0.5422488372415181,Formluft,39.24707373517292,203.63213751238143,1.7857004998795418,36.12266871218162,20.1291096466862
0.4544000238355005,124.03945908602896,2.1193261093168916,0.19125813435213823,doppelwandig,13.006798640367203,0.5503443656557397,Formluft,46.372778224014674,196.9229697905143,2.287402048138274,78.03942060856636,17.98384200455354
0.5146933777685698,100.29514007664346,1.9132030062316647,0.2658340435052459,einwandig,14.0,0.6286737094664347,Formluft,43.36095540531831,205.40443551823813,1.7767532396418295,52.736485336913255,18.683902919850027
0.9969837573467701,125.63519550994121,2.085711038308621,0.24606058823475818,einwandig,13.897198762812033,0.7716596498268857,Formluft,48.16865284091907,210.9055831839773,2.1606798506456264,80.75147436653162,12.675787786556567
0.4883437898324725,250.97367489342753,3.0188277658003417,0.21698802285569507,doppelwandig,4.532899253843399,0.6927287732559562,Vakuum,47.79309578820078,207.8142001713962,3.2577514071497755,-97.50322468752967,19.26834007133877
0.43549177334166417,183.75546358846765,2.391387208667043,0.21618966725580457,doppelwandig,8.698809320700901,0.843283966748918,Formluft,41.21759969565162,200.5554912335371,2.5475073139985107,91.15156821729364,20.940749312671194
0.6027611738601906,119.26722713828265,1.831892421106358,0.21555065857456873,einwandig,9.457958310042086,0.337916754246099,Formluft,40.088203248576846,199.73182165546663,1.8393344815035808,63.6380358363659,22.402294744963783
0.7840453418949171,230.21007635188417,3.035166439829324,0.18129118622914098,einwandig,10.291693601496997,0.8733285197606189,Vakuum,56.449754374172926,213.58397729875088,3.2386132991417313,-103.95274476989984,17.173467013388105
0.6795206586777807,153.64832673622055,2.343907254648753,0.16598041116096174,einwandig,11.985445078565482,0.34063594622672594,Formluft,47.83076076302462,203.20552455639736,2.4911103764736766,89.42525781723384,19.58342495192106
0.5698872759188816,222.03684998093036,2.672299165767379,0.22740011487467993,einwandig,4.05329499459549,0.9166817475152387,Vakuum,41.88191971880717,211.66463344989916,2.9404155974291926,-124.89600906565582,17.626734511785482
0.5651575076550981,68.40379319421281,1.5532051107871725,0.20262362036755777,einwandig,12.688241927488997,0.3302781047432492,Formluft,36.868133571585254,199.0590939668188,1.5038775910884816,53.989953449424455,18.445442069971065
0.5575325871174582,81.16195741046924,1.604278395336002,0.17249514057513576,einwandig,14.0,0.3894827019651618,Formluft,43.83097212805789,199.4259545118896,1.6230733643661788,71.11541864231525,18.918389127861108
0.5240980742682114,139.93486601222784,1.95024732224196,0.0816653384777604,einwandig,11.797580332142548,0.42612906027193354,Formluft,50.85258011377649,202.42425713486475,1.970095588915456,84.31858540074008,18.868123156216104
1.1563265754552123,117.92184740841844,1.9700224857605428,0.22548219716329138,einwandig,12.34448765378926,0.45613554749775415,Formluft,48.58964349070869,205.4174938011592,1.6059478325842478,82.7593639061275,15.344064940298416
0.759502214237111,125.77404946172763,1.943868496057942,0.21149964264449134,einwandig,11.125661390019388,0.5812334508131775,Formluft,41.392248970952785,206.44337403908128,1.9983083988320847,69.49266206479967,16.221452498866924
0.8773518108809477,165.88850218167545,2.1842275175090506,0.1355621064933759,einwandig,8.734905563308756,0.7588374048140947,Formluft,42.505808511716914,203.47414557110613,2.2015610776708274,97.97604626339384,19.724751217859204
0.6021845063762152,140.6039069261525,1.9029613722879557,0.13908079155376918,einwandig,11.45079067906522,0.9248223673354445,Formluft,49.58050964889743,204.04862006061538,2.064161261686806,87.35777051021824,20.154971011789137
0.6628086645627902,192.65557850195634,2.3066741029848004,0.11168059603381307,doppelwandig,10.28779743992134,0.6671519670955326,Formluft,51.42169836586676,217.68605608074637,2.433959367044618,74.05376889920966,20.305033671228532
0.5572892037259289,190.00278625012902,2.4643083708468363,0.2904788140912547,einwandig,11.480439384412685,0.6727428185930456,Formluft,53.18970382085975,199.46153070289208,2.3407851160233597,101.09989245884205,17.245514939885965
0.3,82.63321810849062,1.6483014993041876,0.26505034071718064,doppelwandig,14.0,0.5235135685647789,Formluft,37.69124838629142,195.13329010781064,1.673777517583195,78.34329823256917,19.577648522392593
0.4243981446304267,53.91408722095167,1.300017576243266,0.1902622573530542,doppelwandig,13.823870657802692,0.8604762970140942,Formluft,42.097108262895965,191.95962284525493,1.4109728910661097,47.447436923565405,18.105578295022767
0.337876264003921,80.59098750025579,1.7423388141506304,0.15041328663962855,doppelwandig,14.0,0.37734035968273816,Formluft,42.02950897097178,195.07280036228764,1.8291116187504766,62.623484717122864,19.428622492315256
0.3,78.6346174876264,1.6192449586335669,0.23420631592410585,einwandig,12.284285226537799,0.510772226460731,Formluft,40.24831716032665,195.6013891354733,1.4267409925115597,43.198568422795496,19.360208240483946
0.46092820514037935,130.19389499928775,2.128083956584099,0.18193204403149932,doppelwandig,8.857103485258339,0.3678869896174002,Formluft,37.449729370406445,193.68444281717214,2.166547546839927,76.99449765727636,23.298614462008693
0.9649911358763261,129.41473131806535,2.007881232016367,0.2939627584787785,doppelwandig,12.718739055884779,0.4499265731783497,Formluft,51.37228882722088,210.73648400213727,1.945708721866985,72.28264406654559,11.832912564028145
0.6911127664591291,114.71696903369156,1.7996681069884666,0.06378065348053864,einwandig,12.38483488293622,0.7106185380890486,Formluft,41.1339107208473,208.1490111372171,1.8240646192559204,77.30364347410169,16.28917709352894
0.9581127524642348,156.52594379746927,2.2693251860505463,0.058571433513368784,einwandig,12.080714436422994,0.3881722715866386,Formluft,54.38595913864711,212.11365875599623,2.288742264396686,101.38446087793736,16.420008050343498
0.782196515380175,315.0,3.330598823197252,0.19215275449334335,einwandig,4.596097303434144,0.3704324566844651,Vakuum,54.158968080483994,216.9950423076745,3.470688456574309,-210.88993980752468,19.153574875600654
0.8565117651430318,113.58781491832295,1.9896182974420809,0.10081980567222669,einwandig,14.0,0.8781375680077177,Formluft,46.32845103902496,212.2796002954169,1.996620182308242,50.758232343613514,15.902103526505288
0.5198206009390849,142.72763708417835,2.0012487156964567,0.2010760408875481,einwandig,12.852813900222824,0.3828093896658961,Formluft,45.613197384327144,204.88144500680903,2.343513608283371,59.198428435907886,17.951303936252003
0.8047901908385341,125.76097120024859,2.143822648582006,0.24535575713679436,einwandig,11.279981937995533,0.7256373449385072,Formluft,41.827093637459896,194.77597016955943,2.0921628550915545,77.2900372567581,23.681365631284816
0.8457428468148691,96.49050208466663,1.7211556547410458,0.08452744029621821,doppelwandig,10.716831155954043,0.5464078280259191,Formluft,38.25922804894541,203.40619295412498,1.5732339569146123,70.50605935818055,21.965800225323726
0.5846705415532614,166.64795289447918,2.492563650602321,0.16015205604738197,einwandig,12.988107998502517,0.9274569852433723,Formluft,51.78068303691455,195.83124156313883,2.8682763909741302,54.432118972514715,19.338022142891905
0.8119080741232332,111.08682954137534,1.7203011580427554,0.22216677086233882,einwandig,10.019289697337904,0.7952850257657529,Formluft,40.983551137509586,200.6752218887415,2.038611406425565,69.5940001485473,18.92638989949006
0.8132375517149666,88.11619651352783,1.6032641169988995,0.2584658926682428,doppelwandig,14.0,0.34160116205914226,Formluft,43.148158114376194,197.50478038154435,1.5093742553419056,77.12011772340836,19.31531009075413
0.5900894757739834,90.80259664107857,1.783561015155914,0.17408602250908933,einwandig,11.503525204174373,0.92682767735652,Formluft,41.21865195787615,201.4209475287077,1.8396713341413053,19.936993668513466,20.919963824068024
0.4754463135458009,196.1713155229625,2.7449450881977135,0.1015383967265054,einwandig,13.536727541137159,0.5897292261752249,Formluft,59.45497143227026,204.1804196330087,3.0398679958381725,86.17111907764426,17.527755189561862
0.4631743336203455,164.62081870577504,2.5669578858934385,0.19644981389640825,einwandig,10.515531962210192,0.5087592142888688,Formluft,49.858622082304315,204.9432782131915,2.9111908540759557,119.10677233701612,16.361327016913055
0.7173011083842923,101.07234034787197,1.8147836473351069,0.16362926718124987,doppelwandig,14.0,0.7709474150940059,Formluft,47.20877662950354,207.1037956338914,1.6807963677576097,61.374571661383705,18.584537724372556
0.7654019737578629,155.2805151858526,2.517905966104834,0.24298135675112148,einwandig,9.648250106700653,0.8025817448629096,Formluft,45.501445418798724,201.93161451365006,2.6389012373283682,106.23814645519893,20.812024682461782
0.541494833908417,126.44897376873377,1.9681421076760555,0.18889401605073702,einwandig,11.876448412875057,0.5122755438096025,Formluft,41.370670868842524,201.9284054575062,1.9051679611102559,78.76751994263671,22.69901758692855
0.7053170682652197,143.90714892085845,2.3160723347213135,0.1198557112426077,einwandig,13.011819937319672,0.5461595821979318,Formluft,49.31693289524883,195.3514601251534,2.469851483644084,94.61100686968786,18.261312788951965
0.814107407227697,95.43146168552332,1.6221245439402907,0.23859822993029706,einwandig,13.938367731253562,0.40943135665468333,Formluft,41.28663180035767,197.21463807612787,1.8567901619729053,64.19219511246982,19.500112228156258
0.8236381429330601,79.55526926123137,1.6994722301193392,0.1794367532404899,doppelwandig,14.0,0.715410495366422,Formluft,45.797593485475645,209.2188983943696,1.7124178406540442,46.66092988889015,16.897322676403945
1.0103760240244977,110.80930212574172,1.5352204608774669,0.09438663806958188,doppelwandig,11.254823217253326,0.9698363373321353,Formluft,42.421543086766974,202.8408030306795,1.4199996192565556,40.098603501916045,18.42046744121315
0.9553961664396087,84.79691175344482,1.51013664227959,0.19076808078549862,einwandig,13.049693951863501,0.5916371236403752,Formluft,45.05417065490133,203.57250624020875,1.604481573912675,66.12589577505987,15.747376718457579
0.4997417134486911,82.36941775405344,1.728956861744542,0.28708001496146823,einwandig,14.0,0.9973443271161042,Formluft,46.61020305199521,197.32368245496397,1.6394433565286384,38.470279907248106,19.537822302365743
1.0367172419076045,69.70379626957174,1.3607645423264954,0.22637906523443402,einwandig,11.846894089822804,0.42349022314708745,Formluft,39.012328742051416,197.42418660027332,1.3478331674519906,47.084649447643244,19.025221058671622
0.593804699088857,53.99541794233775,1.4960057851570796,0.12470084036449473,einwandig,14.0,0.8572696213292492,Formluft,37.650451580165715,193.99919891196663,1.3489425677039972,23.551104801167046,19.811294748159405
0.9089745624908855,101.8464803468311,1.9507405608965034,0.2277182938232145,einwandig,12.015517511773723,0.9496757775299798,Formluft,35.121875756366634,202.65434434094942,1.7335022387536894,57.140552366960684,18.669724183671693
0.7135973252102177,214.98409335145607,2.6446747179039067,0.12065157775054473,einwandig,10.037145879378809,0.7816380468642755,Vakuum,53.49342901559816,207.8949556162129,2.785296889611434,-117.25285172217983,15.930902963093056
0.6175701243086065,188.1416901980042,2.359790578232904,0.18567220938531548,doppelwandig,10.465558177878792,0.376528402517606,Formluft,48.910759660560956,210.3498576490064,2.1667296530883355,98.45106557909695,16.474537977383815
0.33846062804501337,270.9541460336527,3.0965051758910107,0.18164894094688822,einwandig,6.6495800475887545,0.5285789476869186,Vakuum,54.884779571571634,204.65439177145015,3.3876531549238162,-146.5873996695459,19.861675196803986
0.6656870979567303,81.01634128802021,1.5032588824265338,0.11184771972795092,einwandig,12.4532050835546,0.3599660692241041,Formluft,42.23256116164567,201.1818641861027,1.738619353738333,82.6096677330672,18.875591250638735
0.3881233529388781,171.9994729282053,2.3608137497232544,0.13697029996995452,einwandig,10.989877680948279,0.7212236846410605,Formluft,50.21690216361714,201.00680681124294,2.224414790908109,67.70897139714423,20.548313146234815
0.8934598471685544,119.01276330168965,1.9674157001467294,0.2855453636965114,doppelwandig,11.8192329200335,0.9987041664112517,Formluft,44.29746722422352,209.52474909341808,1.7086503401958544,83.32390072531435,17.666083196058008
1.0033585314278497,90.86541677588106,1.6810218157425272,0.1126496341038584,doppelwandig,14.0,0.5623282292646813,Formluft,39.127735706113135,198.93085164567736,1.8447166298850723,46.47854213483525,20.434229432047076
0.5406178021406619,202.42310709062392,2.870538742753015,0.25025676090774646,einwandig,11.959333436367125,0.4140615297683829,Vakuum,57.60897451000392,210.10699850224134,2.9805636311311994,-108.35848516887202,17.088043883954736
0.7603941485038542,119.56392377188833,1.8486008172220605,0.21684264500303502,einwandig,12.590862902689786,0.48804813626691756,Formluft,41.24026583543742,204.912145316659,1.8275241261112452,79.02796812872933,22.121138594797877
0.5549216955984049,61.03363392204242,1.6969840482646361,0.18315728313144114,doppelwandig,11.947866786509934,0.6995613784471322,Formluft,34.888409287024785,193.77800478222957,1.6727346546810673,60.59194942414558,21.69029048636811
0.574303053972642,187.1265666143388,2.3408266474678934,0.08437871736629086,einwandig,8.673789650845622,0.6982732507839886,Formluft,45.07658757772606,203.95787258034062,2.365547329670045,73.81502858837317,16.990090871470947
0.8548989407730743,150.132918022421,2.2119799796706006,0.10114268817659446,einwandig,14.0,0.46087458305541423,Formluft,51.27101704329313,209.9540507292148,2.4190679047811705,87.9838837798159,14.908563853449971
0.6922923476313174,133.6913686523157,2.246996760500736,0.09474440589760098,einwandig,9.63794491154772,0.8254933183764774,Formluft,40.43391399270651,199.9147131661015,2.3286916928951533,63.7515112358377,27.47884441564451
1.0479296083862022,75.10555186388558,1.7705479877490822,0.1966985647434381,doppelwandig,13.350080439703909,0.3616086040453523,Formluft,39.375487716321715,201.9214408777049,1.6038339887583204,74.1575936784145,15.146393102832853
0.6035535042594158,141.14464710029904,2.066118492147357,0.2933457991796195,einwandig,12.193281251189882,0.7361281979348155,Formluft,49.29296421392532,199.59240010090886,2.3518304928735665,68.44629754850065,20.30750500674544
0.8998672664948978,251.32478675463244,3.0938587520477614,0.2693098156937487,einwandig,8.094233028167576,0.5979892642652673,Vakuum,48.733808130561044,219.48650362074193,3.1228752414501133,-162.68492931182638,21.30179526202132
0.7194826825915563,148.13034430891264,2.248219617020935,0.056312970732394316,einwandig,9.292333863122465,0.3890225138902727,Formluft,41.25866044192561,201.8462252471865,2.3636945726430176,91.49182686348806,17.445544474759643
0.8591556019488467,66.43768039812367,1.4505105663960784,0.11843165611558663,einwandig,11.769264712033934,0.7440693264669578,Formluft,30.86730024587596,194.77514688042396,1.2580562481396005,49.26033490350775,24.165614816150324
0.6105684685340106,153.59603618172906,2.3211607800260436,0.08931436473425554,einwandig,10.067089090848716,0.7711345927364507,Formluft,41.4595095590847,195.56831624259056,2.327561872214452,100.76779363254116,24.81488794071348
0.6900882324896834,148.87805369702798,2.47039825538408,0.2939194604744754,doppelwandig,9.859062919378744,0.608014206941834,Formluft,38.92235996733871,199.47294692258941,2.967112439438815,93.43708159439252,19.87048510284287
0.676900224140213,179.01139396892128,2.502846251510765,0.10890255864945377,doppelwandig,13.180155937138828,0.8585949736257903,Formluft,55.407697835574965,209.4956921041425,2.6981121404050468,75.63350409740943,12.180278633514169
0.5327885770308425,146.88064265750742,2.25999859812066,0.10032829625969848,einwandig,11.309731946617058,0.6565216090873398,Formluft,46.543573867341735,201.99757357652726,2.517326155118541,91.65735661788044,20.478732651454056
0.8324163069163505,82.47788949993905,1.7606463627296187,0.2052188233955648,einwandig,11.8904505602063,0.5000281164689796,Formluft,36.873566645507566,203.07189978287204,1.6526611282780619,62.520116182730455,18.386983904489398
0.8300498011156728,130.31008109645455,1.8233341576683657,0.18904664589369663,doppelwandig,11.956164060323047,0.96752089455671,Formluft,35.561980574436575,205.62716008507667,1.7185626310142341,74.96903627469608,17.50036779813641
0.8187109389811134,111.67171291764166,1.9624074043220767,0.10646287094530872,doppelwandig,13.544118987648789,0.9608308264249095,Formluft,41.20254066520874,203.1267608205254,1.6222877544348626,50.9609682333393,19.22015013014037
1.0073931307835289,137.6851131539613,1.9489669690059115,0.21759121613431054,einwandig,10.868632759035807,0.36693497630284144,Formluft,40.788716095989166,206.18608120593512,1.9318053042307195,79.4610029503042,18.343590987725392
0.9898689602472607,206.2221231872051,2.561293944392971,0.07425180282367229,einwandig,11.648409510671701,0.9622568977838684,Vakuum,52.632163299227614,218.47768511847963,2.5404255077018942,-78.67109588589932,11.367338046671888
0.6250110620301729,93.38423600791258,2.071365155241576,0.054842266507723045,einwandig,10.123100551089067,0.8428376665168216,Formluft,39.70118096732144,203.32163592541679,2.1186879163054764,65.37011609223514,19.152133805112847
0.7746104636868356,292.97459143343497,3.3058074900186583,0.07060369767658671,einwandig,10.018242478396953,0.3746509137900642,Vakuum,56.87370891560895,215.1962336007459,3.537174733274842,-187.47180366690182,17.2886558255961
0.5752798621483575,153.11333932141366,2.1138805989271754,0.14121705649394317,einwandig,11.154261837420217,0.6635276902965501,Formluft,42.39897368864127,201.11145135259488,2.3139810256144817,88.94565863817955,20.528517808871324
0.7046710632229111,187.66463793669567,2.674204490328774,0.29375408196870434,einwandig,10.21235934807915,0.32446591705431926,Formluft,43.87417485911509,208.27763411124752,3.246670210591883,92.43206007156753,20.934096821889298
0.580050110176227,175.15328559782856,2.259074734356272,0.186811749702341,einwandig,9.23513921112458,0.7121999493926137,Formluft,45.65000414580851,205.62529076621985,2.850825487147984,91.31261482518482,15.004489923358289
1.0240140618272102,150.14140384589635,2.1340183591387194,0.2386815257538668,doppelwandig,8.790764642825764,0.9532313493077309,Formluft,35.33283810087047,206.91301544088273,2.2393085866266875,53.86838691232265,21.39512823161777
0.7727396300685925,163.73688168238726,2.497252878657023,0.13037393805788983,doppelwandig,7.573234086309536,0.5577468162398206,Formluft,35.984707660994815,206.1351719268234,2.631862884779648,98.96216146536793,19.13424141568797
0.6563941743791155,50.0,1.4064151347961937,0.22983476637083228,doppelwandig,12.224446662100428,0.6560376218358106,Formluft,37.41816804745081,199.99377705427008,1.2234213172086483,54.20672536366015,19.59520115302123
0.9387237143712753,174.9890853730693,2.165673126215575,0.2915452995305894,einwandig,11.800619306877971,0.4592922281318732,Formluft,54.81185747663222,205.18646743147093,2.1299418304565862,84.85963991336675,20.008924789911553
0.3,84.99136700888185,1.7615293782194477,0.1394402225705133,einwandig,10.95265898016863,0.6786623679502248,Formluft,38.10486677345577,195.94829321027285,1.7030426959393175,62.60163798043492,19.159666529623152
0.3,122.84938232555903,1.9233251762974959,0.29976485868375624,einwandig,8.831869070412406,0.8618022681203548,Formluft,37.697247622558216,192.34890762709477,2.3285487659141264,66.01005871983489,21.94649368518518
0.8591677310439547,149.63487548361573,2.428056726848463,0.2096024877579165,einwandig,9.440997491234034,0.4506807917560609,Formluft,49.484073720453125,210.4387317485712,2.461386074217049,93.36347633972846,19.20352640403992
0.7120936896234735,210.9716423559214,2.596845096702251,0.23714785311618097,einwandig,8.956042306093334,0.687440733375162,Vakuum,47.87269088963903,201.3306863409491,3.1743318470888493,-123.83298998728867,19.180211224281173
0.750089260052152,85.00145013734155,1.8376954971576214,0.11304180971203749,einwandig,12.183961301241755,0.54825029398254,Formluft,38.57648617737955,201.14821265235463,1.7177459929336112,46.49414303201791,19.642121728021227
0.4347207793362902,102.9479636059529,2.0899384137024803,0.2107726922943104,doppelwandig,12.168515093365649,0.8235104546516305,Formluft,40.647830177387114,198.9105241321234,2.157965365132299,51.662142058016386,17.110930064508718
0.6953532578299267,109.107488387998,1.7452184235322483,0.17775156286559685,doppelwandig,14.0,0.791427063370042,Formluft,50.79486206443285,200.4585106492023,1.5960851129280906,62.786392988422406,20.83986140145328
1.1007018820802683,138.4798760715547,2.078857055458709,0.289100661369359,einwandig,14.0,0.7891527592798595,Formluft,51.434478827178054,210.7106291099959,2.196002039222414,93.320316543525,17.269774817734397
0.8648399239591725,112.12548102537347,1.9552976393246555,0.2761687619473789,doppelwandig,14.0,0.5644621936070764,Formluft,48.2401792920007,209.4805756183724,1.9373835624581133,72.2004076995863,14.238023917851782
0.7339413090285624,164.09940386643518,2.1841933680483554,0.1491681497312693,einwandig,7.647700269941984,0.7194955120793346,Formluft,42.43747519425682,202.52138164237067,2.3093235335925786,95.79196879645485,23.234144772577483
0.6121892179790124,61.69847369976345,1.5341320316042821,0.28671743788455833,einwandig,11.745770316833244,0.7557596285805306,Formluft,35.176216493336895,199.01587354048374,1.4385671008715533,37.18387765753376,20.589516180613913
0.6210854296261212,118.41666856215097,1.913595305371309,0.2712031381875024,einwandig,13.436553600065734,0.7765697806588103,Formluft,45.42626067248335,204.87070271749624,2.077780299316884,60.16301601022253,15.252487918833733
0.3,264.3979682118094,3.078423609955471,0.1975959625922848,einwandig,7.481988363654713,0.7026794478263005,Vakuum,50.30159902004942,200.8145036506346,3.625006274388871,-155.6835410610043,22.85225165765307
0.7515280841842321,112.25859335590236,1.9054095057534357,0.07052947719738507,einwandig,13.915108105800906,0.9067633227762575,Formluft,45.32983330305758,204.34633481720257,2.0274160239356744,59.242331440791126,18.81003094346255
0.8690966216963707,153.39343448006903,2.2378371831773367,0.09019756016488444,einwandig,11.579390998227929,0.4741590054890018,Formluft,48.09789552428094,206.8847607881991,2.2226834949029772,94.83297303850475,14.28717246517231
0.3848761345658769,194.52868954142255,2.5808116316927863,0.06921856116845006,einwandig,13.295191181538033,0.33906475255296353,Formluft,54.688387248065474,205.1411827671557,2.890946416739376,100.58091604452608,12.003736280807246
0.5677166215386368,150.98836163963227,2.1180829412985402,0.07699827866226526,doppelwandig,13.310723186874565,0.9737524177116599,Formluft,52.505641651853736,198.94122861924788,2.2029633449022654,69.86892732646848,18.0014441236434
0.46850707355331556,307.0778760093165,3.373347249422069,0.2942380935982694,einwandig,9.445086352885049,0.342513608636708,Vakuum,62.63806460180451,206.53255221060525,4.100218295048283,-191.48984067756984,17.302900140514765
0.5069297610382473,131.74306313999676,2.0361563667962495,0.10304182480403808,einwandig,10.882680204112688,0.9320689590543683,Formluft,43.96745744834302,206.33599198420765,2.1800716470219377,61.72819506962145,19.65333374512441
0.71069632536438,168.14130989149015,2.338416832946552,0.22271364558516576,einwandig,10.6015455607762,0.7285994558679564,Formluft,44.65616537150355,208.28818788219093,2.533909714029141,76.34338862001688,16.442406379468462
0.3,141.20719364182418,2.063830148142601,0.20913206442069243,einwandig,10.859313243819683,0.9431182697202196,Formluft,40.812139468520584,199.206819333702,2.1925854198116403,66.81855854821279,18.724554109056168
0.8228540876714128,236.64255415457896,2.9417313795495343,0.20778621621325094,einwandig,6.072151858835711,0.6954677513938472,Vakuum,43.94808512336975,212.17765892265095,3.0705761691131945,-122.14328441989376,23.188918029903707
0.8507710139867364,105.13541640246487,1.5688690689184395,0.10167599989900745,einwandig,14.0,0.8747061078449649,Formluft,49.07981499099101,200.96723952973747,1.5719293915814385,70.49678645371482,20.811579220232645
0.6497794823926175,315.0,3.410430061163657,0.1948366485961524,doppelwandig,8.615774617686425,0.8049031842641734,Vakuum,56.126956528431094,211.72749059125823,4.034193558710822,-184.25526071027372,14.692451106504416
0.3,94.34548154404288,1.7127746784219149,0.20638458739623788,einwandig,11.951308713237053,0.6675784935624695,Formluft,41.4034815078308,195.73203162867642,1.6651477890739057,45.70277685740257,23.348033987242633
0.500716274799522,277.8398784686867,3.0943017496949032,0.19260132916127776,einwandig,10.663188053202779,0.5543265129675334,Vakuum,61.10583964794969,208.07992153542884,3.699064006781578,-167.8932102067331,21.386894875180793
0.9465803868205392,81.20228791542438,1.8939980055447287,0.09654061681891966,einwandig,11.709207508620079,0.3020013144818396,Formluft,36.768086864085205,198.43250197705933,1.914717368413058,61.401463361992526,19.521787255803535
0.3,170.81722355923907,2.3693670654826553,0.23076514926867725,doppelwandig,7.053300474108472,0.47563369219856383,Formluft,41.08629483020645,204.6133312145944,2.285835599845394,89.14422373839308,19.752184911317308
0.6304953175612961,126.44907791145805,2.03810807502555,0.06831079047912776,einwandig,13.853512558000778,0.9662367659317603,Formluft,48.623913357546904,201.6498912551459,2.027540745071635,46.61328953011799,13.795694014267532
0.46399984430654817,192.49909866153183,2.4675081830974355,0.19780000295490546,einwandig,7.630402067229708,0.49282329350549386,Formluft,41.369179713268046,203.89239109987426,3.055287742636101,115.65647425688769,17.550496694501913
0.8609140603169673,155.2249644084345,2.2394328772115317,0.15906483310032832,doppelwandig,10.727824958541172,0.8262967098635401,Formluft,43.5687691808845,207.65836614421252,2.3171523498444895,59.204708096235834,17.773148014398682
0.5649772095713077,187.27863343350907,2.3159410478226623,0.11257164828326842,einwandig,10.730280245729794,0.6559483301719351,Formluft,49.38566691238028,209.722475078774,2.41384918877937,104.82354049351139,16.464551083466567
0.7807908041471223,80.1394547356328,1.6156430824708015,0.2518472472565347,einwandig,13.767444321086703,0.5159600692583595,Formluft,42.08825012602226,205.47676876274247,1.4377526270808532,55.42077820091229,16.288719260847493
0.8130920838338186,64.84066432571444,1.3781740503163522,0.09397314166804598,einwandig,14.0,0.9937654142736663,Formluft,36.715115339261374,199.59992310597212,1.2939267546949988,31.91618418914019,19.183702744052795
1.067245167946004,75.40225618369512,1.5616075117561365,0.28324543997448776,einwandig,14.0,0.3328820642673559,Formluft,42.25815695223423,200.81777956984442,1.6470594350741259,51.604920974448255,21.999642180467703
0.6594116112649259,74.73240891566473,1.2138717863799433,0.27114125708029674,doppelwandig,14.0,0.7074539745318167,Formluft,42.29137547551187,204.5421794732062,1.110179622669383,54.07135105577231,15.864380697806537
0.7752088739245222,79.77706587597888,1.4690160457413022,0.14014688679052073,einwandig,11.424069788987545,0.6230627512067979,Formluft,40.88396986313561,206.98799317597172,1.33118413421331,52.94947758012917,16.544758301633163
0.4029889041745128,97.0037317395263,1.9956188145933604,0.12628823271464834,einwandig,13.163393821047158,0.3535684867914431,Formluft,43.01891551372632,208.673652155551,1.7936666733048745,70.16631943490744,16.254237602670106
0.9380827126587488,96.64313408784867,1.8977047350689207,0.08437167085472554,einwandig,9.572821707703572,0.4498673440707485,Formluft,35.36736859311944,206.84728815163118,1.7786280991792747,43.749914202225,18.2238702667438
0.547898230385727,127.8383141561651,2.2205624136366056,0.27908195398348895,einwandig,14.0,0.7859693815745239,Formluft,50.5917628541504,201.25537589637827,2.210451833045388,45.31533647709777,21.712374994043184
0.5878491671824508,87.39613809287519,1.9073272951936402,0.20688296470581802,einwandig,10.009966900041672,0.37583004085540345,Formluft,39.5956349932579,197.67149442868237,1.9819363953854447,44.344009896850324,20.44318198856216
0.6955504410301578,90.19482671720266,1.8225067273622928,0.05794589553585079,doppelwandig,12.052249654557244,0.8607175773847986,Formluft,36.1113442357931,191.73772443519934,1.8701042639985126,64.67829348716855,23.340607169363317
0.38742313093203,115.2960929238288,1.8544384405837602,0.17774985364040263,einwandig,9.479849198850713,0.7375426957664794,Formluft,37.07179067887004,194.18395818282363,2.15737531066442,84.29397535228489,27.706903540159157
0.7457540057857875,205.93162170657823,2.4918653317127823,0.07144973695734673,doppelwandig,8.391376885604242,0.3706003164185248,Vakuum,41.214856230033995,200.7755837848663,2.57184753808533,-129.0265961951455,24.730491698346086
0.8934932545850021,104.35401091321927,2.006843778123209,0.19343767123821043,doppelwandig,12.41800655803362,0.5007702401342731,Formluft,39.72943450647988,206.3058441676392,2.0298455113465383,77.93359655059805,17.11338301311629
0.7585867646994583,123.95112326959263,2.0012941823148496,0.17724042958020314,einwandig,10.84370572122818,0.3960245036428051,Formluft,46.583519003139365,208.8431574911211,2.08001235138539,82.64225547404986,16.63929554943658
0.38222048716425494,133.40920148123365,2.441377034307155,0.0707115113756805,einwandig,13.953262479260403,0.8583209068904369,Formluft,45.63683844532878,209.54556630529498,2.510902562904707,84.26156965258339,13.832051163706254
0.675238141134068,83.26810946959978,1.6113801793551852,0.2539651482791932,doppelwandig,13.372099295185597,0.6730717375879669,Formluft,43.18937251949199,214.0525799536209,1.7538077512640549,71.77992052728442,15.328532745533813
0.8484057805958981,108.82494060463404,2.166533903054144,0.11557929429156942,einwandig,11.353557026426964,0.30198095570161054,Formluft,42.454579599988364,205.36722431488928,2.3959299471978173,60.70485018197647,14.810074412491623
0.3244022468068184,93.1205199968201,1.7214453913701975,0.18537109104167476,einwandig,12.404823140131404,0.6800325530597067,Formluft,39.479541341684495,194.3617097946923,1.7893694536065476,62.902764459973625,25.432997881096117
0.48504679723645716,196.0675781492426,2.768947914782746,0.20975971915763358,einwandig,12.537711460380805,0.6379625789854657,Formluft,52.460361935646525,204.21888896883908,2.964271762774941,107.95471256282427,16.77553290805037
0.875308720816304,187.99256821237566,2.7584443062838733,0.2905761333937916,einwandig,12.117927561259542,0.7501534820947535,Formluft,56.275416290012664,208.58496772721864,3.189812280247743,102.37165496581754,17.17973467322102
0.7540190868394573,89.30973380416302,1.5610353812061972,0.17345292321996147,einwandig,10.489714866865102,0.32439083884089726,Formluft,40.15577883169019,211.30499752786687,1.6061687280391221,77.35067393040708,17.82786063408577
0.7823943164253507,122.86421886047343,1.9101640391401573,0.27932894307198086,einwandig,10.567091100208955,0.3247980543531331,Formluft,48.202927944652586,194.66907093975334,1.7401408401174963,79.48930604575331,18.71127887643378
1.0718989615246624,168.20654084688533,2.1907054429203034,0.13871433533692473,einwandig,11.744416116196609,0.5445576735667497,Formluft,41.3865937421297,215.09965226805755,2.2383656582943114,98.37593777130242,17.856120575748843
0.7937105557012405,147.1003036967653,1.9923107563353888,0.2643593004124987,einwandig,12.029225579634947,0.781976667313041,Formluft,48.633271700448745,203.05101518834766,2.01394588725185,59.88856175739473,19.566139347727795
0.8315776020866359,154.74710099387045,2.338036835529706,0.10895655673785419,einwandig,9.030559392355713,0.7665906648120869,Formluft,35.39685627269256,201.9457104245402,2.3413191469260273,63.537789323979396,19.698913614204166
1.2421491054436653,83.4639577916167,1.6382174067955804,0.22686994060885446,doppelwandig,14.0,0.4947845054471782,Formluft,42.81682948177193,198.07950209621004,1.421946282978765,79.94558676827026,19.62097267949798
0.6572390883819018,272.4489382360154,3.187446454366644,0.07215299843874913,doppelwandig,6.407028263726822,0.45124728119402713,Vakuum,51.27612338215637,214.13887021317527,3.4805460485086552,-169.39888614053186,18.383431566098647
0.540423447276301,96.21372989667944,1.8531457094194275,0.29651258917091483,doppelwandig,14.0,0.7781879181667439,Formluft,41.01862596530255,203.0176600028522,2.0455618745563102,78.21222009545939,17.520413774312605
0.7855592796494265,95.07756219170975,1.482012472476441,0.288484099965592,einwandig,13.6819592577065,0.3189789152936618,Formluft,41.931921001026424,198.6511997978327,1.4131994815166267,68.45744227445918,17.329730177979304
0.7877982058777789,72.22972615268608,1.7708527098150468,0.16055340962934445,einwandig,10.930407944891405,0.6897483321861182,Formluft,35.15258807745033,204.72249708310534,1.745436427258334,41.30467609974204,18.92571187238068
0.5946569216107583,117.5721532372245,1.8882131013968084,0.1809838044975634,doppelwandig,11.002542766142565,0.5968690494308889,Formluft,42.93267694492928,205.4081207737235,2.09543675792515,68.98537549581461,19.379163464681422
0.4935205960890304,217.11262827057044,2.816761222100242,0.19944371557950552,einwandig,8.479263064178491,0.4673607725546471,Vakuum,45.58403206661475,202.36906418337605,3.0733820401007703,-85.6445255587663,18.660122174149233
1.1619688844180156,146.39086845980728,2.2642338735627408,0.11875938992241751,einwandig,11.659981731109479,0.6642086625327253,Formluft,44.04887934247754,201.59593627287424,2.1425380487958923,69.56946728578001,19.709996227570873
0.7653686940776045,121.77652224868838,2.179831662104083,0.21861785880129064,einwandig,11.54763314775781,0.4520173596359621,Formluft,44.66391101861534,203.57321459912993,2.387443508732908,74.24010390688002,14.39962699317512
0.5535429237195848,181.17511671869832,2.4336723255821315,0.224640486651129,einwandig,8.179644255268975,0.6950251238844696,Formluft,46.327671991681086,208.45907563420096,2.580165964754559,105.64827311122443,21.834831111806796
0.8831860604559196,214.34694548964669,2.396229945060734,0.18126912308131893,einwandig,6.85280807031368,0.4042816853584404,Vakuum,53.65152749136527,207.8385022922511,2.8361173001302773,-113.86064523664459,17.228437287326564
0.678170969687733,187.78266282855054,2.5108304446464387,0.08693517312130443,einwandig,11.403480098081959,0.5839850384639493,Formluft,51.26785850991823,211.80491734869327,2.8159119374558332,91.4703080410891,12.86066725022082
0.6494237107364337,59.576505851029154,1.5067180755324732,0.2797964859729,einwandig,14.0,0.6572984347133637,Formluft,41.952009231596854,196.8274938357835,1.5513410253981659,58.4859065224269,17.998677338344745
0.8124545743828986,181.95107609122846,2.30046947985881,0.07876127058640382,doppelwandig,10.662298212129352,0.3221907196306792,Formluft,48.05603777586162,207.58029076381504,2.471103974780764,94.90439627433217,18.58694431171629
0.44162354635366197,157.72217634362428,2.283901008913935,0.20729304217762784,einwandig,11.598409309330314,0.72750206832873,Formluft,51.71381691408155,200.874632093877,2.6404249535151063,87.74305373883492,18.643699487276955
0.7705254407834344,88.52194753028732,1.6540228150333547,0.07577214915243878,einwandig,11.549113016692747,0.8252207054482523,Formluft,36.31546572724567,201.57713475045597,1.665133665201212,26.38156565376434,20.937352553057377
1.0825909615463505,158.0411795568029,2.0629163440620464,0.08652517728323066,einwandig,11.416955226630215,0.9692514939677275,Formluft,47.01647932994653,213.39817822381016,1.8762863930467895,55.06656692817295,15.73826042334915
0.7932355324394621,217.33736473728618,2.839421652149682,0.05513457850720725,einwandig,14.0,0.4421884467250867,Vakuum,59.73559837265529,218.86209573331266,3.056486052601573,-116.1561164970471,13.170416877344469
0.6247575792433071,97.98910470769769,1.699354065026912,0.14084102096418988,einwandig,14.0,0.4460867570747051,Formluft,46.12595905059257,203.27907445289304,1.7960908257687542,84.15486004707404,17.22042387012168
0.5985789439143515,194.5177866670184,2.495185411125587,0.20989564110550946,doppelwandig,9.560238431404866,0.5133815769601862,Formluft,51.06062249345941,200.44131767601968,2.5618156014372704,98.28030633731743,24.213311685767163
0.617932005330978,147.93642362307048,2.114104561891501,0.18038605493321802,einwandig,10.25484591522076,0.9235348262198337,Formluft,43.30211070033187,205.63051073837246,2.6088103100635838,73.06380640659371,17.908391394126387
0.6492074643904437,50.0,1.585321789619622,0.21863478781212142,einwandig,8.029121205016867,0.5848000145850105,Formluft,30.831773291071563,195.43600892929027,1.5030035617015263,50.877279825301514,28.0
0.6244386934483456,125.9124836222316,2.001162444711844,0.2187547152177382,doppelwandig,13.989576215413607,0.5112556691531684,Formluft,43.748357825406856,201.33777303503393,2.171789108553984,71.34796426870132,22.40748006799965
0.8832622882149133,145.12658753789373,2.1728776733850235,0.08504343599855967,einwandig,12.945046019102282,0.8188265473155631,Formluft,49.173341854549136,208.38155666599823,2.3738404693684667,56.01411661783703,14.199164187267451
0.3533581793582033,110.74165962099605,1.8198378538100088,0.06433435085542889,einwandig,11.143802570922114,0.3265931243043497,Formluft,35.385957829602674,198.60849277207558,1.9762716367156392,83.85886949792334,22.19702794188928
0.8724000100824267,150.59718141626786,2.274207474668379,0.20633953510866748,einwandig,8.371655098839048,0.6841701579158144,Formluft,40.16328976493178,203.6443705141011,2.344308478455797,83.7945689008982,18.930758649891363
0.6240626949714877,119.76565037757939,2.160522910288236,0.21330607624381065,einwandig,9.695323854181064,0.6151329937533825,Formluft,47.02590244385353,205.72243548619107,2.3054988175890814,75.65261111947444,19.43197618814817
0.7753895571390744,315.0,3.617179122622976,0.18917593378542613,einwandig,8.013795724958845,0.737400747519859,Vakuum,60.723917082873285,217.14082727032365,4.002788017297407,-204.1448417480907,13.575076231170556
0.47460241795982716,107.3151796589787,1.961551481472058,0.11144061658101768,einwandig,12.138439041200503,0.8117697714432888,Formluft,40.996448739347564,201.72776464804633,2.0294894357590465,80.58423898645114,18.70199276130273
0.9657262133698872,89.54534027160841,1.8072972530555194,0.25269130424556346,einwandig,14.0,0.52749186988169,Formluft,45.190016472371134,209.50782727482516,1.5768424204694576,57.99927109097821,22.15511153331456
0.9491269920343746,189.5774342299196,2.309583077342682,0.06892150387406427,einwandig,10.433450420988377,0.7454920302162698,Formluft,49.0876641171024,201.309035770293,2.4134610537580174,109.88023494586237,18.143847293135543
0.8919181051500147,113.43328936032292,1.7760484901277127,0.20807794733033985,einwandig,14.0,0.6670300920726961,Formluft,43.13763327043339,203.67431593571587,1.6011072229099699,42.710180604749105,19.167587425648627
0.39704904484129205,122.72083798917102,1.9510185948734993,0.08010288396984304,doppelwandig,12.67112933105522,0.3937774672731936,Formluft,39.7007908472543,197.95989707096527,2.066029915827327,72.99086858539314,19.906342086149856
0.8658242142132105,117.96354415519573,1.834828746867582,0.2136119291083074,doppelwandig,13.708502156441469,0.9172083456067623,Formluft,46.49371910519889,205.08666777430503,1.7937502347420657,81.63186923088581,16.1676714953099
0.7809710175271417,184.33996321093045,2.315039151974044,0.15443144695587413,einwandig,6.212134097882863,0.8282131174815985,Formluft,40.4190662492917,201.88479860770724,2.539139921472048,87.10546534633892,24.562077901606234
0.3789457505734864,79.54697370002131,1.3555494284695844,0.22952576385941786,doppelwandig,10.542634516504547,0.94515789396032,Formluft,35.46098739515287,193.1011328500947,1.1210701850134874,19.74704027229131,20.909760489939792
0.6951405232458369,194.320609440007,2.3525854935499346,0.06304805061923367,doppelwandig,9.413281424224571,0.8042832140247995,Formluft,50.49407528383377,209.74372382082367,2.4491520326519742,81.386188235349,18.24246161890692
0.7729068978066524,164.0514917158701,2.2739331001255705,0.188770747120092,einwandig,13.05785027690373,0.4713645923297535,Formluft,55.06665018203455,210.84615962194403,2.2656661169000207,93.99782738815293,16.7521558903846
0.8112150547646302,293.46957711508037,3.3373426618978104,0.08621947472001991,einwandig,11.42432002425847,0.6013683575951925,Vakuum,65.71441364699373,216.89557475404501,3.693980685319192,-191.32326776109025,18.217618369256023
0.7354522733897711,139.77178312978,1.9992161986186536,0.22059540790261845,einwandig,11.177233856981745,0.5708078978114083,Formluft,43.644833245866934,200.3400366794876,2.044311058274603,76.19799432326036,18.939697852825777
0.7582462833694759,81.75789419918637,1.665901935495975,0.0799889078279206,einwandig,11.73289251724398,0.3250753528425093,Formluft,39.09281261249048,204.86048863645564,1.7610832777199912,78.63317183327226,23.36325419913806
0.9947222784506191,140.50434054858906,2.058959678252456,0.06839583073798146,einwandig,7.577454397769667,0.5873837070852206,Formluft,41.59889343981862,210.02639530649708,2.104941911840659,84.23110520414323,15.23012905123383
0.9452067819821359,148.90711261830668,2.354842939052531,0.22828069954590313,einwandig,13.004449712688661,0.5418986177984482,Formluft,51.711177700254524,214.0327140222763,2.427010543356357,78.62778353534767,14.138587876081818
0.3,227.06953855093178,2.792312443803729,0.06588298364207058,doppelwandig,8.222880385837753,0.3027466503406159,Vakuum,51.57746882336027,201.15533689300798,3.0485956811691794,-104.44272883589657,23.78949597022073
0.6365122890324636,81.67942058192216,1.7578849968656347,0.10613270448287902,einwandig,14.0,0.8929862813639045,Formluft,41.34778687795348,215.14349783245845,1.7240361740628865,62.78877549347133,13.430796247662565
0.6670697944912097,66.45710317627695,1.5621388897544195,0.25618379928141805,einwandig,11.85976458052405,0.4007120975054972,Formluft,40.43346505897544,201.12483535013163,1.2972063231603779,54.793207862270194,19.634596295256916
0.34958028545460573,141.90645890498413,1.9249410153532645,0.2524220769520566,doppelwandig,14.0,0.6506665171696848,Formluft,54.26472588387916,199.9496871187163,2.1588371808155586,69.7673534651919,16.36003190241572
0.7188366116464624,300.330577040073,3.389045889960008,0.263531439445194,doppelwandig,8.988470341173107,0.8492744761938316,Vakuum,62.67892169325086,224.4798504724152,3.9303553337552737,-163.4931560154168,11.726687297969892
0.9497515544821012,175.9616924678113,2.222349924843188,0.13152497239717842,doppelwandig,8.544428889661983,0.7231369583698664,Formluft,53.32503917023565,213.9710955222446,2.1400586371894166,93.52136423130767,16.56301050128217
0.4826864280818819,181.07418248400134,2.4323753341394725,0.18201200718755234,einwandig,10.937433015187139,0.41854585776785563,Formluft,51.66305293393536,205.85061138364495,2.66112548284762,90.99637989564208,20.195370492489012
0.7672801877379745,71.57259123729438,1.4608111073137515,0.243336838151538,einwandig,14.0,0.7327477879655782,Formluft,45.230793416696606,204.3428492220301,1.3941326511315917,57.99939302106303,16.049946574752934
0.5168353045407124,130.9556952691744,2.1049400171761166,0.08424637875277012,einwandig,11.275603233237472,0.8303178261141153,Formluft,45.93286471577896,207.26873674160709,2.353721237689736,73.58960752358693,17.810627318685977
0.5656175952640645,229.30466545259173,2.633084173000804,0.23109771980392957,einwandig,10.943348784789801,0.8983351613009258,Vakuum,54.82580448191517,209.52355083259712,2.7615255872115547,-90.06419400528827,16.50706146349149
0.9954787268340071,149.76251184248434,2.20030536853179,0.07437158734866366,einwandig,12.887851522635211,0.5230576318162719,Formluft,45.64144329160499,201.49373126630974,2.178960341074567,82.3694686719037,20.144112707920282
0.5914884359776349,65.03895112392608,1.606173946375888,0.2783126521567169,doppelwandig,14.0,0.32374498037521354,Formluft,38.69685844019294,198.69961067898615,1.6256964275872376,44.363646156685405,15.262695741258538
0.792442497802125,129.73443972845257,2.17401485322397,0.20932754562790645,einwandig,11.723692270693673,0.7255637445100349,Formluft,42.394037870212536,207.94437335563322,2.1655903416788083,77.9413616533129,17.367621119232243
0.3257563767878025,169.88491264801715,2.2444541375015037,0.17332632817243898,einwandig,8.402997005187318,0.45803795710073464,Formluft,39.88487696465113,199.07656797251104,2.4080537521780316,103.06461956054942,20.72466505783537
1.072463512278976,123.22240009534356,1.988441846593825,0.17118231366679104,einwandig,11.765869246665945,0.8466265517612139,Formluft,43.10531184871731,203.7723913015835,1.9257835950575821,94.86333453158723,16.634130447910483
0.8205304892612998,85.65357482889664,1.712850644567909,0.0953405119612276,einwandig,13.21078995670927,0.775917196556287,Formluft,42.06755053374292,203.04034910036034,1.7476091403736598,48.45326775970907,20.77367021191631
0.6635000314699476,192.50341343641233,2.7720962494227135,0.13647934311366344,einwandig,6.435312922014042,0.8412307982731493,Formluft,46.258073850290174,209.4076552024163,3.1359071767772013,78.77751442373429,16.076450356756148
0.8151093019999789,105.43240264422388,1.6212597120412704,0.23178091632928727,einwandig,12.70266056587709,0.9772718402249811,Formluft,39.90104427290687,208.20266594680353,1.6100677172917317,43.46004799823286,17.85815244053479
0.4180361142104379,156.71577890063796,2.117060849444446,0.18523590521359712,einwandig,10.888502997863764,0.7091831766039789,Formluft,49.08094297294917,198.27911179635808,2.2535582650286434,81.52074210468518,21.44746677224212
0.9365061483505314,128.1217993315293,2.445643768562647,0.18232655102506573,doppelwandig,9.203702875141857,0.9330194852870768,Formluft,40.74573363005326,200.81951623526118,2.5868257360493727,76.15023597037471,19.7903282998534
0.6352030449007139,103.67995629677162,1.7884750577807769,0.09881147363639485,einwandig,11.741988311197197,0.749325367731831,Formluft,42.70673877521636,201.49026973214916,1.8471349928845224,73.24515474958174,23.499471735515918
0.659186096990313,315.0,3.2363509285145087,0.22259057798842102,einwandig,6.501307306331402,0.42722104233907887,Vakuum,57.21377283300493,210.30290196728413,3.691012605255553,-182.2431574223872,20.584182418994256
0.6016688770069031,98.67404276268192,1.7020098205992307,0.14800847526533756,doppelwandig,14.0,0.8595157256562711,Formluft,51.31659328046118,201.43478239147635,1.8789785033718605,62.67322163778545,16.524013595402415
0.5838697194508831,133.1984785371981,1.6502568450779307,0.09568833460963354,einwandig,12.110274728924782,0.7855890369496006,Formluft,43.42358805579727,201.18704283336973,1.6080054301805464,57.5856599711895,20.461824040289493
0.8389341223256817,127.93268694530869,2.0595996024308922,0.2859461878990823,einwandig,13.873773328996482,0.9845578443724412,Formluft,46.6496661799623,209.18778864030523,2.0624174138653983,68.04020906286306,15.189797314447365
0.7511813700208445,140.21313471787852,2.2431727917847613,0.1766996867164013,einwandig,11.25904102307174,0.47040239225852076,Formluft,45.44504272032993,201.7235611677167,2.197289386259306,57.12487793909185,18.509587671389312
0.830349628280608,305.8219265313276,3.309826055825308,0.18200916187809135,einwandig,3.6066188030466413,0.5331878613987527,Vakuum,52.37731679471176,208.72103619409864,3.6028561565418062,-201.33640696836804,23.956646671360684
0.6982410621028856,169.99328736109214,2.289337710551011,0.29534297755370154,einwandig,12.094851513615941,0.8750437186216604,Formluft,50.84466747836778,204.0726795514666,2.206398209099004,77.52703256093275,19.588870130499064
0.8026399622154362,103.24225832864641,1.9644861899345083,0.14160153429262334,einwandig,11.102570082608757,0.34402271862350625,Formluft,40.22388123307816,196.92488868364495,1.9310283190499218,78.05559492149955,23.042288578999425
0.6162302512149923,255.63521868750883,2.78254942977316,0.2857551711406124,einwandig,7.937919272836458,0.7432398352304586,Vakuum,54.543742732065176,210.08362927386668,3.1748895968613122,-123.20040800018866,13.507753283521161
1.1459463682819098,184.75977642580932,2.2798425295765425,0.22373134028386998,einwandig,8.275063091123826,0.6748332369130126,Formluft,46.87113604867142,212.11454207960367,1.9485916516893211,83.92242935442873,19.084809246596834
0.38641391671390024,104.13206136240146,1.7988392136418656,0.20827390818619995,einwandig,12.542234193782683,0.4181753105872898,Formluft,42.95604367612557,202.86954085229965,1.8261612469229986,62.475304141158155,21.825826030276005
0.9521874647125969,235.2382494054254,2.7690557696233804,0.10860457548562015,doppelwandig,11.24940048810927,0.4155851964821702,Vakuum,61.987734401352014,211.25604528614716,2.971439893921666,-155.38052761202655,14.570601314637855
0.9735814901441942,71.29720786745938,1.526297628318637,0.06293891809694753,doppelwandig,14.0,0.8671383348777855,Formluft,43.08056080170214,205.36187717926208,1.424274826822056,53.99273829621619,17.515907327023516
0.5295682388068812,78.30949112870785,1.4369133811186843,0.1594459595712847,einwandig,14.0,0.3108116088063723,Formluft,41.770504614511935,200.71180466902217,1.1994634992508204,73.46598987516067,17.810557384869032
1.1458547221111948,63.70367659644959,1.541776435659823,0.052542740498931276,einwandig,14.0,0.8227890082169593,Formluft,44.57479863384728,200.9530987549022,1.5287682920917736,40.89783827974177,19.82891317294753
0.8990980565890636,56.04204873806515,1.4259514271275229,0.06775062769259586,einwandig,9.507200321031924,0.8128670589031408,Formluft,25.750186929290436,199.1698207178436,1.4330599391294045,43.703249539714236,19.74106239759464
0.8942278013645822,226.52918984844987,2.894612092922554,0.19883168892359326,einwandig,6.94952913193049,0.7547759834580581,Vakuum,44.31700970496964,210.242447666941,3.2837789108274484,-101.53415246896792,21.201550076866262
0.7056044374051753,141.06103097368725,2.158548172861542,0.23111795826825687,einwandig,7.8570910690047135,0.5866623641568862,Formluft,38.45827454429302,201.97101198265975,2.1678270825934383,67.36104895045841,20.434196765419244
0.6565547683562647,65.53082044034454,1.5552500743971598,0.09198708298106924,doppelwandig,14.0,0.3198244784669449,Formluft,37.52991442677127,194.09260214467713,1.5357618806093762,36.742957492754755,25.9487261623093
0.6581182345920783,126.37129410887812,1.7940242496915082,0.23312510316844348,einwandig,10.454554079679742,0.8612436678051121,Formluft,44.39268710595246,202.92252342825722,1.741786987896232,60.10680192826687,20.337160185197018
0.7781061192639034,197.5894164535566,2.654604064375184,0.28743145664868797,einwandig,9.081903924973226,0.3879950426645089,Formluft,50.36593464287039,200.89490175189272,2.653769614034835,119.80265002918075,25.768739765143042
0.9802372550067793,91.32415593689001,1.680963287224454,0.23579402018154916,einwandig,12.283701237722838,0.496551238911794,Formluft,45.96287830563693,207.75171212896757,1.4578089509788574,81.55283476170817,18.84477459906629
0.7362628435722839,110.75175073041665,1.8610242596958906,0.2461788048937582,doppelwandig,12.996347607921088,0.9627480487538422,Formluft,42.950778791951066,206.20285915816413,1.927475937661969,66.50312509359019,16.615471132737117
0.5177112753725419,315.0,3.6772396564586214,0.22517814506709294,einwandig,4.154357903987087,0.5113027185613198,Vakuum,54.98033892589826,209.83078374216322,4.2,-211.87794290346696,21.05666424056497
0.8648854124769959,115.38200128714031,1.8151406768195884,0.1061843601136878,einwandig,9.597723042553318,0.4785974052764451,Formluft,42.96095508011204,210.0475386518417,1.983296097278999,83.13886228513869,19.042654813370117
0.8842301492789584,67.26449865736964,1.7407936385278073,0.140222485538959,doppelwandig,13.320979946627972,0.981359388764883,Formluft,40.53711896655869,200.11870995033772,1.6739219301994148,46.08996613783509,13.761065859981368
0.8309319056895572,100.49141262906343,2.0206025959384712,0.28731674069245433,einwandig,14.0,0.3601525414669682,Formluft,48.216622402511504,202.71433759214844,1.906315824156421,41.93555859800138,19.938704089546903
0.8490997813049965,64.12519411731567,1.625919218543181,0.2153026447425297,einwandig,13.346075340564939,0.4124832715421432,Formluft,39.41779668924399,200.93612712205737,1.5464408183220113,84.31915107434645,18.965918666869154
0.6458143739684383,176.9843867761474,2.268781972594066,0.24725618348351808,einwandig,8.99207091783225,0.6068222604172495,Formluft,49.367995680843954,215.23303763616082,2.6013696589105066,89.2871884235756,18.39719398528366
0.5142021665738841,86.04687094427493,1.3604309807101598,0.29217365471116935,einwandig,8.552410865717855,0.8513711894890854,Formluft,31.43689735044802,195.19640250874338,1.6545696321251013,51.28456406869163,23.786033183545175
0.5263613138718439,84.9481413802182,1.841410368180737,0.10785923012816644,einwandig,14.0,0.9190512572602934,Formluft,38.73919947126143,207.2081929067374,2.0081242811855735,69.28464300432196,13.850792823915569
0.37290735030842836,315.0,3.536707759199662,0.13042166683163836,einwandig,5.65313670121904,0.8289450058779362,Vakuum,54.83899572728913,208.772604244533,4.2,-172.39175954128154,20.671951862678085
0.7473897223091899,75.09924053360379,1.489014303645611,0.21120041320862493,einwandig,10.827645155156462,0.9833225221219977,Formluft,36.238084207653884,196.99545369260488,1.6583641199351773,76.91929229808954,20.851407540256726
0.6833102433546813,70.28622123757204,1.738324121463917,0.05608936844600183,einwandig,9.812194016143138,0.311792299824871,Formluft,35.40896368647281,206.86535769170573,1.7201520892539055,51.83305023197627,16.136402232774802
0.6120024590940583,79.87239163992257,1.509745300987709,0.19280476933342644,doppelwandig,10.124988586718004,0.7336545884940077,Formluft,37.162732378365696,199.76729685545982,1.537437225275245,67.05065323151572,23.685409150617858
0.3,200.77855359314634,2.5426051400105294,0.2521720948786247,einwandig,8.058107719263635,0.38144234131945365,Vakuum,44.469777486404325,200.13862103274167,3.024263522643503,-104.07428601916872,25.551950570760532
0.45053650606116613,165.43201134517136,2.40218964540892,0.2026108434560313,doppelwandig,10.386502243982415,0.937253918423409,Formluft,43.551949823008236,205.16779087133335,2.683745566678542,80.6745793651247,18.157236116781807
0.9241681302806333,99.92089673849887,1.6323267491657591,0.12384832097402772,doppelwandig,10.084494172016214,0.9547150451515747,Formluft,43.02190267717736,210.15779585082782,1.7182353225920641,45.53554768723765,19.03342368236965
0.5670747999873738,95.98901394891695,1.7514899751502755,0.2310260208340154,einwandig,12.97169072637235,0.5121197523926583,Formluft,42.454579255431206,198.26350658081708,1.6857611646911945,58.2362839304314,19.3057971966603
0.7721183355313682,159.16232664071572,2.43666919071273,0.0865079061699864,einwandig,10.528046354145902,0.8793959746280988,Formluft,44.62278615497079,209.31213584391185,2.71740949156386,94.20618472863164,17.097744694849304
0.4218629140049487,143.67916531973296,2.181099934101033,0.2736933673196292,einwandig,14.0,0.7411929027711086,Formluft,51.398241683301144,202.136650494927,2.253758389431957,82.97320694862576,16.96239057681302
0.9877410964718463,118.87066779414293,2.1380792928766956,0.07522875776011385,einwandig,8.619347072361101,0.37034214913954067,Formluft,34.86992144918264,200.16297164472343,2.2689359638523725,82.42578206358186,18.35056031502297
0.6711944679890647,168.29795577022935,2.5164239998627345,0.2658727834406087,einwandig,11.11550996636903,0.7219377115299108,Formluft,46.05902093593096,202.38531588488934,2.6672594933014193,66.26700802474096,20.11877343703245
0.758008079296707,77.82619199034812,1.623770286086028,0.17445235693405814,einwandig,13.40235517832321,0.9832399275503678,Formluft,43.83901040513728,198.0306202477144,1.5174133598590418,28.407211359606066,17.857618965884015
1.165155958376337,86.64242063867465,1.342628158655789,0.15716175087195045,einwandig,10.772824676186836,0.5156658343040061,Formluft,34.744700368365095,205.50432061513635,0.9958394766574379,51.360741307632665,20.02186441433096
1.0032880201178807,172.73943413607904,2.2160496288063367,0.17516544014385782,einwandig,10.872018941492945,0.3007985433022017,Formluft,44.31069899429951,209.17938911916525,2.2779184437346665,93.18662595173167,16.741535958546446
0.6386868757425884,149.4074113150023,2.3097594073776917,0.1000515757732303,einwandig,12.804003449938373,0.9837541740422253,Formluft,47.90921696399145,209.34903047517633,2.299602795046238,71.46569922791883,14.121153099607241
0.5813559630259281,130.59437785639253,1.812217309808347,0.16442139488970342,doppelwandig,11.928123518705851,0.5897883922153522,Formluft,45.91906639960686,206.3715143661384,1.770815168459721,79.75942113336973,16.373024911116957
0.6348909976960936,315.0,3.4709961117119574,0.2624299539746646,einwandig,9.893925769639676,0.601652937490368,Vakuum,67.73317488847809,214.32319040258426,4.00883269176878,-186.90201991024117,17.68713675957702
0.8019796496953071,187.1019287961144,2.5475875224222704,0.25023881055469976,einwandig,5.967076543906463,0.7988284819656168,Formluft,42.21449968129118,205.45568013110838,2.460082331228282,108.15779857771842,20.31462438628285
0.6789551731498258,101.24297753132052,2.030379424614791,0.09076213362283232,einwandig,10.784458736111546,0.7230697710010969,Formluft,41.10952883356964,199.09845569409427,2.20542364772232,64.69084491626867,18.21724857118468
0.6209511709993056,89.77676323106553,1.6319611513803622,0.21835524453226546,einwandig,14.0,0.5113906286183922,Formluft,40.90520485031749,201.01192150942822,2.0332837458968833,53.48613694874172,21.6992791282375
0.9934362501418084,152.90958428572407,2.1267535179233232,0.26420931624135635,einwandig,13.001313059384598,0.36998451505917707,Formluft,50.311991223762966,208.9859466844079,2.1057386570204675,98.02295172259551,13.67517337320692
0.6771580216444326,226.15909801212888,2.801405919122706,0.25494189715470233,einwandig,10.427045972229353,0.8791537639630369,Vakuum,50.54996398347122,208.66906589743556,3.272610517727376,-118.18849072477643,20.89614415143762
1.159917818607464,61.233064159408045,1.5425014587467798,0.15640811082429534,einwandig,14.0,0.6383640234424817,Formluft,43.29421681188126,212.69991374603276,1.241757683326461,56.07315579191243,17.712944792036613
0.7181485127504346,147.50233465773147,2.1568816531524373,0.06202321008652896,einwandig,7.4793258761531725,0.7707320055527047,Formluft,39.503756571838956,209.20671622281313,2.303882994347865,91.82986185965652,21.314048595701998
1.0570636788449455,109.91284405418456,2.036693004766348,0.2827923557434373,einwandig,13.843400224091027,0.9023532900834017,Formluft,45.95225944569028,205.46199219331285,2.084718919265034,56.259795180744995,18.801736821045882
0.7714638845421253,141.03913539144503,2.0084415081772895,0.1489712789620155,doppelwandig,13.60276194005272,0.31240566549965565,Formluft,50.926648176416265,210.12026218284103,2.4944087603515728,104.02746732831324,14.379316545206727
0.8925921146498895,68.57628013933704,1.5666343811215528,0.14024415931408596,doppelwandig,11.9681926641651,0.9015696938598838,Formluft,36.29999134182108,204.39175720241388,1.4525904003351864,29.36584107278784,17.111402667636614
0.555077789696455,226.07367036158828,2.8753712694297593,0.23987873611970323,einwandig,14.0,0.8262566818297374,Vakuum,58.873793164763526,207.30293331969773,3.2539952709687747,-89.96121496472531,20.8152287897188
0.5292481554825176,258.5975057178261,3.00874512425673,0.11599305387300564,einwandig,8.927760285178461,0.9627752249905246,Vakuum,52.248898558708696,213.88318442977447,3.353947754767228,-144.62571734947502,19.80118749824054
0.7919411910029974,178.43062436186577,2.553401485378921,0.258686980791823,einwandig,6.153696305936274,0.46351356368814856,Formluft,45.831597894854625,201.00278682202014,2.6464349663153213,98.55823431414633,23.189170531291577
0.897710648493063,286.7507036795663,3.3163494106228826,0.06901289020482891,einwandig,8.59377640387835,0.5256956360385422,Vakuum,57.19531363041357,219.3366431409554,3.6244612318910323,-183.09538145843558,15.03598058213265
0.7080513004000926,107.44097769971629,1.9778546785705713,0.2351778001790527,einwandig,10.874255497528294,0.7630351198287637,Formluft,39.51856454671703,201.29538574424183,1.986079726805799,59.319381867301544,17.711214938892333
0.4427213329832605,145.79722792072346,2.1954934395731125,0.2914473726103829,einwandig,13.68505984984095,0.9480550920628632,Formluft,52.209996851286085,199.31875944608146,2.240658635916188,64.63237945072784,16.195907159187733
0.4279483267421345,179.77807755414267,2.4946853061562253,0.29894219921854337,doppelwandig,11.601436127929029,0.9948685530145733,Formluft,50.49096587629101,203.25371665916762,2.781678759298424,72.85620545054914,17.284855993931465
0.4145727195627517,153.9079693205798,2.136404991037235,0.28095109001604157,einwandig,9.956456622433123,0.5917163554099767,Formluft,37.42554512757741,206.60040058598452,2.1503570233239935,87.51837425075101,18.211408264893272
0.34647557741212376,113.76929329300255,1.815538590565337,0.26769060135157735,einwandig,14.0,0.6774607730045207,Formluft,52.92059828357553,211.68898736144826,1.8460126988228884,75.49427485691385,15.878199874482696
0.7218970718894174,119.47215100550847,2.139436680033384,0.11972005611443255,einwandig,13.892098836820908,0.41938570532961206,Formluft,45.903451459034144,201.11189961852918,2.436337249621646,98.17786886898307,20.858000005463623
0.925008784341605,246.17299092595977,3.064710494085728,0.29166209065744103,einwandig,7.1898352514868025,0.7857827570670188,Vakuum,47.96332355524441,211.1482601566953,3.289178357424679,-131.63829159754246,23.756811572409564
0.6973168426150382,127.4544426930607,1.8661907666111255,0.2819741484535882,einwandig,11.509548771551787,0.88615929602504,Formluft,43.52370756333213,202.72721751734616,2.0894700022228174,49.0306335381914,22.312560257754605
0.3,219.38501811132716,2.782209658588842,0.18359312675629663,doppelwandig,10.549208128744981,0.8590545187110941,Vakuum,51.76640719275294,204.0182814797743,3.1238200062967936,-96.48489880002066,16.382032790840338
0.6618479079330902,124.3283115991829,1.6385600847631494,0.15051941359841992,einwandig,11.163265684475183,0.5420901313292723,Formluft,41.522446392555295,208.84567015541415,1.7938001834936954,54.09015905921738,15.978756938427713
0.6674402006734785,218.6987242291273,2.663498769278106,0.07731681338954706,einwandig,8.863733086577307,0.9742848109997577,Vakuum,50.54735968902551,206.55276089298067,2.8957289039160394,-102.12148202606042,17.271384933444278
1.1191997500450879,134.0204411850744,2.216317680973581,0.1976585194562812,einwandig,11.722939026902107,0.38424261092662193,Formluft,39.603506246212014,204.43835204759174,1.8437284710976483,91.39701747856155,20.892736458298298
0.4085724174160887,172.2722221681213,2.3594059390382967,0.2251364871305494,doppelwandig,8.56159727772219,0.6457790105673118,Formluft,46.28793663767479,200.47991778969225,2.574566527368728,77.04912066014714,22.795537727745092
0.6218644794801608,94.46055700314251,1.7733713564750448,0.15099914579538226,einwandig,8.1729553977675,0.6882179911351737,Formluft,36.90903354668916,198.78455627015265,1.6627092772877414,41.83467726542928,20.61785642906495
1.0411705361089127,145.64250987892115,1.7126828920533375,0.15150739015763298,einwandig,11.837206977691046,0.6755596999375582,Formluft,41.71552218891617,210.71239423053035,1.706016279696862,68.74357540999068,16.654173674226517
0.7899956682693096,95.0565517620511,1.7016143713759861,0.19332784767857597,einwandig,8.645786307358351,0.8305235457752607,Formluft,36.33591577603904,201.90127876985528,1.7969212396839795,63.8801089305656,21.194506479053416
0.8126626147032849,106.25654378217112,1.900793183831451,0.05694602397679045,einwandig,10.35750899915628,0.7267250627340762,Formluft,36.826315614793835,204.8344963023249,2.0979301471867284,54.790899963687515,20.3378915252444
0.7229168874047756,110.16755464314393,1.9511339184549024,0.28946647409668724,doppelwandig,8.702646416024258,0.35399060330592225,Formluft,35.571376489690486,205.07826979459966,1.7347620379635478,83.62944120198867,22.63101780724408
0.7659887077314529,118.51881614181247,2.0925038858346543,0.12247642677417735,doppelwandig,8.740140700932082,0.4258961574057224,Formluft,39.00968840251944,201.5320760282036,2.1138825461091395,87.0906148902472,21.22577753002398
0.8555219060557071,205.66340299152628,2.613768561166196,0.08522271544222003,doppelwandig,10.711125273450426,0.6725673144585725,Vakuum,54.55887397433002,210.8831866329874,2.80113206741949,-93.16959774747089,16.991551499108507
0.5381027362214467,104.43684804338805,1.810646412453482,0.0513720990336476,doppelwandig,11.944462468795152,0.7861833207443931,Formluft,43.025644442084,202.64452874925624,1.8687328971615544,72.50129204513419,19.798419739590543
0.8756117157816399,138.44361363190617,1.90773129464377,0.26422288534642835,einwandig,11.022108748266099,0.6599221725474047,Formluft,40.28543796608281,202.52298422020485,1.9711108141248368,91.4530133721054,18.92436095512879
0.4253993966228921,219.0644844665779,2.7218376448566435,0.2658018439499173,einwandig,6.891584321087533,0.5488554484083252,Vakuum,46.88500141544322,204.3020969888842,3.133980031371758,-105.91060050805298,21.887261859731566
0.7656735945663076,170.47147264622635,2.174535521810141,0.07382665112942753,einwandig,9.426515006167218,0.33579419322210513,Formluft,46.89265003745339,210.9018807339098,2.260773179122848,102.81338887223536,17.680163985198337
0.7357481926572654,61.5960265160874,1.2155876941578867,0.08806032572220025,einwandig,14.0,0.8501166295345777,Formluft,38.273435011873794,200.7550974335482,1.1211201486616722,38.558025135100415,20.96240595116372
0.5767413823615783,67.95952030845163,1.3808992569510266,0.161975557814442,einwandig,13.196837461675708,0.648035967928662,Formluft,37.371968408658994,203.3913731374645,1.3996523590497818,76.95336784971244,20.893298679138095
0.6954629449348706,155.32877294112728,2.468932919699614,0.0964260432665789,doppelwandig,12.762128798555787,0.6771523913829649,Formluft,49.396965531470876,202.4516901715836,2.528373842514656,70.65443074147134,18.0996036598757
0.5754919694668893,102.11408825435262,1.7763285258078296,0.2339552842091892,einwandig,14.0,0.6282706981875412,Formluft,47.174585152332895,203.65253123989243,1.7221123869249586,59.721277301271506,22.185816609532743
0.4856597346276511,64.95272088064765,1.552603371498686,0.06450993642643059,einwandig,12.871742261467388,0.48574179102202264,Formluft,37.26329247066924,199.3810296033696,1.52998067513512,66.85255955360681,19.691813102186003
0.6292770516772711,98.88263624189341,1.7140366522554389,0.18742733309646653,einwandig,8.82343552211168,0.49346142532083365,Formluft,36.46939403062938,200.89793025444408,1.652322629027903,62.758964066804694,21.815180564966717
0.47920227292566764,158.21365853895722,1.997126615393873,0.14569789127847604,doppelwandig,9.531368738393638,0.34445055107499345,Formluft,40.36045614421508,199.72945610079225,2.026298139048619,88.16230462637627,23.98961277777232
0.7645594928186495,109.6140818597373,2.0173296236173544,0.1662366209230629,einwandig,12.064269391761183,0.7953193113413529,Formluft,43.68082743981372,197.92319280740418,1.90015463839566,47.147539944538735,24.461362838606618
0.46998290116952723,132.09540303024744,1.7309335032636415,0.15618927942390043,einwandig,10.144640820235585,0.4903110111934653,Formluft,36.64756348260196,203.30075911016695,1.8252975341157733,73.34437503560119,22.2164886014908
0.8423954045982103,114.1178169679763,1.8297236342250616,0.08828979563366342,doppelwandig,10.037806153133086,0.5089929437219944,Formluft,40.69163937287108,198.2954337700268,2.0013472924956175,101.19026811223921,21.654046118653294
0.46370418641423594,93.03573037059545,1.7360936108372542,0.10507037132714057,doppelwandig,12.813611309182086,0.995450084701988,Formluft,44.87298727325722,194.63637455992614,1.8249502322750013,48.359652318228186,19.623621320521327
0.5867410168837986,144.2680900856468,2.1887181671996525,0.06620192472760665,einwandig,14.0,0.5700687890769391,Formluft,50.0114812435255,206.94931850699786,2.2192612519570964,96.59024589748721,17.479830673109543
0.5750793183569641,62.879388869221415,1.3940646702744406,0.07882139382476781,doppelwandig,12.451639154196714,0.6574880454278061,Formluft,39.630633694720956,197.30946131828955,1.5189376546543292,44.580531615175026,21.28667630452625
0.9650293457749677,88.18411223961166,1.4297786754586472,0.29447370560472874,einwandig,12.78978548902616,0.5705311705328271,Formluft,42.33959515891232,205.65637933409334,1.2876737901929645,48.812313806466314,18.62966105405515
0.7660579891233184,186.74178735621837,2.3737703049994314,0.11994670291931299,einwandig,7.707383561632564,0.5031337792710627,Formluft,40.150923400618986,200.03446553101793,2.7335923795092993,88.42905995559845,21.155526999804525
0.6576532394911211,68.67206852796865,1.4370628500807998,0.12675638483489104,einwandig,14.0,0.3040955167727358,Formluft,37.89742415782562,200.60721579114764,1.3868973059182725,70.13605183130036,16.69898916794926
0.7997438882139446,128.9614117635159,1.9157272698348655,0.08177658260803027,einwandig,13.525450792614949,0.8984204434426784,Formluft,46.73504417094113,209.05629510329268,1.997107244112865,41.48613191587072,16.92880022664231
0.3,105.77092192359817,1.9916761639199259,0.23879105112418786,einwandig,13.967195230841881,0.6312075728080431,Formluft,45.387737219697726,192.32929176133817,2.043428355041579,86.69525284751076,18.979509285422214
0.6913732820718185,101.36323677361199,1.6288654774680245,0.2810357025468205,einwandig,14.0,0.8039232125965918,Formluft,43.01595449528758,203.42787328911425,1.5896150941676894,66.10517060834708,13.925163610975096
1.0995028355609526,195.86096077452618,2.6120345773619333,0.24743763426666276,einwandig,9.24879327124723,0.9710596841406993,Formluft,44.49043060480846,214.3682092610711,2.959100627267819,84.78888557080595,15.295060075722605
0.7264693012805344,215.7648308537382,2.749863202412593,0.20315395735854297,einwandig,9.0010435889653,0.3019819379676161,Vakuum,41.5247148303003,200.68895575053506,2.9596734086722174,-137.45740574701153,19.79092394825814
0.7135826338338671,79.79624910101703,1.7824382544288866,0.25330822890264404,einwandig,14.0,0.7725277247909799,Formluft,47.79627650450462,204.01420346478025,1.9278266589234443,47.355468718908845,15.70324754487059
0.8096256759284391,118.9688843715328,1.9317812942117227,0.1510575582332146,einwandig,13.291234096600798,0.3830484928237571,Formluft,51.314618333891396,207.0924818007398,1.9745863862453303,90.87059265857567,17.486514948576627
0.8791210486628691,58.21145660155316,1.5843612978920592,0.26487433877017186,einwandig,9.10626994227285,0.6205755403777651,Formluft,28.841791059666708,200.4769470941006,1.4852900881206528,30.926189981373597,17.96361172822694
0.300506661422028,190.22666736251463,2.4959803181860023,0.2496297124095455,einwandig,11.153975267211152,0.8927474566240143,Formluft,46.58302296389189,200.5298859371965,2.8835834349093203,88.599101549961,17.157966589422845
0.3635347036417946,125.80011432479667,2.0715597935860934,0.05043116106407976,doppelwandig,10.69160102034089,0.3500470942891278,Formluft,46.705868396696125,194.54154312414917,2.1963355164871508,93.82720189864104,24.177561598803624
0.7420582582172293,67.12898646616726,1.3115907286422521,0.17194853372937924,doppelwandig,14.0,0.9927294394150439,Formluft,34.89632332377189,197.91569679926025,1.141005996465235,19.364711945865942,20.9572949179692
0.5570246876204981,89.94853895158587,1.3238466001690208,0.11615414401980655,einwandig,13.5676674650507,0.7065850796828541,Formluft,46.29925357842123,199.20692901117638,1.2289112598985152,51.277829350507744,19.466068969956
0.9624050524439829,77.10838867580885,1.6734991374413488,0.07155822909192387,einwandig,9.591204755059179,0.5764954212420086,Formluft,36.42748161722584,202.65363572061122,1.674980882349565,39.41392868120214,22.993780817785087
0.6369651220229552,87.82948250020314,1.7673133289075096,0.2615490106869437,einwandig,13.341923278485877,0.313657185734783,Formluft,41.50618232942573,205.70415504178234,1.3979962714089478,52.43303934484933,15.701190702225132
0.31309385285737634,59.659885201377506,1.5486044315838023,0.05198742107528058,doppelwandig,13.929758324468779,0.7107761547129696,Formluft,44.41183215952873,191.02900540511644,1.5864386340149461,50.709943410264444,22.262274031322992
0.4463972166312005,244.7815846169265,2.8795127997222103,0.23254087551384006,einwandig,9.607385357506411,0.6464233248052538,Vakuum,52.687822767914554,210.7765965158188,3.0073498508983727,-137.61139834174452,17.43430275569823
0.3,80.97173273599583,1.8712321997195227,0.29704803024929655,einwandig,14.0,0.45072190152074215,Formluft,45.438114520171595,204.87469669362383,1.9670169740932653,57.15341294049757,20.40156007538927
0.6531748925434174,128.8157117412411,1.9615440215693754,0.17050494167655894,einwandig,14.0,0.6433132735112504,Formluft,47.908894850343785,211.12810806245363,2.228150521404708,56.01044344743642,16.069989377250238
0.6623231745471233,157.49896824886582,2.323123598941782,0.14281013248535868,einwandig,11.89030377300695,0.3089524848160905,Formluft,44.65248637025858,211.50609285401424,2.349510333218363,82.01189177981458,14.578549709531758
0.6151074580436204,215.92466634320547,2.8165927644962556,0.20145823861867834,einwandig,9.647680262368793,0.9996343298201558,Vakuum,57.40546715778394,210.22823541441414,3.1639378698379494,-111.05483075663287,20.956246794901688
0.9157758078059477,130.93152257797422,2.3052632045861605,0.25117445691191803,einwandig,14.0,0.5324801088159399,Formluft,46.7863554979064,207.47060519205917,2.5434495058296185,77.08648031719378,15.593820790201475
0.9397039673033387,113.32135613712695,1.8590164061285406,0.11006299844381971,einwandig,14.0,0.6361555036428328,Formluft,45.510725393563696,199.29423490698142,1.7948775686422116,54.59530496374659,15.916933582559633
0.6659223153287777,133.5601821609871,1.9705025213535237,0.11267535728838406,einwandig,13.4911369543115,0.8493447176352846,Formluft,50.751427451714875,204.586859668051,1.978238017061872,64.65738272776035,20.78868987379923
0.3,79.62306586695419,1.412262719273335,0.2017945035217117,einwandig,13.421835606942325,0.7989448405153922,Formluft,45.43498871081812,202.2887343149527,1.4893389767144662,62.252503192387834,19.450034570594834
0.8234563160984516,82.13461563662206,1.8899319760923474,0.2849699552135763,einwandig,13.811695708622285,0.9219913284914707,Formluft,38.7609789123014,196.43289337746427,2.0918041670505096,53.10786524217524,17.409804534228257
0.8110720457017151,112.12210506648957,1.9601884765891975,0.12460999393969087,doppelwandig,12.709034892134277,0.9589280158065856,Formluft,48.65345889703895,202.4481841055161,2.2695551775563008,47.72483239139298,18.130268784418778
0.761878314031389,54.464506170028756,1.5036752152443755,0.14418866580725326,einwandig,13.675424176295936,0.4324244816764565,Formluft,39.132618665937805,201.0496254827292,1.334705213080712,56.31631846236367,17.93304547025104
0.8962959498616231,93.8737210887069,2.2184954049082433,0.2983333253650724,doppelwandig,14.0,0.5732798923580422,Formluft,44.201161352344165,198.37945233585427,2.3325267205289624,56.780681904881035,16.763016981120174
0.4670343807077919,102.8978637490982,1.8719396211707306,0.09405554130162895,einwandig,10.92944665763968,0.7807718943736739,Formluft,39.51844581007971,206.0202290830013,1.8850033204964682,53.74344041157107,16.46688112409474
1.1017510772370278,310.152061819261,3.2858682837890836,0.06924204209382602,doppelwandig,9.556010111003873,0.33151699280129027,Vakuum,62.368904231073714,222.11263412240828,3.4681688591547486,-205.957967663914,14.798770809102466
0.5081144493716263,230.50721558119707,2.81467218840063,0.19743880972015154,doppelwandig,8.985605725068927,0.8018614343255084,Vakuum,47.15697725248891,206.93506285678046,3.0973679284165336,-129.83179843129727,21.259270960600087
0.8498445854401708,157.21670271233006,2.1115162603713427,0.05606674710540825,doppelwandig,8.1087440919143,0.3034184080008734,Formluft,42.681451581586465,209.23014524714873,2.1827900061659102,87.15636123912908,20.796119764646456
0.3625304611173296,192.65363859782894,2.4818488495952153,0.09510830781870568,doppelwandig,9.807023547881263,0.9398619333872735,Formluft,49.38372574410493,201.92643963661777,2.762657720259832,101.49628073287347,18.727546854017938
0.5139470625459898,81.8618669328446,1.5945064950495658,0.20555229517261703,einwandig,11.859901659171054,0.8027186148191221,Formluft,38.069304774119985,199.30684351232972,1.6665572676092661,83.21896646784373,21.397939749716713
1.003273729345067,135.2807055961079,1.9941919861088062,0.21487810017283326,einwandig,12.773136996932621,0.6958494207254879,Formluft,47.84236811101065,204.77880728324817,2.060892829701389,54.39214563871676,21.019712368828028
0.64782003539983,180.673380146105,2.2363946653655304,0.17760631241190494,einwandig,10.665765941664517,0.6002306806108575,Formluft,48.26383524270782,196.72226609149612,2.583234764980016,82.69426034328552,18.920019408540316
0.8679845210265595,82.15413083250786,1.8961082917109073,0.14593701155734584,einwandig,10.902093001891366,0.991617337982488,Formluft,37.2600862049459,202.07207347957,2.112489540306874,62.526792358150715,20.96818739213038
0.7473910777438492,68.02524293591296,1.5890291501530627,0.19404939610546207,doppelwandig,14.0,0.8155582133516306,Formluft,42.615917817712514,208.24139765790557,1.5453376308070892,33.35337570442694,16.29345504934193
0.6790083687999654,149.15845136555083,2.1594468057193708,0.21084643825830968,einwandig,13.451306724812678,0.8651050702597245,Formluft,49.433600003251954,212.41188280267883,2.2001616041707983,74.04407253291102,14.892808530690692
0.9727700649865378,70.60756581047673,1.6785062009111753,0.2508705115729127,einwandig,14.0,0.8777694931643583,Formluft,39.340965250364626,202.96216687503846,1.5746234940810802,69.33368730714844,17.61590295470254
0.6526682350696199,164.36053967383566,2.385544408618094,0.24818770705246185,doppelwandig,11.36491583629034,0.3153124533014611,Formluft,50.456652745261,205.08056990294617,2.5042349214234196,85.90832217039822,20.154716679503462
0.3438523784873058,214.01178749610872,2.753447909880177,0.21620019137873697,einwandig,9.5782391760359,0.33827906954358183,Vakuum,47.69706788579652,197.00747883202374,2.991931454067637,-122.6038854841479,18.50378696547956
0.5393519816096589,83.19066356894517,1.7682750194665853,0.2735581458071164,einwandig,14.0,0.43885549000408164,Formluft,46.337382026192586,205.26336620564942,1.5232539536246068,47.69365219428942,17.007806226226336
0.8102383457403388,85.76592895170147,1.7062176431774103,0.2595063133988547,einwandig,11.700901734365658,0.7586523172609455,Formluft,38.32241967742552,203.63480026410735,1.4529284462515646,64.28721427302357,17.756640271741116
0.7791018212725016,210.76488842923118,2.786652325982588,0.08331150205448505,doppelwandig,9.990996898708893,0.7367644373395896,Vakuum,53.90284287374667,209.45462492152137,3.07969344546595,-92.62678748971503,18.00809704885044
0.3865883499529123,131.26785923312138,2.1631097189966373,0.28916986033087083,doppelwandig,11.366947720529234,0.5276144883625038,Formluft,48.52617438847456,193.4746176433523,2.4464649881728517,69.4578417436336,20.86157622866959
0.5551314961183598,196.4626647675067,2.5961091283949744,0.2729355755794801,einwandig,7.1663647464324916,0.9810991342221218,Formluft,44.29698319933444,196.97667189689508,2.893298705996163,73.66319252895838,20.840455207025556
0.5836557301595506,114.00318865923981,1.8789663352495012,0.13023179487698994,einwandig,12.40483129319715,0.36517464948968736,Formluft,46.625368688287075,203.12844526411106,1.9130382480088304,71.9163980888155,22.484401673766676
0.626906081177155,117.9637771873015,2.1732698877164984,0.05504610465175987,einwandig,11.16897178683086,0.8437040859401033,Formluft,44.15080878289126,196.34278889264561,2.2036263327039727,87.46188898451825,14.892328900348092
0.4248172822796897,129.65186062967695,1.9655296540714005,0.20099398668957186,einwandig,11.273599156221469,0.6366139837796705,Formluft,44.39910947761201,202.68611899099446,1.8812018361651734,79.09539093577632,20.267345247266928
0.5743257783761042,276.3382575590716,3.269403100536675,0.159604394216597,einwandig,8.819113452323117,0.5931839399807697,Vakuum,58.84313052848378,213.66515383715512,3.579287339203978,-178.62906073021142,18.767526214370477
0.5542779029480944,188.70120461436073,2.571695898525746,0.23739166564653297,doppelwandig,12.827536152614233,0.3178954952364289,Formluft,52.89409527905505,201.25148384983183,2.679350404836674,106.64551736371806,18.76644069450465
0.8543066519523839,92.56549132831722,1.6490902527869924,0.18114994112715566,einwandig,10.988322535696113,0.8094597491341546,Formluft,43.81251888860879,204.52739854377023,1.4246475922262885,56.88514552939027,19.306055681407262
0.8618242621980488,139.97415453304117,1.9986198784676055,0.0691226088127367,einwandig,10.827529706415257,0.8401028575368821,Formluft,44.53928928640131,202.39153088066425,2.0831698448355835,88.3951990484292,20.708115103626522
0.6708379083822368,110.4010916694574,1.8301309302251814,0.11117185506369397,einwandig,10.709807315543944,0.5232702477520753,Formluft,38.33474316306922,204.82072871836476,1.7839378916992454,79.843848608686,17.60318788744131
0.6215920408258536,101.36243484961048,1.7370669508205427,0.2706309390316324,einwandig,10.805577953161755,0.661874009417092,Formluft,38.31154240637262,213.3335118160863,1.7747619990412637,48.315820865178225,15.780554221943886
0.7279848624078227,162.08977719146685,2.0779986332859055,0.05942242392876253,einwandig,9.758617682913783,0.7245094862644036,Formluft,47.67880511012425,205.70947903070834,2.051253290268187,95.31664811744464,18.320336167284278
0.536684978508885,146.25902626192635,2.0723479477175193,0.23416741734957175,einwandig,10.950623777821452,0.5573516700045339,Formluft,42.50101102600914,207.7446387220141,2.301389382943242,85.08007224951038,18.962141479647194
0.47063358356651175,83.57235467892632,1.7085122851265948,0.12298587698785808,einwandig,14.0,0.7309074043115531,Formluft,48.90466798797704,205.08341532141011,1.7870334333653766,61.43655208767792,18.184335401655716
0.5119557582148566,129.80513639038136,2.2283326287453407,0.16315995076062428,doppelwandig,12.395763119810143,0.6038889415917233,Formluft,49.805822397693355,202.89571846037848,2.2826725908951437,51.22527217621516,16.094041640992344
0.5730373672057086,100.00369724843729,1.8831882782635432,0.18275135797790215,einwandig,10.386193570622568,0.9146488988467811,Formluft,35.00208938591424,200.68003920713244,2.126449532656047,57.14414624002322,19.83214133699056
0.4673052400415457,157.0721409694852,1.8666469530003458,0.11252033932680026,einwandig,13.661517123597177,0.80295925868343,Formluft,53.75937698564063,199.65951460898944,2.0051131508159243,78.23397866846229,17.2405629152203
0.7324119118125749,98.08887733596819,1.8809065759013446,0.2129901107494157,doppelwandig,14.0,0.3773499882004977,Formluft,42.06734784436515,203.07400240424136,1.917624432692615,61.58150019900097,15.508630698423492
0.8459431347567417,118.29540442835618,1.8626404675424917,0.22336055452446907,einwandig,10.240243588071687,0.8597222285611221,Formluft,38.127254209409536,202.1448675833839,1.6422450647661366,77.78798862789711,18.644343199844545
0.38258033984035156,102.58482171275094,1.888640584905172,0.07126486991769378,einwandig,14.0,0.5362539419765062,Formluft,44.10335766812948,204.51679319199513,1.8893823389254216,47.869636121540694,14.752466775679558
0.7050257422432066,62.22390397846773,1.4956709429461477,0.14348176896285514,einwandig,14.0,0.9548978954224059,Formluft,38.439845288743626,197.46153961372224,1.357302386033699,79.23002588817381,15.010351660135928
0.6560128409467328,269.02015249399983,3.1232580760389745,0.23609432530157287,einwandig,7.961585581799512,0.7223598958446373,Vakuum,56.78960463305812,207.23236388402833,3.605574904628178,-171.06206252932225,19.740275841250973
0.7683017371073605,129.1321984183158,2.017722228152205,0.23040938996028298,einwandig,12.48785512850073,0.3193045724485575,Formluft,46.73480826718893,201.27653437202613,2.235278294585822,87.85540609127307,20.852228650139892
0.6974122463792823,274.0192559599358,3.188790401439019,0.18615083597630977,einwandig,8.097977009750563,0.8140538935707418,Vakuum,56.72662265561242,215.50862267095698,3.460617409068493,-126.0705197443101,16.74070744033872
0.4092801440136738,131.8994323702629,2.25685620477564,0.24441869496700352,einwandig,12.79267149970624,0.39151405827973246,Formluft,46.86376965060331,200.42198364810014,2.436304178738594,95.39643555446916,20.8722241455293
0.44752214022856684,176.5851955044356,2.4097325359727217,0.07691122325996082,einwandig,10.960001158651446,0.9140872380700951,Formluft,47.33460749670063,196.44090710309442,2.723144680975775,104.00707749907421,22.450241484061106
0.7058847151169945,95.15796359801621,1.9240941287613096,0.07955281696113252,einwandig,11.946198805505189,0.9638312152901816,Formluft,39.360189360530356,205.3579180384641,1.9054327496765324,48.98761637476944,16.117515012149042
0.9057561839491018,96.17431368578326,1.9103803893631148,0.2143723250740862,einwandig,8.543988639532653,0.7866790971205393,Formluft,38.23701332954229,197.35124216403068,1.6692585292613586,61.10399124752126,19.91641744089183
0.3,125.76899958723547,2.106208828835432,0.2233334669737822,einwandig,12.910140091582967,0.6730109437011607,Formluft,45.28404700630518,196.98397430862457,2.3704373178734883,67.06799423148505,16.48578111574382
0.769145315960316,272.70796169781977,2.9136708705631067,0.25363171383026756,doppelwandig,7.4349904007810395,0.721444105483086,Vakuum,58.29494690876027,212.53279765460957,3.3050346617223227,-129.44014714793548,19.00954164751252
0.9379244010575286,84.73370508283588,1.8453645390869282,0.09525921944331427,einwandig,14.0,0.6001986198371525,Formluft,41.46165268323338,200.00042865260588,1.8394252552910944,60.06121742833412,19.45943671587434
0.6693948247587573,58.15613197865465,1.3965638617088991,0.17919291485777628,einwandig,14.0,0.3585079474102131,Formluft,40.31669066015153,193.18662653411423,1.4730535190251837,56.066173694830155,20.026897203348287
0.8100404992052881,208.25956799003234,2.7734356360814743,0.21520782428389562,einwandig,9.098182377937173,0.9501904491840214,Vakuum,50.296043301930965,212.67434757545237,3.1418173937875586,-78.19268158352797,15.912025767010576
0.5593861838204395,182.04243346953325,2.310459542770204,0.10592489345725377,einwandig,12.494915545416339,0.5304305743281096,Formluft,55.881758442104825,209.86368194070494,2.5819906952916276,90.91445210994006,16.438822397992336
0.6761267601446246,105.14291430205165,1.6633822079209248,0.1792319663984977,einwandig,12.781110466121852,0.518993441590282,Formluft,46.53123888487296,203.6260336801138,1.5200371435919644,72.90864056536557,19.553203442941644
0.37581729633836963,315.0,3.8164583105246797,0.20961125609764902,einwandig,7.452285694756174,0.4339273430829765,Vakuum,60.136295883611204,212.01202150886,4.145569859811542,-193.2252118724792,19.89497898643073
0.3,315.0,3.376452539974283,0.10361237786942008,einwandig,6.848778626473715,0.9946857741841235,Vakuum,58.35183322276616,202.30113236577535,3.966305369991336,-195.7359023397666,22.452260380391515
0.888553160245055,60.993291615450495,1.659862328781366,0.14389085256253537,einwandig,14.0,0.959795106096204,Formluft,37.79306151655561,204.024643828909,1.594918558252851,49.75548771502806,18.00484283363885
0.5030010144551116,94.21495913591066,1.7714827213027635,0.104084702533927,doppelwandig,11.218092563410917,0.5446026588976305,Formluft,38.92103899307175,200.35771373224867,1.8288372448223453,83.09816355643548,22.137763429570178
0.6088944309993138,125.34607638915949,1.9397506023592503,0.2757357261071497,einwandig,11.220999015352902,0.4820037666614365,Formluft,50.02749108586259,206.06358865657185,2.319106010868455,61.512444840138116,16.03678916357504
0.4227115493459613,154.98578306312368,2.233161931855459,0.10919972048249794,einwandig,8.650685133261915,0.8637586707776521,Formluft,39.29405751815367,201.53615469362848,2.5228554126045992,79.5078197307016,19.26989532160906
0.41800605938322477,143.87851411492963,1.9558639384397405,0.08020865649644925,einwandig,12.856499301775772,0.5958270351372976,Formluft,46.71948787706359,205.57643615492464,2.07979130169641,85.91520186643359,15.430303421255191
0.6652324599810767,128.90338754883356,2.029163943449284,0.058788827881785924,einwandig,10.613117298563813,0.9774516350617,Formluft,38.42563340383031,201.13864867355235,2.036549154651797,75.07998572889109,18.82335536277598
0.5540845611728706,79.74643605033235,1.4755604413182648,0.061238368102837545,einwandig,12.066267935289048,0.9308517107265346,Formluft,37.047039415280224,198.54659581675043,1.5325799758054366,60.398101767636085,22.857777909129137
0.7755941995989397,164.52776898009748,2.256905582693682,0.09789655874170423,einwandig,9.852932511183202,0.8316159395821348,Formluft,41.92918760735551,199.7695675687133,2.435294078512379,96.24692406812743,18.764957446641187
0.7905076837959184,169.16001088606973,2.4920750216839944,0.2020521278267381,doppelwandig,10.896443559973031,0.3629470030800568,Formluft,44.235311161647196,208.86957525867305,2.599702901414353,96.76366337119805,16.006593779967886
0.7641699292649213,200.77832588339857,2.644355208550837,0.054412468627780666,einwandig,7.479022683596743,0.7914894155888501,Vakuum,46.52414535418707,204.82652709853105,2.573766654011732,-94.85775471461078,16.607396124179022
0.7477201581856887,75.59097388369769,1.3824022162375031,0.1216859811892868,einwandig,8.623735120703035,0.9910780708026128,Formluft,34.7849682200511,197.42099932433217,1.2202248917934941,42.38426516916627,23.030684399032424
1.0155536409863772,116.20734603426604,2.0573819873112087,0.06454172283082484,einwandig,13.010224423928893,0.5613047730886367,Formluft,46.421297484400185,206.1662463661888,2.1458459714559925,88.96018474392213,17.166938080806638
0.48648124619102273,102.88981239485817,1.822053534872494,0.1509146925747919,einwandig,8.200639277721123,0.9170983021345198,Formluft,32.04288954680451,192.42783158772795,1.7107673520552513,47.52790557812001,26.135582116911483
0.6890130267594164,75.07839855970488,1.5192993982162384,0.062144184457464405,doppelwandig,14.0,0.5856992875423352,Formluft,37.15724745283692,199.37268216104852,1.5472840061097117,62.86144312168652,21.5137759756164
0.9265379641039178,115.36703630839575,2.034937736053506,0.20188544415520698,einwandig,14.0,0.9799268004965671,Formluft,40.90915810492543,208.35043741512416,2.116836182903209,71.02208037867953,13.734814950803106
0.9529079618676073,81.27995020634017,1.625158576104171,0.22210606637975383,einwandig,12.63955363697143,0.7575139601112897,Formluft,36.847887096921866,198.62233923983797,1.4156151272574766,61.85539929943967,19.14351386033993
0.4156472701310854,70.7272527602813,1.3909688210963935,0.23283438741094087,doppelwandig,14.0,0.3675503380396549,Formluft,38.60933884200694,196.74954964077196,1.5265152580126402,71.718794905781,21.87626367189641
0.637528911668826,183.22389831056648,2.742962643201973,0.10608584966156377,einwandig,10.370889703149398,0.6353320171562362,Formluft,47.27793054400239,208.31598877419808,2.943121702750244,92.8641781291322,16.38766074631105
0.9716242191734521,104.8938873128092,1.8365579820688254,0.26712504049043584,einwandig,14.0,0.33481012737840243,Formluft,46.574046134652235,197.04107658258357,1.7965738168741494,72.12560192381852,21.170296770054968
0.801615821039813,92.30518084538932,1.7262336660907818,0.2225720418327316,einwandig,11.779934774638846,0.5765530065802756,Formluft,39.12018500607671,209.7030400419798,1.5336095684703264,84.68427710968405,11.480654794337962
0.7390526062959545,226.12644052701205,2.7482457484565077,0.0641625548249551,einwandig,4.617075367962455,0.9407668498987567,Vakuum,48.199240961418674,206.6590715539798,3.1305458616837774,-103.19418076391467,21.16296068151022
0.6564630613130686,171.67779599708092,2.5504172288952853,0.16019167717535676,einwandig,10.548231611859972,0.4625415361369537,Formluft,54.50834393505811,203.94025814631843,2.564833541283415,110.88072238435818,17.62834312456719
0.6232398148584508,56.64784124420763,1.374450953732355,0.2419391233431203,doppelwandig,14.0,0.9653974446572064,Formluft,39.67845746162193,199.50693613576607,1.1179809440610522,47.28230893406024,20.728916321141995
0.7576438126180648,155.48385346816917,2.0121238489236126,0.12772348168005743,doppelwandig,12.182840275176607,0.3699461312445983,Formluft,42.844930777727136,202.1815167529255,2.133666605436413,83.25858298536522,17.796107637047697
0.6495251750031033,155.12257318634843,2.1391789362063904,0.14538969347681618,einwandig,10.0912892132656,0.7653680829519198,Formluft,43.168421295189546,203.3867367903024,2.1407494066557713,81.79786074593764,21.176164492660714
0.6914842757911112,113.18499250583574,2.1044961301149048,0.20740095682413573,doppelwandig,12.828177525923572,0.9759798893053508,Formluft,43.87257787711536,200.05663581429334,2.477180942053811,58.66380693350162,19.989739309815324
0.7157197412230074,111.25404904350309,2.014852216566592,0.06387022002897445,doppelwandig,14.0,0.7579075016132756,Formluft,48.60841187022736,209.21055474670914,1.9588449752404584,78.20032543576282,14.303456120037536
0.5643856943013001,64.34381497720163,1.476498171918634,0.2917337601269793,einwandig,13.220171747741016,0.929302767628698,Formluft,35.50925392603087,208.20337314168845,1.5881214928777736,48.97263478549013,18.560410283724266
0.8064258747762876,315.0,3.725988271246071,0.09362025265243197,einwandig,12.377780170684758,0.9937213322520584,Vakuum,63.210770694079486,219.53224676143117,4.2,-186.5152293220267,15.392295450229838
1.2828489296830838,115.16327903322973,2.03349756658912,0.056667999911565084,einwandig,11.086082111130281,0.7492904052297248,Formluft,42.5606640261645,210.61663720570456,2.059571101126657,66.1753241008675,13.748512469241273
0.3446026721347849,151.38645904816417,2.1711032678401225,0.051330745510105066,einwandig,13.220359967885393,0.847584693103425,Formluft,48.322539418193244,199.22964307407037,2.2839710684172543,46.86117474226655,20.000217405562363
0.764802504837996,118.09729405865457,1.9198918742040747,0.14988859374984892,einwandig,13.571442121497235,0.32238963564581596,Formluft,44.91242546954621,208.64545818209933,2.0076000976175896,94.02291088345645,15.282733757325841
0.5479619822762188,92.94668502064613,1.792971139956984,0.2710633413688444,einwandig,11.276678025087733,0.5991172649633308,Formluft,36.812494236532345,195.4971160514951,2.0632377170356513,61.78014795521948,21.780770114051435
0.8154805155038499,190.3710763647423,2.398185568468366,0.25494051980448224,doppelwandig,9.391842556186097,0.5017857474534384,Formluft,46.538494678092675,209.06519458704196,2.306952810226111,110.70263952104443,18.864042721368968
0.7093114946655721,137.9403627941661,2.1041986621797313,0.27801144956242374,einwandig,13.587688225104577,0.8769297337980095,Formluft,49.6079440701933,203.6928433444275,2.389727676410457,67.2974078630057,19.77677296245917
0.8523709548084927,115.60846400287049,1.9711447167149576,0.18344557983222476,doppelwandig,12.399364175136721,0.774304608806914,Formluft,36.98247700613595,197.96747586096208,2.0678348034853533,85.57186538581652,21.664561859720695
0.9351013153017559,150.59904093454873,1.951747391685109,0.1621865584687911,einwandig,11.911167430090826,0.7300899556661323,Formluft,47.5610708769601,207.41830888517956,2.273972038623919,73.038943682548,15.735596637261734
0.7384842235536362,123.17283121920936,1.9569846013684902,0.14646524402669864,einwandig,8.648744512111051,0.9520910814732422,Formluft,40.41127823441253,198.954232393099,2.0693174501705958,63.455506910769024,20.071692464453346
0.9264104576828356,284.03738533984017,3.226840654913868,0.06160451894782647,einwandig,9.211062676828199,0.3622074635570096,Vakuum,60.00587055546166,222.0381316086798,3.549636963339086,-192.40888829311652,14.59902792130179
0.3,187.11339787822305,2.6511173860198327,0.2773803140762884,einwandig,10.896758741209558,0.9676888905502008,Formluft,56.38945456716198,201.4404644140572,3.0646845950735373,68.19761065214269,21.807452401696512
1.0180904595832045,162.6524761840284,2.024545260400572,0.17404402307118189,einwandig,10.805868050116983,0.3705352950184547,Formluft,45.656351193822154,208.55679873996505,1.9197557247072987,97.59027617950686,16.83943665695514
0.775012430378468,66.72152020376382,1.476546258674554,0.16376685776287753,einwandig,14.0,0.5429122828177623,Formluft,40.92784005349379,199.09861129999254,1.3075814514217625,64.70872579904217,19.20010361468561
0.9155686711490363,165.44796855646354,2.2513205513470202,0.17879187175352934,einwandig,10.045365371839912,0.7411915653580277,Formluft,49.75607359928309,204.22465294592953,2.3606186141468184,89.41366184164205,21.17892019718352
0.45602485103169565,163.42182939033614,2.4513852797109292,0.2485386295285501,einwandig,9.730649257474647,0.5390333427072332,Formluft,45.28790181507558,204.9843784509344,2.5672155508560803,116.53124538677397,19.25870257463565
0.5338460236789329,81.840424443859,1.6481914101461383,0.10611777149564099,einwandig,12.470218325625305,0.7777753948060558,Formluft,44.78369681028182,200.06096724858386,1.585683517610174,43.50678323153062,22.8244071870535
0.7291876588289548,66.23494844312407,1.7992937843928478,0.22747516974873083,einwandig,12.415719932285304,0.8427930334368965,Formluft,40.747038177262,210.45000718392316,2.088985710281613,26.416468953429558,15.250117891888914
0.6965924221325074,183.25986243263011,2.5654109067469992,0.22769243521350824,einwandig,14.0,0.8799540809589375,Formluft,55.622727534277104,213.05351571845472,3.037580630784378,72.84735622529429,16.1845248821885
0.7566137176019979,194.87173179110476,2.4974404052004098,0.26238819556454573,einwandig,11.95194816290956,0.4255405906327999,Formluft,52.86369097079131,209.40506921650828,2.247001890686853,103.57596868144134,17.80332510695958
0.9169030321859932,96.3868533377541,1.8070436311858766,0.052170899615967506,doppelwandig,10.653390818612746,0.4274536873321926,Formluft,38.03837311152166,204.9421848609428,1.7915499171541918,82.43573708605325,18.97588179808806
0.3469559369394301,94.55532419486062,1.7033322721534663,0.09259888580878302,einwandig,14.0,0.3366198195502367,Formluft,44.442496437343436,198.13777781447334,1.6307878396262239,71.77322589267455,14.029820796902484
0.8947638143434617,136.81163771523063,2.223402515295408,0.16776171301118886,doppelwandig,10.71399583424661,0.6435962872347784,Formluft,41.16601953997676,201.3210011757754,2.442485227948486,70.87520625471728,18.96549680256924
0.7016563819915853,104.74377559700167,1.6381205477823617,0.2626350968653696,einwandig,12.440316345003527,0.39627353319218883,Formluft,44.99402933531299,197.49541988330435,1.694475657789612,89.718856631118,15.829733680126868
0.6592436277750904,65.77762458735103,1.4026666002131083,0.29127921540699603,einwandig,14.0,0.5230178939709779,Formluft,46.836225596341386,197.82791103379313,1.621818617751078,53.55832696122308,17.70692933026306
0.40577695312302187,81.48120686707365,1.7202031427198274,0.19871715366985032,doppelwandig,9.022992740527929,0.888304023498308,Formluft,28.58364424743293,199.38072138319578,1.6251447038641904,34.825623178999095,20.73192237930426
0.800609733675373,148.7164017723157,2.3735946814870688,0.10303349385575504,doppelwandig,10.80803826181017,0.9640612599023786,Formluft,48.83698138411984,208.00798435174178,2.365337692354384,84.93398974533439,22.913613275274443
0.3,83.26971908854038,1.3358624632874432,0.09614617395616142,einwandig,11.771589320852154,0.8754531631429081,Formluft,39.907251974082754,198.3643759857504,1.3302038433652974,59.99924738606877,21.436685576826374
0.8296788022477425,199.87838238060905,2.805197741443435,0.20986098849656687,einwandig,10.413200599573043,0.30045386821371883,Formluft,53.86244427233872,213.60881850071007,2.9041180207120307,110.29720894695578,14.37676406517359
0.4015788329054016,162.1257454600806,2.2759856944164443,0.10251728676485115,einwandig,11.68695573002887,0.6976169689371404,Formluft,46.73050929800894,201.18457651461694,2.465014184720027,103.76227203606439,19.551864628653032
0.7106915825234947,151.609206254438,1.9302924057449293,0.18827185598022156,einwandig,11.055251112974346,0.4166620906968565,Formluft,45.54846562271949,202.58350523724457,2.2056450443798727,86.39466308918136,20.004792712307353
0.6761662325344159,135.45579618125868,1.6333871931666688,0.25870298228597555,doppelwandig,11.366310499110556,0.5630228378447304,Formluft,48.51064965502011,213.04623013468574,1.7807011978335232,81.69269197478938,16.527072223882026
0.9339076294587767,91.20961916431276,1.50026904344326,0.14745491211552253,einwandig,14.0,0.5995432609016227,Formluft,43.99727500536949,207.4249310859436,1.4215187084915484,50.22627075115546,16.43440011909466
0.6642689661972219,173.13995981940016,2.382163950178391,0.1446180474354823,einwandig,11.274472865183071,0.9600585304684264,Formluft,51.54583269795528,200.27405973349425,2.556861546446994,73.15145176465688,18.324548446630207
0.5611722877708668,90.1422775835685,1.7112535149972155,0.059035084222768444,einwandig,12.829293080514672,0.7436171123234369,Formluft,40.14446626076376,192.61833548253622,1.5735391973169826,52.27301991047972,21.47487099081398
0.5986794608057593,205.58950138712342,2.7396960763033835,0.11352114460613873,einwandig,10.15600364824219,0.48735853638612303,Vakuum,50.356585043575755,209.81784820915428,2.758265282786878,-137.25030564029367,18.292536409514057
0.9545765537509328,260.4857177375849,3.0014626652665344,0.2245478649048186,einwandig,12.159635051620814,0.7499563884434076,Vakuum,62.673593103666896,212.99262088346111,3.450921355252278,-141.38018625834601,17.41695817171361
0.8072593938361787,137.55144434570303,1.9342054727986988,0.1400978112830491,einwandig,11.906561845325635,0.9663058342877457,Formluft,47.15198779655775,205.67852383406307,1.900867228798703,67.8265835817896,19.72362128832573
0.6228740036953677,242.44683782120512,2.877611744420507,0.08957472932248049,doppelwandig,7.9099320445384596,0.34141138686446065,Vakuum,53.81215014490642,200.56356677764938,3.3472006856754555,-136.55997623246276,22.928943871239294
0.6527107160070973,81.91846321461404,1.660389248753649,0.07644193344008178,einwandig,9.134040242412532,0.8711913674898368,Formluft,33.24860189066748,196.55507336912706,1.6199250725981822,51.25965065490401,21.780104032353638
0.38656458188291054,163.01985696259933,2.3387747749440866,0.07376334453767723,einwandig,8.05662882786511,0.45182828899989735,Formluft,42.064253146490614,204.08221105407463,2.5623505161759916,81.58932207549807,19.84473224727508
0.7776948401703081,127.3854969458881,1.9007092706762438,0.2147833582794738,einwandig,10.881310786193275,0.4071755664447699,Formluft,45.78009496362392,202.96923260448025,2.0827037731182676,76.92110523125494,20.698406000952524
0.3480368584609068,184.84242152014596,2.613956377211472,0.20315536969838716,einwandig,10.162185774088055,0.9292068430714151,Formluft,52.80088743869016,199.20392918330776,3.0310241707078207,72.63387257056604,18.559659591121104
0.8503592931670911,57.41763561133954,1.3661315691321114,0.17963025140052125,einwandig,12.453316190496034,0.30129461989852807,Formluft,34.78907090102895,199.48657896613855,1.20770475594614,57.08755249938914,13.711674204573818
0.7257243184982531,179.3584812833836,2.304410245918333,0.17508161203978484,einwandig,11.218325922007027,0.8187600182610246,Formluft,53.28008616003698,208.52577415224016,2.4745326990194494,86.96819039320445,13.686854610498449
1.1773903599147846,94.82658920275138,1.6772539872017675,0.0882842131719679,doppelwandig,11.492319180914597,0.3610598869225716,Formluft,37.75930670309593,205.05741012205903,1.612519402021935,70.0337466083549,14.11598008231277
0.4799728892551388,130.34111516469812,2.203954947672976,0.1751510561900218,doppelwandig,9.912493580611686,0.7325967065284313,Formluft,42.106778785930956,194.21608874981138,2.3877249407673977,79.01767528783401,22.976866269571296
0.6794675817918734,315.0,3.500080532058901,0.06498444415009498,doppelwandig,8.350287670714826,0.7346278309733978,Vakuum,61.67707956355988,216.23019995624287,3.9580234509705625,-191.91636528776505,17.309088848351106
1.0596575401846124,165.71067057393105,2.221508339130983,0.28146461465067196,doppelwandig,13.59602222940775,0.903943234644023,Formluft,50.896216810203654,208.95004822355034,2.162917220730117,60.49509908959696,17.946847424135616
0.9382779280582828,155.15674749425324,2.3801701425213073,0.06450688850065171,einwandig,8.906746117150574,0.8758245480606839,Formluft,42.11829530960585,207.51774378073267,2.479225790495106,72.9578153559786,20.05579614149801
0.56075758968402,149.09268414868592,2.5141537541817995,0.15588254872347962,einwandig,11.760114623698476,0.7796150401602264,Formluft,41.751764691129125,198.08214832630642,2.479613590167096,66.73504005443206,22.132597832199266
0.7447934856746895,216.64760713491398,2.764633252225654,0.05014276410079306,einwandig,5.773800505319513,0.5663833132946523,Vakuum,46.564860621343136,212.76824336481477,2.9994740930701904,-89.35189587775827,21.657667846267035
0.7003998712830174,188.03447665454357,2.6893521823661635,0.24653760969581112,doppelwandig,7.3500618221820915,0.4164840229332991,Formluft,42.961474689314,208.11267741756697,2.9075425634512517,108.89527040966217,21.62644471956992
0.7563911734788313,149.89090797133298,2.3545389563568824,0.09154254713390751,einwandig,10.07519564476233,0.7449780482694992,Formluft,43.99666316822289,203.59544972514038,2.3567260711220253,64.27794895344353,21.439996173751215
0.560263912803034,141.10180510422725,2.037968478085068,0.28122900445541954,einwandig,13.742275737148706,0.6478788590955388,Formluft,47.95124092928155,204.80486324630468,2.107117357817856,82.00649959725881,20.781748418136367
0.6821359194598531,136.67673839526373,2.0974090342335447,0.06099443696514113,einwandig,10.025669480707457,0.3545595835969712,Formluft,44.63156261338214,210.4569967072652,2.1391034379231013,94.3575161863449,22.203442060372534
0.38038952494465716,124.15329426843037,1.8008446596918448,0.25519683364110674,einwandig,10.263966693758142,0.9688933233281969,Formluft,41.929414850430845,203.78514030628622,1.825559220231233,69.33128761244546,19.33614711157158
0.7270246903736164,75.13270756222767,1.570320320543576,0.21415945320389707,einwandig,13.193856874733207,0.5200936639382685,Formluft,37.31738064597144,206.34167229953675,1.6543153743257613,54.24208080008145,20.448375792913293
0.7900041346843664,163.96928239181153,2.2178257037656337,0.11243392972147263,einwandig,10.974935162504414,0.3014985354946137,Formluft,47.09385557333983,209.2339653132021,2.393128468119404,102.96349127417477,16.17140434106725
0.6545161174712232,98.84017998431466,1.730288546298172,0.10060490230764872,einwandig,10.958732554882793,0.9311832126862092,Formluft,36.48137827175638,197.76847463394103,1.862373609349014,53.25419747447144,19.166752050935653
0.37698982188304236,117.31940548057624,1.8260709891375593,0.13941948334425558,einwandig,14.0,0.7039356159094665,Formluft,47.33938654688487,202.80370462420825,2.19458176321178,79.32940423501614,21.197019382103598
0.8977063725702925,194.47124730839855,2.5127054572378533,0.2571007207938387,doppelwandig,9.607492071059289,0.8131424714852222,Formluft,50.67834449803141,216.94657123978837,2.85488183580786,96.96750526941102,16.433634196847702
0.7729050075985604,125.50999428247881,2.0839148571995674,0.2654891370838639,einwandig,12.089420107774188,0.40686636820676936,Formluft,45.40017214747246,207.30195420617503,1.8778393241505007,76.49710323484882,13.71535932721077
0.5547969804598045,121.03764470171393,1.9503773710477121,0.09382134488108144,einwandig,11.170499807036268,0.5832239718182293,Formluft,43.934479935564276,198.37208591049287,1.9610302754264939,57.68754300776277,17.435295776661135
0.6438799106323871,137.74868312978646,1.8223334853749842,0.13836200992108266,einwandig,12.436226046057698,0.7515428608696224,Formluft,50.086374943515565,205.39042001949,2.0813364849293206,74.62948179337029,15.983743111310615
0.39986611944363215,110.61711979416808,1.7730188736185717,0.10937284597556347,einwandig,14.0,0.47567529571422384,Formluft,44.01806260654317,202.5571009589216,1.808946507908383,58.96447168477104,15.025814158150704
0.4949179744444191,315.0,3.292090097116262,0.08066071190947448,doppelwandig,10.452327393909146,0.7910492616289104,Vakuum,63.2982769655415,213.61638355397355,3.723823439033355,-193.4331069727412,17.798413100424565
0.5924377307285721,297.2547754827639,3.414647237759376,0.21161234688223202,einwandig,6.044099262403143,0.463530445871713,Vakuum,49.150495638094526,212.3443258044506,3.8995800287777227,-194.21825980639022,17.242658310378783
0.9456841624560302,293.08313322754293,3.4201626704284713,0.13646775580888382,doppelwandig,9.874512021913851,0.4463894789979109,Vakuum,59.80562368056039,214.1164345135427,3.7054507891550688,-169.23900360900547,16.16853004347081
0.5720993218225048,149.33161261817833,2.2331351342235513,0.10634601119408353,einwandig,12.366071323647578,0.308137255182268,Formluft,46.33880633085826,202.6477048989466,2.575635482153578,75.22971453018192,17.069207734089737
0.8280427318657517,96.1778314515088,1.6513119926171622,0.2664994433754941,einwandig,14.0,0.4973347217473147,Formluft,46.70337326002515,206.3656008778664,1.610988771549502,64.24596229675308,13.65484863573009
0.592336759427684,197.1316663926002,2.6140814205104843,0.23707948272589163,doppelwandig,9.887949794799399,0.4727157544208728,Formluft,50.83815336007834,208.17195616916607,3.240609979988112,99.32542129415577,15.365911945997778
0.749589512170375,110.99851965353274,1.8174710188629306,0.2434402871740856,einwandig,11.850955462097321,0.8350495896762438,Formluft,47.15415299986157,202.1335371477863,1.754149689963479,55.77528426188601,20.79632945972659
0.6717208995712395,205.9868503385039,2.477160985245493,0.05979897279582004,doppelwandig,11.72175803296539,0.6987969343175444,Vakuum,52.31333853901059,198.4951890112331,2.6314173522277646,-78.24805157197845,20.48448929202111
0.8746113200185487,94.29656429177075,1.8656620022905055,0.2787826123077666,einwandig,14.0,0.4244771386124395,Formluft,45.705397324318206,193.67615417811618,1.7035214557339151,75.12743486211382,12.795599359086786
0.5930377323562883,154.54892966209317,2.3590956003553116,0.1936845944935588,einwandig,14.0,0.697689229664186,Formluft,53.96682829609519,206.02570775115842,2.3963448865961166,76.99785273176136,15.346942857008878
0.38549434999951177,220.99278319688688,2.910276587737621,0.1759507011711297,einwandig,9.872275530978806,0.45781051340233964,Vakuum,59.163154041033515,208.1227246526889,3.3557089900298522,-124.11034955555444,20.24724677829488
0.42361019372727343,113.78773621906242,1.8190495997476308,0.05264633650694529,einwandig,11.941477339253925,0.5978515960379367,Formluft,44.45587557268157,199.20423217554608,1.7738213599285322,68.92284871471136,20.720882805024825
0.5936245012114485,113.6029651221354,2.0857280678810453,0.2744155526085262,doppelwandig,7.2402187119582075,0.9217456432036824,Formluft,34.52059921985942,199.22670205196658,1.9839414255314551,73.93906949004361,26.498610426895223
0.4501880058643894,68.38089647861281,1.4730098341296924,0.18597261762150014,einwandig,10.067956512044011,0.8034793536615454,Formluft,34.70493618385501,202.3887644345856,1.5368199990409177,58.586888898684336,19.05178989671571
0.7820424031359102,95.5136380653102,1.8621343027532586,0.25628836558513385,einwandig,11.823655838000459,0.7557700116908561,Formluft,42.140133914715335,201.07282206793064,1.4967221165677795,56.98575946168371,19.896235971434848
0.6068463670283843,147.9314877882264,2.10681500304081,0.21387774018457345,einwandig,9.09959494280191,0.4970384145254972,Formluft,46.25119045498397,205.3139608328415,2.0040920534952416,76.18053759298508,17.429083517056235
1.1749213100052862,158.8676089556784,2.2373435470835616,0.2491734033777201,einwandig,12.656570906974533,0.38720716542760486,Formluft,48.56944341553461,218.4488664674615,2.2691428024811717,96.7437362275023,10.906977700022779
0.35245708097257356,170.33780996116218,1.9995258010809192,0.22323293713945058,einwandig,8.121512827813037,0.827064289009954,Formluft,40.926486928952826,195.76979884774886,2.2632563554598306,77.64658573836876,23.048693831697012
0.7407266357419602,60.54402893603705,1.439065249325759,0.28024097558395666,doppelwandig,12.483790619898498,0.6975232691834529,Formluft,45.6018319404863,209.57267873004173,1.3155684816715323,29.9452425325581,15.750539545889353
0.47440939529886617,111.23581686517107,1.9035500299391228,0.10637104658488743,einwandig,11.295051592093746,0.7359321188769661,Formluft,38.29894169944025,202.59839914107607,2.0354613147511746,74.36056241521517,24.816690794734207
0.6013197319234642,71.07779901600492,1.5071149495234635,0.1005250261832268,einwandig,14.0,0.9825793235654057,Formluft,44.29624281155597,199.52019007747924,1.3822186231634865,37.966207009273475,17.075959566267215
0.7282838946681088,144.37977748153756,2.4184664300650716,0.2281353904862805,einwandig,10.174028064922272,0.5438246441170431,Formluft,44.887541719905364,194.6492669403708,2.7732667629438765,57.09552303628973,20.574419603726913
0.3,64.37159342429842,1.340602834595596,0.17534870014586723,einwandig,14.0,0.8605232704429076,Formluft,41.890523097726984,201.77312831820205,1.4606965578482929,45.09999227269641,17.98499743822933
0.7473652233576055,78.38477188068794,1.5425409894799147,0.1997902925837175,einwandig,13.431792958028236,0.6912697886105609,Formluft,37.900527735769,207.9079773696669,1.3877737855702221,66.3855198654125,18.626369348857093
1.0805814924548336,186.41829949703177,2.355615504478376,0.22713561729780674,einwandig,12.146119483468764,0.4646819621488597,Formluft,60.36042353723765,212.21449389275355,2.4271651954178135,91.55299235041,18.006378594798672
0.6093123403262813,100.21249411029254,1.7171334060330197,0.18685704925000063,einwandig,14.0,0.3370218323906142,Formluft,45.75489273630536,209.55200468330565,1.4611186479762293,67.47249084734557,12.208192500215766
0.7519615713611019,243.5259952150685,3.1029199211616536,0.24692336191654907,doppelwandig,8.8449698938842,0.7312076243922725,Vakuum,51.59865496678475,203.47183969661364,3.5470050429624598,-133.31309944603007,22.835394453824016
0.9049843386250798,172.5525979514801,2.602125552760885,0.12971683898396313,einwandig,7.293596025998638,0.5083312954643013,Formluft,37.8457406672483,206.8580878455482,2.5659951802118415,87.22485529442267,19.52929198321005
0.6672092999946007,114.07602390081239,1.807489299568658,0.26474761089992305,einwandig,11.684617629188432,0.7868348425366122,Formluft,36.688894253153315,199.9242774768169,1.7610019180647305,64.00944896714168,13.533550744627881
0.5838079622937034,201.33480729754928,2.5022273269719135,0.07691908823140019,doppelwandig,9.926718528496963,0.7905090132168813,Vakuum,52.14070878644357,201.6908696038402,2.7056234182450347,-91.5562617908853,19.86972955897225
0.3,118.50486767917846,1.7744696441443404,0.20850099424029672,doppelwandig,12.609396774326095,0.6188223274735293,Formluft,42.404640850212616,197.08380798262561,1.6751690562841506,79.13601521814152,17.43402783835318
0.8281981438789946,181.11932297782613,2.6448973918005043,0.2725331268816994,doppelwandig,8.996906635112726,0.6754779817877186,Formluft,45.12441449727369,207.10212541986252,2.6549570428253793,94.21970429536819,21.579175104010424
0.6773663180542205,93.54907354315667,1.9165432493826988,0.11317353197542616,einwandig,14.0,0.7385828003675353,Formluft,42.618675885405345,197.12505053818057,1.9811352527934332,39.2732769471865,19.727565329280925
0.49746322972236756,207.3103405701313,2.6425854545627323,0.13170866873097825,doppelwandig,9.844480322376702,0.6280234606600521,Vakuum,52.21074013029218,208.91479642327485,2.8531023793851857,-81.57892831017199,20.466050691204003
0.7253193420555387,66.22599215601036,1.320393057802051,0.12636044462318474,doppelwandig,11.50335550047549,0.9141594241643503,Formluft,37.821771860759966,197.42620770545344,1.3695634194621762,40.58308038126731,22.768391211633052
0.5832639286387636,78.3415941805705,1.4307333686261263,0.19106592794375843,doppelwandig,12.125004468002377,0.353154202674833,Formluft,41.482206602789525,198.49398302549434,1.5224302861699583,69.46625013255418,18.558935941513997
0.5943147737768948,83.50115980261594,1.6936036959786167,0.15321795389128712,einwandig,14.0,0.9858727116015358,Formluft,45.590816354941985,207.24747125419327,1.585571194632474,31.376404165907385,16.98765598428936
0.8212582312217416,97.72961628645189,1.8642376180585898,0.0769898212487256,doppelwandig,13.885515378731698,0.32341563798579687,Formluft,42.573526323636045,201.11185689845254,1.8155985085568114,82.37256274677198,20.53002174003526
0.43232351773523103,150.4787726415238,1.8939084603790177,0.272821805439115,einwandig,13.334943795090714,0.4456674491274689,Formluft,46.02036824490085,192.7243594281482,1.9607582427633496,76.4402646975858,20.890923612032896
0.9094630572147516,128.6459001641431,1.9809707147324627,0.10116915728966853,doppelwandig,9.700678556469594,0.7958154982580524,Formluft,40.45331475271307,204.12737311646882,1.9704386472165112,75.30310165340944,17.555795324299172
0.4204627673763192,182.16087105827447,2.7000313518998036,0.18352000274713243,einwandig,9.068318839175536,0.35947218153912763,Formluft,47.73430601478852,203.5845999022472,3.171607918496222,110.96830777556758,22.997334971347815
0.5674597183289471,222.5825047314332,2.748033656856923,0.1987012239843154,einwandig,8.07259276995168,0.48352092720519185,Vakuum,49.565365648271715,205.77952881667264,3.062850385338468,-99.803883851441,19.824345844607507
1.0845892388133154,63.980733271182864,1.7352915797880566,0.06018796091188543,doppelwandig,13.769269143397674,0.4077836753342141,Formluft,34.85446733085536,206.94386878100954,1.4725970721605803,61.832614580929594,14.897435695621263
0.9254709523284844,236.52489265246885,2.9895560605631033,0.07392808191358431,einwandig,8.73887402151716,0.806500094671349,Vakuum,52.28541563553678,213.90085353519777,3.1487215109219275,-123.35140697167607,21.619594039030083
0.719520798499088,117.31227007704858,1.775856220491085,0.2929224276073879,einwandig,11.088204425559743,0.7052533739171014,Formluft,39.034514712602366,199.6708590278034,1.7328704952535061,53.790729901044614,15.5965501481984
0.5118939568997567,290.04182132977473,3.2764338766354197,0.2161280850373456,einwandig,7.020815281748723,0.34513502825444387,Vakuum,55.50888574924281,212.789015917248,3.780370016168244,-170.1443467259392,17.075764397439595
0.5941455386600213,91.82885045682693,1.71532666787291,0.05839129426160673,doppelwandig,11.116208365229188,0.6220939647811249,Formluft,41.92220283651581,202.47591392663193,1.91559448696995,74.73366112783802,17.810807589697298
0.7146550629171392,58.76142938754198,1.32721469988631,0.2485498051632497,einwandig,13.17128569150863,0.44595204961123186,Formluft,31.27971426396734,199.55859796355185,1.389962274143263,49.826389902044454,20.70531215655165
0.7075046464679197,173.51738139585652,2.2426588477452105,0.17713570231937137,doppelwandig,12.888496632771083,0.9773890185876812,Formluft,56.542725662799455,208.32246155977154,2.3799839565565675,40.16099952661369,15.954068811328852
0.6818258140748074,168.1984800590323,2.5716031292900428,0.0687998930196189,doppelwandig,7.768759295424684,0.3755425631163363,Formluft,39.02946784097523,204.37196716927687,2.649851697190636,106.561272409953,18.76578180836458
0.6938334971831631,79.12420615554907,1.4863895562904499,0.2201880245119478,einwandig,13.714853713381734,0.7186386227548246,Formluft,45.169364640484766,202.8250255558114,1.6823110290268959,32.87837086156942,19.98199182967096
0.6571249780589772,82.17562214996781,1.8191703886610446,0.17483795146711711,einwandig,14.0,0.6372930650927726,Formluft,45.58417811184391,200.96838170069796,1.7782190244129856,64.21475584187743,19.72750903040807
0.41160425287199737,189.00619509118516,2.446576888974729,0.10122995027773081,einwandig,9.908470925589237,0.7046591478988665,Formluft,47.61245491143253,205.1399361981804,2.5339856726944903,84.79245793666938,18.377955068808507
0.5966978515678334,153.99275609642405,2.2280961492889166,0.2694255680222049,doppelwandig,10.092429039297608,0.9695449954943027,Formluft,46.008866750377024,206.0784094340526,2.4342744644542607,80.42179317285543,19.197480557079043
0.8829248107973693,112.0234548440248,1.9804643014879844,0.12284496457506354,einwandig,14.0,0.5388973144715402,Formluft,44.5383817670287,207.74142312727082,1.8441195615509902,58.64795811235193,13.834685286420296
0.42633314048977644,161.61727390919987,2.203154390337897,0.12113915886332695,doppelwandig,8.991124398532314,0.8241364612477551,Formluft,38.40039493923042,202.2348868217581,2.4719870518409808,81.0293879140906,19.691893209735106
0.6620888976921443,146.66071021879353,2.2584713287745286,0.11819339544806969,doppelwandig,11.2880991846527,0.6132265340228595,Formluft,49.331080659427684,196.40142596396603,2.332130382163634,60.52464097660659,20.351413693856458
0.5360492142458312,85.619105690004,1.3779883905877748,0.24186394427226282,einwandig,10.779834156978445,0.7625331303078748,Formluft,35.628489455145115,201.4565077161846,1.323911990680094,56.08640432311282,16.64737781108923
0.7222700858796223,196.15892161990894,2.635227481221467,0.22652966759513304,einwandig,6.355825019453715,0.5559602824132043,Formluft,48.38188392883972,203.55271506790163,2.400642496334857,99.70359407269706,17.54611943783013
0.6222733637866363,177.34426764858057,2.048474622502899,0.27578642136758935,einwandig,10.262424779195895,0.4589855436766209,Formluft,50.40274051176475,210.69850854647188,2.401723557726722,104.21178584683128,16.56701964590028
0.9954787329949337,130.01885816505964,2.0061238563157087,0.10733480489606993,einwandig,9.222738419339542,0.3585314515642622,Formluft,37.66937206692344,199.93220554685826,1.8918441082955086,75.80321799909157,22.97729717124382
0.8013166308380507,189.06850306673337,2.6406844723316407,0.2465911488857021,einwandig,10.24994639667333,0.3712258759246144,Formluft,50.90378926542402,215.21685942955395,2.6946281634026126,105.28895387170107,17.597301547654105
0.4376393668445577,309.49168740322,3.5692777951345165,0.19326139413202398,einwandig,9.492767063680912,0.9716012231344615,Vakuum,63.80961640361275,203.48494403636542,4.1094396510027025,-203.73724415827988,18.313580347622015
0.8342456023227397,81.79705850403809,1.4596148961880135,0.12716990241316695,einwandig,14.0,0.8519196337723562,Formluft,48.18325529356812,206.35566559921233,1.3987945205750814,57.77371846574953,22.368460694132985
0.5450696287475874,114.30429450230439,1.7389846966044076,0.05886353310193766,einwandig,12.329451205328807,0.4714714749797051,Formluft,42.442677900581295,199.43966541618423,2.0321724551211444,77.9130807884814,16.866877568536374
0.5846007257244932,116.88146825735915,1.831750940010478,0.2547368874627775,einwandig,14.0,0.670403065786224,Formluft,46.528969574078964,204.53806416973427,1.6056190974179654,79.70418961330928,18.325032480164047
0.7627638040214243,186.9883828503933,2.523839442156867,0.11026784287833909,einwandig,11.123215728953435,0.799962907045047,Formluft,51.76025643261545,215.51925321610148,2.652757357086626,76.37449297919869,14.645202664867444
0.601650516053973,97.21628209055015,1.4729402782178458,0.20793575905372985,einwandig,11.803365719986129,0.5467765314017449,Formluft,40.9664962532235,201.542508975253,1.6043468666236316,64.25908992335557,21.632952280060284
0.8785711632645911,181.77562214378915,2.45222144077303,0.18721698401495313,einwandig,6.606056738543481,0.6079916407118491,Formluft,37.53318736804132,209.33177979125392,2.526234940616471,96.82719460796012,19.363809633368966
0.5450979876973209,102.18793125793977,1.8642178561335279,0.05111238466169597,doppelwandig,14.0,0.8028673437008944,Formluft,48.507067248454526,208.4757591435215,1.91622644906926,82.52615069719873,15.605433174647583
0.5762106894817273,78.20480841041834,1.583182890152699,0.2985859074849406,einwandig,10.946675411177296,0.4592180203271936,Formluft,41.88313801117976,197.4860253308252,2.0532706312196973,84.68344561358374,22.52557990423965
0.5687258212903782,133.64286994771862,2.1479411047897066,0.2535823389500322,einwandig,14.0,0.6684410509266605,Formluft,49.69712199472764,205.4245320242026,2.272840229845866,58.75091398197834,16.53025646137993
0.5868722503289922,101.22146497393271,1.8433303435403923,0.1716178176591705,doppelwandig,13.543078634176183,0.4470617201803626,Formluft,40.70616035081501,205.9399725117685,2.082029749085199,61.87264902966428,18.618599177254943
0.9198383111095625,139.96568548516376,2.0384773449714757,0.22008534256059575,doppelwandig,9.548832292376186,0.3021543207108682,Formluft,41.64445278527772,207.385735319594,2.1937292673352893,56.44847228469574,18.387945371652233
0.8257592587220606,156.24604081350412,1.9595399224691095,0.16914855914769317,einwandig,11.717845703300304,0.7831846148955027,Formluft,45.11372555624586,204.0574537634127,2.1530871307761092,106.46135305379198,12.59817135818355
1.0419887908024141,65.41116989045733,1.543301321359282,0.23614656781968268,doppelwandig,14.0,0.7950854017348696,Formluft,40.27195163287104,206.72226740366543,1.4198968542006662,51.8277724638301,21.312699608869956
1.153528840779851,106.36414339020192,1.7079518423371187,0.08358213645472352,einwandig,14.0,0.9970058890178441,Formluft,46.52001671368443,209.63448835053785,1.4882830416397166,64.26980686230198,16.98175668767151
0.49385659361353196,133.6948200887157,1.9828071669804939,0.16158774880850757,doppelwandig,10.63220338551321,0.42671081107635966,Formluft,45.14949025803503,203.75256090269073,2.2481054863757675,77.33136083276626,18.316378926573318
0.7140838254654578,189.47490118111727,2.5876678421434014,0.13388429426821502,einwandig,8.839165954102704,0.8177062275460181,Formluft,50.86297226376073,205.72922849116435,2.85047966027481,90.82738101902413,22.399505819880652
0.4647599366713133,177.993693530008,2.6365495557552165,0.1649138108735087,einwandig,10.750573736381945,0.9635771970538465,Formluft,50.59161108558154,205.37401590050368,2.947165555209098,96.75999789684032,16.403998218458387
0.5444788144503465,88.54887421429723,1.7026819751980766,0.16261816321509104,einwandig,12.455250686702897,0.751206235767774,Formluft,37.87136259696108,198.14822426669278,1.7033685150173374,44.65746718465189,17.480420935104952
0.573983497948866,119.52054904794007,2.0392741178504012,0.08577348744479858,doppelwandig,14.0,0.9741983923290596,Formluft,49.58805502723433,201.5794267468925,2.0526005047097713,48.92853830817671,14.742813754418558
0.4885690251723451,160.20984372612781,2.065006848636089,0.2941221426772573,einwandig,12.473932179690411,0.9961086896944489,Formluft,48.82103947761911,208.83424737852548,2.4703701536937377,73.2825016552066,16.36374987625178
0.48962254542031725,115.76515065461668,1.9629497423861886,0.053873035697032015,einwandig,8.721388030577739,0.8611370812400774,Formluft,37.071486345921606,196.61723924993186,2.0844746315744835,64.10871762636826,20.280034226397937
0.671143124295949,92.09207473977236,1.7277507072666047,0.052518236204349714,einwandig,13.615048642353514,0.9995001360941136,Formluft,43.51604540102566,199.0109494438583,1.5563361998974317,58.909754861523695,18.05086757495562
0.4566563163227185,126.35680021925108,2.1952385388479363,0.14336032963341444,einwandig,11.482898072783986,0.7380771215154329,Formluft,44.23725198326348,196.01647138128283,2.3166926435645827,71.00924882966056,17.27178985126647
0.8684253918275265,152.92651928554943,2.142343382880082,0.20509408733670437,einwandig,11.251053289917397,0.647938984829574,Formluft,49.64089523237493,207.90942922988305,2.1818132518826983,72.18724989968027,16.137952852933648
0.5164492925164971,85.14163772702727,1.6448874592418625,0.09491330670373206,einwandig,13.369345085345635,0.9423453780591533,Formluft,43.77229004869744,199.42289427613645,1.3639979210620905,46.67225998663928,19.711139447199674
1.2619137940192784,168.7250422831981,2.508622508335504,0.18329850097604028,einwandig,13.17933195347325,0.8816690890037895,Formluft,48.41324443721902,215.91182916437913,2.4416000201662826,84.1356959176249,17.686673689633167
0.609723109807121,137.41707482029477,2.0855315297031605,0.23069299199086973,doppelwandig,13.520159056584673,0.3770784513406149,Formluft,44.320021249164085,198.04971488244462,2.6105420079198938,91.59618368203111,19.075698533351947
0.7144035283834104,171.7427184152261,2.2076155401287187,0.07351515226003778,einwandig,9.206946558244756,0.5119058527591354,Formluft,47.132230765200596,199.4268845128355,2.104080972861499,104.30509504973122,19.694287969113002
0.4409317631067929,125.05710567633145,2.38320183640417,0.29610560200398334,doppelwandig,11.756348422712374,0.4824515843009899,Formluft,45.78436444389905,193.57732512830944,2.31521771914926,73.41352567475347,22.363450082335127
1.0412183516255278,284.62803238399806,3.1152353445714747,0.1341751619348236,einwandig,6.987256404685625,0.898683161564396,Vakuum,58.51580074530357,218.90942716667067,3.0806324193180483,-152.51105181461642,19.61941864373895
0.9239001361605832,151.50507098167088,2.2023355556209383,0.21060385344681226,einwandig,7.848681287645032,0.46327174801476256,Formluft,40.012828414945346,210.03871078624005,2.0342899271725265,75.66748180689315,21.286033732277467
0.7593831741472225,181.3810440535654,2.5030515758323655,0.07767996454664393,einwandig,10.246732883458684,0.5128313407318665,Formluft,49.04983480593754,211.39801332983413,2.471702263416141,109.6641161386486,18.402349829909387
0.4306394902440868,168.38994948432605,2.3872622222292756,0.22737159718033162,einwandig,14.0,0.6631520580070168,Formluft,54.8390821944663,202.9590432330254,2.4097971991670035,82.1223510979,15.851971274028687
0.742133375544924,118.8100565195474,1.9220188965554195,0.2601140867656215,einwandig,8.605661799511822,0.3532836406996323,Formluft,33.08423734354585,201.12299869084126,2.262739608315012,68.58726068903952,20.545099385742553
0.47571379079654896,145.06961220471732,2.132842842058792,0.07632128558265559,einwandig,11.325136107561933,0.9728607498465422,Formluft,40.956842835288946,191.61364725199877,2.377598696368343,73.45894105375397,22.217750792067203
0.9924710526946721,98.1850849187779,1.75024089940703,0.08146578859251656,doppelwandig,12.433096586211201,0.643743943575134,Formluft,44.369452074440986,212.8090513947972,1.6922394310430275,82.64306938805157,10.431920116598484
0.8618389463706345,273.72587628507705,3.0224169314919105,0.12026185359680693,einwandig,8.732324036401714,0.43330360682046887,Vakuum,57.67296917776818,218.9609469317781,3.528665139831863,-183.2263053569629,16.20400085514552
0.7190878076975472,159.62022799686827,2.5994947061383553,0.052983953843832324,einwandig,9.084044385290433,0.48957451647661904,Formluft,47.54589705874933,209.57596311873868,2.699435736735901,95.72284229130136,22.108098911645715
0.3,89.86623178141542,1.6859312165943168,0.29651282358430747,einwandig,9.903123023864707,0.8586586229610131,Formluft,42.14079183533646,193.5044518242631,1.570748520807905,49.527031640080025,20.514659538789125
0.5033168042681938,241.3754234993087,3.0205430369179345,0.1995960187381624,einwandig,6.208419098928031,0.7438045361248955,Vakuum,47.23900535529493,204.41999314211517,3.3052389369156066,-137.40769368236502,17.047665511626306
0.8375522263199744,121.58534137071517,1.9224848023134806,0.20189736249088636,einwandig,14.0,0.6252382169563767,Formluft,46.73276852358413,205.16969553977958,1.7192909838692088,81.65776934412051,15.4927621045012
0.9425767383446311,194.15656268592912,2.5000379506341104,0.28974054241290903,einwandig,8.180713984128058,0.5321209571716106,Formluft,41.954352349905804,214.86210425837066,2.303015275268853,114.2436948077677,15.900330929022385
0.9218339622984263,64.87154259350514,1.4506557913475935,0.2580073135798568,einwandig,12.379087051856025,0.9304790541062025,Formluft,39.62118040045305,207.0077604169342,1.483673355673972,38.087851281186225,19.732534822793003
0.38159739955170885,218.867810314525,2.5184656143178126,0.25356073274208735,einwandig,13.737569939362823,0.8407951782045258,Vakuum,52.817011267138525,204.62455525152535,2.8833238510003256,-100.03145721547324,23.01919509358011
0.7603104613625807,156.45932521795302,2.227581430725509,0.13487559247540643,doppelwandig,9.620005555998262,0.8026784261449031,Formluft,41.18015694891709,206.78312212970238,2.1789152654574004,82.54326599005887,19.086841524695473
0.9031030432965859,86.99238696598603,1.6348879475799738,0.13371584836616135,einwandig,13.509989521752201,0.6122003532320631,Formluft,43.68301970785043,201.0570355423628,1.6567410870042734,64.97571617867784,16.355014443225063
0.3683328868835509,155.14717754614657,2.416906096746889,0.12293448995316171,doppelwandig,13.24894391459735,0.9868121055318686,Formluft,48.48915704005166,196.35274133311563,2.6873420489794433,89.45898839515827,16.874501417460408
0.6984190969253526,259.33236802894476,2.895153926593881,0.13667394044408,einwandig,10.548131173234866,0.7970492077504142,Vakuum,57.96474379294597,211.72802300233457,3.1346721264266604,-166.1559342175361,19.312545474754316
0.7547684796616912,99.42627091738999,1.7088380907058915,0.14237719033996266,doppelwandig,9.851190512977889,0.5965373074906613,Formluft,37.042242220840706,196.77686146103628,1.5909409383300466,74.18410166193681,22.721975907813178
0.639847083030653,98.86258373846239,1.656134599894587,0.08500092224514834,einwandig,11.101730511135443,0.9723864306120196,Formluft,36.510688971168676,193.00251739671714,1.7623491177983095,57.17467271995898,24.026072231050904
0.3295676289197596,117.99712526916318,2.160356561255077,0.13898696567552338,einwandig,12.65479982077489,0.9270074975717117,Formluft,38.74073816293469,197.45604561426998,2.356881321162471,77.32982788919244,18.396165501749415
0.6348603779852542,133.10899048549663,1.9344606571557723,0.16168675881118189,doppelwandig,14.0,0.8179756354810335,Formluft,51.273330588793655,204.16698185333973,2.259836886336952,76.05964533576822,20.79750593007429
0.6345389139489952,200.56641437768965,2.6888762917304376,0.12733683468666462,einwandig,8.462818323275368,0.836897285134057,Vakuum,46.767500865713785,201.97725356516423,2.9762478328258326,-97.25612602275358,20.907680509727413
0.6703855190904491,160.66153383781145,2.4308164917133888,0.09133674203938695,einwandig,9.996235685832561,0.5965392497857335,Formluft,46.291325365771904,203.43129277228013,2.3826508652497544,96.77285348713262,17.82568202966929
0.5873057149149861,117.95103982434703,1.921689881882465,0.14335259954462443,doppelwandig,12.890372847193333,0.6551453525411208,Formluft,45.18124846967334,203.86141127086788,1.7946778119569933,63.0902898222855,13.323186077273398
0.6113975693517065,148.03908355158825,1.9777910182716356,0.17022694330410898,einwandig,12.538339365907047,0.43408313732579007,Formluft,48.104703002614094,203.5648529139743,2.064207790970397,81.1568994384325,16.958759100345237
0.6920587435306044,281.6119327445798,3.048272383142085,0.23018209666678208,einwandig,9.320209689990978,0.7167773718736938,Vakuum,59.06029651048614,213.522997130067,3.5381639949452115,-124.30213586038191,16.05303287751738
0.7884909209939421,174.22447767735486,2.5227604311382508,0.22780944036866757,einwandig,8.951676328396527,0.5589415838513504,Formluft,44.44289925177989,205.64593243706776,2.723489474966987,84.48364146206464,17.00660341297627
0.6391146474286665,123.70734938003751,1.8005696922203216,0.10067375777083105,einwandig,10.843219991630251,0.5432068278992472,Formluft,41.347065211459444,208.92089707355075,1.7945874076009287,41.895366748853675,18.58206378538234
0.6180702143263996,116.39799671616197,1.9899879653882826,0.059163848792059284,doppelwandig,12.521052481699888,0.9637597407966461,Formluft,41.49057968028917,206.8759995910238,1.8894154479281722,55.51698557311801,15.746803807370235
0.7184708076508916,143.9118665296745,2.1684472987104857,0.1259498804517673,einwandig,13.9268259620147,0.4153484032287981,Formluft,57.785225646171824,208.99080741642632,2.4521577670120758,84.10338860340782,13.945400292680912
0.31581681482096363,199.33171941617914,2.651223627976087,0.0892840762147377,einwandig,9.539738850358667,0.8809815088654827,Formluft,52.112239485051376,200.4738984329646,3.1161558788282506,101.86566743131279,18.344115139718443
0.7954070254452916,93.61343566275175,1.8196452064788973,0.1489471198039235,einwandig,12.615060308263567,0.4970279997056658,Formluft,46.41375797443505,202.19924561077946,1.6296253435261185,54.2880792322514,15.270357144961256
0.6998873805754082,185.87649727413387,2.346961360530386,0.29483652978815106,doppelwandig,8.301230693867833,0.3200589403140178,Formluft,49.05451981046106,201.85032274145203,2.6460492055167677,96.0496644892245,19.380491440423285
0.7079387053195123,122.57938483764158,1.8343058518489215,0.09526784272630524,doppelwandig,14.0,0.3283241558801792,Formluft,47.07182984421471,201.3182378942069,1.9173580397454328,77.5789784812796,16.720755606252176
0.8921468615188928,130.95622313499666,2.1548888551950336,0.12971848585574225,einwandig,12.034620315908503,0.60042424481011,Formluft,44.83183250881075,208.98453217829802,2.2894183821471383,85.00983944232365,16.447823179965685
0.3094368939903503,315.0,3.4255983084153407,0.23127857907989308,doppelwandig,9.280509559113483,0.6181226343039316,Vakuum,62.51352298691059,208.09273518152352,4.2,-206.02483420564226,19.427070559161468
0.3052332260282072,176.67807571624954,2.000902331929224,0.17729569571548043,einwandig,10.642842523228962,0.524175789911044,Formluft,47.26597171341063,200.75162784547948,2.421116656221775,98.22675267369291,23.1088153067344
0.7547607690647039,102.5753596200544,1.9179161716430149,0.060982035893346234,doppelwandig,12.606150139985465,0.7681457238950562,Formluft,45.63382507054916,208.72940453355025,1.9897711673723606,72.28337564663354,18.98727721009192
0.6985766289742968,156.24233678063962,2.0944995010348015,0.09042250454033042,einwandig,8.093323798779888,0.6397399449449248,Formluft,38.876687794739546,205.21808718515354,2.1871480313635807,89.72599124920116,16.4590672586799
0.7340353886383864,204.34764834758576,2.7048515684664745,0.283812388693299,einwandig,5.589785051925221,0.3518791464318098,Vakuum,39.382773481600886,205.38575952630777,2.8668981284152504,-89.70674271612423,23.074504492600866
0.6075745849655109,177.628246973559,2.6299492531860174,0.07579124818475712,einwandig,13.063104249332945,0.5436498364392929,Formluft,48.93979187518404,205.15501339431228,2.8082216825898034,114.1035276137979,19.81181936082639
0.8328707348479862,56.34368935217638,1.453263883406703,0.20877319680242645,doppelwandig,13.74752419472043,0.3713739136949328,Formluft,38.53472965445112,200.55132230320132,1.7902126294776863,32.61372490420045,19.905238536073025
0.886527768598224,128.46938892218995,2.177119986127049,0.2480814122102279,doppelwandig,12.201121522918488,0.3440409857231694,Formluft,43.962728078734415,209.63010848164177,2.231510949786025,92.14294419479512,15.748476867454254
0.7967964587903054,159.52322197265954,2.2992554278617066,0.11635976568123098,einwandig,8.51381194628269,0.4458146374982095,Formluft,40.611217003598355,206.0007604226624,2.509121493143422,94.968029523657,22.71468803434661
0.6478343083190833,153.41737757473118,2.4654534198190214,0.2312695007846725,einwandig,9.358437205044472,0.7904028228130968,Formluft,43.50652105613263,202.67021726982205,2.6787498399417324,93.866679485555,17.927922110562847
0.3,106.14649884608107,1.6898559244550826,0.09247379475754507,einwandig,14.0,0.7872011520080093,Formluft,42.44002108493776,192.6065305181008,1.6638540570434448,59.673304468417754,22.44525411550194
0.8538472416074256,179.12111332569333,2.4317366595430734,0.12118756870844759,einwandig,14.0,0.9029723889724928,Formluft,56.92136375595112,212.93977522413599,2.6291513405313336,79.1624978974971,17.29547227608534
0.9443457332435186,219.3460461681366,2.855742610101313,0.12795550772105185,einwandig,8.273800818251482,0.8294935047432843,Vakuum,45.9232641674993,211.44248484079802,2.966814344959295,-99.48853834052815,19.351310627770562
0.8289116823967959,66.04434239280474,1.4997929755909312,0.2991087476410559,einwandig,14.0,0.6748469810828022,Formluft,37.60726509692278,194.996704191464,1.261032051020442,38.482568660576554,15.54510197987734
0.5240715145264987,64.19362929364827,1.6863818838470865,0.10364307380448932,einwandig,13.775209133022003,0.5188284616064825,Formluft,38.567549668139854,197.27882062117513,1.7422168785526002,52.49296843029766,19.48729858914889
0.8347588787335516,155.58379406209184,2.179864421570118,0.08230186615839626,einwandig,10.869347268292252,0.3040680466174255,Formluft,45.82065690606549,208.04234325028307,2.1396257691248413,81.74744343510199,19.636243824002115
0.872105941592289,186.41063614089282,2.801690761871476,0.2814228593703526,doppelwandig,14.0,0.752996236901456,Formluft,58.15089150249606,210.78292735501662,3.1182701823691734,82.88153771697509,15.66031315306057
1.011763249559817,99.60449339170414,2.11516557277447,0.09048267345508819,einwandig,11.603484373161892,0.5027992313303928,Formluft,40.614884174464635,212.74417181446222,2.1576121822218988,54.568696088091826,16.081401163621138
0.5247780151544084,57.1063146528143,1.4991613166566093,0.26981997990735135,einwandig,14.0,0.4750700712095426,Formluft,35.23873356357389,202.7900614224674,1.6830068758491608,65.517462388837,16.729724458442945
0.6547090830911723,129.4548593568892,2.1185290519083058,0.2126141569116725,einwandig,12.526475150161867,0.9823778785419446,Formluft,47.544828000967605,199.18149463100247,2.281865827965268,57.0786106209421,18.031505969662906
0.849454410228691,154.51355934253638,2.414859190083987,0.1942153745176297,einwandig,11.103382371706951,0.4219681346843758,Formluft,47.9326592934328,206.48554443312824,2.3757278071391417,93.35110540372878,17.867519980593126
0.7114820142876315,113.77332957980369,1.7321070267933245,0.2378346778866442,einwandig,14.0,0.3227043178945778,Formluft,45.11171015000907,207.55847925619994,1.9490542376982258,75.238924691263,18.99669060745445
0.476534479589745,206.894983288534,2.4583598641216033,0.2314997392870125,doppelwandig,10.407894414632706,0.9645732766344814,Vakuum,52.07415087891027,205.57508423556197,2.910446362246444,-86.78430816758845,17.104870921705256
0.7829232570053406,150.07835129951306,2.3890896474747496,0.07763154735457843,einwandig,11.055186157687613,0.514204705439504,Formluft,50.21249815492871,210.17070480207727,2.5932627777102866,81.52446295026046,18.043158875090878
0.8157323267630333,95.18059398606285,1.8025430228194528,0.29986652760167226,einwandig,14.0,0.5753940354344553,Formluft,42.02909455758491,200.82737945560402,1.9324596656789494,73.2269995382071,12.126327994232112
0.7175925792662003,99.27910307832678,1.7602570377296458,0.28547243161218216,doppelwandig,14.0,0.3566544327603952,Formluft,47.99497881534088,197.8817563689106,1.5081810981504005,78.19384045015282,17.623578373515763
0.7439169854359888,130.7491914128106,2.047662026734659,0.2741479907154791,einwandig,14.0,0.5828456501173247,Formluft,52.68655986069794,209.65666135262214,2.2692256314685504,90.70376038205016,17.40576980320337
0.6482588196628539,110.39728243741423,1.5252720386447034,0.2055722834856017,einwandig,4.464459255825316,0.980554903537985,Formluft,29.811198139761807,196.8981503848045,1.3633629304306685,51.19481554133631,26.005473044784356
0.9956557871432119,63.00515753099603,1.475456913079418,0.18069783283307855,einwandig,14.0,0.7858138024866534,Formluft,37.073684068837615,213.38305234706363,1.2958469162317023,37.245167596257915,12.456485093504345
0.5198615632574646,144.05524619135224,2.039484958651834,0.18406964597041708,einwandig,11.822853231356135,0.6316773913832396,Formluft,50.488506952669226,207.71878834579687,2.0508636888694647,74.9614718338873,18.031714774985765
0.5825358474472442,100.37870716832306,1.9407404023888468,0.05373423605705811,einwandig,12.420805812620952,0.5152301522086471,Formluft,45.15086956986745,197.48216833467168,1.8338725758030994,68.61326854108398,21.38243936609211
0.7021971027055051,107.7493799366448,2.0112496562507594,0.17486737548636072,doppelwandig,13.525824769529237,0.5562307714967294,Formluft,46.92156469790793,206.61739928950644,2.078381705762656,75.12995130795206,15.051180484731145
0.8757908055401785,81.5207931920748,1.738668380656085,0.20594239191497998,doppelwandig,13.483093915207185,0.7278597049721389,Formluft,41.89489815173813,203.38345242246058,1.6960337202997275,47.814910831212266,13.973455576898631
0.4005253659810926,262.85442711500764,3.162154214239932,0.2146765521937371,einwandig,9.784254156779172,0.4781150438237167,Vakuum,60.626337304490974,211.44149525980814,3.790036808166011,-148.6375810116708,14.517910840780754
0.4379406500469121,171.61273386828978,2.148299858638278,0.13303486626282823,einwandig,10.17375803778277,0.40636326784664,Formluft,44.35609622245834,199.11641684610126,2.497364546644192,92.71338860708752,16.860126005098927
0.3,296.8189363581241,3.463147952864524,0.16782058757338736,einwandig,10.575887851399882,0.7873600717605537,Vakuum,65.2262379015574,211.8390910639427,4.01726218418527,-197.9960949342345,18.54733590912977
0.7065390450506541,113.52170494115532,2.00258333135775,0.20907765166564363,einwandig,13.719845760016769,0.9086288439831944,Formluft,45.35324928448362,207.9252943307397,2.1728260369998007,61.91194341347997,16.61395167719676
0.47633883655869114,176.3723686864486,2.597757847556898,0.15707637756879544,einwandig,11.675743963868465,0.9310772358945694,Formluft,45.15169584108693,206.15033004735793,2.812464991889729,101.46500725205465,16.906783696613278
0.6230899779964166,145.23857976341748,2.4796401099718692,0.2905337997458813,einwandig,12.356445973328292,0.888992972314607,Formluft,44.656421059531,207.86265971929353,2.599951516862601,83.09550327956201,15.123304033298194
0.8322756379783416,96.72041757498391,1.5198792395641298,0.22636052746300006,einwandig,14.0,0.6714197771899435,Formluft,46.01823158199416,217.32607800388405,1.522326856122127,74.65533786451726,16.318224125685283
0.5716914558434306,113.00931324222512,1.845802982095069,0.05031843656272263,einwandig,14.0,0.8521816783028588,Formluft,47.42769816398429,200.80894870921728,1.8939741511661998,67.59800662208481,17.554783153592552
0.7462564045486728,171.45834126551748,2.2603267345504934,0.055819870370563254,einwandig,10.487997361269487,0.9484490122371705,Formluft,48.78317043175547,214.254856916636,2.4233549270115167,102.43311431095222,17.116605528488595
0.6401324184496555,81.4767218448614,1.6776898530166524,0.22257505086709362,einwandig,14.0,0.31635381272499397,Formluft,41.87604995225636,202.0135331494423,1.7769107716853736,76.2863614467372,15.716590106777682
0.8344228630192874,207.92375894956945,2.665400350329261,0.15316127438637567,einwandig,10.150010506344852,0.5884687523957344,Vakuum,51.85394457439892,208.6214270565111,2.6982100200571164,-82.06864925089889,15.396054100060066
0.7950256134696017,139.6738262334962,2.082278298905948,0.25986773730306656,doppelwandig,14.0,0.44288783569913637,Formluft,51.83726491175811,207.4963215664152,2.0892146154101554,91.54480085152929,18.57604130226951
0.5616132607650779,194.39139098228233,2.7092717820684347,0.09325385237156551,einwandig,12.335670847536871,0.997738149797166,Formluft,60.610989546297105,212.70513760442995,3.0394722313943214,92.1546844480672,16.059628595076195
0.6662696493199094,154.80502142042488,2.073228039686281,0.05345672851307297,einwandig,9.878655827365991,0.9506962067432219,Formluft,43.18178358251597,202.3911977420179,2.1410578144414223,82.88056549721524,20.057862630809925
0.9087486795440989,66.20407529607469,1.3734643822597066,0.14702058752842806,doppelwandig,14.0,0.8615301657531906,Formluft,44.21869491043693,196.4325895408497,1.2249880653902507,28.63350031490807,19.82748327619298
0.7786753740508193,128.51455699460334,1.8744826652921205,0.23401602607686223,einwandig,7.5830564031552585,0.507115863588316,Formluft,39.0110242488737,206.48620842374504,2.0923325977100244,59.73787749043747,21.980894423667486
0.42060758844977364,210.18702048502786,2.6274470257663247,0.29293193334439216,einwandig,11.020033969212387,0.9664715851815913,Vakuum,53.42644689995512,206.65775124332816,2.7875932996866912,-106.19938985518407,20.60875573304638
0.8311236122342764,138.71592698136857,1.9254388834641718,0.2709134698377639,einwandig,10.139607166575214,0.320475308043501,Formluft,38.99315751377557,201.99898472811165,2.063492167712573,64.4685660590782,17.191809879017327
0.4830778755127523,130.03407667417022,2.032986890073471,0.1710186529842847,doppelwandig,14.0,0.43162779456230294,Formluft,52.973709574829016,198.77330283310272,2.170808437653258,88.1610359130338,17.95503342930772
0.9825026139922012,138.65288486742128,2.0843995497447403,0.25320432079909166,einwandig,12.039290008905041,0.7318116279616484,Formluft,47.05558087838038,209.93560303901083,2.2757659784413433,77.00708186992654,14.449222634989795
0.904819767968205,61.61838001409612,1.374969773012907,0.06758261446690352,doppelwandig,11.871949569473355,0.8551046984408157,Formluft,34.99102750653484,206.47512664563152,1.2833722809109451,68.56192938006888,18.057972804193376
0.7579770951836802,221.13248367197934,2.9001248074842643,0.19306808689622085,einwandig,8.938698483761348,0.9185415971808992,Vakuum,47.97236323952598,204.92097505035522,3.027973012405171,-126.94855844773167,18.665595353080917
0.7314465686872387,53.92363374193265,1.4224639906924508,0.28107460325361755,einwandig,12.2240462391205,0.5103560274908812,Formluft,37.25712685408564,200.79434103804198,1.2329252098218944,59.440676478563745,18.224943815277786
0.658193548794516,244.60166254754037,3.116210404985093,0.149096286872685,einwandig,8.273404479171331,0.5735632207486985,Vakuum,49.43068306831097,217.34646277258915,3.65259169633205,-163.12430013024272,16.255165747324494
0.8357047902800055,109.98285761162701,1.8506053832123512,0.2900251574157789,doppelwandig,11.593133327930314,0.6183791813676225,Formluft,40.359477638247526,207.42298863006772,1.769111887233208,68.97661434653074,16.961274365151315
0.6258443661075876,159.98620121801991,2.2762603765094562,0.10517127418227633,einwandig,9.498033232147392,0.3188816729737404,Formluft,42.52066454995857,203.36429733247502,2.356132199966063,94.4346198249625,25.183773785461664
0.7471139741279788,60.174708154187734,1.3969803045312452,0.07640845238334838,einwandig,14.0,0.9047784771364715,Formluft,40.559472108678236,200.6601736267513,1.2806768409144171,42.76471201688184,13.804285635415088
0.8743868733038902,185.4182362454085,2.482288908882946,0.18119058402042526,einwandig,11.14699242067825,0.5365638907703271,Formluft,52.116247050872325,208.14295294710388,2.5894367221973793,67.8436381061016,17.279513628886807
0.587638691294882,170.22601874361487,2.4686428458687257,0.2768117179953061,einwandig,8.751736748857695,0.43949491762875564,Formluft,43.227167360098534,203.75382067633558,2.5815447823022883,107.05838332924446,16.61624961271837
0.576761452001861,165.25430084669648,2.260334271933027,0.12781980468618603,einwandig,7.552104952744592,0.586437944169967,Formluft,40.7865571091201,200.7851833527823,2.4975640547402254,101.76425790047583,21.6147777022167
0.46112690385510813,59.45881773425329,1.553432336254226,0.2500400798497381,einwandig,14.0,0.7973943624293172,Formluft,40.65985155092978,196.58947309107558,1.5499713363573762,56.241393967784646,15.962791227742256
0.4871054507747655,91.38822860333347,1.6091937846698068,0.09229931647007024,einwandig,13.77913538715573,0.9096409055756676,Formluft,41.52343223822723,198.78258985281983,1.570608965543485,55.31008651225806,18.498011853131327
0.33432093771169946,155.19440340426485,2.35541281206245,0.2363925990002349,doppelwandig,12.580573438815847,0.45076352635093575,Formluft,47.506653507288085,194.8165456253198,2.6835343987766436,86.42816083338252,18.622399316177606
0.8459657578031059,218.1010352270703,2.6578224077197734,0.18925673534685777,einwandig,10.649822882511497,0.420829076924777,Vakuum,51.939821790991566,210.1461518271789,2.907081174832422,-124.49119174712231,19.73342291501274
1.0617829084165542,85.97019692047371,1.815513556348147,0.09375424384859306,doppelwandig,14.0,0.9606480774742403,Formluft,44.38047612234196,217.71733856781663,1.908217680982779,36.0481016202547,10.525444933433755
0.985065788694061,86.91270939044674,1.7044481564886236,0.22952181235940217,einwandig,14.0,0.6856251134144973,Formluft,48.45589577492648,201.71597990031702,1.7081914176110515,51.15092936263746,14.814832832309865
0.37478310227469663,150.37817511093465,2.431168460896137,0.22843902836410684,einwandig,14.0,0.5560404132943464,Formluft,47.50829883499075,207.82745180208994,2.6112560413940096,86.17033785604663,13.749460635533158
0.8449709343112399,315.0,3.3468898410618686,0.17885880728586007,doppelwandig,13.32629439366589,0.439523618544886,Vakuum,70.50476790406813,223.68197585897522,3.6990298545464593,-203.2070619026609,13.464866124945818
0.9844212699847112,97.44021040307878,1.5580951672278498,0.10636690941066866,doppelwandig,9.047789564633604,0.9966734755389071,Formluft,35.29021282767029,206.28308401227773,1.5399128152993156,48.00683450135017,19.584455337623332
0.6086380038522672,109.39880672282132,1.7827578668862356,0.08307347306124914,einwandig,7.8707525694577765,0.8034290009640861,Formluft,34.785866683561856,197.31036296348057,1.870266357844167,47.56029400168846,21.302152800489267
0.7202894861300099,102.46951912826957,1.6120645108210097,0.2893137621149473,einwandig,12.423479426099831,0.4525197157240156,Formluft,41.194594118101726,206.18446186215246,1.6223479286380613,61.552527912582214,18.86510798208025
0.3,122.7092765872695,1.7742639785339143,0.21395313456478882,doppelwandig,12.940732945078906,0.363881611379007,Formluft,49.44216897325854,207.948971507538,1.8235510257341325,77.41979470932148,11.77141793459414
0.7533472335953283,226.8748892708227,2.908231728235563,0.252310370893346,doppelwandig,9.176357750217988,0.4394976407777721,Vakuum,44.464877282046444,212.22991959177662,3.2683888876471143,-115.45394218511117,17.031295315688446
0.4872880541130564,125.70269817206326,2.0049947663646073,0.22424263226256042,einwandig,13.26459343781394,0.47341982273530464,Formluft,43.55365049304986,202.24608206614073,2.1812034910598155,79.35596050578926,17.977939899367236
0.7399270035823029,315.0,3.4480478534943613,0.2573684162980722,einwandig,6.58451584920325,0.37775995448312205,Vakuum,60.92216226638168,215.58882593016577,3.868032381295956,-226.1398807447124,18.414812702407588
0.3877594155622239,136.38504477660405,2.0330359686170176,0.09062270493723086,einwandig,10.202472353756653,0.4607559594996156,Formluft,46.225156024499746,198.65750496576834,2.2520794420013415,71.57662561308288,20.590977524434802
0.8085716448955191,238.0709100982632,2.8149816311371545,0.17423755613676112,einwandig,7.96244552784133,0.3817457934530516,Vakuum,56.18076296990785,212.91274131183002,3.057632665109499,-135.24315816240065,18.556962985579773
0.9049025350853379,113.02417309467216,2.151748759930234,0.21678119262557333,einwandig,11.774058934504788,0.5644121906205938,Formluft,43.67611035006091,208.1119910075559,2.1730112649796256,61.99337254278037,18.28555816855697
0.5433640276569665,75.21286472446323,1.4913770616492503,0.0758474749738045,einwandig,14.0,0.6403366814188893,Formluft,43.67214539950681,200.57126241361487,1.545961840643513,52.64109600187186,22.35590446088614
0.47261548371791307,125.60761895746593,1.806540866947233,0.08748923733210208,einwandig,10.886328132731691,0.6186994808066426,Formluft,37.079036803949116,198.87445597764753,1.9907538260879454,79.29403033999122,21.62750592539887
0.3,166.45091740259892,2.4510149318437406,0.2084956485627366,einwandig,10.260789659101617,0.8804470478443451,Formluft,46.45233644536981,200.96648934738704,2.7945704514352547,80.69095717872902,16.5314687425235
0.6467172931849645,91.72122810581156,1.7014064813443195,0.267176451063455,einwandig,13.847402985443418,0.47779677043429797,Formluft,45.61055766219708,210.10089481832713,1.578946167898896,44.81369965900383,17.614242392435393
0.5836812131436789,219.04904963199363,3.0582084503786318,0.2151040447353994,einwandig,9.12618096410978,0.9209656767218424,Vakuum,49.24925527334955,207.84983431035192,3.412950223752132,-91.76932583638998,18.364496329993383
0.389796117530389,104.62444951329721,1.7580647502872573,0.05905120336401891,einwandig,14.0,0.9356859729701614,Formluft,45.47831771326523,200.90856568240477,1.836549862230475,59.159386320927254,16.734130080562903
0.7906037512624343,81.5334192720172,1.7791649811396562,0.29260822927258073,einwandig,11.122652053729446,0.9718597984025508,Formluft,41.50134376984976,193.3473314614245,1.8274014838254113,46.08592319453622,18.134818951139852
0.6100059236270701,315.0,3.6823295995898957,0.08487672522656127,doppelwandig,4.852272487069026,0.42668826371941937,Vakuum,58.904355627529505,217.27024961158844,4.2,-201.76413893422162,17.82742021271392
0.48485280827095345,89.76858455748146,1.639948301629551,0.10814055838812243,einwandig,13.365043454099649,0.4720258023647599,Formluft,43.58022928203383,202.50508458126666,1.6429591086002648,69.92531551402351,18.345301330868907
0.5890855188719105,103.29002757905191,1.7148821054460601,0.2937418204761811,einwandig,13.226326235053294,0.7366825941501849,Formluft,44.04963083753363,204.1366406369035,1.756119700275681,52.09326004516664,19.221237271411646
0.9142609077859231,179.89294030736397,2.5503485020985472,0.2427582491633437,einwandig,8.772757504149073,0.3986241432435622,Formluft,47.56488252830831,211.7954684417436,2.589010137463018,104.42770964508622,15.460026408594375
0.8205873887510444,111.29821111202364,1.9766194765832787,0.28414417009462667,einwandig,14.0,0.35993493123549714,Formluft,45.44750025380287,201.63200211646264,1.9672723829693726,67.64425195647672,16.895158869455635
0.673994787700302,82.66588506090946,1.4497355653806367,0.25165492320200744,einwandig,14.0,0.3515880484220134,Formluft,46.25206961080029,201.8399120401418,1.31452972878048,83.56733730185161,16.669222865765395
0.8238210036929705,98.95154698830186,1.6223470304607068,0.21293361875080002,einwandig,11.270502899611023,0.7243047442663741,Formluft,38.58639936170513,210.06439386144584,1.4477313577142137,74.0071918399285,15.815027599468358
0.46781760872265216,307.302397889602,3.077954682374615,0.1211382497157515,einwandig,10.29204139822233,0.8632746994069906,Vakuum,65.6519787815811,207.87420560849287,3.301149009973276,-153.9897328586866,14.756045386257663
0.7064740201454061,169.33514146301889,2.4439891598009713,0.13172036042488133,einwandig,6.002357119423083,0.48121996386143207,Formluft,39.06540212966454,198.625328509823,2.512536032052028,106.99641051720675,20.22447125104501
0.7294644660972941,185.88123826152037,2.4477758271218013,0.28681776826109245,einwandig,12.505193576898039,0.9534737209880519,Formluft,50.95771547759072,202.47774318662218,2.5110443129017868,91.11084326493244,17.684170862538366
0.6060326983002546,146.895972102521,2.150845213673876,0.26515640403891116,einwandig,9.61207515518014,0.8543548555293357,Formluft,44.00680308138103,202.8126782894349,2.267286346903446,81.41694890866104,21.092819739010743
0.7870916671914835,158.94407541735845,2.0178359886835895,0.1398726121105816,einwandig,12.978543478510318,0.35422228375554987,Formluft,49.257786182491856,214.05983419283217,2.052449279040658,89.59756964799719,14.706631262983334
0.5439133090711097,107.60147534448508,1.6960964497924818,0.14331685440517594,einwandig,10.387411144474543,0.5851121899673704,Formluft,42.59235127918436,202.24484245154667,1.8799373275270372,63.91876334579154,16.833419592580803
0.8019641415552236,138.31549762945963,2.034830144150542,0.12442359756897119,einwandig,11.405137490009919,0.3476104062239811,Formluft,42.14414784338113,209.41849065994904,2.1341795714697964,81.47485941493109,16.588210774542844
0.8103717543062583,58.138728342640235,1.3642609867189486,0.131532535656251,doppelwandig,11.926300598350315,0.9406359104554465,Formluft,37.11801938120361,193.12246378714562,1.3785722805118543,30.395458852196438,18.245940597621853
0.3,203.42654473873534,2.645087769237527,0.2651668665721964,einwandig,9.486574985967454,0.8199615011308516,Vakuum,47.290764492588494,199.2911545034135,3.1313768449837127,-94.80648243867807,22.28995759992593
0.9380611407020235,107.17101257689406,1.9448883196099245,0.052626714147461714,einwandig,14.0,0.7805815912483018,Formluft,49.66393429867952,205.242122628793,2.079276954888485,55.34087610962704,20.205806820655564
0.3,77.5873995114807,1.961141081484625,0.1590131552773812,einwandig,12.84443941902617,0.7778912926299388,Formluft,42.57450941611711,203.65330742389844,2.159692908025896,44.99609389394128,18.09329061066167
0.5767901948887749,142.06295860035618,2.133501114298211,0.28570991963197695,einwandig,14.0,0.4996277513270205,Formluft,50.113190918045646,205.4502182770687,2.0983467422663,69.15290265331762,18.341177973898773
0.9050696068515509,118.69748971126843,2.1168903171546893,0.1856590887957022,einwandig,11.260937635032615,0.953477408640496,Formluft,42.46752151480234,205.5839179019026,2.2680943133270683,69.69167793094987,16.623098751336663
0.6365426549495118,199.79762107598756,2.473885052060934,0.1626114475359759,einwandig,12.988588880713914,0.9459436607542764,Formluft,60.40837565095877,211.29781586242592,2.7366372665239416,94.20953611018679,16.40738508706855
0.40676280350609156,126.88723360382869,1.7638559215843261,0.12809245117489704,einwandig,8.576433946878677,0.8176421665619615,Formluft,40.941374003322984,198.6550417158266,2.0371180891908054,61.85966026945927,21.13096164575441
0.4812525876566658,98.04202219566706,1.7314909305588178,0.06847815746547596,einwandig,11.975931334351941,0.628251144950255,Formluft,39.05435220836179,206.97398849634888,1.7815707703952801,59.870767984847014,19.609438398279153
0.9053811492641239,128.30772997501435,1.786803582118979,0.10612161950687822,einwandig,10.720086779973926,0.3329810115535006,Formluft,45.49719890628587,214.7978433683874,1.950402173414903,84.26027085597966,14.77934376239374
0.3156990938902723,252.17635880370096,3.0196118455049734,0.07261460248421782,einwandig,11.77100223150176,0.319817945095925,Vakuum,57.76072932646004,212.01772083955882,3.448637294428069,-170.3568689839802,16.073056499608697
0.9257982201924034,203.12850959471817,2.507959958081446,0.08167485742885706,doppelwandig,10.292284832204194,0.3966940330467074,Vakuum,51.36053405780495,215.41054236232875,2.6855645034471576,-90.00675087049146,13.71396998650879
0.688979580191542,169.12068290497666,2.0598247552266256,0.09087913603156746,doppelwandig,6.5958165880805915,0.7170352855851403,Formluft,33.872243485703166,200.16972473094796,2.273398514620446,100.62348366458153,23.203480753918
0.4615209339115133,207.57004873820918,2.9209641617847,0.1255073580210696,doppelwandig,7.190489472097646,0.8586695654432857,Vakuum,48.29610218507205,206.90636426371753,3.1850826545520725,-96.12601023025508,18.408774502903334
0.5833769855394617,175.51729354996863,2.323504091433942,0.05275416999888387,einwandig,8.586743162491983,0.9639260321915333,Formluft,42.509192262562436,195.72687564560002,2.562745491688043,85.57585506264648,21.197468674943067
0.4965551317796717,87.15962141963522,1.4516340759154522,0.28753597139831194,einwandig,14.0,0.42275345549330273,Formluft,43.036316518364806,198.33263244022152,1.186108709444324,67.00138269610406,16.573012699035715
0.8732450401717057,186.62761410391087,2.6277466814073804,0.08095477316924364,einwandig,11.94432461471478,0.4928695165573108,Formluft,47.71572572697206,202.92065828747425,2.833601922320684,80.68229921970897,17.99642062263897
0.8464855619525676,220.07612239182086,2.651316824753674,0.14578721808989675,doppelwandig,8.897298074282238,0.3378702009380905,Vakuum,50.96541737277209,212.85178712841295,2.69532756644167,-90.53723960896983,19.027024715162145
0.3561677732247906,226.4007673739132,2.9747310440449053,0.26988188992869516,einwandig,8.242961228417023,0.9923330168166156,Vakuum,50.216806307119235,204.5367452675342,3.435973242678493,-107.93816022626038,20.641295079982672
0.6192815762961331,80.0138634047768,1.530101757036507,0.07664199254769057,einwandig,14.0,0.8466405554477512,Formluft,38.97851758844292,203.15024515628178,1.1833119955325286,49.44869724149233,20.13523120306348
0.5273628675311446,103.4204064625426,1.7462285981609214,0.1709010629385302,einwandig,10.155443653572513,0.6364998904330192,Formluft,38.78811803922083,202.28381287802193,1.5416706668318634,51.67083502538762,18.02374105818028
0.958701993691874,96.91091474496628,1.8270120743812872,0.26119589938534893,doppelwandig,13.492565087276548,0.7028957487117118,Formluft,43.120378240291394,210.43251486231765,1.8115952587875612,65.45733173926905,15.774947952378975
0.42998017637471575,112.53639957563529,1.9892741037106987,0.189240656008535,doppelwandig,12.931626004349583,0.6935220879331643,Formluft,48.45312717089083,198.62135397139878,2.096795380970339,73.88092804836299,21.520289729738977
1.0208458209370028,160.63076544386564,2.400318684152015,0.10258589885569001,einwandig,10.435051677769831,0.4780525272002052,Formluft,43.933329202994045,201.75708787752396,2.4468396985095837,84.70124443841308,17.39416639049803
0.6933410520966125,140.37436021535686,2.1095337109134555,0.23387738285314535,einwandig,12.28599692470751,0.42977348600539367,Formluft,48.39669028711421,213.480112789307,2.3242969004745837,95.41655268702479,18.24820567493554
0.4676131187239824,140.3938387568723,2.202443218288166,0.22033526571687695,doppelwandig,11.694342737227561,0.5078830016354924,Formluft,41.48576401622451,198.7569158201014,2.496742110578318,87.83541545550784,22.944383690630108
0.5645451631981444,72.3388932684185,1.690555437185861,0.1405464766367311,doppelwandig,14.0,0.4730074848573049,Formluft,42.12065621570121,199.94339279908598,2.0105442879169617,63.13208539460932,15.717175011334666
0.5396762318463099,101.75599887332578,1.8441333617716338,0.06157379039534379,doppelwandig,9.787895411206668,0.6902696629050527,Formluft,38.901677707104646,204.0823781954966,1.8998580592530383,57.3643758615072,24.578687460404947
0.44507631959689875,234.96116436024656,2.858290597892328,0.05196617247402348,einwandig,10.354974852051239,0.5157419640878999,Vakuum,56.05654417554582,206.8642583085878,3.3037491202310227,-141.50266375512592,17.636344996216497
0.7189653719460751,219.59330972695096,2.5399522355809383,0.2563482207817929,einwandig,11.56336991583077,0.8102613541309733,Vakuum,54.80889186917969,205.88504198581572,2.633127894310526,-98.47797635657771,14.167638618767969
0.4544168898616313,125.90473340241485,2.0971139907363168,0.13038934038976713,doppelwandig,12.494284506068517,0.6975578129999249,Formluft,50.79358837749028,211.57299594128543,2.149250936503576,54.235932621758046,13.578010478869697
0.3,186.88009122560487,2.5013667846760117,0.08444247465147615,einwandig,11.530429421342879,0.6725846357898331,Formluft,50.09862813023089,200.78651790680016,2.690187462812595,76.9807220506356,18.828192310023383
0.6240647058303653,153.72812244214765,2.167782601684575,0.17963780654074551,einwandig,10.936958304126785,0.9659056369624726,Formluft,47.57910026700013,212.45650046577563,2.2864217106141393,69.76386286786772,15.648389160680392
0.3394287607164234,197.11640779390166,2.7685962168899625,0.28020832393127254,einwandig,11.854754937678544,0.5256866747662249,Formluft,52.048044037199745,205.84924896591227,3.1159980040823783,100.60593868383525,16.010335464872643
0.5495678263864958,190.9462938518724,2.3133953058779824,0.05212021613059943,einwandig,10.356836909662897,0.7446889042679494,Formluft,47.042091647115896,209.23365272286904,2.6301742244918356,92.04385211989145,14.920199306594093
0.5181794222793288,130.58841748421344,2.2913127871784407,0.06403588516910362,doppelwandig,9.439406997985444,0.30003543891920004,Formluft,37.09861980861522,203.8806821696295,2.4556932204157844,89.46978417319663,16.353679749631052
0.5257567855948371,169.62878229859004,2.3536892665935505,0.1542612331462681,einwandig,12.39971275230177,0.8158465530940884,Formluft,47.931708169580496,202.8713527231417,2.723018097683356,86.87284738160147,21.853705635324232
1.1001926203180308,158.59076126730355,2.316353816913863,0.21899147668876584,einwandig,7.766938473301866,0.6517807503117328,Formluft,42.82431761900327,211.9341114145854,2.5836290806626314,84.46273354091302,19.051198129056118
0.7112823134339141,132.19981942172592,1.9983419381942669,0.16902511469176257,einwandig,12.260564003033618,0.4458694700991218,Formluft,49.91418634568648,214.05267668433171,2.0804342030806944,76.50189204805139,17.699075994008755
0.7490742017990664,119.4208088691248,1.705305534074499,0.27438710961635115,doppelwandig,11.246034078177921,0.301057389500032,Formluft,44.37717261051322,209.8291020581291,1.7234528000171656,89.07162603956311,14.998570444210275
0.344720340731541,285.09645342605205,3.2598301426385494,0.06102113888436954,doppelwandig,6.976337164939275,0.7948607748026275,Vakuum,53.76391777318976,212.39964655238825,3.5853218387275634,-150.59057392281647,17.683595101318307
0.5692073732726155,132.27637821997357,2.1084227617937072,0.13503521741093588,einwandig,12.037068044353072,0.7638904924854016,Formluft,43.65501417385801,205.33934029237406,2.1484436281123163,68.6462705518406,15.555582605634738
0.7430605259883023,181.21205524028446,2.551130258882665,0.13783697234718018,einwandig,9.0511222373569,0.7657849815356969,Formluft,46.53021425613374,206.6918248846116,2.6187470240163475,93.95144067761039,17.849036178602354
0.4950942174173987,273.69144736554426,3.159826599158519,0.13503180649658542,einwandig,9.182125844117056,0.6062183761843227,Vakuum,54.2468059735349,205.94716340162833,3.4726464406545374,-156.90568378661624,21.410206156718598
0.881612568703597,169.49165229318473,2.027052242164815,0.17192147803084767,doppelwandig,10.876301957914386,0.747508128038964,Formluft,50.56764715714024,215.97728270961102,2.0714328567431335,71.11872354463507,14.761804928873913
0.4594606828197939,165.82512655127277,2.0953518107227884,0.24764426129865263,einwandig,9.619783933393785,0.6999343530742421,Formluft,46.32309029299809,200.8690119857476,2.3626696437573274,65.53464102877477,19.89673263703251
0.6427267728269648,132.63335620977,2.3688697932426543,0.12947065410070435,einwandig,14.0,0.46722653122788804,Formluft,46.21274923128236,202.30696131003864,2.5159229772307885,93.8521935491735,16.100954142230368
0.5827896720048882,159.96105034741163,2.1158080052134753,0.23612080165805066,doppelwandig,11.410538961913705,0.6631376290279,Formluft,52.208413339032646,206.27691744795615,2.4250616662868616,94.00426753028546,19.577092689163866
0.7328641318763831,114.9555589191272,2.133701890088899,0.08661636781976785,einwandig,13.387712893870782,0.6602149562332266,Formluft,42.27401159415828,197.74073096838788,2.229678948416021,73.55806067974429,17.779955251098333
0.5719019856289147,315.0,3.379886989387361,0.19018121390848758,einwandig,9.958177458988843,0.8765360217633615,Vakuum,63.87999534955044,213.01041394592755,3.75739161933542,-215.60808002293098,19.717664750832224
0.6458212745858125,72.92244135458873,1.5560111443775297,0.14377200641638627,einwandig,14.0,0.6034423158695151,Formluft,44.45201447039834,198.85500091525606,1.628449306443767,45.82636620947468,17.67845777259892
0.6527739816444028,122.80833540911635,2.076247922212916,0.18480270057389264,einwandig,13.089362522484468,0.6052598050363939,Formluft,48.500843507998354,199.01087686204426,1.9551311650723706,83.53932299109228,24.2834023210382
0.5531224485217398,170.84707560733256,2.2437474378715296,0.07693743759306236,einwandig,10.123506707797077,0.9890831298923715,Formluft,44.848974304268715,198.96666244481162,2.527174251817131,84.25115730710712,23.082010479352203
0.7970187736994225,165.89697053521942,2.5660080346456136,0.2883657116902271,einwandig,7.993168161545091,0.9261247110012532,Formluft,41.05846930793595,205.48142540682827,2.5644715964714893,74.74026221568047,19.76783018854396
0.747677674967485,114.86710715247047,1.9302961109300252,0.27655352920044446,einwandig,12.54170372214773,0.4696001930306192,Formluft,41.49190705164797,207.60009064959135,1.5651885139711974,45.811742718170905,17.229518986364944
0.6822772109493664,64.39560931560483,1.5842925014697893,0.25659907607265725,doppelwandig,14.0,0.9372051662680669,Formluft,41.583836371364946,200.77899226363246,1.6342281640686813,26.94953049765426,21.07086724582738
0.6139083333076083,77.19182723973981,1.5773935667150498,0.27319570584701297,einwandig,13.778833957793076,0.3965766594422229,Formluft,44.525186789169744,197.23346809975254,1.5090573071031175,82.73888400505719,19.76908680867741
0.8593088061039994,145.0058439508639,2.258854794659475,0.08667196754537153,einwandig,4.4856858016926076,0.8973737411180003,Formluft,27.74687103696352,199.03763680174393,2.4683858321798566,93.54191180925106,24.56746022301426
0.6528331512371637,59.06488970568665,1.7093380286229727,0.17593044325491647,einwandig,14.0,0.42832636371101207,Formluft,41.955399235953934,202.09816638215344,1.8063799842707056,37.948313412267126,22.37652016432301
0.6386605424348125,176.7292966450311,2.394141482516767,0.12947728968913086,doppelwandig,12.444765893425705,0.5979223442288548,Formluft,50.132283759925,211.33486457008314,2.4497411933854103,67.94549758132761,16.647973750772355
0.7209380059776251,229.02847595219228,3.0916847262299236,0.27184648532603967,einwandig,8.671843713742566,0.9887451418878377,Vakuum,50.81377847600668,213.43642661745943,3.633975346795231,-96.91231683703745,12.9325809850211
1.0393173365941701,192.25043718980808,2.446264126261597,0.09735942062486662,einwandig,12.170462420761842,0.36793425558656123,Formluft,49.78239603676423,212.90681931857196,2.3518959414598526,102.11741263310157,16.317771754303276
0.43192875839575917,211.39911271929873,2.805807307657146,0.10498633878549309,doppelwandig,10.970953010804283,0.8878514739776038,Vakuum,51.25923769535272,211.77000145267127,3.1680641818739073,-86.70253566648074,19.40196416281148
0.8539713786110709,59.66132224375311,1.5506577283864824,0.22167861408875272,einwandig,12.137453359342112,0.6463137646693617,Formluft,42.983741527528665,201.35530578718215,1.7003683145581026,34.91718015280564,19.534479191436485
0.3213657677523789,116.91783154564149,1.7750553414627765,0.07222491477191705,einwandig,14.0,0.3776939560425773,Formluft,46.21519301375982,195.16680739800663,1.773469444097302,61.574972445267015,16.910537071433318
0.7434546316457248,84.49116938299215,1.708000810759537,0.23309179422915993,doppelwandig,10.35276691921297,0.9667439653735019,Formluft,36.74126026101015,199.91979535070465,2.034332724728306,66.0580588185627,19.906369056443488
1.015016565521746,67.71227704408814,1.542803107030261,0.11703182207853059,einwandig,13.192703731819925,0.6844619576974581,Formluft,37.127777556887715,208.95088470108615,1.4782130178524238,54.579424585370305,19.680555082901396
0.7977337048934614,106.26726608985572,1.7221593022773192,0.21523384131678686,einwandig,12.029313722209437,0.9164487153470349,Formluft,50.15338585161029,209.22988300914614,1.7902992013277466,37.77452283231182,13.806893065703733
0.7341250157079585,270.16610991811405,3.2150292444740316,0.2682594465901651,einwandig,6.594970947669587,0.9083748593907255,Vakuum,53.68859004576298,216.2938523511218,3.759028391060359,-145.9567512622923,14.093593326814668
0.5879101062393848,309.3392460664363,3.496657400447768,0.20240284330874764,doppelwandig,7.874106583637022,0.3102442080584885,Vakuum,59.22959490209642,212.7296765341006,4.017844005192907,-215.7931547230543,16.28877802310269
0.7062094400977108,88.86394699584002,1.7000235338706378,0.10317093332152726,doppelwandig,14.0,0.48538849249608507,Formluft,46.624767753843344,204.30920081426015,1.5430275222252279,67.58574133624347,19.69499676130166
0.6495874369193287,136.66353471044783,2.08302165732478,0.062291381384804154,einwandig,14.0,0.5358451057292067,Formluft,50.66455704978352,204.93520581802116,1.8545492439860218,62.67241880553502,12.511377737606162
0.5428046784137288,158.8728260856181,2.257481069846402,0.06115349292376647,einwandig,12.475507777343378,0.6744048318790535,Formluft,49.00433543008071,201.27155596344707,2.322516276829188,75.94879968219945,18.960294705894412
0.642024876905026,117.3005986266829,1.8832498458265141,0.07220297050350198,einwandig,8.675640020572336,0.35030620688875647,Formluft,37.30736078038903,201.22500075138498,1.849635231742089,75.98326257770607,21.697742564798663
0.7396762321252879,237.44651987482726,2.920547273250865,0.194954478117429,einwandig,6.39193240137508,0.5722768288307829,Vakuum,43.38136072440673,207.00452574869462,3.054607556051039,-137.2705474705759,20.306749003990607
0.5465565862938719,106.98005792358396,1.7592533315341046,0.13705446351016282,einwandig,12.657836791427938,0.8702466865361678,Formluft,42.52504708672988,199.24974714727566,1.7306088761285257,59.504672542061925,15.850510398728588
0.5387436358630631,99.34625859965058,2.1932914925177043,0.11077674434897454,einwandig,12.447873452841653,0.4212337805050866,Formluft,40.81175959793269,202.75673445214437,1.926308901121716,85.76759931757346,18.62451225966543
0.4279513124815651,90.79618573003398,1.5149694990204745,0.1048266394492978,einwandig,11.73393570175252,0.7908935322034678,Formluft,40.979794237407546,199.29837076445904,1.4042268864354086,60.156616978676325,17.1604311318613
0.7781450052177792,116.92741684942975,1.8477089232102692,0.28714538297577474,einwandig,14.0,0.6222305865710915,Formluft,46.596079401786554,210.908191345051,1.9812409185892095,42.87017895647513,15.84351310597008
0.8090646523934121,50.18656158224998,1.3256311769714588,0.0797041439730186,einwandig,13.957056266786033,0.3494935832275393,Formluft,41.20247259511679,198.67168349119206,1.345424108863884,60.24612851502254,16.643890680431888
0.7463320888473035,119.46515670952844,2.261795265824908,0.12620360269316366,einwandig,13.098196564643425,0.4241618459402683,Formluft,46.21174179333595,203.46012600845555,2.235301110319162,74.01978281347048,18.56585847189013
0.8930340985457331,140.62415298225562,1.92697302636142,0.16786931550479828,einwandig,13.460183937340503,0.3987215122136982,Formluft,46.57952079359304,200.5473262370106,2.077722389777852,78.18344391770063,18.273721415076444
0.7175735274161454,144.844504614713,2.2226443816156203,0.050112381518563856,einwandig,11.488804283977094,0.7338024924231272,Formluft,50.52742759291619,202.87544379861512,2.0758660500953523,82.08263494284682,16.006856670298905
0.7784021874731513,82.49972538751915,1.6972569128571342,0.28023829686893115,einwandig,14.0,0.3611270792179752,Formluft,41.94011883502708,205.53234757283224,1.7217212023446977,61.8621809197982,18.082372010120647
0.7607674851275126,143.53091544238598,2.1982876692402695,0.07477464769002597,einwandig,9.530982509068945,0.876132746544245,Formluft,44.04220546570411,208.62702456638365,2.418282911783078,75.7472085879388,18.004761771520425
0.6816919961163583,142.12040046871687,2.322414678141376,0.2206176501715431,einwandig,10.234846808493835,0.8646613916558279,Formluft,39.54393254965025,205.8016104111687,2.51767282394008,66.84508100250954,19.381798333654867
0.5938356343740705,143.61464000000456,2.3312915239620997,0.2072163692906221,einwandig,9.523982563434874,0.3560433979845477,Formluft,44.687344738618776,208.75852427667678,2.462505696417834,79.60794480074301,18.72940744276801
1.1428305231583822,194.10835092135932,2.485223283392857,0.2522659637761843,doppelwandig,13.272607799820623,0.9217380384111284,Formluft,50.275906212649815,215.6118009208409,2.1589260081185677,103.18082374962628,16.914753626810512
